{
	"credit": "Made by MadstonMagic, using Cubik Pro & Blockbench",
	"parent": "towers/creeper/02_lvl_2",
	"textures": {
		"4": "towers_transparent/oak_log",
		"5": "towers_transparent/dark_oak_log_top",
		"6": "towers_transparent/tnt_side",
		"7": "towers_transparent/tnt_top",
		"8": "towers_transparent/tnt_bottom",
		"9": "towers_transparent/towers/creeper_lvl_4_walls",
		"texture": "towers_transparent/stone",
		"cobblestone": "towers_transparent/cobblestone",
		"rope": "custom_transparent/rope",
		"log_spruce": "towers_transparent/spruce_log"
	}
}