{
	"credit": "Made by MadstonMagic, using Cubik Pro & Blockbench",
	"textures": {
		"6": "block/barrel_top_open",
		"7": "block/oak_log",
		"8": "block/oak_log_top",
		"9": "item/bow_pulling_2",
		"10": "block/oak_planks",
		"11": "towers/archer_lvl_3",
		"particle": "block/oak_log",
		"stonebrick_carved": "block/cobblestone",
		"barrel_side": "block/barrel_side",
		"fire_coral_block": "block/cartography_table_side3"
	},
	"elements": [
		{
			"name": "side_4",
			"from": [1.5, 15.375, 8.25],
			"to": [14.5, 16.625, 14.125],
			"rotation": {"angle": 0, "axis": "y", "origin": [8.06068, 7.91429, 5.29359]},
			"faces": {
				"north": {"uv": [0, 6, 16, 8], "texture": "#10"},
				"up": {"uv": [0, 2, 16, 10], "texture": "#10"},
				"down": {"uv": [0, 0, 16, 8], "rotation": 180, "texture": "#10"}
			}
		},
		{
			"name": "side_3",
			"from": [0.99998, -6, 0.97345],
			"to": [14.99998, 0.8, 14.97345],
			"rotation": {"angle": 0, "axis": "y", "origin": [11.01326, -2.59998, 7.98671]},
			"faces": {
				"north": {"uv": [0, 0, 4, 1], "texture": "#11"},
				"east": {"uv": [0, 0, 4, 1], "texture": "#11"},
				"south": {"uv": [0, 0, 4, 1], "texture": "#11"},
				"west": {"uv": [0, 0, 4, 1], "texture": "#11"}
			}
		},
		{
			"name": "side_4",
			"from": [0.99998, 10.07813, 0.97345],
			"to": [14.99998, 16.87813, 14.97345],
			"rotation": {"angle": 0, "axis": "y", "origin": [11.01326, 13.47815, 7.98671]},
			"faces": {
				"north": {"uv": [0, 0, 3, 1], "texture": "#11"},
				"east": {"uv": [0, 0, 3, 1], "texture": "#11"},
				"south": {"uv": [0, 0, 3, 1], "texture": "#11"},
				"west": {"uv": [0, 0, 3, 1], "texture": "#11"}
			}
		},
		{
			"name": "side_4",
			"from": [14.99217, -5.92187, 14.96564],
			"to": [1.00779, 0.87813, 0.95782],
			"rotation": {"angle": 0, "axis": "y", "origin": [25.00545, -2.52185, 21.9789]},
			"faces": {
				"north": {"uv": [0, 0, 3, 1], "texture": "#11"},
				"east": {"uv": [0, 0, 3, 1], "texture": "#11"},
				"south": {"uv": [0, 0, 3, 1], "texture": "#11"},
				"west": {"uv": [0, 0, 3, 1], "texture": "#11"}
			}
		},
		{
			"name": "side_5",
			"from": [14.99217, 10, 14.96564],
			"to": [1.00779, 16.8, 0.95782],
			"rotation": {"angle": 0, "axis": "y", "origin": [25.00545, 13.40002, 21.9789]},
			"faces": {
				"north": {"uv": [0, 0, 4, 1], "texture": "#11"},
				"east": {"uv": [0, 0, 4, 1], "texture": "#11"},
				"south": {"uv": [0, 0, 4, 1], "texture": "#11"},
				"west": {"uv": [0, 0, 4, 1], "texture": "#11"}
			}
		},
		{
			"name": "side_1",
			"from": [0, 1, 0],
			"to": [3, 17.5, 3],
			"rotation": {"angle": 0, "axis": "y", "origin": [8, 5, 8]},
			"faces": {
				"north": {"uv": [0, 0, 6, 16], "texture": "#7"},
				"east": {"uv": [7, 0, 13, 16], "texture": "#7"},
				"south": {"uv": [8, 0, 14, 16], "texture": "#7"},
				"west": {"uv": [2.5, 0, 8.5, 16], "texture": "#7"},
				"up": {"uv": [0, 0, 16, 16], "texture": "#8"}
			}
		},
		{
			"name": "side_1",
			"from": [0.125, 11.5, 2.875],
			"to": [0.875, 15.5, 13.125],
			"rotation": {"angle": 0, "axis": "y", "origin": [8.5, 5, 7.875]},
			"faces": {
				"west": {"uv": [0, 0, 16, 8], "texture": "#barrel_side"},
				"up": {"uv": [0, 5, 16, 6], "rotation": 90, "texture": "#barrel_side"},
				"down": {"uv": [0, 5, 16, 6], "rotation": 270, "texture": "#barrel_side"}
			}
		},
		{
			"name": "side_2",
			"from": [15.125, 11.5, 2.875],
			"to": [15.875, 15.5, 13.125],
			"rotation": {"angle": 0, "axis": "y", "origin": [7.5, 5, 8.125]},
			"faces": {
				"east": {"uv": [0, 0, 16, 8], "texture": "#barrel_side"},
				"up": {"uv": [0, 6, 16, 5], "rotation": 90, "texture": "#barrel_side"},
				"down": {"uv": [0, 6, 16, 5], "rotation": 270, "texture": "#barrel_side"}
			}
		},
		{
			"name": "side_1",
			"from": [0, -5, 3],
			"to": [0.875, 0.25, 12.75],
			"rotation": {"angle": 0, "axis": "y", "origin": [8, 5, 8]},
			"faces": {
				"west": {"uv": [0, 1, 16, 15], "texture": "#barrel_side"},
				"up": {"uv": [0, 5, 16, 6], "rotation": 90, "texture": "#barrel_side"},
				"down": {"uv": [0, 5, 16, 6], "rotation": 270, "texture": "#barrel_side"}
			}
		},
		{
			"name": "side_2",
			"from": [2.875, 11.5, 0.125],
			"to": [13.125, 15.5, 0.875],
			"rotation": {"angle": 0, "axis": "y", "origin": [8.125, 5, 8.5]},
			"faces": {
				"north": {"uv": [0, 0, 16, 8], "texture": "#barrel_side"},
				"south": {"uv": [0, 9, 16, 15], "texture": "#barrel_side"},
				"up": {"uv": [0, 5, 16, 6], "rotation": 180, "texture": "#barrel_side"},
				"down": {"uv": [0, 5, 16, 6], "rotation": 180, "texture": "#barrel_side"}
			}
		},
		{
			"name": "side_3",
			"from": [2.875, 11.5, 15.125],
			"to": [13.125, 15.5, 15.875],
			"rotation": {"angle": 0, "axis": "y", "origin": [7.875, 5, 7.5]},
			"faces": {
				"north": {"uv": [16, 9, 0, 15], "texture": "#barrel_side"},
				"south": {"uv": [0, 0, 16, 8], "texture": "#barrel_side"},
				"up": {"uv": [0, 6, 16, 5], "rotation": 180, "texture": "#barrel_side"},
				"down": {"uv": [0, 6, 16, 5], "rotation": 180, "texture": "#barrel_side"}
			}
		},
		{
			"name": "side_2",
			"from": [3.25, -5, 0],
			"to": [13, 0.25, 0.875],
			"rotation": {"angle": 0, "axis": "y", "origin": [8, 5, 8]},
			"faces": {
				"north": {"uv": [0, 1, 16, 15], "texture": "#barrel_side"},
				"up": {"uv": [0, 5, 16, 6], "rotation": 180, "texture": "#barrel_side"},
				"down": {"uv": [0, 5, 16, 6], "rotation": 180, "texture": "#barrel_side"}
			}
		},
		{
			"name": "side_3",
			"from": [13, 1, 13],
			"to": [16, 17.5, 16],
			"rotation": {"angle": 0, "axis": "y", "origin": [8, 5, 8]},
			"faces": {
				"north": {"uv": [8, 0, 14, 16], "texture": "#7"},
				"east": {"uv": [2.5, 0, 8.5, 16], "texture": "#7"},
				"south": {"uv": [0, 0, 6, 16], "texture": "#7"},
				"west": {"uv": [7, 0, 13, 16], "texture": "#7"},
				"up": {"uv": [0, 0, 16, 16], "rotation": 180, "texture": "#8"}
			}
		},
		{
			"name": "side_3",
			"from": [13, 1, 0],
			"to": [16, 17.5, 3],
			"rotation": {"angle": 0, "axis": "y", "origin": [8, 5, 8]},
			"faces": {
				"north": {"uv": [2.5, 0, 8.5, 16], "texture": "#7"},
				"east": {"uv": [0, 0, 6, 16], "texture": "#7"},
				"south": {"uv": [8.5, 0, 14.5, 16], "texture": "#7"},
				"west": {"uv": [10, 0, 16, 16], "texture": "#7"},
				"up": {"uv": [0, 0, 16, 16], "rotation": 180, "texture": "#8"}
			}
		},
		{
			"name": "side_4",
			"from": [4.01709, -4, 3.97927],
			"to": [6.01709, 16, 4.97927],
			"rotation": {"angle": 0, "axis": "y", "origin": [8.01068, 6.03929, 5.16859]},
			"faces": {
				"north": {"uv": [7, 0, 10, 16], "texture": "#7"},
				"east": {"uv": [11, 0, 13, 16], "texture": "#7"},
				"south": {"uv": [12, 0, 15, 16], "texture": "#7"},
				"west": {"uv": [7, 0, 9, 16], "texture": "#7"},
				"up": {"uv": [4, 0, 12, 16], "rotation": 90, "texture": "#8"},
				"down": {"uv": [0, 0, 16, 16], "rotation": 270, "texture": "#7"}
			}
		},
		{
			"name": "side_5",
			"from": [10.01709, -4, 3.97927],
			"to": [12.01709, 16, 4.97927],
			"rotation": {"angle": 0, "axis": "y", "origin": [8.01068, 6.03929, 5.16859]},
			"faces": {
				"north": {"uv": [4, 0, 7, 16], "texture": "#7"},
				"east": {"uv": [8, 0, 10, 16], "texture": "#7"},
				"south": {"uv": [3, 0, 6, 16], "texture": "#7"},
				"west": {"uv": [2, 0, 4, 16], "texture": "#7"},
				"up": {"uv": [4, 0, 12, 16], "rotation": 90, "texture": "#8"},
				"down": {"uv": [0, 0, 16, 16], "rotation": 270, "texture": "#7"}
			}
		},
		{
			"name": "side_3",
			"from": [15.125, -5, 3.25],
			"to": [16, 0.25, 13],
			"rotation": {"angle": 0, "axis": "y", "origin": [8, 5, 8]},
			"faces": {
				"east": {"uv": [0, 1, 16, 15], "texture": "#barrel_side"},
				"up": {"uv": [0, 5, 16, 6], "rotation": 270, "texture": "#barrel_side"},
				"down": {"uv": [0, 5, 16, 6], "rotation": 90, "texture": "#barrel_side"}
			}
		},
		{
			"name": "side_4",
			"from": [0, 1, 13],
			"to": [3, 17.5, 16],
			"rotation": {"angle": 0, "axis": "y", "origin": [8, 5, 8]},
			"faces": {
				"north": {"uv": [7, 0, 13, 16], "texture": "#7"},
				"east": {"uv": [8, 0, 14, 16], "texture": "#7"},
				"south": {"uv": [2.5, 0, 8.5, 16], "texture": "#7"},
				"west": {"uv": [0, 0, 6, 16], "texture": "#7"},
				"up": {"uv": [0, 0, 16, 16], "rotation": 270, "texture": "#8"}
			}
		},
		{
			"name": "side_4",
			"from": [3, -5, 15.125],
			"to": [12.75, 0.25, 16],
			"rotation": {"angle": 0, "axis": "y", "origin": [8, 5, 8]},
			"faces": {
				"north": {"uv": [0, 1, 16, 15], "texture": "#barrel_side"},
				"south": {"uv": [0, 1, 16, 15], "texture": "#barrel_side"},
				"up": {"uv": [0, 5, 16, 6], "texture": "#barrel_side"},
				"down": {"uv": [0, 5, 16, 6], "texture": "#barrel_side"}
			}
		},
		{
			"name": "side_3*",
			"from": [-1, -6, -1],
			"to": [4, 1, 4],
			"rotation": {"angle": 0, "axis": "y", "origin": [8, 5, 8]},
			"faces": {
				"north": {"uv": [0, 0, 16, 16], "texture": "#stonebrick_carved"},
				"east": {"uv": [0, 0, 16, 16], "texture": "#stonebrick_carved"},
				"south": {"uv": [0, 0, 16, 16], "texture": "#stonebrick_carved"},
				"west": {"uv": [0, 0, 16, 16], "texture": "#stonebrick_carved"},
				"up": {"uv": [0, 0, 16, 16], "rotation": 180, "texture": "#stonebrick_carved"}
			}
		},
		{
			"name": "side_3*",
			"from": [12, -6, -1],
			"to": [17, 1, 4],
			"rotation": {"angle": 0, "axis": "y", "origin": [8, 5, 8]},
			"faces": {
				"north": {"uv": [16, 0, 0, 16], "texture": "#stonebrick_carved"},
				"east": {"uv": [16, 0, 0, 16], "texture": "#stonebrick_carved"},
				"south": {"uv": [16, 0, 0, 16], "texture": "#stonebrick_carved"},
				"west": {"uv": [16, 0, 0, 16], "texture": "#stonebrick_carved"},
				"up": {"uv": [16, 0, 0, 16], "rotation": 180, "texture": "#stonebrick_carved"}
			}
		},
		{
			"name": "side_3*",
			"from": [-1, -6, 12],
			"to": [4, 1, 17],
			"rotation": {"angle": 0, "axis": "y", "origin": [8, 5, 8]},
			"faces": {
				"north": {"uv": [0, 0, 16, 16], "texture": "#stonebrick_carved"},
				"east": {"uv": [0, 0, 16, 16], "texture": "#stonebrick_carved"},
				"south": {"uv": [0, 0, 16, 16], "texture": "#stonebrick_carved"},
				"west": {"uv": [0, 0, 16, 16], "texture": "#stonebrick_carved"},
				"up": {"uv": [0, 0, 16, 16], "rotation": 180, "texture": "#stonebrick_carved"}
			}
		},
		{
			"name": "side_3*",
			"from": [12, -6, 12],
			"to": [17, 1, 17],
			"rotation": {"angle": 0, "axis": "y", "origin": [8, 5, 8]},
			"faces": {
				"north": {"uv": [16, 0, 0, 16], "texture": "#stonebrick_carved"},
				"east": {"uv": [16, 0, 0, 16], "texture": "#stonebrick_carved"},
				"south": {"uv": [16, 0, 0, 16], "texture": "#stonebrick_carved"},
				"west": {"uv": [16, 0, 0, 16], "texture": "#stonebrick_carved"},
				"up": {"uv": [16, 0, 0, 16], "rotation": 180, "texture": "#stonebrick_carved"}
			}
		},
		{
			"name": "side_1*",
			"from": [1, 16.875, 2],
			"to": [2, 21.875, 14],
			"rotation": {"angle": 0, "axis": "y", "origin": [8, 6.875, 8]},
			"faces": {
				"east": {"uv": [0, 0, 16, 8], "texture": "#barrel_side"},
				"west": {"uv": [0, 0, 16, 8], "texture": "#barrel_side"},
				"up": {"uv": [0, 5, 16, 6], "rotation": 90, "texture": "#barrel_side"},
				"down": {"uv": [0, 5, 16, 6], "rotation": 270, "texture": "#barrel_side"}
			}
		},
		{
			"name": "side_1*",
			"from": [14, 16.875, 2],
			"to": [15, 21.875, 14],
			"rotation": {"angle": 0, "axis": "y", "origin": [8, 6.875, 8]},
			"faces": {
				"east": {"uv": [0, 0, 16, 8], "texture": "#barrel_side"},
				"west": {"uv": [0, 0, 16, 8], "texture": "#barrel_side"},
				"up": {"uv": [0, 5, 16, 6], "rotation": 270, "texture": "#barrel_side"},
				"down": {"uv": [0, 5, 16, 6], "rotation": 270, "texture": "#barrel_side"}
			}
		},
		{
			"name": "side_1*",
			"from": [2, 16.875, 1],
			"to": [14, 21.875, 2],
			"rotation": {"angle": 0, "axis": "y", "origin": [8, 6.875, 8]},
			"faces": {
				"north": {"uv": [0, 0, 16, 8], "texture": "#barrel_side"},
				"south": {"uv": [0, 0, 16, 8], "texture": "#barrel_side"},
				"up": {"uv": [0, 5, 16, 6], "rotation": 180, "texture": "#barrel_side"},
				"down": {"uv": [0, 5, 16, 6], "rotation": 180, "texture": "#barrel_side"}
			}
		},
		{
			"name": "side_1*",
			"from": [2, 16.875, 14],
			"to": [14, 21.875, 15],
			"rotation": {"angle": 0, "axis": "y", "origin": [8, 6.875, 8]},
			"faces": {
				"north": {"uv": [0, 0, 16, 8], "texture": "#barrel_side"},
				"south": {"uv": [0, 0, 16, 8], "texture": "#barrel_side"},
				"up": {"uv": [0, 5, 16, 6], "texture": "#barrel_side"},
				"down": {"uv": [0, 5, 16, 6], "rotation": 180, "texture": "#barrel_side"}
			}
		},
		{
			"name": "side_3*",
			"from": [13.75, 17.5, 13.75],
			"to": [15.25, 22.5, 15.25],
			"rotation": {"angle": 0, "axis": "y", "origin": [8, 7, 8]},
			"faces": {
				"north": {"uv": [8, 0, 14, 16], "texture": "#stonebrick_carved"},
				"east": {"uv": [2.5, 0, 8.5, 16], "texture": "#stonebrick_carved"},
				"south": {"uv": [0, 0, 6, 16], "texture": "#stonebrick_carved"},
				"west": {"uv": [7, 0, 13, 16], "texture": "#stonebrick_carved"},
				"up": {"uv": [0, 0, 6, 7], "rotation": 180, "texture": "#stonebrick_carved"}
			}
		},
		{
			"name": "side_3*",
			"from": [0.75, 17.5, 13.75],
			"to": [2.25, 22.5, 15.25],
			"rotation": {"angle": 0, "axis": "y", "origin": [8, 7, 8]},
			"faces": {
				"north": {"uv": [8, 0, 14, 16], "texture": "#stonebrick_carved"},
				"east": {"uv": [2.5, 0, 8.5, 16], "texture": "#stonebrick_carved"},
				"south": {"uv": [0, 0, 6, 16], "texture": "#stonebrick_carved"},
				"west": {"uv": [7, 0, 13, 16], "texture": "#stonebrick_carved"},
				"up": {"uv": [0, 0, 6, 7], "rotation": 180, "texture": "#stonebrick_carved"}
			}
		},
		{
			"name": "side_3*",
			"from": [0.75, 17.5, 0.75],
			"to": [2.25, 22.5, 2.25],
			"rotation": {"angle": 0, "axis": "y", "origin": [8, 7, 8]},
			"faces": {
				"north": {"uv": [8, 0, 14, 16], "texture": "#stonebrick_carved"},
				"east": {"uv": [2.5, 0, 8.5, 16], "texture": "#stonebrick_carved"},
				"south": {"uv": [0, 0, 6, 16], "texture": "#stonebrick_carved"},
				"west": {"uv": [7, 0, 13, 16], "texture": "#stonebrick_carved"},
				"up": {"uv": [0, 0, 6, 7], "rotation": 180, "texture": "#stonebrick_carved"}
			}
		},
		{
			"name": "side_3*",
			"from": [13.75, 17.5, 0.75],
			"to": [15.25, 22.5, 2.25],
			"rotation": {"angle": 0, "axis": "y", "origin": [8, 7, 8]},
			"faces": {
				"north": {"uv": [8, 0, 14, 16], "texture": "#stonebrick_carved"},
				"east": {"uv": [2.5, 0, 8.5, 16], "texture": "#stonebrick_carved"},
				"south": {"uv": [0, 0, 6, 16], "texture": "#stonebrick_carved"},
				"west": {"uv": [7, 0, 13, 16], "texture": "#stonebrick_carved"},
				"up": {"uv": [0, 0, 6, 7], "rotation": 180, "texture": "#stonebrick_carved"}
			}
		},
		{
			"name": "fence",
			"from": [1.25, 0.75, 3],
			"to": [2.25, 10.125, 4.5],
			"rotation": {"angle": 0, "axis": "y", "origin": [1.75, 4.5, 7.75]},
			"faces": {
				"east": {"uv": [7, 0, 10, 16], "texture": "#fire_coral_block"},
				"south": {"uv": [4, 0, 9, 16], "texture": "#fire_coral_block"},
				"west": {"uv": [3, 0, 6, 16], "texture": "#fire_coral_block"}
			}
		},
		{
			"name": "fence",
			"from": [11.5, 0.75, 1.24782],
			"to": [13, 10.125, 2.24782],
			"rotation": {"angle": 0, "axis": "y", "origin": [8.00109, 4.375, 7.99891]},
			"faces": {
				"north": {"uv": [3, 0, 6, 16], "texture": "#fire_coral_block"},
				"south": {"uv": [7, 0, 10, 16], "texture": "#fire_coral_block"},
				"west": {"uv": [4, 0, 9, 16], "texture": "#fire_coral_block"}
			}
		},
		{
			"name": "fence",
			"from": [13.75, 0.75, 3],
			"to": [14.75, 10.125, 4.5],
			"rotation": {"angle": 0, "axis": "y", "origin": [14.24889, 4.36407, 8.0098]},
			"faces": {
				"east": {"uv": [3, 0, 6, 16], "texture": "#fire_coral_block"},
				"south": {"uv": [9, 0, 4, 16], "texture": "#fire_coral_block"},
				"west": {"uv": [7, 0, 10, 16], "texture": "#fire_coral_block"}
			}
		},
		{
			"name": "fence",
			"from": [11.5, 0.75, 13.74782],
			"to": [13, 10.125, 14.74782],
			"rotation": {"angle": 0, "axis": "y", "origin": [8.00109, 4.375, 7.99891]},
			"faces": {
				"north": {"uv": [7, 0, 10, 16], "texture": "#fire_coral_block"},
				"south": {"uv": [3, 0, 6, 16], "texture": "#fire_coral_block"},
				"west": {"uv": [9, 0, 4, 16], "texture": "#fire_coral_block"}
			}
		},
		{
			"name": "fence",
			"from": [1.25, 0.75, 11.5],
			"to": [2.25, 10.125, 13],
			"rotation": {"angle": 0, "axis": "y", "origin": [1.75, 4.5, 15.25]},
			"faces": {
				"north": {"uv": [4, 0, 9, 16], "texture": "#fire_coral_block"},
				"east": {"uv": [3, 0, 6, 16], "texture": "#fire_coral_block"},
				"west": {"uv": [7, 0, 10, 16], "texture": "#fire_coral_block"}
			}
		},
		{
			"name": "fence",
			"from": [3, 0.75, 1.24782],
			"to": [4.5, 10.125, 2.24782],
			"rotation": {"angle": 0, "axis": "y", "origin": [8.00109, 4.375, 7.99891]},
			"faces": {
				"north": {"uv": [7, 0, 10, 16], "texture": "#fire_coral_block"},
				"east": {"uv": [4, 0, 9, 16], "texture": "#fire_coral_block"},
				"south": {"uv": [3, 0, 6, 16], "texture": "#fire_coral_block"}
			}
		},
		{
			"name": "fence",
			"from": [13.75, 0.75, 11.5],
			"to": [14.75, 10.125, 13],
			"rotation": {"angle": 0, "axis": "y", "origin": [14.24889, 4.36407, 8.0098]},
			"faces": {
				"north": {"uv": [9, 0, 4, 16], "texture": "#fire_coral_block"},
				"east": {"uv": [7, 0, 10, 16], "texture": "#fire_coral_block"},
				"west": {"uv": [3, 0, 6, 16], "texture": "#fire_coral_block"}
			}
		},
		{
			"name": "fence",
			"from": [3, 0.75, 13.74782],
			"to": [4.5, 10.125, 14.74782],
			"rotation": {"angle": 0, "axis": "y", "origin": [8.00109, 4.375, 7.99891]},
			"faces": {
				"north": {"uv": [3, 0, 6, 16], "texture": "#fire_coral_block"},
				"east": {"uv": [9, 0, 4, 16], "texture": "#fire_coral_block"},
				"south": {"uv": [7, 0, 10, 16], "texture": "#fire_coral_block"}
			}
		},
		{
			"name": "fence",
			"from": [1.25, 0.875, 4.5],
			"to": [2.25, 2, 11.5],
			"rotation": {"angle": 0, "axis": "y", "origin": [1.75, 4.5, 10.25]},
			"faces": {
				"east": {"uv": [4, 13, 13, 16], "texture": "#fire_coral_block"},
				"west": {"uv": [4, 13, 13, 16], "texture": "#fire_coral_block"},
				"up": {"uv": [4, 4, 13, 6], "rotation": 90, "texture": "#fire_coral_block"}
			}
		},
		{
			"name": "fence",
			"from": [4.5, 0.625, 1.24782],
			"to": [11.5, 2, 2.24782],
			"rotation": {"angle": 0, "axis": "y", "origin": [8.00109, 4.375, 7.99891]},
			"faces": {
				"north": {"uv": [4, 13, 13, 16], "texture": "#fire_coral_block"},
				"south": {"uv": [4, 13, 13, 16], "texture": "#fire_coral_block"},
				"up": {"uv": [4, 4, 13, 6], "rotation": 180, "texture": "#fire_coral_block"}
			}
		},
		{
			"name": "fence",
			"from": [13.75, 0.625, 4.5],
			"to": [14.75, 2, 11.5],
			"rotation": {"angle": 0, "axis": "y", "origin": [14.25, 4.5, 10.25]},
			"faces": {
				"east": {"uv": [13, 13, 4, 16], "texture": "#fire_coral_block"},
				"west": {"uv": [13, 13, 4, 16], "texture": "#fire_coral_block"},
				"up": {"uv": [4, 6, 13, 4], "rotation": 90, "texture": "#fire_coral_block"}
			}
		},
		{
			"name": "fence",
			"from": [4.5, 0.625, 13.74782],
			"to": [11.5, 2, 14.74782],
			"rotation": {"angle": 0, "axis": "y", "origin": [8.00109, 4.375, 7.99891]},
			"faces": {
				"north": {"uv": [13, 13, 4, 16], "texture": "#fire_coral_block"},
				"south": {"uv": [13, 13, 4, 16], "texture": "#fire_coral_block"},
				"up": {"uv": [4, 6, 13, 4], "rotation": 180, "texture": "#fire_coral_block"}
			}
		},
		{
			"name": "fence",
			"from": [4.51709, -0.25, 4.22927],
			"to": [11.51709, 1, 4.72927],
			"rotation": {"angle": 0, "axis": "y", "origin": [8.01068, 6.03929, 5.16859]},
			"faces": {
				"north": {"uv": [4, 13, 13, 16], "texture": "#fire_coral_block"},
				"south": {"uv": [4, 13, 13, 16], "texture": "#fire_coral_block"},
				"up": {"uv": [4, 4, 13, 6], "texture": "#fire_coral_block"},
				"down": {"uv": [4, 14, 13, 16], "rotation": 180, "texture": "#fire_coral_block"}
			}
		},
		{
			"name": "fence",
			"from": [4.51709, -4.25, 4.22927],
			"to": [11.51709, -3, 4.72927],
			"rotation": {"angle": 0, "axis": "y", "origin": [8.01068, 6.03929, 5.16859]},
			"faces": {
				"north": {"uv": [4, 13, 13, 16], "texture": "#fire_coral_block"},
				"east": {"uv": [4, 0, 9, 16], "texture": "#fire_coral_block"},
				"south": {"uv": [4, 13, 13, 16], "texture": "#fire_coral_block"},
				"west": {"uv": [4, 0, 9, 16], "texture": "#fire_coral_block"},
				"up": {"uv": [4, 4, 13, 6], "texture": "#fire_coral_block"},
				"down": {"uv": [4, 14, 13, 16], "rotation": 180, "texture": "#fire_coral_block"}
			}
		},
		{
			"name": "fence",
			"from": [4.51709, 3.75, 4.22927],
			"to": [11.51709, 5, 4.72927],
			"rotation": {"angle": 0, "axis": "y", "origin": [8.01068, 6.03929, 5.16859]},
			"faces": {
				"north": {"uv": [4, 13, 13, 16], "texture": "#fire_coral_block"},
				"south": {"uv": [4, 13, 13, 16], "texture": "#fire_coral_block"},
				"up": {"uv": [4, 4, 13, 6], "texture": "#fire_coral_block"},
				"down": {"uv": [4, 14, 13, 16], "rotation": 180, "texture": "#fire_coral_block"}
			}
		},
		{
			"name": "fence",
			"from": [4.51709, 7.75, 4.22927],
			"to": [11.51709, 9, 4.72927],
			"rotation": {"angle": 0, "axis": "y", "origin": [8.01068, 6.03929, 5.16859]},
			"faces": {
				"north": {"uv": [4, 13, 13, 16], "texture": "#fire_coral_block"},
				"south": {"uv": [4, 13, 13, 16], "texture": "#fire_coral_block"},
				"up": {"uv": [4, 4, 13, 6], "texture": "#fire_coral_block"},
				"down": {"uv": [4, 14, 13, 16], "rotation": 180, "texture": "#fire_coral_block"}
			}
		},
		{
			"name": "fence",
			"from": [4.51709, 11.75, 4.22927],
			"to": [11.51709, 13, 4.72927],
			"rotation": {"angle": 0, "axis": "y", "origin": [8.01068, 6.03929, 5.16859]},
			"faces": {
				"north": {"uv": [4, 13, 13, 16], "texture": "#fire_coral_block"},
				"south": {"uv": [4, 13, 13, 16], "texture": "#fire_coral_block"},
				"up": {"uv": [4, 4, 13, 6], "texture": "#fire_coral_block"},
				"down": {"uv": [4, 14, 13, 16], "rotation": 180, "texture": "#fire_coral_block"}
			}
		},
		{
			"name": "fence",
			"from": [1.25, 8.75, 4.5],
			"to": [2.25, 10.125, 11.5],
			"rotation": {"angle": 0, "axis": "y", "origin": [1.75, 11.5, 10.25]},
			"faces": {
				"east": {"uv": [4, 0, 13, 3], "texture": "#fire_coral_block"},
				"west": {"uv": [4, 0, 13, 3], "texture": "#fire_coral_block"},
				"down": {"uv": [4, 14, 13, 16], "rotation": 90, "texture": "#fire_coral_block"}
			}
		},
		{
			"name": "fence",
			"from": [4.5, 8.75, 1.24782],
			"to": [11.5, 10.125, 2.24782],
			"rotation": {"angle": 0, "axis": "y", "origin": [8.00109, 6.375, 7.99891]},
			"faces": {
				"north": {"uv": [4, 0, 13, 3], "texture": "#fire_coral_block"},
				"south": {"uv": [4, 0, 13, 3], "texture": "#fire_coral_block"},
				"down": {"uv": [4, 14, 13, 16], "texture": "#fire_coral_block"}
			}
		},
		{
			"name": "fence",
			"from": [13.75, 8.75, 4.5],
			"to": [14.75, 10.125, 11.5],
			"rotation": {"angle": 0, "axis": "y", "origin": [14.25, 11.5, 10.25]},
			"faces": {
				"east": {"uv": [13, 0, 4, 3], "texture": "#fire_coral_block"},
				"west": {"uv": [13, 0, 4, 3], "texture": "#fire_coral_block"},
				"down": {"uv": [4, 16, 13, 14], "rotation": 90, "texture": "#fire_coral_block"}
			}
		},
		{
			"name": "fence",
			"from": [4.5, 8.75, 13.74782],
			"to": [11.5, 10.125, 14.74782],
			"rotation": {"angle": 0, "axis": "y", "origin": [8.00109, 6.375, 7.99891]},
			"faces": {
				"north": {"uv": [13, 0, 4, 3], "texture": "#fire_coral_block"},
				"south": {"uv": [13, 0, 4, 3], "texture": "#fire_coral_block"},
				"down": {"uv": [4, 16, 13, 14], "texture": "#fire_coral_block"}
			}
		},
		{
			"from": [6, 10.3, 15.5],
			"to": [10, 10.8, 16.5],
			"rotation": {"angle": 0, "axis": "y", "origin": [1, 23.3, 9.5]},
			"faces": {
				"north": {"uv": [0, 0, 1, 1], "texture": "#7"},
				"east": {"uv": [0, 0, 1, 1], "texture": "#7"},
				"south": {"uv": [0, 0, 1, 1], "texture": "#7"},
				"west": {"uv": [0, 0, 1, 1], "texture": "#7"},
				"up": {"uv": [0, 0, 1, 1], "texture": "#7"},
				"down": {"uv": [0, 0, 1, 1], "texture": "#7"}
			}
		},
		{
			"from": [10, 10.8, 15.5],
			"to": [11, 11.3, 16.5],
			"rotation": {"angle": 0, "axis": "y", "origin": [4.5, 23.8, 9.5]},
			"faces": {
				"north": {"uv": [0, 0, 1, 1], "texture": "#7"},
				"east": {"uv": [0, 0, 1, 1], "texture": "#7"},
				"south": {"uv": [0, 0, 1, 1], "texture": "#7"},
				"west": {"uv": [0, 0, 1, 1], "texture": "#7"},
				"up": {"uv": [0, 0, 1, 1], "texture": "#7"},
				"down": {"uv": [0, 0, 1, 1], "texture": "#7"}
			}
		},
		{
			"from": [11, 11.3, 15.5],
			"to": [11.5, 11.8, 16.5],
			"rotation": {"angle": 0, "axis": "y", "origin": [5.5, 24.3, 9.5]},
			"faces": {
				"north": {"uv": [0, 0, 1, 1], "texture": "#7"},
				"east": {"uv": [0, 0, 1, 1], "texture": "#7"},
				"south": {"uv": [0, 0, 1, 1], "texture": "#7"},
				"west": {"uv": [0, 0, 1, 1], "texture": "#7"},
				"up": {"uv": [0, 0, 1, 1], "texture": "#7"},
				"down": {"uv": [0, 0, 1, 1], "texture": "#7"}
			}
		},
		{
			"from": [11.5, 11.8, 15.5],
			"to": [12, 13.8, 16.5],
			"rotation": {"angle": 0, "axis": "y", "origin": [11.75, 13.3, 16]},
			"faces": {
				"east": {"uv": [0, 0, 1, 1], "rotation": 90, "texture": "#7"},
				"south": {"uv": [0, 0, 1, 1], "rotation": 90, "texture": "#7"},
				"west": {"uv": [0, 0, 1, 1], "rotation": 90, "texture": "#7"},
				"up": {"uv": [0, 0, 1, 1], "rotation": 90, "texture": "#7"},
				"down": {"uv": [0, 0, 1, 1], "rotation": 90, "texture": "#7"}
			}
		},
		{
			"from": [11, 13.8, 15.5],
			"to": [11.5, 14.3, 16.5],
			"rotation": {"angle": 0, "axis": "y", "origin": [5.5, 26.8, 9.5]},
			"faces": {
				"east": {"uv": [0, 0, 1, 1], "texture": "#7"},
				"south": {"uv": [0, 0, 1, 1], "texture": "#7"},
				"west": {"uv": [0, 0, 1, 1], "texture": "#7"},
				"up": {"uv": [0, 0, 1, 1], "texture": "#7"},
				"down": {"uv": [0, 0, 1, 1], "texture": "#7"}
			}
		},
		{
			"from": [10, 14.3, 15.5],
			"to": [11, 14.8, 16.5],
			"rotation": {"angle": 0, "axis": "y", "origin": [4.5, 27.3, 9.5]},
			"faces": {
				"east": {"uv": [0, 0, 1, 1], "texture": "#7"},
				"south": {"uv": [0, 0, 1, 1], "texture": "#7"},
				"west": {"uv": [0, 0, 1, 1], "texture": "#7"},
				"up": {"uv": [0, 0, 1, 1], "texture": "#7"},
				"down": {"uv": [0, 0, 1, 1], "texture": "#7"}
			}
		},
		{
			"from": [6, 14.8, 15.5],
			"to": [10, 15.3, 16.5],
			"rotation": {"angle": 0, "axis": "y", "origin": [1, 27.8, 9.5]},
			"faces": {
				"east": {"uv": [0, 0, 1, 1], "texture": "#7"},
				"south": {"uv": [0, 0, 1, 1], "texture": "#7"},
				"west": {"uv": [0, 0, 1, 1], "texture": "#7"},
				"up": {"uv": [0, 0, 1, 1], "texture": "#7"},
				"down": {"uv": [0, 0, 1, 1], "texture": "#7"}
			}
		},
		{
			"from": [5, 14.3, 15.5],
			"to": [6, 14.8, 16.5],
			"rotation": {"angle": 0, "axis": "y", "origin": [-0.5, 27.3, 9.5]},
			"faces": {
				"east": {"uv": [0, 0, 1, 1], "texture": "#7"},
				"south": {"uv": [0, 0, 1, 1], "texture": "#7"},
				"west": {"uv": [0, 0, 1, 1], "texture": "#7"},
				"up": {"uv": [0, 0, 1, 1], "texture": "#7"},
				"down": {"uv": [0, 0, 1, 1], "texture": "#7"}
			}
		},
		{
			"from": [4.5, 13.8, 15.5],
			"to": [5, 14.3, 16.5],
			"rotation": {"angle": 0, "axis": "y", "origin": [-1, 26.8, 9.5]},
			"faces": {
				"east": {"uv": [0, 0, 1, 1], "texture": "#7"},
				"south": {"uv": [0, 0, 1, 1], "texture": "#7"},
				"west": {"uv": [0, 0, 1, 1], "texture": "#7"},
				"up": {"uv": [0, 0, 1, 1], "texture": "#7"},
				"down": {"uv": [0, 0, 1, 1], "texture": "#7"}
			}
		},
		{
			"from": [4, 11.8, 15.5],
			"to": [4.5, 13.8, 16.5],
			"rotation": {"angle": 0, "axis": "y", "origin": [4.25, 13.3, 16]},
			"faces": {
				"east": {"uv": [0, 0, 1, 1], "rotation": 90, "texture": "#7"},
				"south": {"uv": [0, 0, 1, 1], "rotation": 90, "texture": "#7"},
				"west": {"uv": [0, 0, 1, 1], "rotation": 90, "texture": "#7"},
				"up": {"uv": [0, 0, 1, 1], "rotation": 90, "texture": "#7"},
				"down": {"uv": [0, 0, 1, 1], "rotation": 90, "texture": "#7"}
			}
		},
		{
			"from": [4.5, 11.3, 15.5],
			"to": [5, 11.8, 16.5],
			"rotation": {"angle": 0, "axis": "y", "origin": [-1, 24.3, 9.5]},
			"faces": {
				"north": {"uv": [0, 0, 1, 1], "texture": "#7"},
				"east": {"uv": [0, 0, 1, 1], "texture": "#7"},
				"south": {"uv": [0, 0, 1, 1], "texture": "#7"},
				"west": {"uv": [0, 0, 1, 1], "texture": "#7"},
				"up": {"uv": [0, 0, 1, 1], "texture": "#7"},
				"down": {"uv": [0, 0, 1, 1], "texture": "#7"}
			}
		},
		{
			"from": [5, 10.8, 15.5],
			"to": [6, 11.3, 16.5],
			"rotation": {"angle": 0, "axis": "y", "origin": [-0.5, 23.8, 9.5]},
			"faces": {
				"north": {"uv": [0, 0, 1, 1], "texture": "#7"},
				"east": {"uv": [0, 0, 1, 1], "texture": "#7"},
				"south": {"uv": [0, 0, 1, 1], "texture": "#7"},
				"west": {"uv": [0, 0, 1, 1], "texture": "#7"},
				"up": {"uv": [0, 0, 1, 1], "texture": "#7"},
				"down": {"uv": [0, 0, 1, 1], "texture": "#7"}
			}
		},
		{
			"from": [6, 10.8, 16.05],
			"to": [10, 14.8, 16.06],
			"rotation": {"angle": 0, "axis": "y", "origin": [1, 27.8, 9.525]},
			"faces": {
				"north": {"uv": [16, 0, 0, 16], "texture": "#9"},
				"east": {"uv": [7, 9, 8, 10], "texture": "#9"},
				"south": {"uv": [0, 0, 16, 16], "texture": "#9"},
				"west": {"uv": [7, 9, 8, 10], "texture": "#9"}
			}
		},
		{
			"from": [11, 11.8, 15.95],
			"to": [11.5, 13.8, 16.025],
			"rotation": {"angle": 0, "axis": "y", "origin": [1, 27.8, 9.5]},
			"faces": {
				"north": {"uv": [7, 7, 8, 8], "texture": "#6"},
				"south": {"uv": [7, 7, 8, 8], "texture": "#6"}
			}
		},
		{
			"from": [4.5, 11.8, 15.95],
			"to": [5, 13.8, 16.025],
			"rotation": {"angle": 0, "axis": "y", "origin": [15, 27.8, 9.5]},
			"faces": {
				"north": {"uv": [8, 7, 7, 8], "texture": "#6"},
				"south": {"uv": [8, 7, 7, 8], "texture": "#6"}
			}
		},
		{
			"from": [5, 11.3, 15.95],
			"to": [11, 14.3, 16.025],
			"rotation": {"angle": 0, "axis": "y", "origin": [1, 28.3, 9.5]},
			"faces": {
				"north": {"uv": [7, 7, 8, 8], "texture": "#6"},
				"south": {"uv": [7, 7, 8, 8], "texture": "#6"}
			}
		},
		{
			"from": [6, 14.3, 15.95],
			"to": [10, 14.8, 16.025],
			"rotation": {"angle": 0, "axis": "y", "origin": [1, 28.3, 9.5]},
			"faces": {
				"north": {"uv": [7, 7, 8, 8], "texture": "#6"},
				"south": {"uv": [7, 7, 8, 8], "texture": "#6"}
			}
		},
		{
			"from": [6, 10.825, 15.95],
			"to": [10, 11.325, 16.025],
			"rotation": {"angle": 0, "axis": "y", "origin": [1, -2.675, 9.5]},
			"faces": {
				"north": {"uv": [7, 8, 8, 7], "texture": "#6"},
				"south": {"uv": [7, 8, 8, 7], "texture": "#6"}
			}
		}
	],
	"display": {
		"thirdperson_righthand": {
			"rotation": [75, -145, 0],
			"translation": [0, 2.5, 0],
			"scale": [0.375, 0.375, 0.375]
		},
		"thirdperson_lefthand": {
			"rotation": [75, -145, 0],
			"translation": [0, 2.5, 0],
			"scale": [-0.375, 0.375, 0.375]
		},
		"firstperson_righthand": {
			"rotation": [0, -45, 0],
			"translation": [0, 1, -1],
			"scale": [0.3, 0.3, 0.3]
		},
		"firstperson_lefthand": {
			"rotation": [0, -45, 0],
			"translation": [0, 1, -1],
			"scale": [-0.3, 0.3, 0.3]
		},
		"ground": {
			"translation": [0, 3, 0],
			"scale": [0.25, 0.25, 0.25]
		},
		"gui": {
			"rotation": [30, -45, 0],
			"translation": [0, 0.75, 0],
			"scale": [0.4, 0.4, 0.4]
		},
		"head": {
			"rotation": [0, -180, 0],
			"translation": [0, -21, 0],
			"scale": [3.5, 3.5, 3.5]
		},
		"fixed": {
			"rotation": [0, 90, 0],
			"translation": [0, 0, -4.25],
			"scale": [0.5, 0.5, 0.5]
		}
	},
	"groups": [0, 1, 2, 3, 4, 5, 6, 7, 8, 9, 10, 11, 12, 13, 14, 15, 16, 17, 18, 19, 20, 21, 22, 23, 24, 25, 26, 27, 28, 29, 30, 31, 32, 33, 34, 35, 36, 37, 38, 39, 40, 41, 42, 43, 44, 45, 46, 47, 48, 49, 50, 51,
		{
			"name": "sign",
			"origin": [8, 18, 10],
			"children": [52, 53, 54, 55, 56, 57, 58, 59, 60, 61, 62, 63, 64, 65, 66, 67, 68, 69]
		}
	]
}