{
	"credit": "Made by MadstonMagic, using Cubik Pro & Blockbench",
	"textures": {
		"7": "custom/gold_spike",
		"10": "block/cobblestone",
		"11": "towers/archer_lvl_5",
		"particle": "towers/archer_lvl_5",
		"stonebrick_carved": "block/chiseled_stone_bricks",
		"gold_block": "block/gold_block",
		"black_concrete": "block/anvil",
		"barrel_side": "block/barrel_side"
	},
	"elements": [
		{
			"name": "side_1",
			"from": [0, -2, 0],
			"to": [3, 11, 3],
			"rotation": {"angle": 0, "axis": "y", "origin": [8, 5, 8]},
			"faces": {
				"north": {"uv": [0, 0, 6, 16], "texture": "#black_concrete"},
				"east": {"uv": [7, 0, 13, 16], "texture": "#black_concrete"},
				"south": {"uv": [8, 0, 14, 16], "texture": "#black_concrete"},
				"west": {"uv": [2.5, 0, 8.5, 16], "texture": "#black_concrete"}
			}
		},
		{
			"name": "side_1",
			"from": [-1.5, 10.5, -1.5],
			"to": [3.5, 15.5, 3.5],
			"rotation": {"angle": 0, "axis": "y", "origin": [8, 5, 8]},
			"faces": {
				"north": {"uv": [0, 0, 16, 16], "texture": "#stonebrick_carved"},
				"east": {"uv": [0, 0, 16, 16], "texture": "#stonebrick_carved"},
				"south": {"uv": [0, 0, 16, 16], "texture": "#stonebrick_carved"},
				"west": {"uv": [0, 0, 16, 16], "texture": "#stonebrick_carved"},
				"up": {"uv": [0, 0, 16, 16], "texture": "#stonebrick_carved"},
				"down": {"uv": [0, 0, 16, 16], "texture": "#stonebrick_carved"}
			}
		},
		{
			"name": "side_1",
			"from": [0, 13.96875, 2],
			"to": [1, 16.46875, 14],
			"rotation": {"angle": 0, "axis": "y", "origin": [8.5, 7.46875, 8]},
			"faces": {
				"north": {"uv": [0, 1, 3, 7], "texture": "#barrel_side"},
				"east": {"uv": [0, 9, 16, 15], "texture": "#barrel_side"},
				"south": {"uv": [0, 1, 3, 7], "texture": "#barrel_side"},
				"west": {"uv": [0, 1, 16, 7], "texture": "#barrel_side"},
				"up": {"uv": [0, 5, 16, 6], "rotation": 90, "texture": "#barrel_side"},
				"down": {"uv": [0, 5, 16, 6], "rotation": 270, "texture": "#barrel_side"}
			}
		},
		{
			"name": "side_1",
			"from": [-2, 12, 0],
			"to": [-1.5, 14, 2],
			"rotation": {"angle": 0, "axis": "y", "origin": [8, 5, 8]},
			"faces": {
				"north": {"uv": [1, 1, 15, 15], "texture": "#gold_block"},
				"south": {"uv": [1, 1, 15, 15], "texture": "#gold_block"},
				"west": {"uv": [1, 1, 15, 15], "texture": "#gold_block"},
				"up": {"uv": [1, 2, 15, 6], "rotation": 90, "texture": "#gold_block"},
				"down": {"uv": [1, 2, 15, 6], "rotation": 270, "texture": "#gold_block"}
			}
		},
		{
			"name": "side_1",
			"from": [-2.75, 12.25, 0.25],
			"to": [-2, 13.75, 1.75],
			"rotation": {"angle": 0, "axis": "y", "origin": [8, 5, 8]},
			"faces": {
				"north": {"uv": [1, 1, 15, 15], "texture": "#gold_block"},
				"south": {"uv": [1, 1, 15, 15], "texture": "#gold_block"},
				"west": {"uv": [1, 1, 15, 15], "texture": "#gold_block"},
				"up": {"uv": [1, 2, 15, 6], "rotation": 90, "texture": "#gold_block"},
				"down": {"uv": [1, 2, 15, 6], "rotation": 270, "texture": "#gold_block"}
			}
		},
		{
			"name": "side_1",
			"from": [-3.25, 12.5, 0.5],
			"to": [-2.25, 13.5, 1.5],
			"rotation": {"angle": 0, "axis": "y", "origin": [8, 5, 8]},
			"faces": {
				"north": {"uv": [1, 1, 15, 15], "texture": "#gold_block"},
				"south": {"uv": [1, 1, 15, 15], "texture": "#gold_block"},
				"west": {"uv": [1, 1, 15, 15], "texture": "#gold_block"},
				"up": {"uv": [1, 2, 15, 6], "rotation": 90, "texture": "#gold_block"},
				"down": {"uv": [1, 2, 15, 6], "rotation": 270, "texture": "#gold_block"}
			}
		},
		{
			"name": "side_1",
			"from": [-3.75, 12.75, 0.75],
			"to": [-2.75, 13.25, 1.25],
			"rotation": {"angle": 0, "axis": "y", "origin": [8, 5, 8]},
			"faces": {
				"north": {"uv": [1, 1, 15, 15], "texture": "#gold_block"},
				"south": {"uv": [1, 1, 15, 15], "texture": "#gold_block"},
				"west": {"uv": [1, 1, 15, 15], "texture": "#gold_block"},
				"up": {"uv": [1, 2, 15, 6], "rotation": 90, "texture": "#gold_block"},
				"down": {"uv": [1, 2, 15, 6], "rotation": 270, "texture": "#gold_block"}
			}
		},
		{
			"name": "side_1",
			"from": [-2, 12, 14],
			"to": [-1.5, 14, 16],
			"rotation": {"angle": 0, "axis": "y", "origin": [8, 5, 8]},
			"faces": {
				"north": {"uv": [1, 1, 15, 15], "texture": "#gold_block"},
				"south": {"uv": [1, 1, 15, 15], "texture": "#gold_block"},
				"west": {"uv": [1, 1, 15, 15], "texture": "#gold_block"},
				"up": {"uv": [1, 2, 15, 6], "rotation": 90, "texture": "#gold_block"},
				"down": {"uv": [1, 2, 15, 6], "rotation": 270, "texture": "#gold_block"}
			}
		},
		{
			"name": "side_1",
			"from": [-2.75, 12.25, 14.25],
			"to": [-2, 13.75, 15.75],
			"rotation": {"angle": 0, "axis": "y", "origin": [8, 5, 8]},
			"faces": {
				"north": {"uv": [1, 1, 15, 15], "texture": "#gold_block"},
				"south": {"uv": [1, 1, 15, 15], "texture": "#gold_block"},
				"west": {"uv": [1, 1, 15, 15], "texture": "#gold_block"},
				"up": {"uv": [1, 2, 15, 6], "rotation": 90, "texture": "#gold_block"},
				"down": {"uv": [1, 2, 15, 6], "rotation": 270, "texture": "#gold_block"}
			}
		},
		{
			"name": "side_1",
			"from": [-3.25, 12.5, 14.5],
			"to": [-2.25, 13.5, 15.5],
			"rotation": {"angle": 0, "axis": "y", "origin": [8, 5, 8]},
			"faces": {
				"north": {"uv": [1, 1, 15, 15], "texture": "#gold_block"},
				"south": {"uv": [1, 1, 15, 15], "texture": "#gold_block"},
				"west": {"uv": [1, 1, 15, 15], "texture": "#gold_block"},
				"up": {"uv": [1, 2, 15, 6], "rotation": 90, "texture": "#gold_block"},
				"down": {"uv": [1, 2, 15, 6], "rotation": 270, "texture": "#gold_block"}
			}
		},
		{
			"name": "side_1",
			"from": [-3.75, 12.75, 14.75],
			"to": [-2.75, 13.25, 15.25],
			"rotation": {"angle": 0, "axis": "y", "origin": [8, 5, 8]},
			"faces": {
				"north": {"uv": [1, 1, 15, 15], "texture": "#gold_block"},
				"south": {"uv": [1, 1, 15, 15], "texture": "#gold_block"},
				"west": {"uv": [1, 1, 15, 15], "texture": "#gold_block"},
				"up": {"uv": [1, 2, 15, 6], "rotation": 90, "texture": "#gold_block"},
				"down": {"uv": [1, 2, 15, 6], "rotation": 270, "texture": "#gold_block"}
			}
		},
		{
			"name": "side_1",
			"from": [0, -5, 3],
			"to": [1, 0.25, 12.75],
			"rotation": {"angle": 0, "axis": "y", "origin": [8, 5, 8]},
			"faces": {
				"west": {"uv": [0, 1, 16, 15], "texture": "#barrel_side"},
				"up": {"uv": [0, 5, 16, 6], "rotation": 90, "texture": "#barrel_side"},
				"down": {"uv": [0, 5, 16, 6], "rotation": 270, "texture": "#barrel_side"}
			}
		},
		{
			"name": "side_2",
			"from": [2, 13.96875, 0],
			"to": [14, 16.46875, 1],
			"rotation": {"angle": 0, "axis": "y", "origin": [8, 7.46875, 8.5]},
			"faces": {
				"north": {"uv": [0, 1, 16, 7], "texture": "#barrel_side"},
				"east": {"uv": [0, 1, 3, 7], "texture": "#barrel_side"},
				"south": {"uv": [0, 9, 16, 15], "texture": "#barrel_side"},
				"west": {"uv": [0, 1, 3, 7], "texture": "#barrel_side"},
				"up": {"uv": [0, 5, 16, 6], "rotation": 180, "texture": "#barrel_side"},
				"down": {"uv": [0, 5, 16, 6], "rotation": 180, "texture": "#barrel_side"}
			}
		},
		{
			"name": "side_2",
			"from": [3.25, -5, 0],
			"to": [13, 0.25, 1],
			"rotation": {"angle": 0, "axis": "y", "origin": [8, 5, 8]},
			"faces": {
				"north": {"uv": [0, 1, 16, 15], "texture": "#barrel_side"},
				"up": {"uv": [0, 5, 16, 6], "rotation": 180, "texture": "#barrel_side"},
				"down": {"uv": [0, 5, 16, 6], "rotation": 180, "texture": "#barrel_side"}
			}
		},
		{
			"name": "side_3",
			"from": [12, -6, -2],
			"to": [18, 1, 4],
			"rotation": {"angle": 0, "axis": "y", "origin": [8, 5, 8]},
			"faces": {
				"north": {"uv": [0, 0, 16, 16], "texture": "#10"},
				"east": {"uv": [0, 0, 16, 16], "texture": "#10"},
				"south": {"uv": [0, 0, 16, 16], "texture": "#10"},
				"west": {"uv": [0, 0, 16, 16], "texture": "#10"},
				"up": {"uv": [0, 0, 16, 16], "rotation": 180, "texture": "#10"}
			}
		},
		{
			"name": "side_3",
			"from": [13, -2, 13],
			"to": [16, 11, 16],
			"rotation": {"angle": 0, "axis": "y", "origin": [8, 5, 8]},
			"faces": {
				"north": {"uv": [8, 0, 14, 16], "texture": "#black_concrete"},
				"east": {"uv": [2.5, 0, 8.5, 16], "texture": "#black_concrete"},
				"south": {"uv": [0, 0, 6, 16], "texture": "#black_concrete"},
				"west": {"uv": [7, 0, 13, 16], "texture": "#black_concrete"}
			}
		},
		{
			"name": "side_3",
			"from": [13, -2, 0],
			"to": [16, 11, 3],
			"rotation": {"angle": 0, "axis": "y", "origin": [8, 5, 8]},
			"faces": {
				"north": {"uv": [2.5, 0, 8.5, 16], "texture": "#black_concrete"},
				"east": {"uv": [0, 0, 6, 16], "texture": "#black_concrete"},
				"south": {"uv": [8.5, 0, 14.5, 16], "texture": "#black_concrete"},
				"west": {"uv": [10, 0, 16, 16], "texture": "#black_concrete"}
			}
		},
		{
			"name": "side_3",
			"from": [12.5, 10.5, -1.5],
			"to": [17.5, 15.5, 3.5],
			"rotation": {"angle": 0, "axis": "y", "origin": [8, 5, 8]},
			"faces": {
				"north": {"uv": [0, 0, 16, 16], "texture": "#stonebrick_carved"},
				"east": {"uv": [0, 0, 16, 16], "texture": "#stonebrick_carved"},
				"south": {"uv": [0, 0, 16, 16], "texture": "#stonebrick_carved"},
				"west": {"uv": [0, 0, 16, 16], "texture": "#stonebrick_carved"},
				"up": {"uv": [0, 0, 16, 16], "rotation": 180, "texture": "#stonebrick_carved"},
				"down": {"uv": [0, 0, 16, 16], "rotation": 180, "texture": "#stonebrick_carved"}
			}
		},
		{
			"name": "side_3",
			"from": [15, 13.96875, 2],
			"to": [16, 16.46875, 14],
			"rotation": {"angle": 0, "axis": "y", "origin": [7.5, 7.46875, 8]},
			"faces": {
				"north": {"uv": [0, 1, 3, 7], "texture": "#barrel_side"},
				"east": {"uv": [0, 1, 16, 7], "texture": "#barrel_side"},
				"south": {"uv": [0, 1, 3, 7], "texture": "#barrel_side"},
				"west": {"uv": [0, 9, 16, 15], "texture": "#barrel_side"},
				"up": {"uv": [0, 5, 16, 6], "rotation": 270, "texture": "#barrel_side"},
				"down": {"uv": [0, 5, 16, 6], "rotation": 90, "texture": "#barrel_side"}
			}
		},
		{
			"name": "side_3",
			"from": [15, -5, 3.25],
			"to": [16, 0.25, 13],
			"rotation": {"angle": 0, "axis": "y", "origin": [8, 5, 8]},
			"faces": {
				"east": {"uv": [0, 1, 16, 15], "texture": "#barrel_side"},
				"up": {"uv": [0, 5, 16, 6], "rotation": 270, "texture": "#barrel_side"},
				"down": {"uv": [0, 5, 16, 6], "rotation": 90, "texture": "#barrel_side"}
			}
		},
		{
			"name": "side_4",
			"from": [0, -2, 13],
			"to": [3, 11, 16],
			"rotation": {"angle": 0, "axis": "y", "origin": [8, 5, 8]},
			"faces": {
				"north": {"uv": [7, 0, 13, 16], "texture": "#black_concrete"},
				"east": {"uv": [8, 0, 14, 16], "texture": "#black_concrete"},
				"south": {"uv": [2.5, 0, 8.5, 16], "texture": "#black_concrete"},
				"west": {"uv": [0, 0, 6, 16], "texture": "#black_concrete"}
			}
		},
		{
			"name": "side_4",
			"from": [12.5, 10.5, 12.5],
			"to": [17.5, 15.5, 17.5],
			"rotation": {"angle": 0, "axis": "y", "origin": [8, 5, 8]},
			"faces": {
				"north": {"uv": [0, 0, 16, 16], "texture": "#stonebrick_carved"},
				"east": {"uv": [0, 0, 16, 16], "texture": "#stonebrick_carved"},
				"south": {"uv": [0, 0, 16, 16], "texture": "#stonebrick_carved"},
				"west": {"uv": [0, 0, 16, 16], "texture": "#stonebrick_carved"},
				"up": {"uv": [0, 0, 16, 16], "rotation": 270, "texture": "#stonebrick_carved"},
				"down": {"uv": [0, 0, 16, 16], "rotation": 90, "texture": "#stonebrick_carved"}
			}
		},
		{
			"name": "side_4",
			"from": [-1.5, 10.5, 12.5],
			"to": [3.5, 15.5, 17.5],
			"rotation": {"angle": 0, "axis": "y", "origin": [8, 5, 8]},
			"faces": {
				"north": {"uv": [0, 0, 16, 16], "texture": "#stonebrick_carved"},
				"east": {"uv": [0, 0, 16, 16], "texture": "#stonebrick_carved"},
				"south": {"uv": [0, 0, 16, 16], "texture": "#stonebrick_carved"},
				"west": {"uv": [0, 0, 16, 16], "texture": "#stonebrick_carved"},
				"up": {"uv": [0, 0, 16, 16], "rotation": 270, "texture": "#stonebrick_carved"},
				"down": {"uv": [0, 0, 16, 16], "rotation": 90, "texture": "#stonebrick_carved"}
			}
		},
		{
			"name": "side_4",
			"from": [2, 13.96875, 15],
			"to": [14, 16.46875, 16],
			"rotation": {"angle": 0, "axis": "y", "origin": [8, 7.46875, 7.5]},
			"faces": {
				"north": {"uv": [0, 9, 16, 15], "texture": "#barrel_side"},
				"east": {"uv": [0, 1, 3, 7], "texture": "#barrel_side"},
				"south": {"uv": [0, 1, 16, 7], "texture": "#barrel_side"},
				"west": {"uv": [0, 1, 3, 7], "texture": "#barrel_side"},
				"up": {"uv": [0, 5, 16, 6], "texture": "#barrel_side"},
				"down": {"uv": [0, 5, 16, 6], "texture": "#barrel_side"}
			}
		},
		{
			"name": "side_4",
			"from": [3, -5, 15],
			"to": [12.75, 0.25, 16],
			"rotation": {"angle": 0, "axis": "y", "origin": [8, 5, 8]},
			"faces": {
				"south": {"uv": [0, 1, 16, 15], "texture": "#barrel_side"},
				"up": {"uv": [0, 5, 16, 6], "texture": "#barrel_side"},
				"down": {"uv": [0, 5, 16, 6], "texture": "#barrel_side"}
			}
		},
		{
			"name": "side_3*",
			"from": [-2, -6, -2],
			"to": [4, 1, 4],
			"rotation": {"angle": 0, "axis": "y", "origin": [8, 5, 8]},
			"faces": {
				"north": {"uv": [0, 0, 16, 16], "texture": "#10"},
				"east": {"uv": [0, 0, 16, 16], "texture": "#10"},
				"south": {"uv": [0, 0, 16, 16], "texture": "#10"},
				"west": {"uv": [0, 0, 16, 16], "texture": "#10"},
				"up": {"uv": [0, 0, 16, 16], "rotation": 180, "texture": "#10"}
			}
		},
		{
			"name": "side_3*",
			"from": [-2, -6, 12],
			"to": [4, 1, 18],
			"rotation": {"angle": 0, "axis": "y", "origin": [8, 5, 8]},
			"faces": {
				"north": {"uv": [0, 0, 16, 16], "texture": "#10"},
				"east": {"uv": [0, 0, 16, 16], "texture": "#10"},
				"south": {"uv": [0, 0, 16, 16], "texture": "#10"},
				"west": {"uv": [0, 0, 16, 16], "texture": "#10"},
				"up": {"uv": [0, 0, 16, 16], "rotation": 180, "texture": "#10"}
			}
		},
		{
			"name": "side_3*",
			"from": [12, -6, 12],
			"to": [18, 1, 18],
			"rotation": {"angle": 0, "axis": "y", "origin": [8, 5, 8]},
			"faces": {
				"north": {"uv": [0, 0, 16, 16], "texture": "#10"},
				"east": {"uv": [0, 0, 16, 16], "texture": "#10"},
				"south": {"uv": [0, 0, 16, 16], "texture": "#10"},
				"west": {"uv": [0, 0, 16, 16], "texture": "#10"},
				"up": {"uv": [0, 0, 16, 16], "rotation": 180, "texture": "#10"}
			}
		},
		{
			"name": "side_1*",
			"from": [1.125, 14.875, 2],
			"to": [2.125, 21.375, 14],
			"rotation": {"angle": 0, "axis": "y", "origin": [8.125, 4.875, 8]},
			"faces": {
				"east": {"uv": [0, 0, 16, 8], "texture": "#barrel_side"},
				"west": {"uv": [0, 0, 16, 8], "texture": "#barrel_side"},
				"up": {"uv": [0, 5, 16, 6], "rotation": 90, "texture": "#barrel_side"}
			}
		},
		{
			"name": "side_1*",
			"from": [13.875, 14.875, 2],
			"to": [14.875, 21.375, 14],
			"rotation": {"angle": 0, "axis": "y", "origin": [7.875, 4.875, 8]},
			"faces": {
				"east": {"uv": [0, 0, 16, 8], "texture": "#barrel_side"},
				"west": {"uv": [0, 0, 16, 8], "texture": "#barrel_side"},
				"up": {"uv": [0, 5, 16, 6], "rotation": 270, "texture": "#barrel_side"}
			}
		},
		{
			"name": "side_1*",
			"from": [2, 14.875, 1.125],
			"to": [14, 21.375, 2.125],
			"rotation": {"angle": 0, "axis": "y", "origin": [8, 4.875, 8.125]},
			"faces": {
				"north": {"uv": [0, 0, 16, 8], "texture": "#barrel_side"},
				"south": {"uv": [0, 0, 16, 8], "texture": "#barrel_side"},
				"up": {"uv": [0, 5, 16, 6], "rotation": 180, "texture": "#barrel_side"}
			}
		},
		{
			"name": "side_1*",
			"from": [2, 14.875, 13.875],
			"to": [14, 21.375, 14.875],
			"rotation": {"angle": 0, "axis": "y", "origin": [8, 4.875, 7.875]},
			"faces": {
				"north": {"uv": [0, 0, 16, 8], "texture": "#barrel_side"},
				"south": {"uv": [0, 0, 16, 8], "texture": "#barrel_side"},
				"up": {"uv": [0, 5, 16, 6], "texture": "#barrel_side"}
			}
		},
		{
			"name": "side_3*",
			"from": [13.75, 15.5, 13.75],
			"to": [15.25, 22, 15.25],
			"rotation": {"angle": 0, "axis": "y", "origin": [8, 5, 8]},
			"faces": {
				"north": {"uv": [8, 0, 14, 16], "texture": "#black_concrete"},
				"east": {"uv": [2.5, 0, 8.5, 16], "texture": "#black_concrete"},
				"south": {"uv": [0, 0, 6, 16], "texture": "#black_concrete"},
				"west": {"uv": [7, 0, 13, 16], "texture": "#black_concrete"},
				"up": {"uv": [3, 3, 11, 11], "rotation": 180, "texture": "#black_concrete"}
			}
		},
		{
			"name": "side_3*",
			"from": [0.75, 15.5, 13.75],
			"to": [2.25, 22, 15.25],
			"rotation": {"angle": 0, "axis": "y", "origin": [8, 5, 8]},
			"faces": {
				"north": {"uv": [8, 0, 14, 16], "texture": "#black_concrete"},
				"east": {"uv": [2.5, 0, 8.5, 16], "texture": "#black_concrete"},
				"south": {"uv": [0, 0, 6, 16], "texture": "#black_concrete"},
				"west": {"uv": [7, 0, 13, 16], "texture": "#black_concrete"},
				"up": {"uv": [3, 3, 11, 11], "rotation": 180, "texture": "#black_concrete"}
			}
		},
		{
			"name": "side_3*",
			"from": [0.75, 15.5, 0.75],
			"to": [2.25, 22, 2.25],
			"rotation": {"angle": 0, "axis": "y", "origin": [8, 5, 8]},
			"faces": {
				"north": {"uv": [8, 0, 14, 16], "texture": "#black_concrete"},
				"east": {"uv": [2.5, 0, 8.5, 16], "texture": "#black_concrete"},
				"south": {"uv": [0, 0, 6, 16], "texture": "#black_concrete"},
				"west": {"uv": [7, 0, 13, 16], "texture": "#black_concrete"},
				"up": {"uv": [3, 3, 11, 11], "rotation": 180, "texture": "#black_concrete"}
			}
		},
		{
			"name": "side_3*",
			"from": [13.75, 15.5, 0.75],
			"to": [15.25, 22, 2.25],
			"rotation": {"angle": 0, "axis": "y", "origin": [8, 5, 8]},
			"faces": {
				"north": {"uv": [8, 0, 14, 16], "texture": "#black_concrete"},
				"east": {"uv": [2.5, 0, 8.5, 16], "texture": "#black_concrete"},
				"south": {"uv": [0, 0, 6, 16], "texture": "#black_concrete"},
				"west": {"uv": [7, 0, 13, 16], "texture": "#black_concrete"},
				"up": {"uv": [3, 3, 11, 11], "rotation": 180, "texture": "#black_concrete"}
			}
		},
		{
			"name": "side_2",
			"from": [1, -6, 1],
			"to": [15, 15, 15],
			"rotation": {"angle": 0, "axis": "y", "origin": [8, 12.5, 8]},
			"faces": {
				"north": {"uv": [8.125, 0, 10.125, 3], "texture": "#11"},
				"east": {"uv": [8.125, 0, 10.125, 3], "texture": "#11"},
				"south": {"uv": [8.125, 0, 10.125, 3], "texture": "#11"},
				"west": {"uv": [8.125, 0, 10.125, 3], "texture": "#11"},
				"up": {"uv": [8.125, 0, 10.125, 2], "texture": "#11"}
			}
		},
		{
			"name": "side_3",
			"from": [0.96875, 7, 0.90625],
			"to": [15.0625, 14, 15.03125],
			"rotation": {"angle": 0, "axis": "y", "origin": [7.96875, 11.5, 8.03125]},
			"faces": {
				"north": {"uv": [10.125, 5.25, 14.25, 7.125], "texture": "#11"},
				"east": {"uv": [10.125, 7.25, 14.25, 9.125], "texture": "#11"},
				"south": {"uv": [10.125, 7.25, 14.25, 9.125], "texture": "#11"},
				"west": {"uv": [10.125, 7.25, 14.25, 9.125], "texture": "#11"}
			}
		},
		{
			"from": [15.55478, -4, 19.79296],
			"to": [18.80478, -1.5, 19.79796],
			"rotation": {"angle": 22.5, "axis": "y", "origin": [8.5, 0.25, 12]},
			"faces": {
				"north": {"uv": [0, 0, 0, 0], "texture": "#7"},
				"east": {"uv": [13.25, 2.625, 13.938, 1.875], "rotation": 270, "texture": "#7"},
				"south": {"uv": [16, 0, 0, 16], "rotation": 90, "texture": "#7"},
				"west": {"uv": [13.25, 2.625, 13.938, 1.875], "rotation": 270, "texture": "#7"},
				"up": {"uv": [13.938, 1.875, 13.25, 2.625], "rotation": 90, "texture": "#7"},
				"down": {"uv": [13.938, 1.875, 13.25, 2.625], "rotation": 90, "texture": "#7"}
			}
		},
		{
			"from": [17.94655, 2.2687, 14],
			"to": [21.19655, 2.2737, 16.5],
			"rotation": {"angle": -22.5, "axis": "z", "origin": [8.5, 0.25, 12]},
			"faces": {
				"north": {"uv": [13.938, 1.875, 13.25, 2.625], "rotation": 270, "texture": "#7"},
				"east": {"uv": [13.25, 2.625, 13.938, 1.875], "texture": "#7"},
				"south": {"uv": [13.938, 1.875, 13.25, 2.625], "rotation": 90, "texture": "#7"},
				"west": {"uv": [13.25, 2.625, 13.938, 1.875], "rotation": 180, "texture": "#7"},
				"up": {"uv": [16, 0, 0, 16], "rotation": 90, "texture": "#7"},
				"down": {"uv": [0, 0, 0, 0], "texture": "#7"}
			}
		},
		{
			"from": [15.65045, -7.31698, 14],
			"to": [18.90045, -7.31198, 16.5],
			"rotation": {"angle": 22.5, "axis": "z", "origin": [8.5, 0.25, 12]},
			"faces": {
				"north": {"uv": [13.25, 1.875, 13.938, 2.625], "rotation": 270, "texture": "#7"},
				"east": {"uv": [13.25, 1.875, 13.938, 2.625], "texture": "#7"},
				"south": {"uv": [13.25, 1.875, 13.938, 2.625], "rotation": 90, "texture": "#7"},
				"west": {"uv": [13.25, 1.875, 13.938, 2.625], "rotation": 180, "texture": "#7"},
				"up": {"uv": [0, 0, 0, 0], "texture": "#7"},
				"down": {"uv": [0, 0, 16, 16], "rotation": 90, "texture": "#7"}
			}
		},
		{
			"from": [18.04221, -4, 10.20727],
			"to": [21.29221, -1.5, 10.21227],
			"rotation": {"angle": -22.5, "axis": "y", "origin": [8.5, 0.25, 12]},
			"faces": {
				"north": {"uv": [0, 0, 16, 16], "rotation": 270, "texture": "#7"},
				"east": {"uv": [13.25, 1.875, 13.938, 2.625], "rotation": 270, "texture": "#7"},
				"south": {"uv": [0, 0, 0, 0], "texture": "#7"},
				"west": {"uv": [13.25, 1.875, 13.938, 2.625], "rotation": 270, "texture": "#7"},
				"up": {"uv": [13.25, 1.875, 13.938, 2.625], "rotation": 90, "texture": "#7"},
				"down": {"uv": [13.25, 1.875, 13.938, 2.625], "rotation": 90, "texture": "#7"}
			}
		},
		{
			"from": [-2.80478, -4, 19.79296],
			"to": [0.44522, -1.5, 19.79796],
			"rotation": {"angle": -22.5, "axis": "y", "origin": [7.5, 0.25, 12]},
			"faces": {
				"north": {"uv": [0, 0, 0, 0], "texture": "#7"},
				"east": {"uv": [13.25, 1.875, 13.938, 2.625], "rotation": 270, "texture": "#7"},
				"south": {"uv": [16, 16, 0, 0], "rotation": 90, "texture": "#7"},
				"west": {"uv": [13.25, 1.875, 13.938, 2.625], "rotation": 270, "texture": "#7"},
				"up": {"uv": [13.938, 2.625, 13.25, 1.875], "rotation": 90, "texture": "#7"},
				"down": {"uv": [13.938, 2.625, 13.25, 1.875], "rotation": 90, "texture": "#7"}
			}
		},
		{
			"from": [-5.19655, 2.2687, 14],
			"to": [-1.94655, 2.2737, 16.5],
			"rotation": {"angle": 22.5, "axis": "z", "origin": [7.5, 0.25, 12]},
			"faces": {
				"north": {"uv": [13.938, 2.625, 13.25, 1.875], "rotation": 270, "texture": "#7"},
				"east": {"uv": [13.938, 2.625, 13.25, 1.875], "rotation": 180, "texture": "#7"},
				"south": {"uv": [13.938, 2.625, 13.25, 1.875], "rotation": 90, "texture": "#7"},
				"west": {"uv": [13.938, 2.625, 13.25, 1.875], "texture": "#7"},
				"up": {"uv": [16, 16, 0, 0], "rotation": 90, "texture": "#7"},
				"down": {"uv": [0, 0, 0, 0], "texture": "#7"}
			}
		},
		{
			"from": [-2.90045, -7.31698, 14],
			"to": [0.34955, -7.31198, 16.5],
			"rotation": {"angle": -22.5, "axis": "z", "origin": [7.5, 0.25, 12]},
			"faces": {
				"north": {"uv": [13.25, 2.625, 13.938, 1.875], "rotation": 270, "texture": "#7"},
				"east": {"uv": [13.938, 1.875, 13.25, 2.625], "rotation": 180, "texture": "#7"},
				"south": {"uv": [13.25, 2.625, 13.938, 1.875], "rotation": 90, "texture": "#7"},
				"west": {"uv": [13.938, 1.875, 13.25, 2.625], "texture": "#7"},
				"up": {"uv": [0, 0, 0, 0], "texture": "#7"},
				"down": {"uv": [0, 16, 16, 0], "rotation": 90, "texture": "#7"}
			}
		},
		{
			"from": [-5.29221, -4, 10.20727],
			"to": [-2.04221, -1.5, 10.21227],
			"rotation": {"angle": 22.5, "axis": "y", "origin": [7.5, 0.25, 12]},
			"faces": {
				"north": {"uv": [0, 16, 16, 0], "rotation": 270, "texture": "#7"},
				"east": {"uv": [13.25, 2.625, 13.938, 1.875], "rotation": 270, "texture": "#7"},
				"south": {"uv": [0, 0, 0, 0], "texture": "#7"},
				"west": {"uv": [13.25, 2.625, 13.938, 1.875], "rotation": 270, "texture": "#7"},
				"up": {"uv": [13.25, 2.625, 13.938, 1.875], "rotation": 90, "texture": "#7"},
				"down": {"uv": [13.25, 2.625, 13.938, 1.875], "rotation": 90, "texture": "#7"}
			}
		},
		{
			"from": [-2.80478, -4, -3.79796],
			"to": [0.44522, -1.5, -3.79296],
			"rotation": {"angle": 22.5, "axis": "y", "origin": [7.5, 0.25, 4]},
			"faces": {
				"north": {"uv": [16, 0, 0, 16], "rotation": 90, "texture": "#7"},
				"east": {"uv": [13.25, 2.625, 13.938, 1.875], "rotation": 270, "texture": "#7"},
				"south": {"uv": [0, 0, 0, 0], "texture": "#7"},
				"west": {"uv": [13.25, 2.625, 13.938, 1.875], "rotation": 270, "texture": "#7"},
				"up": {"uv": [13.25, 2.625, 13.938, 1.875], "rotation": 90, "texture": "#7"},
				"down": {"uv": [13.25, 2.625, 13.938, 1.875], "rotation": 90, "texture": "#7"}
			}
		},
		{
			"from": [-5.19655, 2.2687, -0.5],
			"to": [-1.94655, 2.2737, 2],
			"rotation": {"angle": 22.5, "axis": "z", "origin": [7.5, 0.25, 4]},
			"faces": {
				"north": {"uv": [13.938, 1.875, 13.25, 2.625], "rotation": 90, "texture": "#7"},
				"east": {"uv": [13.25, 2.625, 13.938, 1.875], "rotation": 180, "texture": "#7"},
				"south": {"uv": [13.938, 1.875, 13.25, 2.625], "rotation": 270, "texture": "#7"},
				"west": {"uv": [13.25, 2.625, 13.938, 1.875], "texture": "#7"},
				"up": {"uv": [0, 16, 16, 0], "rotation": 90, "texture": "#7"},
				"down": {"uv": [0, 0, 0, 0], "texture": "#7"}
			}
		},
		{
			"from": [-2.90045, -7.31698, -0.5],
			"to": [0.34955, -7.31198, 2],
			"rotation": {"angle": -22.5, "axis": "z", "origin": [7.5, 0.25, 4]},
			"faces": {
				"north": {"uv": [13.25, 1.875, 13.938, 2.625], "rotation": 90, "texture": "#7"},
				"east": {"uv": [13.25, 1.875, 13.938, 2.625], "rotation": 180, "texture": "#7"},
				"south": {"uv": [13.25, 1.875, 13.938, 2.625], "rotation": 270, "texture": "#7"},
				"west": {"uv": [13.25, 1.875, 13.938, 2.625], "texture": "#7"},
				"up": {"uv": [0, 0, 0, 0], "texture": "#7"},
				"down": {"uv": [16, 16, 0, 0], "rotation": 90, "texture": "#7"}
			}
		},
		{
			"from": [-5.29221, -4, 5.78773],
			"to": [-2.04221, -1.5, 5.79273],
			"rotation": {"angle": -22.5, "axis": "y", "origin": [7.5, 0.25, 4]},
			"faces": {
				"north": {"uv": [0, 0, 0, 0], "texture": "#7"},
				"east": {"uv": [13.25, 1.875, 13.938, 2.625], "rotation": 270, "texture": "#7"},
				"south": {"uv": [0, 0, 16, 16], "rotation": 270, "texture": "#7"},
				"west": {"uv": [13.25, 1.875, 13.938, 2.625], "rotation": 270, "texture": "#7"},
				"up": {"uv": [13.938, 2.625, 13.25, 1.875], "rotation": 90, "texture": "#7"},
				"down": {"uv": [13.938, 2.625, 13.25, 1.875], "rotation": 90, "texture": "#7"}
			}
		},
		{
			"from": [15.55478, -4, -3.79796],
			"to": [18.80478, -1.5, -3.79296],
			"rotation": {"angle": -22.5, "axis": "y", "origin": [8.5, 0.25, 4]},
			"faces": {
				"north": {"uv": [16, 16, 0, 0], "rotation": 90, "texture": "#7"},
				"east": {"uv": [13.25, 1.875, 13.938, 2.625], "rotation": 270, "texture": "#7"},
				"south": {"uv": [0, 0, 0, 0], "texture": "#7"},
				"west": {"uv": [13.25, 1.875, 13.938, 2.625], "rotation": 270, "texture": "#7"},
				"up": {"uv": [13.25, 1.875, 13.938, 2.625], "rotation": 90, "texture": "#7"},
				"down": {"uv": [13.25, 1.875, 13.938, 2.625], "rotation": 90, "texture": "#7"}
			}
		},
		{
			"from": [17.94655, 2.2687, -0.5],
			"to": [21.19655, 2.2737, 2],
			"rotation": {"angle": -22.5, "axis": "z", "origin": [8.5, 0.25, 4]},
			"faces": {
				"north": {"uv": [13.938, 2.625, 13.25, 1.875], "rotation": 90, "texture": "#7"},
				"east": {"uv": [13.938, 2.625, 13.25, 1.875], "texture": "#7"},
				"south": {"uv": [13.938, 2.625, 13.25, 1.875], "rotation": 270, "texture": "#7"},
				"west": {"uv": [13.938, 2.625, 13.25, 1.875], "rotation": 180, "texture": "#7"},
				"up": {"uv": [0, 0, 16, 16], "rotation": 90, "texture": "#7"},
				"down": {"uv": [0, 0, 0, 0], "texture": "#7"}
			}
		},
		{
			"from": [15.65045, -7.31698, -0.5],
			"to": [18.90045, -7.31198, 2],
			"rotation": {"angle": 22.5, "axis": "z", "origin": [8.5, 0.25, 4]},
			"faces": {
				"north": {"uv": [13.25, 2.625, 13.938, 1.875], "rotation": 90, "texture": "#7"},
				"east": {"uv": [13.938, 1.875, 13.25, 2.625], "texture": "#7"},
				"south": {"uv": [13.25, 2.625, 13.938, 1.875], "rotation": 270, "texture": "#7"},
				"west": {"uv": [13.938, 1.875, 13.25, 2.625], "rotation": 180, "texture": "#7"},
				"up": {"uv": [0, 0, 0, 0], "texture": "#7"},
				"down": {"uv": [16, 0, 0, 16], "rotation": 90, "texture": "#7"}
			}
		},
		{
			"from": [18.04221, -4, 5.78773],
			"to": [21.29221, -1.5, 5.79273],
			"rotation": {"angle": 22.5, "axis": "y", "origin": [8.5, 0.25, 4]},
			"faces": {
				"north": {"uv": [0, 0, 0, 0], "texture": "#7"},
				"east": {"uv": [13.25, 2.625, 13.938, 1.875], "rotation": 270, "texture": "#7"},
				"south": {"uv": [0, 16, 16, 0], "rotation": 270, "texture": "#7"},
				"west": {"uv": [13.25, 2.625, 13.938, 1.875], "rotation": 270, "texture": "#7"},
				"up": {"uv": [13.938, 1.875, 13.25, 2.625], "rotation": 90, "texture": "#7"},
				"down": {"uv": [13.938, 1.875, 13.25, 2.625], "rotation": 90, "texture": "#7"}
			}
		},
		{
			"from": [-3.79796, -4, 15.55478],
			"to": [-3.79296, -1.5, 18.80478],
			"rotation": {"angle": 22.5, "axis": "y", "origin": [4, 0.25, 8.5]},
			"faces": {
				"north": {"uv": [13.25, 2.625, 13.938, 1.875], "rotation": 270, "texture": "#7"},
				"east": {"uv": [0, 0, 0, 0], "texture": "#7"},
				"south": {"uv": [13.25, 2.625, 13.938, 1.875], "rotation": 270, "texture": "#7"},
				"west": {"uv": [16, 0, 0, 16], "rotation": 90, "texture": "#7"},
				"up": {"uv": [13.938, 1.875, 13.25, 2.625], "rotation": 180, "texture": "#7"},
				"down": {"uv": [13.938, 1.875, 13.25, 2.625], "texture": "#7"}
			}
		},
		{
			"from": [-0.5, 2.2687, 17.94655],
			"to": [2, 2.2737, 21.19655],
			"rotation": {"angle": 22.5, "axis": "x", "origin": [4, 0.25, 8.5]},
			"faces": {
				"north": {"uv": [13.25, 2.625, 13.938, 1.875], "rotation": 180, "texture": "#7"},
				"east": {"uv": [13.938, 1.875, 13.25, 2.625], "rotation": 270, "texture": "#7"},
				"south": {"uv": [13.25, 2.625, 13.938, 1.875], "texture": "#7"},
				"west": {"uv": [13.938, 1.875, 13.25, 2.625], "rotation": 90, "texture": "#7"},
				"up": {"uv": [16, 0, 0, 16], "rotation": 180, "texture": "#7"},
				"down": {"uv": [0, 0, 0, 0], "rotation": 270, "texture": "#7"}
			}
		},
		{
			"from": [-0.5, -7.31698, 15.65045],
			"to": [2, -7.31198, 18.90045],
			"rotation": {"angle": -22.5, "axis": "x", "origin": [4, 0.25, 8.5]},
			"faces": {
				"north": {"uv": [13.25, 1.875, 13.938, 2.625], "rotation": 180, "texture": "#7"},
				"east": {"uv": [13.25, 1.875, 13.938, 2.625], "rotation": 270, "texture": "#7"},
				"south": {"uv": [13.25, 1.875, 13.938, 2.625], "texture": "#7"},
				"west": {"uv": [13.25, 1.875, 13.938, 2.625], "rotation": 90, "texture": "#7"},
				"up": {"uv": [0, 0, 0, 0], "rotation": 90, "texture": "#7"},
				"down": {"uv": [0, 0, 16, 16], "texture": "#7"}
			}
		},
		{
			"from": [5.78773, -4, 18.04221],
			"to": [5.79273, -1.5, 21.29221],
			"rotation": {"angle": -22.5, "axis": "y", "origin": [4, 0.25, 8.5]},
			"faces": {
				"north": {"uv": [13.25, 1.875, 13.938, 2.625], "rotation": 270, "texture": "#7"},
				"east": {"uv": [0, 0, 16, 16], "rotation": 270, "texture": "#7"},
				"south": {"uv": [13.25, 1.875, 13.938, 2.625], "rotation": 270, "texture": "#7"},
				"west": {"uv": [0, 0, 0, 0], "texture": "#7"},
				"up": {"uv": [13.25, 1.875, 13.938, 2.625], "rotation": 180, "texture": "#7"},
				"down": {"uv": [13.25, 1.875, 13.938, 2.625], "texture": "#7"}
			}
		},
		{
			"from": [-3.79796, -4, -2.80478],
			"to": [-3.79296, -1.5, 0.44522],
			"rotation": {"angle": -22.5, "axis": "y", "origin": [4, 0.25, 7.5]},
			"faces": {
				"north": {"uv": [13.25, 1.875, 13.938, 2.625], "rotation": 270, "texture": "#7"},
				"east": {"uv": [0, 0, 0, 0], "texture": "#7"},
				"south": {"uv": [13.25, 1.875, 13.938, 2.625], "rotation": 270, "texture": "#7"},
				"west": {"uv": [16, 16, 0, 0], "rotation": 90, "texture": "#7"},
				"up": {"uv": [13.938, 2.625, 13.25, 1.875], "rotation": 180, "texture": "#7"},
				"down": {"uv": [13.938, 2.625, 13.25, 1.875], "texture": "#7"}
			}
		},
		{
			"from": [-0.5, 2.2687, -5.19655],
			"to": [2, 2.2737, -1.94655],
			"rotation": {"angle": -22.5, "axis": "x", "origin": [4, 0.25, 7.5]},
			"faces": {
				"north": {"uv": [13.938, 2.625, 13.25, 1.875], "texture": "#7"},
				"east": {"uv": [13.938, 2.625, 13.25, 1.875], "rotation": 270, "texture": "#7"},
				"south": {"uv": [13.938, 2.625, 13.25, 1.875], "rotation": 180, "texture": "#7"},
				"west": {"uv": [13.938, 2.625, 13.25, 1.875], "rotation": 90, "texture": "#7"},
				"up": {"uv": [16, 16, 0, 0], "rotation": 180, "texture": "#7"},
				"down": {"uv": [0, 0, 0, 0], "rotation": 270, "texture": "#7"}
			}
		},
		{
			"from": [-0.5, -7.31698, -2.90045],
			"to": [2, -7.31198, 0.34955],
			"rotation": {"angle": 22.5, "axis": "x", "origin": [4, 0.25, 7.5]},
			"faces": {
				"north": {"uv": [13.938, 1.875, 13.25, 2.625], "texture": "#7"},
				"east": {"uv": [13.25, 2.625, 13.938, 1.875], "rotation": 270, "texture": "#7"},
				"south": {"uv": [13.938, 1.875, 13.25, 2.625], "rotation": 180, "texture": "#7"},
				"west": {"uv": [13.25, 2.625, 13.938, 1.875], "rotation": 90, "texture": "#7"},
				"up": {"uv": [0, 0, 0, 0], "rotation": 90, "texture": "#7"},
				"down": {"uv": [0, 16, 16, 0], "texture": "#7"}
			}
		},
		{
			"from": [5.78773, -4, -5.29221],
			"to": [5.79273, -1.5, -2.04221],
			"rotation": {"angle": 22.5, "axis": "y", "origin": [4, 0.25, 7.5]},
			"faces": {
				"north": {"uv": [13.25, 2.625, 13.938, 1.875], "rotation": 270, "texture": "#7"},
				"east": {"uv": [0, 16, 16, 0], "rotation": 270, "texture": "#7"},
				"south": {"uv": [13.25, 2.625, 13.938, 1.875], "rotation": 270, "texture": "#7"},
				"west": {"uv": [0, 0, 0, 0], "texture": "#7"},
				"up": {"uv": [13.25, 2.625, 13.938, 1.875], "rotation": 180, "texture": "#7"},
				"down": {"uv": [13.25, 2.625, 13.938, 1.875], "texture": "#7"}
			}
		},
		{
			"from": [19.79296, -4, -2.80478],
			"to": [19.79796, -1.5, 0.44522],
			"rotation": {"angle": 22.5, "axis": "y", "origin": [12, 0.25, 7.5]},
			"faces": {
				"north": {"uv": [13.25, 2.625, 13.938, 1.875], "rotation": 270, "texture": "#7"},
				"east": {"uv": [16, 0, 0, 16], "rotation": 90, "texture": "#7"},
				"south": {"uv": [13.25, 2.625, 13.938, 1.875], "rotation": 270, "texture": "#7"},
				"west": {"uv": [0, 0, 0, 0], "texture": "#7"},
				"up": {"uv": [13.25, 2.625, 13.938, 1.875], "rotation": 180, "texture": "#7"},
				"down": {"uv": [13.25, 2.625, 13.938, 1.875], "texture": "#7"}
			}
		},
		{
			"from": [14, 2.2687, -5.19655],
			"to": [16.5, 2.2737, -1.94655],
			"rotation": {"angle": -22.5, "axis": "x", "origin": [12, 0.25, 7.5]},
			"faces": {
				"north": {"uv": [13.25, 2.625, 13.938, 1.875], "texture": "#7"},
				"east": {"uv": [13.938, 1.875, 13.25, 2.625], "rotation": 90, "texture": "#7"},
				"south": {"uv": [13.25, 2.625, 13.938, 1.875], "rotation": 180, "texture": "#7"},
				"west": {"uv": [13.938, 1.875, 13.25, 2.625], "rotation": 270, "texture": "#7"},
				"up": {"uv": [0, 16, 16, 0], "rotation": 180, "texture": "#7"},
				"down": {"uv": [0, 0, 0, 0], "rotation": 270, "texture": "#7"}
			}
		},
		{
			"from": [14, -7.31698, -2.90045],
			"to": [16.5, -7.31198, 0.34955],
			"rotation": {"angle": 22.5, "axis": "x", "origin": [12, 0.25, 7.5]},
			"faces": {
				"north": {"uv": [13.25, 1.875, 13.938, 2.625], "texture": "#7"},
				"east": {"uv": [13.25, 1.875, 13.938, 2.625], "rotation": 90, "texture": "#7"},
				"south": {"uv": [13.25, 1.875, 13.938, 2.625], "rotation": 180, "texture": "#7"},
				"west": {"uv": [13.25, 1.875, 13.938, 2.625], "rotation": 270, "texture": "#7"},
				"up": {"uv": [0, 0, 0, 0], "rotation": 90, "texture": "#7"},
				"down": {"uv": [16, 16, 0, 0], "texture": "#7"}
			}
		},
		{
			"from": [10.20727, -4, -5.29221],
			"to": [10.21227, -1.5, -2.04221],
			"rotation": {"angle": -22.5, "axis": "y", "origin": [12, 0.25, 7.5]},
			"faces": {
				"north": {"uv": [13.25, 1.875, 13.938, 2.625], "rotation": 270, "texture": "#7"},
				"east": {"uv": [0, 0, 0, 0], "texture": "#7"},
				"south": {"uv": [13.25, 1.875, 13.938, 2.625], "rotation": 270, "texture": "#7"},
				"west": {"uv": [0, 0, 16, 16], "rotation": 270, "texture": "#7"},
				"up": {"uv": [13.938, 2.625, 13.25, 1.875], "rotation": 180, "texture": "#7"},
				"down": {"uv": [13.938, 2.625, 13.25, 1.875], "texture": "#7"}
			}
		},
		{
			"from": [19.79296, -4, 15.55478],
			"to": [19.79796, -1.5, 18.80478],
			"rotation": {"angle": -22.5, "axis": "y", "origin": [12, 0.25, 8.5]},
			"faces": {
				"north": {"uv": [13.25, 1.875, 13.938, 2.625], "rotation": 270, "texture": "#7"},
				"east": {"uv": [16, 16, 0, 0], "rotation": 90, "texture": "#7"},
				"south": {"uv": [13.25, 1.875, 13.938, 2.625], "rotation": 270, "texture": "#7"},
				"west": {"uv": [0, 0, 0, 0], "texture": "#7"},
				"up": {"uv": [13.25, 1.875, 13.938, 2.625], "rotation": 180, "texture": "#7"},
				"down": {"uv": [13.25, 1.875, 13.938, 2.625], "texture": "#7"}
			}
		},
		{
			"from": [14, 2.2687, 17.94655],
			"to": [16.5, 2.2737, 21.19655],
			"rotation": {"angle": 22.5, "axis": "x", "origin": [12, 0.25, 8.5]},
			"faces": {
				"north": {"uv": [13.938, 2.625, 13.25, 1.875], "rotation": 180, "texture": "#7"},
				"east": {"uv": [13.938, 2.625, 13.25, 1.875], "rotation": 90, "texture": "#7"},
				"south": {"uv": [13.938, 2.625, 13.25, 1.875], "texture": "#7"},
				"west": {"uv": [13.938, 2.625, 13.25, 1.875], "rotation": 270, "texture": "#7"},
				"up": {"uv": [0, 0, 16, 16], "rotation": 180, "texture": "#7"},
				"down": {"uv": [0, 0, 0, 0], "rotation": 270, "texture": "#7"}
			}
		},
		{
			"from": [14, -7.31698, 15.65045],
			"to": [16.5, -7.31198, 18.90045],
			"rotation": {"angle": -22.5, "axis": "x", "origin": [12, 0.25, 8.5]},
			"faces": {
				"north": {"uv": [13.938, 1.875, 13.25, 2.625], "rotation": 180, "texture": "#7"},
				"east": {"uv": [13.25, 2.625, 13.938, 1.875], "rotation": 90, "texture": "#7"},
				"south": {"uv": [13.938, 1.875, 13.25, 2.625], "texture": "#7"},
				"west": {"uv": [13.25, 2.625, 13.938, 1.875], "rotation": 270, "texture": "#7"},
				"up": {"uv": [0, 0, 0, 0], "rotation": 90, "texture": "#7"},
				"down": {"uv": [16, 0, 0, 16], "texture": "#7"}
			}
		},
		{
			"from": [10.20727, -4, 18.04221],
			"to": [10.21227, -1.5, 21.29221],
			"rotation": {"angle": 22.5, "axis": "y", "origin": [12, 0.25, 8.5]},
			"faces": {
				"north": {"uv": [13.25, 2.625, 13.938, 1.875], "rotation": 270, "texture": "#7"},
				"east": {"uv": [0, 0, 0, 0], "texture": "#7"},
				"south": {"uv": [13.25, 2.625, 13.938, 1.875], "rotation": 270, "texture": "#7"},
				"west": {"uv": [0, 16, 16, 0], "rotation": 270, "texture": "#7"},
				"up": {"uv": [13.938, 1.875, 13.25, 2.625], "rotation": 180, "texture": "#7"},
				"down": {"uv": [13.938, 1.875, 13.25, 2.625], "texture": "#7"}
			}
		},
		{
			"from": [15.05478, 11.75, 19.54296],
			"to": [18.30478, 14.25, 19.54796],
			"rotation": {"angle": 22.5, "axis": "y", "origin": [8, 16, 11.75]},
			"faces": {
				"north": {"uv": [0, 0, 0, 0], "texture": "#7"},
				"east": {"uv": [13.25, 2.625, 13.938, 1.875], "rotation": 270, "texture": "#7"},
				"south": {"uv": [16, 0, 0, 16], "rotation": 90, "texture": "#7"},
				"west": {"uv": [13.25, 2.625, 13.938, 1.875], "rotation": 270, "texture": "#7"},
				"up": {"uv": [13.938, 1.875, 13.25, 2.625], "rotation": 90, "texture": "#7"},
				"down": {"uv": [13.938, 1.875, 13.25, 2.625], "rotation": 90, "texture": "#7"}
			}
		},
		{
			"from": [17.44655, 18.0187, 13.75],
			"to": [20.69655, 18.0237, 16.25],
			"rotation": {"angle": -22.5, "axis": "z", "origin": [8, 16, 11.75]},
			"faces": {
				"north": {"uv": [13.938, 1.875, 13.25, 2.625], "rotation": 270, "texture": "#7"},
				"east": {"uv": [13.25, 2.625, 13.938, 1.875], "texture": "#7"},
				"south": {"uv": [13.938, 1.875, 13.25, 2.625], "rotation": 90, "texture": "#7"},
				"west": {"uv": [13.25, 2.625, 13.938, 1.875], "rotation": 180, "texture": "#7"},
				"up": {"uv": [16, 0, 0, 16], "rotation": 90, "texture": "#7"},
				"down": {"uv": [0, 0, 0, 0], "texture": "#7"}
			}
		},
		{
			"from": [15.15045, 8.43302, 13.75],
			"to": [18.40045, 8.43802, 16.25],
			"rotation": {"angle": 22.5, "axis": "z", "origin": [8, 16, 11.75]},
			"faces": {
				"north": {"uv": [13.25, 1.875, 13.938, 2.625], "rotation": 270, "texture": "#7"},
				"east": {"uv": [13.25, 1.875, 13.938, 2.625], "texture": "#7"},
				"south": {"uv": [13.25, 1.875, 13.938, 2.625], "rotation": 90, "texture": "#7"},
				"west": {"uv": [13.25, 1.875, 13.938, 2.625], "rotation": 180, "texture": "#7"},
				"up": {"uv": [0, 0, 0, 0], "texture": "#7"},
				"down": {"uv": [0, 0, 16, 16], "rotation": 90, "texture": "#7"}
			}
		},
		{
			"from": [17.54221, 11.75, 9.95727],
			"to": [20.79221, 14.25, 9.96227],
			"rotation": {"angle": -22.5, "axis": "y", "origin": [8, 16, 11.75]},
			"faces": {
				"north": {"uv": [0, 0, 16, 16], "rotation": 270, "texture": "#7"},
				"east": {"uv": [13.25, 1.875, 13.938, 2.625], "rotation": 270, "texture": "#7"},
				"south": {"uv": [0, 0, 0, 0], "texture": "#7"},
				"west": {"uv": [13.25, 1.875, 13.938, 2.625], "rotation": 270, "texture": "#7"},
				"up": {"uv": [13.25, 1.875, 13.938, 2.625], "rotation": 90, "texture": "#7"},
				"down": {"uv": [13.25, 1.875, 13.938, 2.625], "rotation": 90, "texture": "#7"}
			}
		},
		{
			"from": [-2.30478, 11.75, 19.54296],
			"to": [0.94522, 14.25, 19.54796],
			"rotation": {"angle": -22.5, "axis": "y", "origin": [8, 16, 11.75]},
			"faces": {
				"north": {"uv": [0, 0, 0, 0], "texture": "#7"},
				"east": {"uv": [13.25, 1.875, 13.938, 2.625], "rotation": 270, "texture": "#7"},
				"south": {"uv": [16, 16, 0, 0], "rotation": 90, "texture": "#7"},
				"west": {"uv": [13.25, 1.875, 13.938, 2.625], "rotation": 270, "texture": "#7"},
				"up": {"uv": [13.938, 2.625, 13.25, 1.875], "rotation": 90, "texture": "#7"},
				"down": {"uv": [13.938, 2.625, 13.25, 1.875], "rotation": 90, "texture": "#7"}
			}
		},
		{
			"from": [-4.69655, 18.0187, 13.75],
			"to": [-1.44655, 18.0237, 16.25],
			"rotation": {"angle": 22.5, "axis": "z", "origin": [8, 16, 11.75]},
			"faces": {
				"north": {"uv": [13.938, 2.625, 13.25, 1.875], "rotation": 270, "texture": "#7"},
				"east": {"uv": [13.938, 2.625, 13.25, 1.875], "rotation": 180, "texture": "#7"},
				"south": {"uv": [13.938, 2.625, 13.25, 1.875], "rotation": 90, "texture": "#7"},
				"west": {"uv": [13.938, 2.625, 13.25, 1.875], "texture": "#7"},
				"up": {"uv": [16, 16, 0, 0], "rotation": 90, "texture": "#7"},
				"down": {"uv": [0, 0, 0, 0], "texture": "#7"}
			}
		},
		{
			"from": [-2.40045, 8.43302, 13.75],
			"to": [0.84955, 8.43802, 16.25],
			"rotation": {"angle": -22.5, "axis": "z", "origin": [8, 16, 11.75]},
			"faces": {
				"north": {"uv": [13.25, 2.625, 13.938, 1.875], "rotation": 270, "texture": "#7"},
				"east": {"uv": [13.938, 1.875, 13.25, 2.625], "rotation": 180, "texture": "#7"},
				"south": {"uv": [13.25, 2.625, 13.938, 1.875], "rotation": 90, "texture": "#7"},
				"west": {"uv": [13.938, 1.875, 13.25, 2.625], "texture": "#7"},
				"up": {"uv": [0, 0, 0, 0], "texture": "#7"},
				"down": {"uv": [0, 16, 16, 0], "rotation": 90, "texture": "#7"}
			}
		},
		{
			"from": [-4.79221, 11.75, 9.95727],
			"to": [-1.54221, 14.25, 9.96227],
			"rotation": {"angle": 22.5, "axis": "y", "origin": [8, 16, 11.75]},
			"faces": {
				"north": {"uv": [0, 16, 16, 0], "rotation": 270, "texture": "#7"},
				"east": {"uv": [13.25, 2.625, 13.938, 1.875], "rotation": 270, "texture": "#7"},
				"south": {"uv": [0, 0, 0, 0], "texture": "#7"},
				"west": {"uv": [13.25, 2.625, 13.938, 1.875], "rotation": 270, "texture": "#7"},
				"up": {"uv": [13.25, 2.625, 13.938, 1.875], "rotation": 90, "texture": "#7"},
				"down": {"uv": [13.25, 2.625, 13.938, 1.875], "rotation": 90, "texture": "#7"}
			}
		},
		{
			"from": [15.05478, 11.75, -3.54796],
			"to": [18.30478, 14.25, -3.54296],
			"rotation": {"angle": -22.5, "axis": "y", "origin": [8, 16, 4.25]},
			"faces": {
				"north": {"uv": [16, 16, 0, 0], "rotation": 90, "texture": "#7"},
				"east": {"uv": [13.25, 1.875, 13.938, 2.625], "rotation": 270, "texture": "#7"},
				"south": {"uv": [0, 0, 0, 0], "texture": "#7"},
				"west": {"uv": [13.25, 1.875, 13.938, 2.625], "rotation": 270, "texture": "#7"},
				"up": {"uv": [13.25, 1.875, 13.938, 2.625], "rotation": 90, "texture": "#7"},
				"down": {"uv": [13.25, 1.875, 13.938, 2.625], "rotation": 90, "texture": "#7"}
			}
		},
		{
			"from": [17.44655, 18.0187, -0.25],
			"to": [20.69655, 18.0237, 2.25],
			"rotation": {"angle": -22.5, "axis": "z", "origin": [8, 16, 4.25]},
			"faces": {
				"north": {"uv": [13.938, 2.625, 13.25, 1.875], "rotation": 90, "texture": "#7"},
				"east": {"uv": [13.938, 2.625, 13.25, 1.875], "texture": "#7"},
				"south": {"uv": [13.938, 2.625, 13.25, 1.875], "rotation": 270, "texture": "#7"},
				"west": {"uv": [13.938, 2.625, 13.25, 1.875], "rotation": 180, "texture": "#7"},
				"up": {"uv": [0, 0, 16, 16], "rotation": 90, "texture": "#7"},
				"down": {"uv": [0, 0, 0, 0], "texture": "#7"}
			}
		},
		{
			"from": [15.15045, 8.43302, -0.25],
			"to": [18.40045, 8.43802, 2.25],
			"rotation": {"angle": 22.5, "axis": "z", "origin": [8, 16, 4.25]},
			"faces": {
				"north": {"uv": [13.25, 2.625, 13.938, 1.875], "rotation": 90, "texture": "#7"},
				"east": {"uv": [13.938, 1.875, 13.25, 2.625], "texture": "#7"},
				"south": {"uv": [13.25, 2.625, 13.938, 1.875], "rotation": 270, "texture": "#7"},
				"west": {"uv": [13.938, 1.875, 13.25, 2.625], "rotation": 180, "texture": "#7"},
				"up": {"uv": [0, 0, 0, 0], "texture": "#7"},
				"down": {"uv": [16, 0, 0, 16], "rotation": 90, "texture": "#7"}
			}
		},
		{
			"from": [17.54221, 11.75, 6.03773],
			"to": [20.79221, 14.25, 6.04273],
			"rotation": {"angle": 22.5, "axis": "y", "origin": [8, 16, 4.25]},
			"faces": {
				"north": {"uv": [0, 0, 0, 0], "texture": "#7"},
				"east": {"uv": [13.25, 2.625, 13.938, 1.875], "rotation": 270, "texture": "#7"},
				"south": {"uv": [0, 16, 16, 0], "rotation": 270, "texture": "#7"},
				"west": {"uv": [13.25, 2.625, 13.938, 1.875], "rotation": 270, "texture": "#7"},
				"up": {"uv": [13.938, 1.875, 13.25, 2.625], "rotation": 90, "texture": "#7"},
				"down": {"uv": [13.938, 1.875, 13.25, 2.625], "rotation": 90, "texture": "#7"}
			}
		},
		{
			"from": [-2.30478, 11.75, -3.54796],
			"to": [0.94522, 14.25, -3.54296],
			"rotation": {"angle": 22.5, "axis": "y", "origin": [8, 16, 4.25]},
			"faces": {
				"north": {"uv": [16, 0, 0, 16], "rotation": 90, "texture": "#7"},
				"east": {"uv": [13.25, 2.625, 13.938, 1.875], "rotation": 270, "texture": "#7"},
				"south": {"uv": [0, 0, 0, 0], "texture": "#7"},
				"west": {"uv": [13.25, 2.625, 13.938, 1.875], "rotation": 270, "texture": "#7"},
				"up": {"uv": [13.25, 2.625, 13.938, 1.875], "rotation": 90, "texture": "#7"},
				"down": {"uv": [13.25, 2.625, 13.938, 1.875], "rotation": 90, "texture": "#7"}
			}
		},
		{
			"from": [-4.69655, 18.0187, -0.25],
			"to": [-1.44655, 18.0237, 2.25],
			"rotation": {"angle": 22.5, "axis": "z", "origin": [8, 16, 4.25]},
			"faces": {
				"north": {"uv": [13.938, 1.875, 13.25, 2.625], "rotation": 90, "texture": "#7"},
				"east": {"uv": [13.25, 2.625, 13.938, 1.875], "rotation": 180, "texture": "#7"},
				"south": {"uv": [13.938, 1.875, 13.25, 2.625], "rotation": 270, "texture": "#7"},
				"west": {"uv": [13.25, 2.625, 13.938, 1.875], "texture": "#7"},
				"up": {"uv": [0, 16, 16, 0], "rotation": 90, "texture": "#7"},
				"down": {"uv": [0, 0, 0, 0], "texture": "#7"}
			}
		},
		{
			"from": [-2.40045, 8.43302, -0.25],
			"to": [0.84955, 8.43802, 2.25],
			"rotation": {"angle": -22.5, "axis": "z", "origin": [8, 16, 4.25]},
			"faces": {
				"north": {"uv": [13.25, 1.875, 13.938, 2.625], "rotation": 90, "texture": "#7"},
				"east": {"uv": [13.25, 1.875, 13.938, 2.625], "rotation": 180, "texture": "#7"},
				"south": {"uv": [13.25, 1.875, 13.938, 2.625], "rotation": 270, "texture": "#7"},
				"west": {"uv": [13.25, 1.875, 13.938, 2.625], "texture": "#7"},
				"up": {"uv": [0, 0, 0, 0], "texture": "#7"},
				"down": {"uv": [16, 16, 0, 0], "rotation": 90, "texture": "#7"}
			}
		},
		{
			"from": [-4.79221, 11.75, 6.03773],
			"to": [-1.54221, 14.25, 6.04273],
			"rotation": {"angle": -22.5, "axis": "y", "origin": [8, 16, 4.25]},
			"faces": {
				"north": {"uv": [0, 0, 0, 0], "texture": "#7"},
				"east": {"uv": [13.25, 1.875, 13.938, 2.625], "rotation": 270, "texture": "#7"},
				"south": {"uv": [0, 0, 16, 16], "rotation": 270, "texture": "#7"},
				"west": {"uv": [13.25, 1.875, 13.938, 2.625], "rotation": 270, "texture": "#7"},
				"up": {"uv": [13.938, 2.625, 13.25, 1.875], "rotation": 90, "texture": "#7"},
				"down": {"uv": [13.938, 2.625, 13.25, 1.875], "rotation": 90, "texture": "#7"}
			}
		},
		{
			"from": [-3.54796, 11.75, 15.05478],
			"to": [-3.54296, 14.25, 18.30478],
			"rotation": {"angle": 22.5, "axis": "y", "origin": [4.25, 16, 8]},
			"faces": {
				"north": {"uv": [13.25, 2.625, 13.938, 1.875], "rotation": 270, "texture": "#7"},
				"east": {"uv": [0, 0, 0, 0], "texture": "#7"},
				"south": {"uv": [13.25, 2.625, 13.938, 1.875], "rotation": 270, "texture": "#7"},
				"west": {"uv": [16, 0, 0, 16], "rotation": 90, "texture": "#7"},
				"up": {"uv": [13.938, 1.875, 13.25, 2.625], "rotation": 180, "texture": "#7"},
				"down": {"uv": [13.938, 1.875, 13.25, 2.625], "texture": "#7"}
			}
		},
		{
			"from": [-0.25, 18.0187, 17.44655],
			"to": [2.25, 18.0237, 20.69655],
			"rotation": {"angle": 22.5, "axis": "x", "origin": [4.25, 16, 8]},
			"faces": {
				"north": {"uv": [13.25, 2.625, 13.938, 1.875], "rotation": 180, "texture": "#7"},
				"east": {"uv": [13.938, 1.875, 13.25, 2.625], "rotation": 270, "texture": "#7"},
				"south": {"uv": [13.25, 2.625, 13.938, 1.875], "texture": "#7"},
				"west": {"uv": [13.938, 1.875, 13.25, 2.625], "rotation": 90, "texture": "#7"},
				"up": {"uv": [16, 0, 0, 16], "rotation": 180, "texture": "#7"},
				"down": {"uv": [0, 0, 0, 0], "rotation": 270, "texture": "#7"}
			}
		},
		{
			"from": [-0.25, 8.43302, 15.15045],
			"to": [2.25, 8.43802, 18.40045],
			"rotation": {"angle": -22.5, "axis": "x", "origin": [4.25, 16, 8]},
			"faces": {
				"north": {"uv": [13.25, 1.875, 13.938, 2.625], "rotation": 180, "texture": "#7"},
				"east": {"uv": [13.25, 1.875, 13.938, 2.625], "rotation": 270, "texture": "#7"},
				"south": {"uv": [13.25, 1.875, 13.938, 2.625], "texture": "#7"},
				"west": {"uv": [13.25, 1.875, 13.938, 2.625], "rotation": 90, "texture": "#7"},
				"up": {"uv": [0, 0, 0, 0], "rotation": 90, "texture": "#7"},
				"down": {"uv": [0, 0, 16, 16], "texture": "#7"}
			}
		},
		{
			"from": [6.03773, 11.75, 17.54221],
			"to": [6.04273, 14.25, 20.79221],
			"rotation": {"angle": -22.5, "axis": "y", "origin": [4.25, 16, 8]},
			"faces": {
				"north": {"uv": [13.25, 1.875, 13.938, 2.625], "rotation": 270, "texture": "#7"},
				"east": {"uv": [0, 0, 16, 16], "rotation": 270, "texture": "#7"},
				"south": {"uv": [13.25, 1.875, 13.938, 2.625], "rotation": 270, "texture": "#7"},
				"west": {"uv": [0, 0, 0, 0], "texture": "#7"},
				"up": {"uv": [13.25, 1.875, 13.938, 2.625], "rotation": 180, "texture": "#7"},
				"down": {"uv": [13.25, 1.875, 13.938, 2.625], "texture": "#7"}
			}
		},
		{
			"from": [-3.54796, 11.75, -2.30478],
			"to": [-3.54296, 14.25, 0.94522],
			"rotation": {"angle": -22.5, "axis": "y", "origin": [4.25, 16, 8]},
			"faces": {
				"north": {"uv": [13.25, 1.875, 13.938, 2.625], "rotation": 270, "texture": "#7"},
				"east": {"uv": [0, 0, 0, 0], "texture": "#7"},
				"south": {"uv": [13.25, 1.875, 13.938, 2.625], "rotation": 270, "texture": "#7"},
				"west": {"uv": [16, 16, 0, 0], "rotation": 90, "texture": "#7"},
				"up": {"uv": [13.938, 2.625, 13.25, 1.875], "rotation": 180, "texture": "#7"},
				"down": {"uv": [13.938, 2.625, 13.25, 1.875], "texture": "#7"}
			}
		},
		{
			"from": [-0.25, 18.0187, -4.69655],
			"to": [2.25, 18.0237, -1.44655],
			"rotation": {"angle": -22.5, "axis": "x", "origin": [4.25, 16, 8]},
			"faces": {
				"north": {"uv": [13.938, 2.625, 13.25, 1.875], "texture": "#7"},
				"east": {"uv": [13.938, 2.625, 13.25, 1.875], "rotation": 270, "texture": "#7"},
				"south": {"uv": [13.938, 2.625, 13.25, 1.875], "rotation": 180, "texture": "#7"},
				"west": {"uv": [13.938, 2.625, 13.25, 1.875], "rotation": 90, "texture": "#7"},
				"up": {"uv": [16, 16, 0, 0], "rotation": 180, "texture": "#7"},
				"down": {"uv": [0, 0, 0, 0], "rotation": 270, "texture": "#7"}
			}
		},
		{
			"from": [-0.25, 8.43302, -2.40045],
			"to": [2.25, 8.43802, 0.84955],
			"rotation": {"angle": 22.5, "axis": "x", "origin": [4.25, 16, 8]},
			"faces": {
				"north": {"uv": [13.938, 1.875, 13.25, 2.625], "texture": "#7"},
				"east": {"uv": [13.25, 2.625, 13.938, 1.875], "rotation": 270, "texture": "#7"},
				"south": {"uv": [13.938, 1.875, 13.25, 2.625], "rotation": 180, "texture": "#7"},
				"west": {"uv": [13.25, 2.625, 13.938, 1.875], "rotation": 90, "texture": "#7"},
				"up": {"uv": [0, 0, 0, 0], "rotation": 90, "texture": "#7"},
				"down": {"uv": [0, 16, 16, 0], "texture": "#7"}
			}
		},
		{
			"from": [6.03773, 11.75, -4.79221],
			"to": [6.04273, 14.25, -1.54221],
			"rotation": {"angle": 22.5, "axis": "y", "origin": [4.25, 16, 8]},
			"faces": {
				"north": {"uv": [13.25, 2.625, 13.938, 1.875], "rotation": 270, "texture": "#7"},
				"east": {"uv": [0, 16, 16, 0], "rotation": 270, "texture": "#7"},
				"south": {"uv": [13.25, 2.625, 13.938, 1.875], "rotation": 270, "texture": "#7"},
				"west": {"uv": [0, 0, 0, 0], "texture": "#7"},
				"up": {"uv": [13.25, 2.625, 13.938, 1.875], "rotation": 180, "texture": "#7"},
				"down": {"uv": [13.25, 2.625, 13.938, 1.875], "texture": "#7"}
			}
		},
		{
			"from": [19.54296, 11.75, 15.05478],
			"to": [19.54796, 14.25, 18.30478],
			"rotation": {"angle": -22.5, "axis": "y", "origin": [11.75, 16, 8]},
			"faces": {
				"north": {"uv": [13.25, 1.875, 13.938, 2.625], "rotation": 270, "texture": "#7"},
				"east": {"uv": [16, 16, 0, 0], "rotation": 90, "texture": "#7"},
				"south": {"uv": [13.25, 1.875, 13.938, 2.625], "rotation": 270, "texture": "#7"},
				"west": {"uv": [0, 0, 0, 0], "texture": "#7"},
				"up": {"uv": [13.25, 1.875, 13.938, 2.625], "rotation": 180, "texture": "#7"},
				"down": {"uv": [13.25, 1.875, 13.938, 2.625], "texture": "#7"}
			}
		},
		{
			"from": [13.75, 18.0187, 17.44655],
			"to": [16.25, 18.0237, 20.69655],
			"rotation": {"angle": 22.5, "axis": "x", "origin": [11.75, 16, 8]},
			"faces": {
				"north": {"uv": [13.938, 2.625, 13.25, 1.875], "rotation": 180, "texture": "#7"},
				"east": {"uv": [13.938, 2.625, 13.25, 1.875], "rotation": 90, "texture": "#7"},
				"south": {"uv": [13.938, 2.625, 13.25, 1.875], "texture": "#7"},
				"west": {"uv": [13.938, 2.625, 13.25, 1.875], "rotation": 270, "texture": "#7"},
				"up": {"uv": [0, 0, 16, 16], "rotation": 180, "texture": "#7"},
				"down": {"uv": [0, 0, 0, 0], "rotation": 270, "texture": "#7"}
			}
		},
		{
			"from": [13.75, 8.43302, 15.15045],
			"to": [16.25, 8.43802, 18.40045],
			"rotation": {"angle": -22.5, "axis": "x", "origin": [11.75, 16, 8]},
			"faces": {
				"north": {"uv": [13.938, 1.875, 13.25, 2.625], "rotation": 180, "texture": "#7"},
				"east": {"uv": [13.25, 2.625, 13.938, 1.875], "rotation": 90, "texture": "#7"},
				"south": {"uv": [13.938, 1.875, 13.25, 2.625], "texture": "#7"},
				"west": {"uv": [13.25, 2.625, 13.938, 1.875], "rotation": 270, "texture": "#7"},
				"up": {"uv": [0, 0, 0, 0], "rotation": 90, "texture": "#7"},
				"down": {"uv": [16, 0, 0, 16], "texture": "#7"}
			}
		},
		{
			"from": [9.95727, 11.75, 17.54221],
			"to": [9.96227, 14.25, 20.79221],
			"rotation": {"angle": 22.5, "axis": "y", "origin": [11.75, 16, 8]},
			"faces": {
				"north": {"uv": [13.25, 2.625, 13.938, 1.875], "rotation": 270, "texture": "#7"},
				"east": {"uv": [0, 0, 0, 0], "texture": "#7"},
				"south": {"uv": [13.25, 2.625, 13.938, 1.875], "rotation": 270, "texture": "#7"},
				"west": {"uv": [0, 16, 16, 0], "rotation": 270, "texture": "#7"},
				"up": {"uv": [13.938, 1.875, 13.25, 2.625], "rotation": 180, "texture": "#7"},
				"down": {"uv": [13.938, 1.875, 13.25, 2.625], "texture": "#7"}
			}
		},
		{
			"from": [19.54296, 11.75, -2.30478],
			"to": [19.54796, 14.25, 0.94522],
			"rotation": {"angle": 22.5, "axis": "y", "origin": [11.75, 16, 8]},
			"faces": {
				"north": {"uv": [13.25, 2.625, 13.938, 1.875], "rotation": 270, "texture": "#7"},
				"east": {"uv": [16, 0, 0, 16], "rotation": 90, "texture": "#7"},
				"south": {"uv": [13.25, 2.625, 13.938, 1.875], "rotation": 270, "texture": "#7"},
				"west": {"uv": [0, 0, 0, 0], "texture": "#7"},
				"up": {"uv": [13.25, 2.625, 13.938, 1.875], "rotation": 180, "texture": "#7"},
				"down": {"uv": [13.25, 2.625, 13.938, 1.875], "texture": "#7"}
			}
		},
		{
			"from": [13.75, 18.0187, -4.69655],
			"to": [16.25, 18.0237, -1.44655],
			"rotation": {"angle": -22.5, "axis": "x", "origin": [11.75, 16, 8]},
			"faces": {
				"north": {"uv": [13.25, 2.625, 13.938, 1.875], "texture": "#7"},
				"east": {"uv": [13.938, 1.875, 13.25, 2.625], "rotation": 90, "texture": "#7"},
				"south": {"uv": [13.25, 2.625, 13.938, 1.875], "rotation": 180, "texture": "#7"},
				"west": {"uv": [13.938, 1.875, 13.25, 2.625], "rotation": 270, "texture": "#7"},
				"up": {"uv": [0, 16, 16, 0], "rotation": 180, "texture": "#7"},
				"down": {"uv": [0, 0, 0, 0], "rotation": 270, "texture": "#7"}
			}
		},
		{
			"from": [13.75, 8.43302, -2.40045],
			"to": [16.25, 8.43802, 0.84955],
			"rotation": {"angle": 22.5, "axis": "x", "origin": [11.75, 16, 8]},
			"faces": {
				"north": {"uv": [13.25, 1.875, 13.938, 2.625], "texture": "#7"},
				"east": {"uv": [13.25, 1.875, 13.938, 2.625], "rotation": 90, "texture": "#7"},
				"south": {"uv": [13.25, 1.875, 13.938, 2.625], "rotation": 180, "texture": "#7"},
				"west": {"uv": [13.25, 1.875, 13.938, 2.625], "rotation": 270, "texture": "#7"},
				"up": {"uv": [0, 0, 0, 0], "rotation": 90, "texture": "#7"},
				"down": {"uv": [16, 16, 0, 0], "texture": "#7"}
			}
		},
		{
			"from": [9.95727, 11.75, -4.79221],
			"to": [9.96227, 14.25, -1.54221],
			"rotation": {"angle": -22.5, "axis": "y", "origin": [11.75, 16, 8]},
			"faces": {
				"north": {"uv": [13.25, 1.875, 13.938, 2.625], "rotation": 270, "texture": "#7"},
				"east": {"uv": [0, 0, 0, 0], "texture": "#7"},
				"south": {"uv": [13.25, 1.875, 13.938, 2.625], "rotation": 270, "texture": "#7"},
				"west": {"uv": [0, 0, 16, 16], "rotation": 270, "texture": "#7"},
				"up": {"uv": [13.938, 2.625, 13.25, 1.875], "rotation": 180, "texture": "#7"},
				"down": {"uv": [13.938, 2.625, 13.25, 1.875], "texture": "#7"}
			}
		},
		{
			"name": "chain",
			"from": [1.81839, 6.9382, 15.499],
			"to": [7.81839, 7.6882, 15.5],
			"rotation": {"angle": 0, "axis": "z", "origin": [8, 8.38365, 7]},
			"faces": {
				"north": {"uv": [14.25, 1, 14.4375, 0], "rotation": 90, "texture": "#11"},
				"east": {"uv": [0, 0, 0, 0], "texture": "#11"},
				"south": {"uv": [14.25, 0, 14.4375, 1], "rotation": 90, "texture": "#11"},
				"west": {"uv": [0, 0, 0, 0], "texture": "#11"},
				"up": {"uv": [0, 0, 0, 0], "texture": "#11"},
				"down": {"uv": [0, 0, 0, 0], "texture": "#11"}
			}
		},
		{
			"name": "chain",
			"from": [1.81839, 7.33563, 15.10156],
			"to": [7.81839, 7.33663, 15.85156],
			"rotation": {"angle": 0, "axis": "z", "origin": [8, 8.38365, 7]},
			"faces": {
				"north": {"uv": [0, 0, 0, 0], "texture": "#11"},
				"east": {"uv": [0, 0, 0, 0], "texture": "#11"},
				"south": {"uv": [0, 0, 0, 0], "texture": "#11"},
				"west": {"uv": [0, 0, 0, 0], "texture": "#11"},
				"up": {"uv": [14.6875, 1, 14.5, 0], "rotation": 270, "texture": "#11"},
				"down": {"uv": [14.6875, 0, 14.5, 1], "rotation": 90, "texture": "#11"}
			}
		},
		{
			"name": "chain",
			"from": [7.80661, 6.9382, 15.499],
			"to": [13.80661, 7.6882, 15.5],
			"rotation": {"angle": 0, "axis": "z", "origin": [8, 8.38365, 7]},
			"faces": {
				"north": {"uv": [14.25, 0, 14.4375, 1], "rotation": 90, "texture": "#11"},
				"east": {"uv": [0, 0, 0, 0], "texture": "#11"},
				"south": {"uv": [14.25, 1, 14.4375, 0], "rotation": 90, "texture": "#11"},
				"west": {"uv": [0, 0, 0, 0], "texture": "#11"},
				"up": {"uv": [0, 0, 0, 0], "texture": "#11"},
				"down": {"uv": [0, 0, 0, 0], "texture": "#11"}
			}
		},
		{
			"name": "chain",
			"from": [7.80661, 7.33563, 15.10156],
			"to": [13.80661, 7.33663, 15.85156],
			"rotation": {"angle": 0, "axis": "z", "origin": [8, 8.38365, 7]},
			"faces": {
				"north": {"uv": [0, 0, 0, 0], "texture": "#11"},
				"east": {"uv": [0, 0, 0, 0], "texture": "#11"},
				"south": {"uv": [0, 0, 0, 0], "texture": "#11"},
				"west": {"uv": [0, 0, 0, 0], "texture": "#11"},
				"up": {"uv": [14.6875, 0, 14.5, 1], "rotation": 270, "texture": "#11"},
				"down": {"uv": [14.6875, 1, 14.5, 0], "rotation": 90, "texture": "#11"}
			}
		},
		{
			"name": "chain",
			"from": [1.81839, 2.9382, 15.499],
			"to": [7.81839, 3.6882, 15.5],
			"rotation": {"angle": 0, "axis": "z", "origin": [8, 4.38365, 7]},
			"faces": {
				"north": {"uv": [14.25, 1, 14.4375, 0], "rotation": 90, "texture": "#11"},
				"east": {"uv": [0, 0, 0, 0], "texture": "#11"},
				"south": {"uv": [14.25, 0, 14.4375, 1], "rotation": 90, "texture": "#11"},
				"west": {"uv": [0, 0, 0, 0], "texture": "#11"},
				"up": {"uv": [0, 0, 0, 0], "texture": "#11"},
				"down": {"uv": [0, 0, 0, 0], "texture": "#11"}
			}
		},
		{
			"name": "chain",
			"from": [1.81839, 3.33563, 15.10156],
			"to": [7.81839, 3.33663, 15.85156],
			"rotation": {"angle": 0, "axis": "z", "origin": [8, 4.38365, 7]},
			"faces": {
				"north": {"uv": [0, 0, 0, 0], "texture": "#11"},
				"east": {"uv": [0, 0, 0, 0], "texture": "#11"},
				"south": {"uv": [0, 0, 0, 0], "texture": "#11"},
				"west": {"uv": [0, 0, 0, 0], "texture": "#11"},
				"up": {"uv": [14.6875, 1, 14.5, 0], "rotation": 270, "texture": "#11"},
				"down": {"uv": [14.6875, 0, 14.5, 1], "rotation": 90, "texture": "#11"}
			}
		},
		{
			"name": "chain",
			"from": [7.80661, 2.9382, 15.499],
			"to": [13.80661, 3.6882, 15.5],
			"rotation": {"angle": 0, "axis": "z", "origin": [8, 4.38365, 7]},
			"faces": {
				"north": {"uv": [14.25, 0, 14.4375, 1], "rotation": 90, "texture": "#11"},
				"east": {"uv": [0, 0, 0, 0], "texture": "#11"},
				"south": {"uv": [14.25, 1, 14.4375, 0], "rotation": 90, "texture": "#11"},
				"west": {"uv": [0, 0, 0, 0], "texture": "#11"},
				"up": {"uv": [0, 0, 0, 0], "texture": "#11"},
				"down": {"uv": [0, 0, 0, 0], "texture": "#11"}
			}
		},
		{
			"name": "chain",
			"from": [7.80661, 3.33563, 15.10156],
			"to": [13.80661, 3.33663, 15.85156],
			"rotation": {"angle": 0, "axis": "z", "origin": [8, 4.38365, 7]},
			"faces": {
				"north": {"uv": [0, 0, 0, 0], "texture": "#11"},
				"east": {"uv": [0, 0, 0, 0], "texture": "#11"},
				"south": {"uv": [0, 0, 0, 0], "texture": "#11"},
				"west": {"uv": [0, 0, 0, 0], "texture": "#11"},
				"up": {"uv": [14.6875, 0, 14.5, 1], "rotation": 270, "texture": "#11"},
				"down": {"uv": [14.6875, 1, 14.5, 0], "rotation": 90, "texture": "#11"}
			}
		},
		{
			"name": "chain",
			"from": [1.81839, 6.9382, 0.5],
			"to": [7.81839, 7.6882, 0.501],
			"rotation": {"angle": 0, "axis": "z", "origin": [8, 8.38365, 9]},
			"faces": {
				"north": {"uv": [14.25, 1, 14.4375, 0], "rotation": 90, "texture": "#11"},
				"east": {"uv": [0, 0, 0, 0], "texture": "#11"},
				"south": {"uv": [14.25, 0, 14.4375, 1], "rotation": 90, "texture": "#11"},
				"west": {"uv": [0, 0, 0, 0], "texture": "#11"},
				"up": {"uv": [0, 0, 0, 0], "texture": "#11"},
				"down": {"uv": [0, 0, 0, 0], "texture": "#11"}
			}
		},
		{
			"name": "chain",
			"from": [1.81839, 7.33563, 0.14844],
			"to": [7.81839, 7.33663, 0.89844],
			"rotation": {"angle": 0, "axis": "z", "origin": [8, 8.38365, 9]},
			"faces": {
				"north": {"uv": [0, 0, 0, 0], "texture": "#11"},
				"east": {"uv": [0, 0, 0, 0], "texture": "#11"},
				"south": {"uv": [0, 0, 0, 0], "texture": "#11"},
				"west": {"uv": [0, 0, 0, 0], "texture": "#11"},
				"up": {"uv": [14.5, 1, 14.6875, 0], "rotation": 270, "texture": "#11"},
				"down": {"uv": [14.5, 0, 14.6875, 1], "rotation": 90, "texture": "#11"}
			}
		},
		{
			"name": "chain",
			"from": [7.80661, 6.9382, 0.5],
			"to": [13.80661, 7.6882, 0.501],
			"rotation": {"angle": 0, "axis": "z", "origin": [8, 8.38365, 9]},
			"faces": {
				"north": {"uv": [14.25, 0, 14.4375, 1], "rotation": 90, "texture": "#11"},
				"east": {"uv": [0, 0, 0, 0], "texture": "#11"},
				"south": {"uv": [14.25, 1, 14.4375, 0], "rotation": 90, "texture": "#11"},
				"west": {"uv": [0, 0, 0, 0], "texture": "#11"},
				"up": {"uv": [0, 0, 0, 0], "texture": "#11"},
				"down": {"uv": [0, 0, 0, 0], "texture": "#11"}
			}
		},
		{
			"name": "chain",
			"from": [7.80661, 7.33563, 0.14844],
			"to": [13.80661, 7.33663, 0.89844],
			"rotation": {"angle": 0, "axis": "z", "origin": [8, 8.38365, 9]},
			"faces": {
				"north": {"uv": [0, 0, 0, 0], "texture": "#11"},
				"east": {"uv": [0, 0, 0, 0], "texture": "#11"},
				"south": {"uv": [0, 0, 0, 0], "texture": "#11"},
				"west": {"uv": [0, 0, 0, 0], "texture": "#11"},
				"up": {"uv": [14.5, 0, 14.6875, 1], "rotation": 270, "texture": "#11"},
				"down": {"uv": [14.5, 1, 14.6875, 0], "rotation": 90, "texture": "#11"}
			}
		},
		{
			"name": "chain",
			"from": [1.81839, 2.9382, 0.5],
			"to": [7.81839, 3.6882, 0.501],
			"rotation": {"angle": 0, "axis": "z", "origin": [8, 4.38365, 9]},
			"faces": {
				"north": {"uv": [14.25, 1, 14.4375, 0], "rotation": 90, "texture": "#11"},
				"east": {"uv": [0, 0, 0, 0], "texture": "#11"},
				"south": {"uv": [14.25, 0, 14.4375, 1], "rotation": 90, "texture": "#11"},
				"west": {"uv": [0, 0, 0, 0], "texture": "#11"},
				"up": {"uv": [0, 0, 0, 0], "texture": "#11"},
				"down": {"uv": [0, 0, 0, 0], "texture": "#11"}
			}
		},
		{
			"name": "chain",
			"from": [1.81839, 3.33563, 0.14844],
			"to": [7.81839, 3.33663, 0.89844],
			"rotation": {"angle": 0, "axis": "z", "origin": [8, 4.38365, 9]},
			"faces": {
				"north": {"uv": [0, 0, 0, 0], "texture": "#11"},
				"east": {"uv": [0, 0, 0, 0], "texture": "#11"},
				"south": {"uv": [0, 0, 0, 0], "texture": "#11"},
				"west": {"uv": [0, 0, 0, 0], "texture": "#11"},
				"up": {"uv": [14.5, 1, 14.6875, 0], "rotation": 270, "texture": "#11"},
				"down": {"uv": [14.5, 0, 14.6875, 1], "rotation": 90, "texture": "#11"}
			}
		},
		{
			"name": "chain",
			"from": [7.80661, 2.9382, 0.5],
			"to": [13.80661, 3.6882, 0.501],
			"rotation": {"angle": 0, "axis": "z", "origin": [8, 4.38365, 9]},
			"faces": {
				"north": {"uv": [14.25, 0, 14.4375, 1], "rotation": 90, "texture": "#11"},
				"east": {"uv": [0, 0, 0, 0], "texture": "#11"},
				"south": {"uv": [14.25, 1, 14.4375, 0], "rotation": 90, "texture": "#11"},
				"west": {"uv": [0, 0, 0, 0], "texture": "#11"},
				"up": {"uv": [0, 0, 0, 0], "texture": "#11"},
				"down": {"uv": [0, 0, 0, 0], "texture": "#11"}
			}
		},
		{
			"name": "chain",
			"from": [7.80661, 3.33563, 0.14844],
			"to": [13.80661, 3.33663, 0.89844],
			"rotation": {"angle": 0, "axis": "z", "origin": [8, 4.38365, 9]},
			"faces": {
				"north": {"uv": [0, 0, 0, 0], "texture": "#11"},
				"east": {"uv": [0, 0, 0, 0], "texture": "#11"},
				"south": {"uv": [0, 0, 0, 0], "texture": "#11"},
				"west": {"uv": [0, 0, 0, 0], "texture": "#11"},
				"up": {"uv": [14.5, 0, 14.6875, 1], "rotation": 270, "texture": "#11"},
				"down": {"uv": [14.5, 1, 14.6875, 0], "rotation": 90, "texture": "#11"}
			}
		},
		{
			"name": "chain",
			"from": [15.499, 6.9382, 2.19339],
			"to": [15.5, 7.6882, 8.19339],
			"rotation": {"angle": 0, "axis": "z", "origin": [7, 8.38365, 8.375]},
			"faces": {
				"north": {"uv": [0, 0, 0, 0], "texture": "#11"},
				"east": {"uv": [14.25, 1, 14.4375, 0], "rotation": 90, "texture": "#11"},
				"south": {"uv": [0, 0, 0, 0], "texture": "#11"},
				"west": {"uv": [14.25, 0, 14.4375, 1], "rotation": 90, "texture": "#11"},
				"up": {"uv": [0, 0, 0, 0], "rotation": 90, "texture": "#11"},
				"down": {"uv": [0, 0, 0, 0], "rotation": 270, "texture": "#11"}
			}
		},
		{
			"name": "chain",
			"from": [15.10156, 7.33563, 2.19339],
			"to": [15.85156, 7.33663, 8.19339],
			"rotation": {"angle": 0, "axis": "z", "origin": [7, 8.38365, 8.375]},
			"faces": {
				"north": {"uv": [0, 0, 0, 0], "texture": "#11"},
				"east": {"uv": [0, 0, 0, 0], "texture": "#11"},
				"south": {"uv": [0, 0, 0, 0], "texture": "#11"},
				"west": {"uv": [0, 0, 0, 0], "texture": "#11"},
				"up": {"uv": [14.5, 1, 14.6875, 0], "texture": "#11"},
				"down": {"uv": [14.5, 0, 14.6875, 1], "texture": "#11"}
			}
		},
		{
			"name": "chain",
			"from": [15.499, 6.9382, 8.18161],
			"to": [15.5, 7.6882, 14.18161],
			"rotation": {"angle": 0, "axis": "z", "origin": [7, 8.38365, 8.375]},
			"faces": {
				"north": {"uv": [0, 0, 0, 0], "texture": "#11"},
				"east": {"uv": [14.25, 0, 14.4375, 1], "rotation": 90, "texture": "#11"},
				"south": {"uv": [0, 0, 0, 0], "texture": "#11"},
				"west": {"uv": [14.25, 1, 14.4375, 0], "rotation": 90, "texture": "#11"},
				"up": {"uv": [0, 0, 0, 0], "rotation": 90, "texture": "#11"},
				"down": {"uv": [0, 0, 0, 0], "rotation": 270, "texture": "#11"}
			}
		},
		{
			"name": "chain",
			"from": [15.10156, 7.33563, 8.18161],
			"to": [15.85156, 7.33663, 14.18161],
			"rotation": {"angle": 0, "axis": "z", "origin": [7, 8.38365, 8.375]},
			"faces": {
				"north": {"uv": [0, 0, 0, 0], "texture": "#11"},
				"east": {"uv": [0, 0, 0, 0], "texture": "#11"},
				"south": {"uv": [0, 0, 0, 0], "texture": "#11"},
				"west": {"uv": [0, 0, 0, 0], "texture": "#11"},
				"up": {"uv": [14.5, 0, 14.6875, 1], "texture": "#11"},
				"down": {"uv": [14.5, 1, 14.6875, 0], "texture": "#11"}
			}
		},
		{
			"name": "chain",
			"from": [15.499, 2.9382, 2.19339],
			"to": [15.5, 3.6882, 8.19339],
			"rotation": {"angle": 0, "axis": "z", "origin": [7, 4.38365, 8.375]},
			"faces": {
				"north": {"uv": [0, 0, 0, 0], "texture": "#11"},
				"east": {"uv": [14.25, 1, 14.4375, 0], "rotation": 90, "texture": "#11"},
				"south": {"uv": [0, 0, 0, 0], "texture": "#11"},
				"west": {"uv": [14.25, 0, 14.4375, 1], "rotation": 90, "texture": "#11"},
				"up": {"uv": [0, 0, 0, 0], "rotation": 90, "texture": "#11"},
				"down": {"uv": [0, 0, 0, 0], "rotation": 270, "texture": "#11"}
			}
		},
		{
			"name": "chain",
			"from": [15.10156, 3.33563, 2.19339],
			"to": [15.85156, 3.33663, 8.19339],
			"rotation": {"angle": 0, "axis": "z", "origin": [7, 4.38365, 8.375]},
			"faces": {
				"north": {"uv": [0, 0, 0, 0], "texture": "#11"},
				"east": {"uv": [0, 0, 0, 0], "texture": "#11"},
				"south": {"uv": [0, 0, 0, 0], "texture": "#11"},
				"west": {"uv": [0, 0, 0, 0], "texture": "#11"},
				"up": {"uv": [14.5, 1, 14.6875, 0], "texture": "#11"},
				"down": {"uv": [14.5, 0, 14.6875, 1], "texture": "#11"}
			}
		},
		{
			"name": "chain",
			"from": [15.499, 2.9382, 8.18161],
			"to": [15.5, 3.6882, 14.18161],
			"rotation": {"angle": 0, "axis": "z", "origin": [7, 4.38365, 8.375]},
			"faces": {
				"north": {"uv": [0, 0, 0, 0], "texture": "#11"},
				"east": {"uv": [14.25, 0, 14.4375, 1], "rotation": 90, "texture": "#11"},
				"south": {"uv": [0, 0, 0, 0], "texture": "#11"},
				"west": {"uv": [14.25, 1, 14.4375, 0], "rotation": 90, "texture": "#11"},
				"up": {"uv": [0, 0, 0, 0], "rotation": 90, "texture": "#11"},
				"down": {"uv": [0, 0, 0, 0], "rotation": 270, "texture": "#11"}
			}
		},
		{
			"name": "chain",
			"from": [15.10156, 3.33563, 8.18161],
			"to": [15.85156, 3.33663, 14.18161],
			"rotation": {"angle": 0, "axis": "z", "origin": [7, 4.38365, 8.375]},
			"faces": {
				"north": {"uv": [0, 0, 0, 0], "texture": "#11"},
				"east": {"uv": [0, 0, 0, 0], "texture": "#11"},
				"south": {"uv": [0, 0, 0, 0], "texture": "#11"},
				"west": {"uv": [0, 0, 0, 0], "texture": "#11"},
				"up": {"uv": [14.5, 0, 14.6875, 1], "texture": "#11"},
				"down": {"uv": [14.5, 1, 14.6875, 0], "texture": "#11"}
			}
		},
		{
			"name": "chain",
			"from": [0.5, 6.9382, 2.19339],
			"to": [0.501, 7.6882, 8.19339],
			"rotation": {"angle": 0, "axis": "z", "origin": [9, 8.38365, 8.375]},
			"faces": {
				"north": {"uv": [0, 0, 0, 0], "texture": "#11"},
				"east": {"uv": [14.25, 1, 14.4375, 0], "rotation": 90, "texture": "#11"},
				"south": {"uv": [0, 0, 0, 0], "texture": "#11"},
				"west": {"uv": [14.25, 0, 14.4375, 1], "rotation": 90, "texture": "#11"},
				"up": {"uv": [0, 0, 0, 0], "rotation": 90, "texture": "#11"},
				"down": {"uv": [0, 0, 0, 0], "rotation": 270, "texture": "#11"}
			}
		},
		{
			"name": "chain",
			"from": [0.14844, 7.33563, 2.19339],
			"to": [0.89844, 7.33663, 8.19339],
			"rotation": {"angle": 0, "axis": "z", "origin": [9, 8.38365, 8.375]},
			"faces": {
				"north": {"uv": [0, 0, 0, 0], "texture": "#11"},
				"east": {"uv": [0, 0, 0, 0], "texture": "#11"},
				"south": {"uv": [0, 0, 0, 0], "texture": "#11"},
				"west": {"uv": [0, 0, 0, 0], "texture": "#11"},
				"up": {"uv": [14.6875, 1, 14.5, 0], "texture": "#11"},
				"down": {"uv": [14.6875, 0, 14.5, 1], "texture": "#11"}
			}
		},
		{
			"name": "chain",
			"from": [0.5, 6.9382, 8.18161],
			"to": [0.501, 7.6882, 14.18161],
			"rotation": {"angle": 0, "axis": "z", "origin": [9, 8.38365, 8.375]},
			"faces": {
				"north": {"uv": [0, 0, 0, 0], "texture": "#11"},
				"east": {"uv": [14.25, 0, 14.4375, 1], "rotation": 90, "texture": "#11"},
				"south": {"uv": [0, 0, 0, 0], "texture": "#11"},
				"west": {"uv": [14.25, 1, 14.4375, 0], "rotation": 90, "texture": "#11"},
				"up": {"uv": [0, 0, 0, 0], "rotation": 90, "texture": "#11"},
				"down": {"uv": [0, 0, 0, 0], "rotation": 270, "texture": "#11"}
			}
		},
		{
			"name": "chain",
			"from": [0.14844, 7.33563, 8.18161],
			"to": [0.89844, 7.33663, 14.18161],
			"rotation": {"angle": 0, "axis": "z", "origin": [9, 8.38365, 8.375]},
			"faces": {
				"north": {"uv": [0, 0, 0, 0], "texture": "#11"},
				"east": {"uv": [0, 0, 0, 0], "texture": "#11"},
				"south": {"uv": [0, 0, 0, 0], "texture": "#11"},
				"west": {"uv": [0, 0, 0, 0], "texture": "#11"},
				"up": {"uv": [14.6875, 0, 14.5, 1], "texture": "#11"},
				"down": {"uv": [14.6875, 1, 14.5, 0], "texture": "#11"}
			}
		},
		{
			"name": "chain",
			"from": [0.5, 2.9382, 2.19339],
			"to": [0.501, 3.6882, 8.19339],
			"rotation": {"angle": 0, "axis": "z", "origin": [9, 4.38365, 8.375]},
			"faces": {
				"north": {"uv": [0, 0, 0, 0], "texture": "#11"},
				"east": {"uv": [14.25, 1, 14.4375, 0], "rotation": 90, "texture": "#11"},
				"south": {"uv": [0, 0, 0, 0], "texture": "#11"},
				"west": {"uv": [14.25, 0, 14.4375, 1], "rotation": 90, "texture": "#11"},
				"up": {"uv": [0, 0, 0, 0], "rotation": 90, "texture": "#11"},
				"down": {"uv": [0, 0, 0, 0], "rotation": 270, "texture": "#11"}
			}
		},
		{
			"name": "chain",
			"from": [0.14844, 3.33563, 2.19339],
			"to": [0.89844, 3.33663, 8.19339],
			"rotation": {"angle": 0, "axis": "z", "origin": [9, 4.38365, 8.375]},
			"faces": {
				"north": {"uv": [0, 0, 0, 0], "texture": "#11"},
				"east": {"uv": [0, 0, 0, 0], "texture": "#11"},
				"south": {"uv": [0, 0, 0, 0], "texture": "#11"},
				"west": {"uv": [0, 0, 0, 0], "texture": "#11"},
				"up": {"uv": [14.6875, 1, 14.5, 0], "texture": "#11"},
				"down": {"uv": [14.6875, 0, 14.5, 1], "texture": "#11"}
			}
		},
		{
			"name": "chain",
			"from": [0.5, 2.9382, 8.18161],
			"to": [0.501, 3.6882, 14.18161],
			"rotation": {"angle": 0, "axis": "z", "origin": [9, 4.38365, 8.375]},
			"faces": {
				"north": {"uv": [0, 0, 0, 0], "texture": "#11"},
				"east": {"uv": [14.25, 0, 14.4375, 1], "rotation": 90, "texture": "#11"},
				"south": {"uv": [0, 0, 0, 0], "texture": "#11"},
				"west": {"uv": [14.25, 1, 14.4375, 0], "rotation": 90, "texture": "#11"},
				"up": {"uv": [0, 0, 0, 0], "rotation": 90, "texture": "#11"},
				"down": {"uv": [0, 0, 0, 0], "rotation": 270, "texture": "#11"}
			}
		},
		{
			"name": "chain",
			"from": [0.14844, 3.33563, 8.18161],
			"to": [0.89844, 3.33663, 14.18161],
			"rotation": {"angle": 0, "axis": "z", "origin": [9, 4.38365, 8.375]},
			"faces": {
				"north": {"uv": [0, 0, 0, 0], "texture": "#11"},
				"east": {"uv": [0, 0, 0, 0], "texture": "#11"},
				"south": {"uv": [0, 0, 0, 0], "texture": "#11"},
				"west": {"uv": [0, 0, 0, 0], "texture": "#11"},
				"up": {"uv": [14.6875, 0, 14.5, 1], "texture": "#11"},
				"down": {"uv": [14.6875, 1, 14.5, 0], "texture": "#11"}
			}
		}
	],
	"display": {
		"thirdperson_righthand": {
			"rotation": [75, -145, 0],
			"translation": [0, 2.5, 0],
			"scale": [0.375, 0.375, 0.375]
		},
		"thirdperson_lefthand": {
			"rotation": [75, -145, 0],
			"translation": [0, 2.5, 0],
			"scale": [-0.375, 0.375, 0.375]
		},
		"firstperson_righthand": {
			"rotation": [0, -45, 0],
			"translation": [0, 1, -1],
			"scale": [0.3, 0.3, 0.3]
		},
		"firstperson_lefthand": {
			"rotation": [0, -45, 0],
			"translation": [0, 1, -1],
			"scale": [-0.3, 0.3, 0.3]
		},
		"ground": {
			"translation": [0, 3, 0],
			"scale": [0.25, 0.25, 0.25]
		},
		"gui": {
			"rotation": [30, -45, 0],
			"translation": [0, 1, 0],
			"scale": [0.4, 0.4, 0.4]
		},
		"head": {
			"rotation": [0, -180, 0],
			"translation": [0, -20, 0],
			"scale": [3.5, 3.5, 3.5]
		},
		"fixed": {
			"rotation": [0, 90, 0],
			"translation": [0, 0, -4.25],
			"scale": [0.5, 0.5, 0.5]
		}
	},
	"groups": [0, 1, 2, 3, 4, 5, 6, 7, 8, 9, 10, 11, 12, 13, 14, 15, 16, 17, 18, 19, 20, 21, 22, 23, 24, 25, 26, 27, 28, 29, 30, 31, 32, 33, 34, 35,
		{
			"name": "inner",
			"origin": [8, 5, 8],
			"children": [36, 37]
		},
		{
			"name": "spikes_under",
			"origin": [8, 8, 8],
			"children": [
				{
					"name": "spike",
					"origin": [14.75, 11, 17],
					"children": [38, 39, 40, 41]
				},
				{
					"name": "spike",
					"origin": [14.75, 11, 17],
					"children": [42, 43, 44, 45]
				},
				{
					"name": "spike",
					"origin": [14.75, 11, 17],
					"children": [46, 47, 48, 49]
				},
				{
					"name": "spike",
					"origin": [14.75, 11, 17],
					"children": [50, 51, 52, 53]
				}
			]
		},
		{
			"name": "spikes_under",
			"origin": [8, 8, 8],
			"children": [
				{
					"name": "spike",
					"origin": [14.75, 11, 17],
					"children": [54, 55, 56, 57]
				},
				{
					"name": "spike",
					"origin": [14.75, 11, 17],
					"children": [58, 59, 60, 61]
				},
				{
					"name": "spike",
					"origin": [14.75, 11, 17],
					"children": [62, 63, 64, 65]
				},
				{
					"name": "spike",
					"origin": [14.75, 11, 17],
					"children": [66, 67, 68, 69]
				}
			]
		},
		{
			"name": "spikes_top",
			"origin": [8, 8, 8],
			"children": [
				{
					"name": "spike",
					"origin": [14.75, 11, 17],
					"children": [70, 71, 72, 73]
				},
				{
					"name": "spike",
					"origin": [14.75, 11, 17],
					"children": [74, 75, 76, 77]
				},
				{
					"name": "spike",
					"origin": [14.75, 11, 17],
					"children": [78, 79, 80, 81]
				},
				{
					"name": "spike",
					"origin": [14.75, 11, 17],
					"children": [82, 83, 84, 85]
				}
			]
		},
		{
			"name": "spikes_top",
			"origin": [8, 8, 8],
			"children": [
				{
					"name": "spike",
					"origin": [14.75, 11, 17],
					"children": [86, 87, 88, 89]
				},
				{
					"name": "spike",
					"origin": [14.75, 11, 17],
					"children": [90, 91, 92, 93]
				},
				{
					"name": "spike",
					"origin": [14.75, 11, 17],
					"children": [94, 95, 96, 97]
				},
				{
					"name": "spike",
					"origin": [14.75, 11, 17],
					"children": [98, 99, 100, 101]
				}
			]
		},
		{
			"name": "chain_side",
			"origin": [8, 8, 8],
			"children": [
				{
					"name": "chain",
					"origin": [8, 5.88365, 8],
					"children": [102, 103, 104, 105]
				},
				{
					"name": "chain",
					"origin": [8, 5.88365, 8],
					"children": [106, 107, 108, 109]
				}
			]
		},
		{
			"name": "chain_side",
			"origin": [8, 8, 8],
			"children": [
				{
					"name": "chain",
					"origin": [8, 5.88365, 8],
					"children": [110, 111, 112, 113]
				},
				{
					"name": "chain",
					"origin": [8, 5.88365, 8],
					"children": [114, 115, 116, 117]
				}
			]
		},
		{
			"name": "chain_side",
			"origin": [8, 8, 8],
			"children": [
				{
					"name": "chain",
					"origin": [8, 5.88365, 8],
					"children": [118, 119, 120, 121]
				},
				{
					"name": "chain",
					"origin": [8, 5.88365, 8],
					"children": [122, 123, 124, 125]
				}
			]
		},
		{
			"name": "chain_side",
			"origin": [8, 8, 8],
			"children": [
				{
					"name": "chain",
					"origin": [8, 5.88365, 8],
					"children": [126, 127, 128, 129]
				},
				{
					"name": "chain",
					"origin": [8, 5.88365, 8],
					"children": [130, 131, 132, 133]
				}
			]
		}
	]
}