{
	"credit": "Made by MadstonMagic, using Cubik Pro & Blockbench",
	"textures": {
		"5": "custom/gold_spike",
		"7": "block/dark_oak_log_top",
		"10": "towers/archer_lvl_5",
		"gold_block": "block/gold_block",
		"black_concrete": "block/anvil",
		"particle": "custom/gold_spike"
	},
	"elements": [
		{
			"name": "side_1",
			"from": [1, -5.625, 1],
			"to": [15, 17, 15],
			"rotation": {"angle": 0, "axis": "y", "origin": [8, 5, 8]},
			"faces": {
				"north": {"uv": [8.125, 0, 10.125, 3], "texture": "#10"},
				"east": {"uv": [8.125, 0, 10.125, 3], "texture": "#10"},
				"south": {"uv": [8.125, 0, 10.125, 3], "texture": "#10"},
				"west": {"uv": [8.125, 0, 10.125, 3], "texture": "#10"}
			}
		},
		{
			"name": "side_2",
			"from": [0.98438, 5.375, 0.99219],
			"to": [15.00781, 12.5, 15.01563],
			"rotation": {"angle": 0, "axis": "y", "origin": [8.00781, 5, 8]},
			"faces": {
				"north": {"uv": [0, 10.6875, 6.9375, 15.125], "texture": "#10"},
				"east": {"uv": [0, 6.1875, 6.9375, 10.625], "texture": "#10"},
				"south": {"uv": [0, 6.1875, 6.9375, 10.625], "texture": "#10"},
				"west": {"uv": [0, 6.1875, 6.9375, 10.625], "texture": "#10"}
			}
		},
		{
			"name": "side_2",
			"from": [-0.03125, -0.125, -0.03125],
			"to": [2.96875, 12.5, 2.96875],
			"rotation": {"angle": 0, "axis": "y", "origin": [7.96875, 15.5, 7.96875]},
			"faces": {
				"north": {"uv": [1, 2.125, 2, 6.125], "texture": "#10"},
				"east": {"uv": [1, 2.125, 2, 6.125], "texture": "#10"},
				"south": {"uv": [1, 2.125, 2, 6.125], "texture": "#10"},
				"west": {"uv": [1, 2.125, 2, 6.125], "texture": "#10"}
			}
		},
		{
			"name": "side_1",
			"from": [-2.5, -4, 13.5],
			"to": [-2, -1, 16.5],
			"rotation": {"angle": 0, "axis": "y", "origin": [8, 5, 8]},
			"faces": {
				"north": {"uv": [1, 1, 15, 15], "texture": "#gold_block"},
				"south": {"uv": [1, 1, 15, 15], "texture": "#gold_block"},
				"west": {"uv": [1, 1, 15, 15], "texture": "#gold_block"},
				"up": {"uv": [1, 2, 15, 6], "rotation": 90, "texture": "#gold_block"},
				"down": {"uv": [1, 2, 15, 6], "rotation": 270, "texture": "#gold_block"}
			}
		},
		{
			"name": "side_1",
			"from": [-3.25, -3.75, 13.75],
			"to": [-2, -1.25, 16.25],
			"rotation": {"angle": 0, "axis": "y", "origin": [8, 5, 8]},
			"faces": {
				"north": {"uv": [1, 1, 15, 15], "texture": "#gold_block"},
				"south": {"uv": [1, 1, 15, 15], "texture": "#gold_block"},
				"west": {"uv": [1, 1, 15, 15], "texture": "#gold_block"},
				"up": {"uv": [1, 2, 15, 6], "rotation": 90, "texture": "#gold_block"},
				"down": {"uv": [1, 2, 15, 6], "rotation": 270, "texture": "#gold_block"}
			}
		},
		{
			"name": "side_1",
			"from": [-2.5, -4, -0.5],
			"to": [-2, -1, 2.5],
			"rotation": {"angle": 0, "axis": "y", "origin": [8, 5, 8]},
			"faces": {
				"north": {"uv": [1, 1, 15, 15], "texture": "#gold_block"},
				"south": {"uv": [1, 1, 15, 15], "texture": "#gold_block"},
				"west": {"uv": [1, 1, 15, 15], "texture": "#gold_block"},
				"up": {"uv": [1, 2, 15, 6], "rotation": 90, "texture": "#gold_block"},
				"down": {"uv": [1, 2, 15, 6], "rotation": 270, "texture": "#gold_block"}
			}
		},
		{
			"name": "side_1",
			"from": [-3.25, -3.75, -0.25],
			"to": [-2, -1.25, 2.25],
			"rotation": {"angle": 0, "axis": "y", "origin": [8, 5, 8]},
			"faces": {
				"north": {"uv": [1, 1, 15, 15], "texture": "#gold_block"},
				"south": {"uv": [1, 1, 15, 15], "texture": "#gold_block"},
				"west": {"uv": [1, 1, 15, 15], "texture": "#gold_block"},
				"up": {"uv": [1, 2, 15, 6], "rotation": 90, "texture": "#gold_block"},
				"down": {"uv": [1, 2, 15, 6], "rotation": 270, "texture": "#gold_block"}
			}
		},
		{
			"name": "side_2",
			"from": [-0.5, -4, -2.5],
			"to": [2.5, -1, -2],
			"rotation": {"angle": 0, "axis": "y", "origin": [8, 5, 8]},
			"faces": {
				"north": {"uv": [1, 1, 15, 15], "texture": "#gold_block"},
				"east": {"uv": [1, 1, 15, 15], "texture": "#gold_block"},
				"west": {"uv": [1, 1, 15, 15], "texture": "#gold_block"},
				"up": {"uv": [1, 2, 15, 6], "rotation": 180, "texture": "#gold_block"},
				"down": {"uv": [1, 2, 15, 6], "rotation": 180, "texture": "#gold_block"}
			}
		},
		{
			"name": "side_2",
			"from": [-0.25, -3.75, -3.25],
			"to": [2.25, -1.25, -2],
			"rotation": {"angle": 0, "axis": "y", "origin": [8, 5, 8]},
			"faces": {
				"north": {"uv": [1, 1, 15, 15], "texture": "#gold_block"},
				"east": {"uv": [1, 1, 15, 15], "texture": "#gold_block"},
				"west": {"uv": [1, 1, 15, 15], "texture": "#gold_block"},
				"up": {"uv": [1, 2, 15, 6], "rotation": 180, "texture": "#gold_block"},
				"down": {"uv": [1, 2, 15, 6], "rotation": 180, "texture": "#gold_block"}
			}
		},
		{
			"name": "side_2",
			"from": [13.5, -4, -2.5],
			"to": [16.5, -1, -2],
			"rotation": {"angle": 0, "axis": "y", "origin": [8, 5, 8]},
			"faces": {
				"north": {"uv": [1, 1, 15, 15], "texture": "#gold_block"},
				"east": {"uv": [1, 1, 15, 15], "texture": "#gold_block"},
				"west": {"uv": [1, 1, 15, 15], "texture": "#gold_block"},
				"up": {"uv": [1, 2, 15, 6], "rotation": 180, "texture": "#gold_block"},
				"down": {"uv": [1, 2, 15, 6], "rotation": 180, "texture": "#gold_block"}
			}
		},
		{
			"name": "side_2",
			"from": [13.75, -3.75, -3.25],
			"to": [16.25, -1.25, -2],
			"rotation": {"angle": 0, "axis": "y", "origin": [8, 5, 8]},
			"faces": {
				"north": {"uv": [1, 1, 15, 15], "texture": "#gold_block"},
				"east": {"uv": [1, 1, 15, 15], "texture": "#gold_block"},
				"west": {"uv": [1, 1, 15, 15], "texture": "#gold_block"},
				"up": {"uv": [1, 2, 15, 6], "rotation": 180, "texture": "#gold_block"},
				"down": {"uv": [1, 2, 15, 6], "rotation": 180, "texture": "#gold_block"}
			}
		},
		{
			"name": "side_3",
			"from": [12, -6, -2],
			"to": [18, 0, 4],
			"rotation": {"angle": 0, "axis": "y", "origin": [8, 5, 8]},
			"faces": {
				"north": {"uv": [0, 0, 16, 16], "texture": "#black_concrete"},
				"east": {"uv": [0, 0, 16, 16], "texture": "#black_concrete"},
				"south": {"uv": [0, 0, 16, 16], "texture": "#black_concrete"},
				"west": {"uv": [0, 0, 16, 16], "texture": "#black_concrete"},
				"up": {"uv": [0, 0, 16, 16], "rotation": 180, "texture": "#black_concrete"},
				"down": {"uv": [0, 0, 16, 16], "rotation": 180, "texture": "#black_concrete"}
			}
		},
		{
			"name": "side_4",
			"from": [13.03125, -0.125, 13.03125],
			"to": [16.03125, 12.5, 16.03125],
			"rotation": {"angle": 0, "axis": "y", "origin": [8.03125, 15.5, 8.03125]},
			"faces": {
				"north": {"uv": [1, 2.125, 2, 6.125], "texture": "#10"},
				"east": {"uv": [1, 2.125, 2, 6.125], "texture": "#10"},
				"south": {"uv": [1, 2.125, 2, 6.125], "texture": "#10"},
				"west": {"uv": [1, 2.125, 2, 6.125], "texture": "#10"}
			}
		},
		{
			"name": "side_4",
			"from": [13.03125, -0.125, -0.03125],
			"to": [16.03125, 12.5, 2.96875],
			"rotation": {"angle": 0, "axis": "y", "origin": [8.03125, 15.5, 7.96875]},
			"faces": {
				"north": {"uv": [1, 2.125, 2, 6.125], "texture": "#10"},
				"east": {"uv": [1, 2.125, 2, 6.125], "texture": "#10"},
				"south": {"uv": [1, 2.125, 2, 6.125], "texture": "#10"},
				"west": {"uv": [1, 2.125, 2, 6.125], "texture": "#10"}
			}
		},
		{
			"name": "side_3",
			"from": [18, -4, -0.5],
			"to": [18.5, -1, 2.5],
			"rotation": {"angle": 0, "axis": "y", "origin": [8, 5, 8]},
			"faces": {
				"north": {"uv": [1, 1, 15, 15], "texture": "#gold_block"},
				"east": {"uv": [1, 1, 15, 15], "texture": "#gold_block"},
				"south": {"uv": [1, 1, 15, 15], "texture": "#gold_block"},
				"up": {"uv": [1, 2, 15, 6], "rotation": 270, "texture": "#gold_block"},
				"down": {"uv": [1, 2, 15, 6], "rotation": 90, "texture": "#gold_block"}
			}
		},
		{
			"name": "side_3",
			"from": [18, -3.75, -0.25],
			"to": [19.25, -1.25, 2.25],
			"rotation": {"angle": 0, "axis": "y", "origin": [8, 5, 8]},
			"faces": {
				"north": {"uv": [1, 1, 15, 15], "texture": "#gold_block"},
				"east": {"uv": [1, 1, 15, 15], "texture": "#gold_block"},
				"south": {"uv": [1, 1, 15, 15], "texture": "#gold_block"},
				"up": {"uv": [1, 2, 15, 6], "rotation": 270, "texture": "#gold_block"},
				"down": {"uv": [1, 2, 15, 6], "rotation": 90, "texture": "#gold_block"}
			}
		},
		{
			"name": "side_3",
			"from": [18, -4, 13.5],
			"to": [18.5, -1, 16.5],
			"rotation": {"angle": 0, "axis": "y", "origin": [8, 5, 8]},
			"faces": {
				"north": {"uv": [1, 1, 15, 15], "texture": "#gold_block"},
				"east": {"uv": [1, 1, 15, 15], "texture": "#gold_block"},
				"south": {"uv": [1, 1, 15, 15], "texture": "#gold_block"},
				"up": {"uv": [1, 2, 15, 6], "rotation": 270, "texture": "#gold_block"},
				"down": {"uv": [1, 2, 15, 6], "rotation": 90, "texture": "#gold_block"}
			}
		},
		{
			"name": "side_3",
			"from": [18, -3.75, 13.75],
			"to": [19.25, -1.25, 16.25],
			"rotation": {"angle": 0, "axis": "y", "origin": [8, 5, 8]},
			"faces": {
				"north": {"uv": [1, 1, 15, 15], "texture": "#gold_block"},
				"east": {"uv": [1, 1, 15, 15], "texture": "#gold_block"},
				"south": {"uv": [1, 1, 15, 15], "texture": "#gold_block"},
				"up": {"uv": [1, 2, 15, 6], "rotation": 270, "texture": "#gold_block"},
				"down": {"uv": [1, 2, 15, 6], "rotation": 90, "texture": "#gold_block"}
			}
		},
		{
			"name": "side_5",
			"from": [-0.03125, -0.125, 13.03125],
			"to": [2.96875, 12.5, 16.03125],
			"rotation": {"angle": 0, "axis": "y", "origin": [7.96875, 15.5, 8.03125]},
			"faces": {
				"north": {"uv": [1, 2.125, 2, 6.125], "texture": "#10"},
				"east": {"uv": [1, 2.125, 2, 6.125], "texture": "#10"},
				"south": {"uv": [1, 2.125, 2, 6.125], "texture": "#10"},
				"west": {"uv": [1, 2.125, 2, 6.125], "texture": "#10"}
			}
		},
		{
			"name": "side_4",
			"from": [13.5, -4, 18],
			"to": [16.5, -1, 18.5],
			"rotation": {"angle": 0, "axis": "y", "origin": [8, 5, 8]},
			"faces": {
				"east": {"uv": [1, 1, 15, 15], "texture": "#gold_block"},
				"south": {"uv": [1, 1, 15, 15], "texture": "#gold_block"},
				"west": {"uv": [1, 1, 15, 15], "texture": "#gold_block"},
				"up": {"uv": [1, 2, 15, 6], "texture": "#gold_block"},
				"down": {"uv": [1, 2, 15, 6], "texture": "#gold_block"}
			}
		},
		{
			"name": "side_4",
			"from": [13.75, -3.75, 18],
			"to": [16.25, -1.25, 19.25],
			"rotation": {"angle": 0, "axis": "y", "origin": [8, 5, 8]},
			"faces": {
				"east": {"uv": [1, 1, 15, 15], "texture": "#gold_block"},
				"south": {"uv": [1, 1, 15, 15], "texture": "#gold_block"},
				"west": {"uv": [1, 1, 15, 15], "texture": "#gold_block"},
				"up": {"uv": [1, 2, 15, 6], "texture": "#gold_block"},
				"down": {"uv": [1, 2, 15, 6], "texture": "#gold_block"}
			}
		},
		{
			"name": "side_4",
			"from": [-0.5, -4, 18],
			"to": [2.5, -1, 18.5],
			"rotation": {"angle": 0, "axis": "y", "origin": [8, 5, 8]},
			"faces": {
				"east": {"uv": [1, 1, 15, 15], "texture": "#gold_block"},
				"south": {"uv": [1, 1, 15, 15], "texture": "#gold_block"},
				"west": {"uv": [1, 1, 15, 15], "texture": "#gold_block"},
				"up": {"uv": [1, 2, 15, 6], "texture": "#gold_block"},
				"down": {"uv": [1, 2, 15, 6], "texture": "#gold_block"}
			}
		},
		{
			"name": "side_4",
			"from": [-0.25, -3.75, 18],
			"to": [2.25, -1.25, 19.25],
			"rotation": {"angle": 0, "axis": "y", "origin": [8, 5, 8]},
			"faces": {
				"east": {"uv": [1, 1, 15, 15], "texture": "#gold_block"},
				"south": {"uv": [1, 1, 15, 15], "texture": "#gold_block"},
				"west": {"uv": [1, 1, 15, 15], "texture": "#gold_block"},
				"up": {"uv": [1, 2, 15, 6], "texture": "#gold_block"},
				"down": {"uv": [1, 2, 15, 6], "texture": "#gold_block"}
			}
		},
		{
			"name": "side_3*",
			"from": [-2, -6, -2],
			"to": [4, 0, 4],
			"rotation": {"angle": 0, "axis": "y", "origin": [8, 5, 8]},
			"faces": {
				"north": {"uv": [0, 0, 16, 16], "texture": "#black_concrete"},
				"east": {"uv": [0, 0, 16, 16], "texture": "#black_concrete"},
				"south": {"uv": [0, 0, 16, 16], "texture": "#black_concrete"},
				"west": {"uv": [0, 0, 16, 16], "texture": "#black_concrete"},
				"up": {"uv": [0, 0, 16, 16], "rotation": 180, "texture": "#black_concrete"},
				"down": {"uv": [0, 0, 16, 16], "rotation": 180, "texture": "#black_concrete"}
			}
		},
		{
			"name": "side_3*",
			"from": [-2, -6, 12],
			"to": [4, 0, 18],
			"rotation": {"angle": 0, "axis": "y", "origin": [8, 5, 8]},
			"faces": {
				"north": {"uv": [0, 0, 16, 16], "texture": "#black_concrete"},
				"east": {"uv": [0, 0, 16, 16], "texture": "#black_concrete"},
				"south": {"uv": [0, 0, 16, 16], "texture": "#black_concrete"},
				"west": {"uv": [0, 0, 16, 16], "texture": "#black_concrete"},
				"up": {"uv": [0, 0, 16, 16], "rotation": 180, "texture": "#black_concrete"},
				"down": {"uv": [0, 0, 16, 16], "rotation": 180, "texture": "#black_concrete"}
			}
		},
		{
			"name": "side_3*",
			"from": [12, -6, 12],
			"to": [18, 0, 18],
			"rotation": {"angle": 0, "axis": "y", "origin": [8, 5, 8]},
			"faces": {
				"north": {"uv": [0, 0, 16, 16], "texture": "#black_concrete"},
				"east": {"uv": [0, 0, 16, 16], "texture": "#black_concrete"},
				"south": {"uv": [0, 0, 16, 16], "texture": "#black_concrete"},
				"west": {"uv": [0, 0, 16, 16], "texture": "#black_concrete"},
				"up": {"uv": [0, 0, 16, 16], "rotation": 180, "texture": "#black_concrete"},
				"down": {"uv": [0, 0, 16, 16], "rotation": 180, "texture": "#black_concrete"}
			}
		},
		{
			"name": "side_5",
			"from": [-2, 12.5, -2],
			"to": [17.5, 17.5, 18],
			"rotation": {"angle": 0, "axis": "y", "origin": [8.5, 7, 8.5]},
			"faces": {
				"north": {"uv": [4, 0, 0, 1], "texture": "#10"},
				"east": {"uv": [4, 0, 0, 1], "texture": "#10"},
				"south": {"uv": [4, 0, 0, 1], "texture": "#10"},
				"west": {"uv": [4, 0, 0, 1], "texture": "#10"},
				"up": {"uv": [8.0625, 0, 4.0625, 4], "texture": "#10"},
				"down": {"uv": [8.0625, 0, 4.0625, 4], "texture": "#10"}
			}
		},
		{
			"name": "log_side",
			"from": [2.44339, 0.33563, -0.85156],
			"to": [8.44339, 0.33663, -0.10156],
			"rotation": {"angle": -22.5, "axis": "z", "origin": [8, 1.38365, 8]},
			"faces": {
				"up": {"uv": [14.5, 1, 14.6875, 0], "rotation": 270, "texture": "#10"},
				"down": {"uv": [14.5, 0, 14.6875, 1], "rotation": 90, "texture": "#10"}
			}
		},
		{
			"name": "log_side",
			"from": [2.44339, -0.0618, -0.5],
			"to": [8.44339, 0.6882, -0.499],
			"rotation": {"angle": -22.5, "axis": "z", "origin": [8, 1.38365, 8]},
			"faces": {
				"north": {"uv": [14.25, 1, 14.4375, 0], "rotation": 90, "texture": "#10"},
				"south": {"uv": [14.25, 0, 14.4375, 1], "rotation": 90, "texture": "#10"}
			}
		},
		{
			"name": "log_side",
			"from": [7.55661, -0.0618, -0.5],
			"to": [13.55661, 0.6882, -0.499],
			"rotation": {"angle": 22.5, "axis": "z", "origin": [8, 1.38365, 8]},
			"faces": {
				"north": {"uv": [14.25, 0, 14.4375, 1], "rotation": 90, "texture": "#10"},
				"south": {"uv": [14.25, 1, 14.4375, 0], "rotation": 90, "texture": "#10"}
			}
		},
		{
			"name": "log_side",
			"from": [7.55661, 0.33563, -0.85156],
			"to": [13.55661, 0.33663, -0.10156],
			"rotation": {"angle": 22.5, "axis": "z", "origin": [8, 1.38365, 8]},
			"faces": {
				"up": {"uv": [14.5, 0, 14.6875, 1], "rotation": 270, "texture": "#10"},
				"down": {"uv": [14.5, 1, 14.6875, 0], "rotation": 90, "texture": "#10"}
			}
		},
		{
			"name": "log_side",
			"from": [7.55661, 0.33563, 16.10156],
			"to": [13.55661, 0.33663, 16.85156],
			"rotation": {"angle": 22.5, "axis": "z", "origin": [8, 1.38365, 8]},
			"faces": {
				"up": {"uv": [14.6875, 0, 14.5, 1], "rotation": 270, "texture": "#10"},
				"down": {"uv": [14.6875, 1, 14.5, 0], "rotation": 90, "texture": "#10"}
			}
		},
		{
			"name": "log_side",
			"from": [7.55661, -0.0618, 16.499],
			"to": [13.55661, 0.6882, 16.5],
			"rotation": {"angle": 22.5, "axis": "z", "origin": [8, 1.38365, 8]},
			"faces": {
				"north": {"uv": [14.25, 0, 14.4375, 1], "rotation": 90, "texture": "#10"},
				"south": {"uv": [14.25, 1, 14.4375, 0], "rotation": 90, "texture": "#10"}
			}
		},
		{
			"name": "log_side",
			"from": [2.44339, -0.0618, 16.499],
			"to": [8.44339, 0.6882, 16.5],
			"rotation": {"angle": -22.5, "axis": "z", "origin": [8, 1.38365, 8]},
			"faces": {
				"north": {"uv": [14.25, 1, 14.4375, 0], "rotation": 90, "texture": "#10"},
				"south": {"uv": [14.25, 0, 14.4375, 1], "rotation": 90, "texture": "#10"}
			}
		},
		{
			"name": "log_side",
			"from": [2.44339, 0.33563, 16.10156],
			"to": [8.44339, 0.33663, 16.85156],
			"rotation": {"angle": -22.5, "axis": "z", "origin": [8, 1.38365, 8]},
			"faces": {
				"up": {"uv": [14.6875, 1, 14.5, 0], "rotation": 270, "texture": "#10"},
				"down": {"uv": [14.6875, 0, 14.5, 1], "rotation": 90, "texture": "#10"}
			}
		},
		{
			"name": "log_side",
			"from": [-1.5, 1.85, 1.25],
			"to": [17.25, 3.35, 2.75],
			"rotation": {"angle": 0, "axis": "y", "origin": [6, 9.6, 8.5]},
			"faces": {
				"north": {"uv": [10.1875, 0, 14.1875, 0.5625], "texture": "#10"},
				"east": {"uv": [0, 0, 16, 16], "texture": "#7"},
				"south": {"uv": [10.1875, 0, 14.1875, 0.5625], "texture": "#10"},
				"west": {"uv": [0, 0, 16, 16], "texture": "#7"},
				"up": {"uv": [10.1875, 0, 14.1875, 0.5625], "texture": "#10"},
				"down": {"uv": [10.1875, 0, 14.1875, 0.5625], "texture": "#10"}
			}
		},
		{
			"name": "log_side",
			"from": [-1.5, 1.85, 13.25],
			"to": [17.25, 3.35, 14.75],
			"rotation": {"angle": 0, "axis": "y", "origin": [6, 9.6, 20.5]},
			"faces": {
				"north": {"uv": [10.1875, 0, 14.1875, 0.5625], "texture": "#10"},
				"east": {"uv": [0, 0, 16, 16], "texture": "#7"},
				"south": {"uv": [10.1875, 0, 14.1875, 0.5625], "texture": "#10"},
				"west": {"uv": [0, 0, 16, 16], "texture": "#7"},
				"up": {"uv": [10.1875, 0, 14.1875, 0.5625], "texture": "#10"},
				"down": {"uv": [10.1875, 0, 14.1875, 0.5625], "texture": "#10"}
			}
		},
		{
			"name": "side_4",
			"from": [14.96875, 1.5, 1.3],
			"to": [16.96875, 2, 1.6],
			"rotation": {"angle": 45, "axis": "x", "origin": [15.96875, 1.65, 3.25]},
			"faces": {
				"east": {"uv": [1, 0, 0, 1], "texture": "#missing"},
				"west": {"uv": [1, 0, 0, 1], "texture": "#missing"}
			}
		},
		{
			"name": "side_3",
			"from": [14.96875, 1.5, 14.4],
			"to": [16.96875, 2, 14.7],
			"rotation": {"angle": -45, "axis": "x", "origin": [15.96875, 1.65, 12.75]},
			"faces": {
				"east": {"uv": [0, 0, 1, 1], "texture": "#missing"},
				"west": {"uv": [0, 0, 1, 1], "texture": "#missing"}
			}
		},
		{
			"name": "log_side",
			"from": [-1.5, -5.65, -1.5],
			"to": [17.5, -0.9, 17.5],
			"rotation": {"angle": 0, "axis": "y", "origin": [16.25, -2.4, 11.52344]},
			"faces": {
				"north": {"uv": [10.1875, 0, 14.1875, 1], "texture": "#10"},
				"east": {"uv": [10.1875, 0, 14.1875, 1], "texture": "#10"},
				"south": {"uv": [10.1875, 0, 14.1875, 1], "texture": "#10"},
				"west": {"uv": [10.1875, 0, 14.1875, 1], "texture": "#10"},
				"up": {"uv": [10.1875, 1.0625, 14.1875, 5.0625], "texture": "#10"},
				"down": {"uv": [10.1875, 1.0625, 14.1875, 5.0625], "texture": "#10"}
			}
		},
		{
			"name": "side_5",
			"from": [-0.96875, 1.5, 1.3],
			"to": [1.03125, 2, 1.6],
			"rotation": {"angle": 45, "axis": "x", "origin": [0.03125, 1.65, 3.25]},
			"faces": {
				"east": {"uv": [0, 0, 1, 1], "texture": "#missing"},
				"west": {"uv": [0, 0, 1, 1], "texture": "#missing"}
			}
		},
		{
			"name": "side_4",
			"from": [-0.96875, 1.5, 14.4],
			"to": [1.03125, 2, 14.7],
			"rotation": {"angle": -45, "axis": "x", "origin": [0.03125, 1.65, 12.75]},
			"faces": {
				"east": {"uv": [1, 0, 0, 1], "texture": "#missing"},
				"west": {"uv": [1, 0, 0, 1], "texture": "#missing"}
			}
		},
		{
			"name": "side_4",
			"from": [-0.13007, 16.876, -0.25],
			"to": [16.11993, 21.501, 16.25],
			"rotation": {"angle": 0, "axis": "y", "origin": [7.99977, 8.28649, -0.3]},
			"faces": {
				"north": {"uv": [4, 1.0625, 0, 2.0625], "texture": "#10"},
				"east": {"uv": [4, 1.0625, 0, 2.0625], "texture": "#10"},
				"south": {"uv": [4, 1.0625, 0, 2.0625], "texture": "#10"},
				"west": {"uv": [4, 1.0625, 0, 2.0625], "texture": "#10"}
			}
		},
		{
			"name": "side_5",
			"from": [16.11993, 21.501, 16.25],
			"to": [-0.125, 16.876, -0.25],
			"rotation": {"angle": 0, "axis": "y", "origin": [23.99977, 12.91149, 16.2]},
			"faces": {
				"north": {"uv": [4, 1.0625, 0, 2.0625], "texture": "#10"},
				"east": {"uv": [4, 1.0625, 0, 2.0625], "texture": "#10"},
				"south": {"uv": [4, 1.0625, 0, 2.0625], "texture": "#10"},
				"west": {"uv": [4, 1.0625, 0, 2.0625], "texture": "#10"}
			}
		},
		{
			"name": "side_6",
			"from": [9.72732, -0.49663, -0.96875],
			"to": [10.02732, 0.00337, 1.03125],
			"rotation": {"angle": 45, "axis": "z", "origin": [7.99977, 6.28649, -0.26875]},
			"faces": {
				"north": {"uv": [0, 0, 1, 1], "texture": "#missing"},
				"south": {"uv": [0, 0, 1, 1], "texture": "#missing"}
			}
		},
		{
			"name": "side_5",
			"from": [5.96538, -0.50347, -0.96875],
			"to": [6.26538, -0.00347, 1.03125],
			"rotation": {"angle": -45, "axis": "z", "origin": [7.99977, 6.28649, -0.26875]},
			"faces": {
				"north": {"uv": [1, 0, 0, 1], "texture": "#missing"},
				"south": {"uv": [1, 0, 0, 1], "texture": "#missing"}
			}
		},
		{
			"name": "side_3*",
			"from": [15, 17.5, 12],
			"to": [16.75, 23, 17],
			"rotation": {"angle": 0, "axis": "y", "origin": [15, 20, 12]},
			"faces": {
				"north": {"uv": [6, 0, 11, 16], "texture": "#black_concrete"},
				"east": {"uv": [0, 0, 16, 16], "texture": "#black_concrete"},
				"south": {"uv": [6, 0, 11, 16], "texture": "#black_concrete"},
				"west": {"uv": [0, 0, 16, 16], "texture": "#black_concrete"},
				"up": {"uv": [5, 0, 10, 16], "texture": "#black_concrete"}
			}
		},
		{
			"name": "side_3*",
			"from": [15, 17.5, -1],
			"to": [16.75, 23, 4],
			"rotation": {"angle": 0, "axis": "y", "origin": [15, 20, 4]},
			"faces": {
				"north": {"uv": [11, 0, 6, 16], "texture": "#black_concrete"},
				"east": {"uv": [16, 0, 0, 16], "texture": "#black_concrete"},
				"south": {"uv": [11, 0, 6, 16], "texture": "#black_concrete"},
				"west": {"uv": [16, 0, 0, 16], "texture": "#black_concrete"},
				"up": {"uv": [5, 16, 10, 0], "texture": "#black_concrete"}
			}
		},
		{
			"name": "side_3*",
			"from": [-0.75, 17.5, 12],
			"to": [1, 23, 17],
			"rotation": {"angle": 0, "axis": "y", "origin": [1, 20, 12]},
			"faces": {
				"north": {"uv": [11, 0, 6, 16], "texture": "#black_concrete"},
				"east": {"uv": [16, 0, 0, 16], "texture": "#black_concrete"},
				"south": {"uv": [11, 0, 6, 16], "texture": "#black_concrete"},
				"west": {"uv": [16, 0, 0, 16], "texture": "#black_concrete"},
				"up": {"uv": [10, 0, 5, 16], "texture": "#black_concrete"}
			}
		},
		{
			"name": "side_3*",
			"from": [-0.75, 17.5, -1],
			"to": [1, 23, 4],
			"rotation": {"angle": 0, "axis": "y", "origin": [1, 20, 4]},
			"faces": {
				"north": {"uv": [6, 0, 11, 16], "texture": "#black_concrete"},
				"east": {"uv": [0, 0, 16, 16], "texture": "#black_concrete"},
				"south": {"uv": [6, 0, 11, 16], "texture": "#black_concrete"},
				"west": {"uv": [0, 0, 16, 16], "texture": "#black_concrete"},
				"up": {"uv": [10, 16, 5, 0], "texture": "#black_concrete"}
			}
		},
		{
			"name": "side_3*",
			"from": [12, 17.5, 15.25],
			"to": [15, 23, 17],
			"rotation": {"angle": 0, "axis": "y", "origin": [15.25, 20, 15.25]},
			"faces": {
				"north": {"uv": [6, 0, 16, 16], "texture": "#black_concrete"},
				"south": {"uv": [0, 0, 10, 16], "texture": "#black_concrete"},
				"west": {"uv": [11, 0, 16, 16], "texture": "#black_concrete"},
				"up": {"uv": [6, 3, 11, 13], "rotation": 270, "texture": "#black_concrete"}
			}
		},
		{
			"name": "side_3*",
			"from": [12, 17.5, -1],
			"to": [15, 23, 0.75],
			"rotation": {"angle": 0, "axis": "y", "origin": [15.25, 20, 0.75]},
			"faces": {
				"north": {"uv": [10, 0, 0, 16], "texture": "#black_concrete"},
				"south": {"uv": [16, 0, 6, 16], "texture": "#black_concrete"},
				"west": {"uv": [16, 0, 11, 16], "texture": "#black_concrete"},
				"up": {"uv": [11, 3, 6, 13], "rotation": 270, "texture": "#black_concrete"}
			}
		},
		{
			"name": "side_3*",
			"from": [1, 17.5, 15.25],
			"to": [4, 23, 17],
			"rotation": {"angle": 0, "axis": "y", "origin": [0.75, 20, 15.25]},
			"faces": {
				"north": {"uv": [16, 0, 6, 16], "texture": "#black_concrete"},
				"east": {"uv": [16, 0, 11, 16], "texture": "#black_concrete"},
				"south": {"uv": [10, 0, 0, 16], "texture": "#black_concrete"},
				"up": {"uv": [6, 13, 11, 3], "rotation": 270, "texture": "#black_concrete"}
			}
		},
		{
			"name": "side_3*",
			"from": [1, 17.5, -1],
			"to": [4, 23, 0.75],
			"rotation": {"angle": 0, "axis": "y", "origin": [0.75, 20, 0.75]},
			"faces": {
				"north": {"uv": [0, 0, 10, 16], "texture": "#black_concrete"},
				"east": {"uv": [11, 0, 16, 16], "texture": "#black_concrete"},
				"south": {"uv": [6, 0, 16, 16], "texture": "#black_concrete"},
				"up": {"uv": [11, 13, 6, 3], "rotation": 270, "texture": "#black_concrete"}
			}
		},
		{
			"name": "log_side",
			"from": [13.24493, 1.851, -1.5],
			"to": [14.74493, 3.351, 17.25],
			"rotation": {"angle": 0, "axis": "y", "origin": [7.49977, 6.28649, 16.3]},
			"faces": {
				"north": {"uv": [0, 0, 16, 16], "texture": "#7"},
				"east": {"uv": [10.1875, 0, 14.1875, 0.5625], "texture": "#10"},
				"south": {"uv": [0, 0, 16, 16], "texture": "#7"},
				"west": {"uv": [10.1875, 0, 14.1875, 0.5625], "texture": "#10"},
				"up": {"uv": [10.1875, 0, 14.1875, 0.5625], "rotation": 90, "texture": "#10"},
				"down": {"uv": [10.1875, 0, 14.1875, 0.5625], "rotation": 90, "texture": "#10"}
			}
		},
		{
			"name": "log_side",
			"from": [1.24493, 1.851, -1.5],
			"to": [2.74493, 3.351, 17.25],
			"rotation": {"angle": 0, "axis": "y", "origin": [8.49977, 6.28649, 16.3]},
			"faces": {
				"north": {"uv": [0, 0, 16, 16], "texture": "#7"},
				"east": {"uv": [10.1875, 0, 14.1875, 0.5625], "texture": "#10"},
				"south": {"uv": [0, 0, 16, 16], "texture": "#7"},
				"west": {"uv": [10.1875, 0, 14.1875, 0.5625], "texture": "#10"},
				"up": {"uv": [10.1875, 0, 14.1875, 0.5625], "rotation": 90, "texture": "#10"},
				"down": {"uv": [10.1875, 0, 14.1875, 0.5625], "rotation": 90, "texture": "#10"}
			}
		},
		{
			"name": "side_7",
			"from": [9.72732, -0.49663, 14.96875],
			"to": [10.02732, 0.00337, 16.96875],
			"rotation": {"angle": 45, "axis": "z", "origin": [7.99977, 6.28649, 16.26875]},
			"faces": {
				"north": {"uv": [1, 0, 0, 1], "texture": "#missing"},
				"south": {"uv": [1, 0, 0, 1], "texture": "#missing"}
			}
		},
		{
			"name": "side_6",
			"from": [5.96538, -0.50347, 15],
			"to": [6.26538, -0.00347, 17],
			"rotation": {"angle": -45, "axis": "z", "origin": [7.99977, 6.28649, 16.3]},
			"faces": {
				"north": {"uv": [0, 0, 1, 1], "texture": "#missing"},
				"south": {"uv": [0, 0, 1, 1], "texture": "#missing"}
			}
		},
		{
			"name": "log_side",
			"from": [16.10156, 0.33563, 2.44339],
			"to": [16.85156, 0.33663, 8.44339],
			"rotation": {"angle": 22.5, "axis": "x", "origin": [8, 1.38365, 8]},
			"faces": {
				"up": {"uv": [14.5, 1, 14.6875, 0], "texture": "#10"},
				"down": {"uv": [14.5, 0, 14.6875, 1], "texture": "#10"}
			}
		},
		{
			"name": "log_side",
			"from": [16.499, -0.0618, 2.44339],
			"to": [16.5, 0.6882, 8.44339],
			"rotation": {"angle": 22.5, "axis": "x", "origin": [8, 1.38365, 8]},
			"faces": {
				"east": {"uv": [14.25, 1, 14.4375, 0], "rotation": 90, "texture": "#10"},
				"west": {"uv": [14.25, 0, 14.4375, 1], "rotation": 90, "texture": "#10"}
			}
		},
		{
			"name": "log_side",
			"from": [16.499, -0.0618, 7.55661],
			"to": [16.5, 0.6882, 13.55661],
			"rotation": {"angle": -22.5, "axis": "x", "origin": [8, 1.38365, 8]},
			"faces": {
				"east": {"uv": [14.25, 0, 14.4375, 1], "rotation": 90, "texture": "#10"},
				"west": {"uv": [14.25, 1, 14.4375, 0], "rotation": 90, "texture": "#10"}
			}
		},
		{
			"name": "log_side",
			"from": [16.10156, 0.33563, 7.55661],
			"to": [16.85156, 0.33663, 13.55661],
			"rotation": {"angle": -22.5, "axis": "x", "origin": [8, 1.38365, 8]},
			"faces": {
				"up": {"uv": [14.5, 0, 14.6875, 1], "texture": "#10"},
				"down": {"uv": [14.5, 1, 14.6875, 0], "texture": "#10"}
			}
		},
		{
			"name": "log_side",
			"from": [-0.85156, 0.33563, 7.55661],
			"to": [-0.10156, 0.33663, 13.55661],
			"rotation": {"angle": -22.5, "axis": "x", "origin": [8, 1.38365, 8]},
			"faces": {
				"up": {"uv": [14.6875, 0, 14.5, 1], "texture": "#10"},
				"down": {"uv": [14.6875, 1, 14.5, 0], "texture": "#10"}
			}
		},
		{
			"name": "log_side",
			"from": [-0.5, -0.0618, 7.55661],
			"to": [-0.499, 0.6882, 13.55661],
			"rotation": {"angle": -22.5, "axis": "x", "origin": [8, 1.38365, 8]},
			"faces": {
				"east": {"uv": [14.25, 0, 14.4375, 1], "rotation": 90, "texture": "#10"},
				"west": {"uv": [14.25, 1, 14.4375, 0], "rotation": 90, "texture": "#10"}
			}
		},
		{
			"name": "log_side",
			"from": [-0.5, -0.0618, 2.44339],
			"to": [-0.499, 0.6882, 8.44339],
			"rotation": {"angle": 22.5, "axis": "x", "origin": [8, 1.38365, 8]},
			"faces": {
				"east": {"uv": [14.25, 1, 14.4375, 0], "rotation": 90, "texture": "#10"},
				"west": {"uv": [14.25, 0, 14.4375, 1], "rotation": 90, "texture": "#10"}
			}
		},
		{
			"name": "log_side",
			"from": [-0.85156, 0.33563, 2.44339],
			"to": [-0.10156, 0.33663, 8.44339],
			"rotation": {"angle": 22.5, "axis": "x", "origin": [8, 1.38365, 8]},
			"faces": {
				"up": {"uv": [14.6875, 1, 14.5, 0], "texture": "#10"},
				"down": {"uv": [14.6875, 0, 14.5, 1], "texture": "#10"}
			}
		},
		{
			"from": [18.04519, 19, 9.3814],
			"to": [21.29519, 21.5, 9.3864],
			"rotation": {"angle": -22.5, "axis": "y", "origin": [8, 17.25, 8]},
			"faces": {
				"north": {"uv": [16, 16, 0, 0], "rotation": 90, "texture": "#5"},
				"east": {"uv": [13.25, 1.875, 13.938, 2.625], "rotation": 270, "texture": "#5"},
				"west": {"uv": [13.25, 1.875, 13.938, 2.625], "rotation": 270, "texture": "#5"},
				"up": {"uv": [13.25, 1.875, 13.938, 2.625], "rotation": 90, "texture": "#5"},
				"down": {"uv": [13.25, 1.875, 13.938, 2.625], "rotation": 90, "texture": "#5"}
			}
		},
		{
			"from": [14.45753, 24.52497, 13.125],
			"to": [17.70753, 24.52997, 15.625],
			"rotation": {"angle": -22.5, "axis": "z", "origin": [8, 17.25, 8]},
			"faces": {
				"north": {"uv": [13.938, 2.625, 13.25, 1.875], "rotation": 90, "texture": "#5"},
				"east": {"uv": [13.938, 2.625, 13.25, 1.875], "texture": "#5"},
				"south": {"uv": [13.938, 2.625, 13.25, 1.875], "rotation": 270, "texture": "#5"},
				"west": {"uv": [13.938, 2.625, 13.25, 1.875], "rotation": 180, "texture": "#5"},
				"up": {"uv": [0, 0, 16, 16], "rotation": 90, "texture": "#5"}
			}
		},
		{
			"from": [16.75364, 15.51331, 13.125],
			"to": [20.00364, 15.51831, 15.625],
			"rotation": {"angle": 22.5, "axis": "z", "origin": [8, 17.25, 8]},
			"faces": {
				"north": {"uv": [13.25, 2.625, 13.938, 1.875], "rotation": 90, "texture": "#5"},
				"east": {"uv": [13.938, 1.875, 13.25, 2.625], "texture": "#5"},
				"south": {"uv": [13.25, 2.625, 13.938, 1.875], "rotation": 270, "texture": "#5"},
				"west": {"uv": [13.938, 1.875, 13.25, 2.625], "rotation": 180, "texture": "#5"},
				"down": {"uv": [16, 0, 0, 16], "rotation": 90, "texture": "#5"}
			}
		},
		{
			"from": [13.16598, 19, 18.39306],
			"to": [16.41598, 21.5, 18.39806],
			"rotation": {"angle": 22.5, "axis": "y", "origin": [8, 17.25, 8]},
			"faces": {
				"east": {"uv": [13.25, 2.625, 13.938, 1.875], "rotation": 270, "texture": "#5"},
				"south": {"uv": [0, 16, 16, 0], "rotation": 270, "texture": "#5"},
				"west": {"uv": [13.25, 2.625, 13.938, 1.875], "rotation": 270, "texture": "#5"},
				"up": {"uv": [13.938, 1.875, 13.25, 2.625], "rotation": 90, "texture": "#5"},
				"down": {"uv": [13.938, 1.875, 13.25, 2.625], "rotation": 90, "texture": "#5"}
			}
		},
		{
			"from": [18.04519, 19, 6.6136],
			"to": [21.29519, 21.5, 6.6186],
			"rotation": {"angle": 22.5, "axis": "y", "origin": [8, 17.25, 8]},
			"faces": {
				"east": {"uv": [13.25, 2.625, 13.938, 1.875], "rotation": 270, "texture": "#5"},
				"south": {"uv": [16, 0, 0, 16], "rotation": 90, "texture": "#5"},
				"west": {"uv": [13.25, 2.625, 13.938, 1.875], "rotation": 270, "texture": "#5"},
				"up": {"uv": [13.938, 1.875, 13.25, 2.625], "rotation": 90, "texture": "#5"},
				"down": {"uv": [13.938, 1.875, 13.25, 2.625], "rotation": 90, "texture": "#5"}
			}
		},
		{
			"from": [14.45753, 24.52497, 0.375],
			"to": [17.70753, 24.52997, 2.875],
			"rotation": {"angle": -22.5, "axis": "z", "origin": [8, 17.25, 8]},
			"faces": {
				"north": {"uv": [13.938, 1.875, 13.25, 2.625], "rotation": 270, "texture": "#5"},
				"east": {"uv": [13.25, 2.625, 13.938, 1.875], "texture": "#5"},
				"south": {"uv": [13.938, 1.875, 13.25, 2.625], "rotation": 90, "texture": "#5"},
				"west": {"uv": [13.25, 2.625, 13.938, 1.875], "rotation": 180, "texture": "#5"},
				"up": {"uv": [16, 0, 0, 16], "rotation": 90, "texture": "#5"}
			}
		},
		{
			"from": [16.75364, 15.51331, 0.375],
			"to": [20.00364, 15.51831, 2.875],
			"rotation": {"angle": 22.5, "axis": "z", "origin": [8, 17.25, 8]},
			"faces": {
				"north": {"uv": [13.25, 1.875, 13.938, 2.625], "rotation": 270, "texture": "#5"},
				"east": {"uv": [13.25, 1.875, 13.938, 2.625], "texture": "#5"},
				"south": {"uv": [13.25, 1.875, 13.938, 2.625], "rotation": 90, "texture": "#5"},
				"west": {"uv": [13.25, 1.875, 13.938, 2.625], "rotation": 180, "texture": "#5"},
				"down": {"uv": [0, 0, 16, 16], "rotation": 90, "texture": "#5"}
			}
		},
		{
			"from": [13.16598, 19, -2.39806],
			"to": [16.41598, 21.5, -2.39306],
			"rotation": {"angle": -22.5, "axis": "y", "origin": [8, 17.25, 8]},
			"faces": {
				"north": {"uv": [0, 0, 16, 16], "rotation": 270, "texture": "#5"},
				"east": {"uv": [13.25, 1.875, 13.938, 2.625], "rotation": 270, "texture": "#5"},
				"west": {"uv": [13.25, 1.875, 13.938, 2.625], "rotation": 270, "texture": "#5"},
				"up": {"uv": [13.25, 1.875, 13.938, 2.625], "rotation": 90, "texture": "#5"},
				"down": {"uv": [13.25, 1.875, 13.938, 2.625], "rotation": 90, "texture": "#5"}
			}
		},
		{
			"from": [15.05478, 13, 0.20204],
			"to": [18.30478, 15.5, 0.20704],
			"rotation": {"angle": -22.5, "axis": "y", "origin": [8, 17.25, 8]},
			"faces": {
				"north": {"uv": [16, 16, 0, 0], "rotation": 90, "texture": "#5"},
				"east": {"uv": [13.25, 1.875, 13.938, 2.625], "rotation": 270, "texture": "#5"},
				"west": {"uv": [13.25, 1.875, 13.938, 2.625], "rotation": 270, "texture": "#5"},
				"up": {"uv": [13.25, 1.875, 13.938, 2.625], "rotation": 90, "texture": "#5"},
				"down": {"uv": [13.25, 1.875, 13.938, 2.625], "rotation": 90, "texture": "#5"}
			}
		},
		{
			"from": [17.44655, 19.2687, 3.5],
			"to": [20.69655, 19.2737, 6],
			"rotation": {"angle": -22.5, "axis": "z", "origin": [8, 17.25, 8]},
			"faces": {
				"north": {"uv": [13.938, 2.625, 13.25, 1.875], "rotation": 90, "texture": "#5"},
				"east": {"uv": [13.938, 2.625, 13.25, 1.875], "texture": "#5"},
				"south": {"uv": [13.938, 2.625, 13.25, 1.875], "rotation": 270, "texture": "#5"},
				"west": {"uv": [13.938, 2.625, 13.25, 1.875], "rotation": 180, "texture": "#5"},
				"up": {"uv": [0, 0, 16, 16], "rotation": 90, "texture": "#5"}
			}
		},
		{
			"from": [15.15045, 9.68302, 3.5],
			"to": [18.40045, 9.68802, 6],
			"rotation": {"angle": 22.5, "axis": "z", "origin": [8, 17.25, 8]},
			"faces": {
				"north": {"uv": [13.25, 2.625, 13.938, 1.875], "rotation": 90, "texture": "#5"},
				"east": {"uv": [13.938, 1.875, 13.25, 2.625], "texture": "#5"},
				"south": {"uv": [13.25, 2.625, 13.938, 1.875], "rotation": 270, "texture": "#5"},
				"west": {"uv": [13.938, 1.875, 13.25, 2.625], "rotation": 180, "texture": "#5"},
				"down": {"uv": [16, 0, 0, 16], "rotation": 90, "texture": "#5"}
			}
		},
		{
			"from": [17.54221, 13, 9.78773],
			"to": [20.79221, 15.5, 9.79273],
			"rotation": {"angle": 22.5, "axis": "y", "origin": [8, 17.25, 8]},
			"faces": {
				"east": {"uv": [13.25, 2.625, 13.938, 1.875], "rotation": 270, "texture": "#5"},
				"south": {"uv": [0, 16, 16, 0], "rotation": 270, "texture": "#5"},
				"west": {"uv": [13.25, 2.625, 13.938, 1.875], "rotation": 270, "texture": "#5"},
				"up": {"uv": [13.938, 1.875, 13.25, 2.625], "rotation": 90, "texture": "#5"},
				"down": {"uv": [13.938, 1.875, 13.25, 2.625], "rotation": 90, "texture": "#5"}
			}
		},
		{
			"from": [15.05478, 13, 15.79296],
			"to": [18.30478, 15.5, 15.79796],
			"rotation": {"angle": 22.5, "axis": "y", "origin": [8, 17.25, 8]},
			"faces": {
				"east": {"uv": [13.25, 2.625, 13.938, 1.875], "rotation": 270, "texture": "#5"},
				"south": {"uv": [16, 0, 0, 16], "rotation": 90, "texture": "#5"},
				"west": {"uv": [13.25, 2.625, 13.938, 1.875], "rotation": 270, "texture": "#5"},
				"up": {"uv": [13.938, 1.875, 13.25, 2.625], "rotation": 90, "texture": "#5"},
				"down": {"uv": [13.938, 1.875, 13.25, 2.625], "rotation": 90, "texture": "#5"}
			}
		},
		{
			"from": [17.44655, 19.2687, 10],
			"to": [20.69655, 19.2737, 12.5],
			"rotation": {"angle": -22.5, "axis": "z", "origin": [8, 17.25, 8]},
			"faces": {
				"north": {"uv": [13.938, 1.875, 13.25, 2.625], "rotation": 270, "texture": "#5"},
				"east": {"uv": [13.25, 2.625, 13.938, 1.875], "texture": "#5"},
				"south": {"uv": [13.938, 1.875, 13.25, 2.625], "rotation": 90, "texture": "#5"},
				"west": {"uv": [13.25, 2.625, 13.938, 1.875], "rotation": 180, "texture": "#5"},
				"up": {"uv": [16, 0, 0, 16], "rotation": 90, "texture": "#5"}
			}
		},
		{
			"from": [15.15045, 9.68302, 10],
			"to": [18.40045, 9.68802, 12.5],
			"rotation": {"angle": 22.5, "axis": "z", "origin": [8, 17.25, 8]},
			"faces": {
				"north": {"uv": [13.25, 1.875, 13.938, 2.625], "rotation": 270, "texture": "#5"},
				"east": {"uv": [13.25, 1.875, 13.938, 2.625], "texture": "#5"},
				"south": {"uv": [13.25, 1.875, 13.938, 2.625], "rotation": 90, "texture": "#5"},
				"west": {"uv": [13.25, 1.875, 13.938, 2.625], "rotation": 180, "texture": "#5"},
				"down": {"uv": [0, 0, 16, 16], "rotation": 90, "texture": "#5"}
			}
		},
		{
			"from": [17.54221, 13, 6.20727],
			"to": [20.79221, 15.5, 6.21227],
			"rotation": {"angle": -22.5, "axis": "y", "origin": [8, 17.25, 8]},
			"faces": {
				"north": {"uv": [0, 0, 16, 16], "rotation": 270, "texture": "#5"},
				"east": {"uv": [13.25, 1.875, 13.938, 2.625], "rotation": 270, "texture": "#5"},
				"west": {"uv": [13.25, 1.875, 13.938, 2.625], "rotation": 270, "texture": "#5"},
				"up": {"uv": [13.25, 1.875, 13.938, 2.625], "rotation": 90, "texture": "#5"},
				"down": {"uv": [13.25, 1.875, 13.938, 2.625], "rotation": 90, "texture": "#5"}
			}
		},
		{
			"from": [-5.29519, 19, 6.6136],
			"to": [-2.04519, 21.5, 6.6186],
			"rotation": {"angle": -22.5, "axis": "y", "origin": [8, 17.25, 8]},
			"faces": {
				"east": {"uv": [13.25, 1.875, 13.938, 2.625], "rotation": 270, "texture": "#5"},
				"south": {"uv": [16, 16, 0, 0], "rotation": 90, "texture": "#5"},
				"west": {"uv": [13.25, 1.875, 13.938, 2.625], "rotation": 270, "texture": "#5"},
				"up": {"uv": [13.938, 2.625, 13.25, 1.875], "rotation": 90, "texture": "#5"},
				"down": {"uv": [13.938, 2.625, 13.25, 1.875], "rotation": 90, "texture": "#5"}
			}
		},
		{
			"from": [-1.70753, 24.52497, 0.375],
			"to": [1.54247, 24.52997, 2.875],
			"rotation": {"angle": 22.5, "axis": "z", "origin": [8, 17.25, 8]},
			"faces": {
				"north": {"uv": [13.938, 2.625, 13.25, 1.875], "rotation": 270, "texture": "#5"},
				"east": {"uv": [13.938, 2.625, 13.25, 1.875], "rotation": 180, "texture": "#5"},
				"south": {"uv": [13.938, 2.625, 13.25, 1.875], "rotation": 90, "texture": "#5"},
				"west": {"uv": [13.938, 2.625, 13.25, 1.875], "texture": "#5"},
				"up": {"uv": [16, 16, 0, 0], "rotation": 90, "texture": "#5"}
			}
		},
		{
			"from": [-4.00364, 15.51331, 0.375],
			"to": [-0.75364, 15.51831, 2.875],
			"rotation": {"angle": -22.5, "axis": "z", "origin": [8, 17.25, 8]},
			"faces": {
				"north": {"uv": [13.25, 2.625, 13.938, 1.875], "rotation": 270, "texture": "#5"},
				"east": {"uv": [13.938, 1.875, 13.25, 2.625], "rotation": 180, "texture": "#5"},
				"south": {"uv": [13.25, 2.625, 13.938, 1.875], "rotation": 90, "texture": "#5"},
				"west": {"uv": [13.938, 1.875, 13.25, 2.625], "texture": "#5"},
				"down": {"uv": [0, 16, 16, 0], "rotation": 90, "texture": "#5"}
			}
		},
		{
			"from": [-0.41598, 19, -2.39806],
			"to": [2.83402, 21.5, -2.39306],
			"rotation": {"angle": 22.5, "axis": "y", "origin": [8, 17.25, 8]},
			"faces": {
				"north": {"uv": [0, 16, 16, 0], "rotation": 270, "texture": "#5"},
				"east": {"uv": [13.25, 2.625, 13.938, 1.875], "rotation": 270, "texture": "#5"},
				"west": {"uv": [13.25, 2.625, 13.938, 1.875], "rotation": 270, "texture": "#5"},
				"up": {"uv": [13.25, 2.625, 13.938, 1.875], "rotation": 90, "texture": "#5"},
				"down": {"uv": [13.25, 2.625, 13.938, 1.875], "rotation": 90, "texture": "#5"}
			}
		},
		{
			"from": [-5.29519, 19, 9.3814],
			"to": [-2.04519, 21.5, 9.3864],
			"rotation": {"angle": 22.5, "axis": "y", "origin": [8, 17.25, 8]},
			"faces": {
				"north": {"uv": [16, 0, 0, 16], "rotation": 90, "texture": "#5"},
				"east": {"uv": [13.25, 2.625, 13.938, 1.875], "rotation": 270, "texture": "#5"},
				"west": {"uv": [13.25, 2.625, 13.938, 1.875], "rotation": 270, "texture": "#5"},
				"up": {"uv": [13.25, 2.625, 13.938, 1.875], "rotation": 90, "texture": "#5"},
				"down": {"uv": [13.25, 2.625, 13.938, 1.875], "rotation": 90, "texture": "#5"}
			}
		},
		{
			"from": [-1.70753, 24.52497, 13.125],
			"to": [1.54247, 24.52997, 15.625],
			"rotation": {"angle": 22.5, "axis": "z", "origin": [8, 17.25, 8]},
			"faces": {
				"north": {"uv": [13.938, 1.875, 13.25, 2.625], "rotation": 90, "texture": "#5"},
				"east": {"uv": [13.25, 2.625, 13.938, 1.875], "rotation": 180, "texture": "#5"},
				"south": {"uv": [13.938, 1.875, 13.25, 2.625], "rotation": 270, "texture": "#5"},
				"west": {"uv": [13.25, 2.625, 13.938, 1.875], "texture": "#5"},
				"up": {"uv": [0, 16, 16, 0], "rotation": 90, "texture": "#5"}
			}
		},
		{
			"from": [-4.00364, 15.51331, 13.125],
			"to": [-0.75364, 15.51831, 15.625],
			"rotation": {"angle": -22.5, "axis": "z", "origin": [8, 17.25, 8]},
			"faces": {
				"north": {"uv": [13.25, 1.875, 13.938, 2.625], "rotation": 90, "texture": "#5"},
				"east": {"uv": [13.25, 1.875, 13.938, 2.625], "rotation": 180, "texture": "#5"},
				"south": {"uv": [13.25, 1.875, 13.938, 2.625], "rotation": 270, "texture": "#5"},
				"west": {"uv": [13.25, 1.875, 13.938, 2.625], "texture": "#5"},
				"down": {"uv": [16, 16, 0, 0], "rotation": 90, "texture": "#5"}
			}
		},
		{
			"from": [-0.41598, 19, 18.39306],
			"to": [2.83402, 21.5, 18.39806],
			"rotation": {"angle": -22.5, "axis": "y", "origin": [8, 17.25, 8]},
			"faces": {
				"east": {"uv": [13.25, 1.875, 13.938, 2.625], "rotation": 270, "texture": "#5"},
				"south": {"uv": [0, 0, 16, 16], "rotation": 270, "texture": "#5"},
				"west": {"uv": [13.25, 1.875, 13.938, 2.625], "rotation": 270, "texture": "#5"},
				"up": {"uv": [13.938, 2.625, 13.25, 1.875], "rotation": 90, "texture": "#5"},
				"down": {"uv": [13.938, 2.625, 13.25, 1.875], "rotation": 90, "texture": "#5"}
			}
		},
		{
			"from": [-2.30478, 13, 15.79296],
			"to": [0.94522, 15.5, 15.79796],
			"rotation": {"angle": -22.5, "axis": "y", "origin": [8, 17.25, 8]},
			"faces": {
				"south": {"uv": [16, 16, 0, 0], "rotation": 90, "texture": "#5"},
				"west": {"uv": [13.25, 1.875, 13.938, 2.625], "rotation": 270, "texture": "#5"},
				"up": {"uv": [13.938, 2.625, 13.25, 1.875], "rotation": 90, "texture": "#5"},
				"down": {"uv": [13.938, 2.625, 13.25, 1.875], "rotation": 90, "texture": "#5"}
			}
		},
		{
			"from": [-4.69655, 19.2687, 10],
			"to": [-1.44655, 19.2737, 12.5],
			"rotation": {"angle": 22.5, "axis": "z", "origin": [8, 17.25, 8]},
			"faces": {
				"north": {"uv": [13.938, 2.625, 13.25, 1.875], "rotation": 270, "texture": "#5"},
				"south": {"uv": [13.938, 2.625, 13.25, 1.875], "rotation": 90, "texture": "#5"},
				"west": {"uv": [13.938, 2.625, 13.25, 1.875], "texture": "#5"},
				"up": {"uv": [16, 16, 0, 0], "rotation": 90, "texture": "#5"}
			}
		},
		{
			"from": [-2.40045, 9.68302, 10],
			"to": [0.84955, 9.68802, 12.5],
			"rotation": {"angle": -22.5, "axis": "z", "origin": [8, 17.25, 8]},
			"faces": {
				"north": {"uv": [13.25, 2.625, 13.938, 1.875], "rotation": 270, "texture": "#5"},
				"south": {"uv": [13.25, 2.625, 13.938, 1.875], "rotation": 90, "texture": "#5"},
				"west": {"uv": [13.938, 1.875, 13.25, 2.625], "texture": "#5"},
				"down": {"uv": [0, 16, 16, 0], "rotation": 90, "texture": "#5"}
			}
		},
		{
			"from": [-4.79221, 13, 6.20727],
			"to": [-1.54221, 15.5, 6.21227],
			"rotation": {"angle": 22.5, "axis": "y", "origin": [8, 17.25, 8]},
			"faces": {
				"north": {"uv": [0, 16, 16, 0], "rotation": 270, "texture": "#5"},
				"west": {"uv": [13.25, 2.625, 13.938, 1.875], "rotation": 270, "texture": "#5"},
				"up": {"uv": [13.25, 2.625, 13.938, 1.875], "rotation": 90, "texture": "#5"},
				"down": {"uv": [13.25, 2.625, 13.938, 1.875], "rotation": 90, "texture": "#5"}
			}
		},
		{
			"from": [-2.30478, 13, 0.20204],
			"to": [0.94522, 15.5, 0.20704],
			"rotation": {"angle": 22.5, "axis": "y", "origin": [8, 17.25, 8]},
			"faces": {
				"north": {"uv": [16, 0, 0, 16], "rotation": 90, "texture": "#5"},
				"west": {"uv": [13.25, 2.625, 13.938, 1.875], "rotation": 270, "texture": "#5"},
				"up": {"uv": [13.25, 2.625, 13.938, 1.875], "rotation": 90, "texture": "#5"},
				"down": {"uv": [13.25, 2.625, 13.938, 1.875], "rotation": 90, "texture": "#5"}
			}
		},
		{
			"from": [-4.69655, 19.2687, 3.5],
			"to": [-1.44655, 19.2737, 6],
			"rotation": {"angle": 22.5, "axis": "z", "origin": [8, 17.25, 8]},
			"faces": {
				"north": {"uv": [13.938, 1.875, 13.25, 2.625], "rotation": 90, "texture": "#5"},
				"south": {"uv": [13.938, 1.875, 13.25, 2.625], "rotation": 270, "texture": "#5"},
				"west": {"uv": [13.25, 2.625, 13.938, 1.875], "texture": "#5"},
				"up": {"uv": [0, 16, 16, 0], "rotation": 90, "texture": "#5"}
			}
		},
		{
			"from": [-2.40045, 9.68302, 3.5],
			"to": [0.84955, 9.68802, 6],
			"rotation": {"angle": -22.5, "axis": "z", "origin": [8, 17.25, 8]},
			"faces": {
				"north": {"uv": [13.25, 1.875, 13.938, 2.625], "rotation": 90, "texture": "#5"},
				"south": {"uv": [13.25, 1.875, 13.938, 2.625], "rotation": 270, "texture": "#5"},
				"west": {"uv": [13.25, 1.875, 13.938, 2.625], "texture": "#5"},
				"down": {"uv": [16, 16, 0, 0], "rotation": 90, "texture": "#5"}
			}
		},
		{
			"from": [-4.79221, 13, 9.78773],
			"to": [-1.54221, 15.5, 9.79273],
			"rotation": {"angle": -22.5, "axis": "y", "origin": [8, 17.25, 8]},
			"faces": {
				"south": {"uv": [0, 0, 16, 16], "rotation": 270, "texture": "#5"},
				"west": {"uv": [13.25, 1.875, 13.938, 2.625], "rotation": 270, "texture": "#5"},
				"up": {"uv": [13.938, 2.625, 13.25, 1.875], "rotation": 90, "texture": "#5"},
				"down": {"uv": [13.938, 2.625, 13.25, 1.875], "rotation": 90, "texture": "#5"}
			}
		},
		{
			"from": [6.6136, 19, 18.04519],
			"to": [6.6186, 21.5, 21.29519],
			"rotation": {"angle": -22.5, "axis": "y", "origin": [8, 17.25, 8]},
			"faces": {
				"east": {"uv": [16, 16, 0, 0], "rotation": 90, "texture": "#5"},
				"south": {"uv": [13.25, 1.875, 13.938, 2.625], "rotation": 270, "texture": "#5"},
				"up": {"uv": [13.25, 1.875, 13.938, 2.625], "rotation": 180, "texture": "#5"},
				"down": {"uv": [13.25, 1.875, 13.938, 2.625], "texture": "#5"}
			}
		},
		{
			"from": [0.375, 24.52497, 14.45753],
			"to": [2.875, 24.52997, 17.70753],
			"rotation": {"angle": 22.5, "axis": "x", "origin": [8, 17.25, 8]},
			"faces": {
				"east": {"uv": [13.938, 2.625, 13.25, 1.875], "rotation": 90, "texture": "#5"},
				"south": {"uv": [13.938, 2.625, 13.25, 1.875], "texture": "#5"},
				"west": {"uv": [13.938, 2.625, 13.25, 1.875], "rotation": 270, "texture": "#5"},
				"up": {"uv": [0, 0, 16, 16], "rotation": 180, "texture": "#5"}
			}
		},
		{
			"from": [0.375, 15.51331, 16.75364],
			"to": [2.875, 15.51831, 20.00364],
			"rotation": {"angle": -22.5, "axis": "x", "origin": [8, 17.25, 8]},
			"faces": {
				"east": {"uv": [13.25, 2.625, 13.938, 1.875], "rotation": 90, "texture": "#5"},
				"south": {"uv": [13.938, 1.875, 13.25, 2.625], "texture": "#5"},
				"west": {"uv": [13.25, 2.625, 13.938, 1.875], "rotation": 270, "texture": "#5"},
				"down": {"uv": [16, 0, 0, 16], "texture": "#5"}
			}
		},
		{
			"from": [-2.39806, 19, 13.16598],
			"to": [-2.39306, 21.5, 16.41598],
			"rotation": {"angle": 22.5, "axis": "y", "origin": [8, 17.25, 8]},
			"faces": {
				"south": {"uv": [13.25, 2.625, 13.938, 1.875], "rotation": 270, "texture": "#5"},
				"west": {"uv": [0, 16, 16, 0], "rotation": 270, "texture": "#5"},
				"up": {"uv": [13.938, 1.875, 13.25, 2.625], "rotation": 180, "texture": "#5"},
				"down": {"uv": [13.938, 1.875, 13.25, 2.625], "texture": "#5"}
			}
		},
		{
			"from": [9.3814, 19, 18.04519],
			"to": [9.3864, 21.5, 21.29519],
			"rotation": {"angle": 22.5, "axis": "y", "origin": [8, 17.25, 8]},
			"faces": {
				"south": {"uv": [13.25, 2.625, 13.938, 1.875], "rotation": 270, "texture": "#5"},
				"west": {"uv": [16, 0, 0, 16], "rotation": 90, "texture": "#5"},
				"up": {"uv": [13.938, 1.875, 13.25, 2.625], "rotation": 180, "texture": "#5"},
				"down": {"uv": [13.938, 1.875, 13.25, 2.625], "texture": "#5"}
			}
		},
		{
			"from": [13.125, 24.52497, 14.45753],
			"to": [15.625, 24.52997, 17.70753],
			"rotation": {"angle": 22.5, "axis": "x", "origin": [8, 17.25, 8]},
			"faces": {
				"east": {"uv": [13.938, 1.875, 13.25, 2.625], "rotation": 270, "texture": "#5"},
				"south": {"uv": [13.25, 2.625, 13.938, 1.875], "texture": "#5"},
				"west": {"uv": [13.938, 1.875, 13.25, 2.625], "rotation": 90, "texture": "#5"},
				"up": {"uv": [16, 0, 0, 16], "rotation": 180, "texture": "#5"}
			}
		},
		{
			"from": [13.125, 15.51331, 16.75364],
			"to": [15.625, 15.51831, 20.00364],
			"rotation": {"angle": -22.5, "axis": "x", "origin": [8, 17.25, 8]},
			"faces": {
				"east": {"uv": [13.25, 1.875, 13.938, 2.625], "rotation": 270, "texture": "#5"},
				"south": {"uv": [13.25, 1.875, 13.938, 2.625], "texture": "#5"},
				"west": {"uv": [13.25, 1.875, 13.938, 2.625], "rotation": 90, "texture": "#5"},
				"down": {"uv": [0, 0, 16, 16], "texture": "#5"}
			}
		},
		{
			"from": [18.39306, 19, 13.16598],
			"to": [18.39806, 21.5, 16.41598],
			"rotation": {"angle": -22.5, "axis": "y", "origin": [8, 17.25, 8]},
			"faces": {
				"east": {"uv": [0, 0, 16, 16], "rotation": 270, "texture": "#5"},
				"south": {"uv": [13.25, 1.875, 13.938, 2.625], "rotation": 270, "texture": "#5"},
				"up": {"uv": [13.25, 1.875, 13.938, 2.625], "rotation": 180, "texture": "#5"},
				"down": {"uv": [13.25, 1.875, 13.938, 2.625], "texture": "#5"}
			}
		},
		{
			"from": [15.79296, 13, 15.05478],
			"to": [15.79796, 15.5, 18.30478],
			"rotation": {"angle": -22.5, "axis": "y", "origin": [8, 17.25, 8]},
			"faces": {
				"east": {"uv": [16, 16, 0, 0], "rotation": 90, "texture": "#5"},
				"south": {"uv": [13.25, 1.875, 13.938, 2.625], "rotation": 270, "texture": "#5"},
				"up": {"uv": [13.25, 1.875, 13.938, 2.625], "rotation": 180, "texture": "#5"},
				"down": {"uv": [13.25, 1.875, 13.938, 2.625], "texture": "#5"}
			}
		},
		{
			"from": [10, 19.2687, 17.44655],
			"to": [12.5, 19.2737, 20.69655],
			"rotation": {"angle": 22.5, "axis": "x", "origin": [8, 17.25, 8]},
			"faces": {
				"east": {"uv": [13.938, 2.625, 13.25, 1.875], "rotation": 90, "texture": "#5"},
				"south": {"uv": [13.938, 2.625, 13.25, 1.875], "texture": "#5"},
				"west": {"uv": [13.938, 2.625, 13.25, 1.875], "rotation": 270, "texture": "#5"},
				"up": {"uv": [0, 0, 16, 16], "rotation": 180, "texture": "#5"}
			}
		},
		{
			"from": [10, 9.68302, 15.15045],
			"to": [12.5, 9.68802, 18.40045],
			"rotation": {"angle": -22.5, "axis": "x", "origin": [8, 17.25, 8]},
			"faces": {
				"east": {"uv": [13.25, 2.625, 13.938, 1.875], "rotation": 90, "texture": "#5"},
				"south": {"uv": [13.938, 1.875, 13.25, 2.625], "texture": "#5"},
				"west": {"uv": [13.25, 2.625, 13.938, 1.875], "rotation": 270, "texture": "#5"},
				"down": {"uv": [16, 0, 0, 16], "texture": "#5"}
			}
		},
		{
			"from": [6.20727, 13, 17.54221],
			"to": [6.21227, 15.5, 20.79221],
			"rotation": {"angle": 22.5, "axis": "y", "origin": [8, 17.25, 8]},
			"faces": {
				"south": {"uv": [13.25, 2.625, 13.938, 1.875], "rotation": 270, "texture": "#5"},
				"west": {"uv": [0, 16, 16, 0], "rotation": 270, "texture": "#5"},
				"up": {"uv": [13.938, 1.875, 13.25, 2.625], "rotation": 180, "texture": "#5"},
				"down": {"uv": [13.938, 1.875, 13.25, 2.625], "texture": "#5"}
			}
		},
		{
			"from": [0.20204, 13, 15.05478],
			"to": [0.20704, 15.5, 18.30478],
			"rotation": {"angle": 22.5, "axis": "y", "origin": [8, 17.25, 8]},
			"faces": {
				"south": {"uv": [13.25, 2.625, 13.938, 1.875], "rotation": 270, "texture": "#5"},
				"west": {"uv": [16, 0, 0, 16], "rotation": 90, "texture": "#5"},
				"up": {"uv": [13.938, 1.875, 13.25, 2.625], "rotation": 180, "texture": "#5"},
				"down": {"uv": [13.938, 1.875, 13.25, 2.625], "texture": "#5"}
			}
		},
		{
			"from": [3.5, 19.2687, 17.44655],
			"to": [6, 19.2737, 20.69655],
			"rotation": {"angle": 22.5, "axis": "x", "origin": [8, 17.25, 8]},
			"faces": {
				"east": {"uv": [13.938, 1.875, 13.25, 2.625], "rotation": 270, "texture": "#5"},
				"south": {"uv": [13.25, 2.625, 13.938, 1.875], "texture": "#5"},
				"west": {"uv": [13.938, 1.875, 13.25, 2.625], "rotation": 90, "texture": "#5"},
				"up": {"uv": [16, 0, 0, 16], "rotation": 180, "texture": "#5"}
			}
		},
		{
			"from": [3.5, 9.68302, 15.15045],
			"to": [6, 9.68802, 18.40045],
			"rotation": {"angle": -22.5, "axis": "x", "origin": [8, 17.25, 8]},
			"faces": {
				"east": {"uv": [13.25, 1.875, 13.938, 2.625], "rotation": 270, "texture": "#5"},
				"south": {"uv": [13.25, 1.875, 13.938, 2.625], "texture": "#5"},
				"west": {"uv": [13.25, 1.875, 13.938, 2.625], "rotation": 90, "texture": "#5"},
				"down": {"uv": [0, 0, 16, 16], "texture": "#5"}
			}
		},
		{
			"from": [9.78773, 13, 17.54221],
			"to": [9.79273, 15.5, 20.79221],
			"rotation": {"angle": -22.5, "axis": "y", "origin": [8, 17.25, 8]},
			"faces": {
				"east": {"uv": [0, 0, 16, 16], "rotation": 270, "texture": "#5"},
				"south": {"uv": [13.25, 1.875, 13.938, 2.625], "rotation": 270, "texture": "#5"},
				"up": {"uv": [13.25, 1.875, 13.938, 2.625], "rotation": 180, "texture": "#5"},
				"down": {"uv": [13.25, 1.875, 13.938, 2.625], "texture": "#5"}
			}
		},
		{
			"from": [9.3814, 19, -5.29519],
			"to": [9.3864, 21.5, -2.04519],
			"rotation": {"angle": -22.5, "axis": "y", "origin": [8, 17.25, 8]},
			"faces": {
				"north": {"uv": [13.25, 1.875, 13.938, 2.625], "rotation": 270, "texture": "#5"},
				"west": {"uv": [16, 16, 0, 0], "rotation": 90, "texture": "#5"},
				"up": {"uv": [13.938, 2.625, 13.25, 1.875], "rotation": 180, "texture": "#5"},
				"down": {"uv": [13.938, 2.625, 13.25, 1.875], "texture": "#5"}
			}
		},
		{
			"from": [13.125, 24.52497, -1.70753],
			"to": [15.625, 24.52997, 1.54247],
			"rotation": {"angle": -22.5, "axis": "x", "origin": [8, 17.25, 8]},
			"faces": {
				"north": {"uv": [13.938, 2.625, 13.25, 1.875], "texture": "#5"},
				"east": {"uv": [13.938, 2.625, 13.25, 1.875], "rotation": 270, "texture": "#5"},
				"west": {"uv": [13.938, 2.625, 13.25, 1.875], "rotation": 90, "texture": "#5"},
				"up": {"uv": [16, 16, 0, 0], "rotation": 180, "texture": "#5"}
			}
		},
		{
			"from": [13.125, 15.51331, -4.00364],
			"to": [15.625, 15.51831, -0.75364],
			"rotation": {"angle": 22.5, "axis": "x", "origin": [8, 17.25, 8]},
			"faces": {
				"north": {"uv": [13.938, 1.875, 13.25, 2.625], "texture": "#5"},
				"east": {"uv": [13.25, 2.625, 13.938, 1.875], "rotation": 270, "texture": "#5"},
				"west": {"uv": [13.25, 2.625, 13.938, 1.875], "rotation": 90, "texture": "#5"},
				"down": {"uv": [0, 16, 16, 0], "texture": "#5"}
			}
		},
		{
			"from": [18.39306, 19, -0.41598],
			"to": [18.39806, 21.5, 2.83402],
			"rotation": {"angle": 22.5, "axis": "y", "origin": [8, 17.25, 8]},
			"faces": {
				"north": {"uv": [13.25, 2.625, 13.938, 1.875], "rotation": 270, "texture": "#5"},
				"east": {"uv": [0, 16, 16, 0], "rotation": 270, "texture": "#5"},
				"up": {"uv": [13.25, 2.625, 13.938, 1.875], "rotation": 180, "texture": "#5"},
				"down": {"uv": [13.25, 2.625, 13.938, 1.875], "texture": "#5"}
			}
		},
		{
			"from": [6.6136, 19, -5.29519],
			"to": [6.6186, 21.5, -2.04519],
			"rotation": {"angle": 22.5, "axis": "y", "origin": [8, 17.25, 8]},
			"faces": {
				"north": {"uv": [13.25, 2.625, 13.938, 1.875], "rotation": 270, "texture": "#5"},
				"east": {"uv": [16, 0, 0, 16], "rotation": 90, "texture": "#5"},
				"up": {"uv": [13.25, 2.625, 13.938, 1.875], "rotation": 180, "texture": "#5"},
				"down": {"uv": [13.25, 2.625, 13.938, 1.875], "texture": "#5"}
			}
		},
		{
			"from": [0.375, 24.52497, -1.70753],
			"to": [2.875, 24.52997, 1.54247],
			"rotation": {"angle": -22.5, "axis": "x", "origin": [8, 17.25, 8]},
			"faces": {
				"north": {"uv": [13.25, 2.625, 13.938, 1.875], "texture": "#5"},
				"east": {"uv": [13.938, 1.875, 13.25, 2.625], "rotation": 90, "texture": "#5"},
				"west": {"uv": [13.938, 1.875, 13.25, 2.625], "rotation": 270, "texture": "#5"},
				"up": {"uv": [0, 16, 16, 0], "rotation": 180, "texture": "#5"}
			}
		},
		{
			"from": [0.375, 15.51331, -4.00364],
			"to": [2.875, 15.51831, -0.75364],
			"rotation": {"angle": 22.5, "axis": "x", "origin": [8, 17.25, 8]},
			"faces": {
				"north": {"uv": [13.25, 1.875, 13.938, 2.625], "texture": "#5"},
				"east": {"uv": [13.25, 1.875, 13.938, 2.625], "rotation": 90, "texture": "#5"},
				"west": {"uv": [13.25, 1.875, 13.938, 2.625], "rotation": 270, "texture": "#5"},
				"down": {"uv": [16, 16, 0, 0], "texture": "#5"}
			}
		},
		{
			"from": [-2.39806, 19, -0.41598],
			"to": [-2.39306, 21.5, 2.83402],
			"rotation": {"angle": -22.5, "axis": "y", "origin": [8, 17.25, 8]},
			"faces": {
				"north": {"uv": [13.25, 1.875, 13.938, 2.625], "rotation": 270, "texture": "#5"},
				"west": {"uv": [0, 0, 16, 16], "rotation": 270, "texture": "#5"},
				"up": {"uv": [13.938, 2.625, 13.25, 1.875], "rotation": 180, "texture": "#5"},
				"down": {"uv": [13.938, 2.625, 13.25, 1.875], "texture": "#5"}
			}
		},
		{
			"from": [0.20204, 13, -2.30478],
			"to": [0.20704, 15.5, 0.94522],
			"rotation": {"angle": -22.5, "axis": "y", "origin": [8, 17.25, 8]},
			"faces": {
				"north": {"uv": [13.25, 1.875, 13.938, 2.625], "rotation": 270, "texture": "#5"},
				"west": {"uv": [16, 16, 0, 0], "rotation": 90, "texture": "#5"},
				"up": {"uv": [13.938, 2.625, 13.25, 1.875], "rotation": 180, "texture": "#5"},
				"down": {"uv": [13.938, 2.625, 13.25, 1.875], "texture": "#5"}
			}
		},
		{
			"from": [3.5, 19.2687, -4.69655],
			"to": [6, 19.2737, -1.44655],
			"rotation": {"angle": -22.5, "axis": "x", "origin": [8, 17.25, 8]},
			"faces": {
				"north": {"uv": [13.938, 2.625, 13.25, 1.875], "texture": "#5"},
				"east": {"uv": [13.938, 2.625, 13.25, 1.875], "rotation": 270, "texture": "#5"},
				"west": {"uv": [13.938, 2.625, 13.25, 1.875], "rotation": 90, "texture": "#5"},
				"up": {"uv": [16, 16, 0, 0], "rotation": 180, "texture": "#5"}
			}
		},
		{
			"from": [3.5, 9.68302, -2.40045],
			"to": [6, 9.68802, 0.84955],
			"rotation": {"angle": 22.5, "axis": "x", "origin": [8, 17.25, 8]},
			"faces": {
				"north": {"uv": [13.938, 1.875, 13.25, 2.625], "texture": "#5"},
				"east": {"uv": [13.25, 2.625, 13.938, 1.875], "rotation": 270, "texture": "#5"},
				"west": {"uv": [13.25, 2.625, 13.938, 1.875], "rotation": 90, "texture": "#5"},
				"down": {"uv": [0, 16, 16, 0], "texture": "#5"}
			}
		},
		{
			"from": [9.78773, 13, -4.79221],
			"to": [9.79273, 15.5, -1.54221],
			"rotation": {"angle": 22.5, "axis": "y", "origin": [8, 17.25, 8]},
			"faces": {
				"north": {"uv": [13.25, 2.625, 13.938, 1.875], "rotation": 270, "texture": "#5"},
				"east": {"uv": [0, 16, 16, 0], "rotation": 270, "texture": "#5"},
				"up": {"uv": [13.25, 2.625, 13.938, 1.875], "rotation": 180, "texture": "#5"},
				"down": {"uv": [13.25, 2.625, 13.938, 1.875], "texture": "#5"}
			}
		},
		{
			"from": [15.79296, 13, -2.30478],
			"to": [15.79796, 15.5, 0.94522],
			"rotation": {"angle": 22.5, "axis": "y", "origin": [8, 17.25, 8]},
			"faces": {
				"north": {"uv": [13.25, 2.625, 13.938, 1.875], "rotation": 270, "texture": "#5"},
				"east": {"uv": [16, 0, 0, 16], "rotation": 90, "texture": "#5"},
				"up": {"uv": [13.25, 2.625, 13.938, 1.875], "rotation": 180, "texture": "#5"},
				"down": {"uv": [13.25, 2.625, 13.938, 1.875], "texture": "#5"}
			}
		},
		{
			"from": [10, 19.2687, -4.69655],
			"to": [12.5, 19.2737, -1.44655],
			"rotation": {"angle": -22.5, "axis": "x", "origin": [8, 17.25, 8]},
			"faces": {
				"north": {"uv": [13.25, 2.625, 13.938, 1.875], "texture": "#5"},
				"east": {"uv": [13.938, 1.875, 13.25, 2.625], "rotation": 90, "texture": "#5"},
				"west": {"uv": [13.938, 1.875, 13.25, 2.625], "rotation": 270, "texture": "#5"},
				"up": {"uv": [0, 16, 16, 0], "rotation": 180, "texture": "#5"}
			}
		},
		{
			"from": [10, 9.68302, -2.40045],
			"to": [12.5, 9.68802, 0.84955],
			"rotation": {"angle": 22.5, "axis": "x", "origin": [8, 17.25, 8]},
			"faces": {
				"north": {"uv": [13.25, 1.875, 13.938, 2.625], "texture": "#5"},
				"east": {"uv": [13.25, 1.875, 13.938, 2.625], "rotation": 90, "texture": "#5"},
				"west": {"uv": [13.25, 1.875, 13.938, 2.625], "rotation": 270, "texture": "#5"},
				"down": {"uv": [16, 16, 0, 0], "texture": "#5"}
			}
		},
		{
			"from": [6.20727, 13, -4.79221],
			"to": [6.21227, 15.5, -1.54221],
			"rotation": {"angle": -22.5, "axis": "y", "origin": [8, 17.25, 8]},
			"faces": {
				"north": {"uv": [13.25, 1.875, 13.938, 2.625], "rotation": 270, "texture": "#5"},
				"west": {"uv": [0, 0, 16, 16], "rotation": 270, "texture": "#5"},
				"up": {"uv": [13.938, 2.625, 13.25, 1.875], "rotation": 180, "texture": "#5"},
				"down": {"uv": [13.938, 2.625, 13.25, 1.875], "texture": "#5"}
			}
		}
	],
	"display": {
		"thirdperson_righthand": {
			"rotation": [75, -145, 0],
			"translation": [0, 2.5, 0],
			"scale": [0.375, 0.375, 0.375]
		},
		"thirdperson_lefthand": {
			"rotation": [75, -145, 0],
			"translation": [0, 2.5, 0],
			"scale": [-0.375, 0.375, 0.375]
		},
		"firstperson_righthand": {
			"rotation": [0, -45, 0],
			"translation": [0, 1, -1],
			"scale": [0.3, 0.3, 0.3]
		},
		"firstperson_lefthand": {
			"rotation": [0, -45, 0],
			"translation": [0, 1, -1],
			"scale": [-0.3, 0.3, 0.3]
		},
		"ground": {
			"translation": [0, 3, 0],
			"scale": [0.25, 0.25, 0.25]
		},
		"gui": {
			"rotation": [30, -45, 0],
			"translation": [0, 0.5, 0],
			"scale": [0.4, 0.4, 0.4]
		},
		"head": {
			"rotation": [0, -180, 0],
			"translation": [0, -21, 0],
			"scale": [3.5, 3.5, 3.5]
		},
		"fixed": {
			"rotation": [0, 90, 0],
			"translation": [0, 0, -4.25],
			"scale": [0.5, 0.5, 0.5]
		}
	},
	"groups": [0, 1, 2, 3, 4, 5, 6, 7, 8, 9, 10, 11, 12, 13, 14, 15, 16, 17, 18, 19, 20, 21, 22, 23, 24, 25, 26,
		{
			"name": "chain",
			"origin": [8, 0.225, -0.47656],
			"children": [27, 28, 29, 30, 31, 32, 33, 34]
		},
		{
			"name": "SIDE_1",
			"origin": [8, 8, 8],
			"children": [
				{
					"name": "group",
					"origin": [16.125, 0.6, 11.5],
					"children": [35, 36, 37, 38, 39,
						{
							"name": "chain",
							"origin": [8, 0.225, -0.47656],
							"children": []
						}
					]
				}
			]
		},
		{
			"name": "SIDE_2",
			"origin": [8, 8, 8],
			"children": [
				{
					"name": "group",
					"origin": [16.125, 0.6, 11.5],
					"children": [40, 41]
				}
			]
		},
		{
			"name": "SIDE_3",
			"origin": [8, 8, 8],
			"children": [
				{
					"name": "group",
					"origin": [16.125, 0.6, 11.5],
					"children": [42, 43, 44, 45]
				}
			]
		},
		{
			"name": "SIDE_4",
			"origin": [8, 8, 8],
			"children": [
				{
					"name": "group",
					"origin": [16.125, 0.6, 11.5],
					"children": [46, 47, 48, 49, 50, 51, 52, 53, 54, 55, 56, 57]
				}
			]
		},
		{
			"name": "chain",
			"origin": [8, 0.225, -0.47656],
			"children": [58, 59, 60, 61, 62, 63, 64, 65]
		},
		{
			"name": "spikes",
			"origin": [8, 8, 8],
			"children": [
				{
					"name": "spike_side",
					"origin": [8, 8, 8],
					"children": [
						{
							"name": "spike",
							"origin": [14.75, 11, 17],
							"children": [66, 67, 68, 69]
						},
						{
							"name": "spike",
							"origin": [14.75, 11, 17],
							"children": [70, 71, 72, 73]
						},
						{
							"name": "spike",
							"origin": [14.75, 11, 17],
							"children": [74, 75, 76, 77]
						},
						{
							"name": "spike",
							"origin": [14.75, 11, 17],
							"children": [78, 79, 80, 81]
						}
					]
				},
				{
					"name": "spike_side",
					"origin": [8, 8, 8],
					"children": [
						{
							"name": "spike",
							"origin": [14.75, 11, 17],
							"children": [82, 83, 84, 85]
						},
						{
							"name": "spike",
							"origin": [14.75, 11, 17],
							"children": [86, 87, 88, 89]
						},
						{
							"name": "spike",
							"origin": [14.75, 11, 17],
							"children": [90, 91, 92, 93]
						},
						{
							"name": "spike",
							"origin": [14.75, 11, 17],
							"children": [94, 95, 96, 97]
						}
					]
				},
				{
					"name": "spike_side",
					"origin": [8, 8, 8],
					"children": [
						{
							"name": "spike",
							"origin": [14.75, 11, 17],
							"children": [98, 99, 100, 101]
						},
						{
							"name": "spike",
							"origin": [14.75, 11, 17],
							"children": [102, 103, 104, 105]
						},
						{
							"name": "spike",
							"origin": [14.75, 11, 17],
							"children": [106, 107, 108, 109]
						},
						{
							"name": "spike",
							"origin": [14.75, 11, 17],
							"children": [110, 111, 112, 113]
						}
					]
				},
				{
					"name": "spike_side",
					"origin": [8, 8, 8],
					"children": [
						{
							"name": "spike",
							"origin": [14.75, 11, 17],
							"children": [114, 115, 116, 117]
						},
						{
							"name": "spike",
							"origin": [14.75, 11, 17],
							"children": [118, 119, 120, 121]
						},
						{
							"name": "spike",
							"origin": [14.75, 11, 17],
							"children": [122, 123, 124, 125]
						},
						{
							"name": "spike",
							"origin": [14.75, 11, 17],
							"children": [126, 127, 128, 129]
						}
					]
				}
			]
		}
	]
}