{
	"credit": "Made by MadstonMagic, using Cubik Pro & Blockbench",
	"parent": "towers/spider/05_lvl_5",
	"textures": {
		"0": "towers_transparent/stone",
		"1": "towers_transparent/cobweb",
		"2": "towers_transparent/cobblestone",
		"3": "custom_transparent/cobblestone_end",
		"4": "custom_transparent/cobblestone_stairs",
		"6": "towers_transparent/coal_ore",
		"7": "towers_transparent/mossy_cobblestone",
		"8": "custom_transparent/mobs/spider",
		"9": "custom_transparent/grass/normal/top",
		"10": "custom_transparent/grass/normal/side",
		"11": "towers_transparent/dirt",
		"12": "towers_transparent/andesite",
		"13": "towers_transparent/spruce_planks",
		"14": "towers_transparent/blast_furnace_front",
		"15": "towers_transparent/iron_ore",
		"16": "towers_transparent/gold_ore",
		"17": "custom_transparent/mobs/minecart",
		"19": "custom_transparent/heads",
		"particle": "towers_transparent/stone"
	}
}