{
  "file_name": "piece1",
  "texture_size": [
    32,
    32
  ],
  "textures": {
    "layer0": "modelengine:entity/shieldbreak"
  },
  "elements": [
    {
      "name": "piece1_0",
      "from": [
        7.175864,
        7.7059946,
        7.85
      ],
      "to": [
        9.575865,
        9.025994,
        8.15
      ],
      "rotation": {
        "angle": -22.5,
        "axis": "z",
        "origin": [
          8.675864,
          6.925995,
          8.0
        ]
      },
      "faces": {
        "down": {
          "uv": [
            10.5,
            2.0,
            12.5,
            2.5
          ],
          "texture": "#layer0",
          "tintindex": 0
        },
        "east": {
          "uv": [
            4.5,
            11.0,
            5.0,
            12.0
          ],
          "texture": "#layer0",
          "tintindex": 0
        },
        "north": {
          "uv": [
            7.0,
            0.5,
            9.0,
            1.5
          ],
          "texture": "#layer0",
          "tintindex": 0
        },
        "south": {
          "uv": [
            7.0,
            1.5,
            9.0,
            2.5
          ],
          "texture": "#layer0",
          "tintindex": 0
        },
        "up": {
          "uv": [
            12.5,
            2.0,
            10.5,
            1.5
          ],
          "texture": "#layer0",
          "tintindex": 0
        },
        "west": {
          "uv": [
            8.0,
            11.0,
            8.5,
            12.0
          ],
          "texture": "#layer0",
          "tintindex": 0
        }
      }
    },
    {
      "name": "piece1_1",
      "from": [
        7.007228,
        6.466016,
        7.85
      ],
      "to": [
        8.927228,
        8.866016,
        8.15
      ],
      "rotation": {
        "angle": 45.0,
        "axis": "z",
        "origin": [
          7.967228,
          7.966016,
          8.0
        ]
      },
      "faces": {
        "down": {
          "uv": [
            6.5,
            11.0,
            8.0,
            11.5
          ],
          "texture": "#layer0",
          "tintindex": 0
        },
        "east": {
          "uv": [
            10.5,
            7.0,
            11.0,
            9.0
          ],
          "texture": "#layer0",
          "tintindex": 0
        },
        "north": {
          "uv": [
            3.5,
            6.5,
            5.0,
            8.5
          ],
          "texture": "#layer0",
          "tintindex": 0
        },
        "south": {
          "uv": [
            5.0,
            7.0,
            6.5,
            9.0
          ],
          "texture": "#layer0",
          "tintindex": 0
        },
        "up": {
          "uv": [
            12.0,
            10.5,
            10.5,
            10.0
          ],
          "texture": "#layer0",
          "tintindex": 0
        },
        "west": {
          "uv": [
            1.5,
            11.0,
            2.0,
            13.0
          ],
          "texture": "#layer0",
          "tintindex": 0
        }
      }
    },
    {
      "name": "piece1_2",
      "from": [
        6.107228,
        7.6660156,
        7.85
      ],
      "to": [
        8.327228,
        8.866015,
        8.15
      ],
      "rotation": {
        "angle": 22.5,
        "axis": "z",
        "origin": [
          6.767228,
          8.566015,
          8.0
        ]
      },
      "faces": {
        "down": {
          "uv": [
            10.5,
            4.0,
            12.5,
            4.5
          ],
          "texture": "#layer0",
          "tintindex": 0
        },
        "east": {
          "uv": [
            8.5,
            11.0,
            9.0,
            12.0
          ],
          "texture": "#layer0",
          "tintindex": 0
        },
        "north": {
          "uv": [
            0.0,
            7.5,
            2.0,
            8.5
          ],
          "texture": "#layer0",
          "tintindex": 0
        },
        "south": {
          "uv": [
            6.5,
            7.5,
            8.5,
            8.5
          ],
          "texture": "#layer0",
          "tintindex": 0
        },
        "up": {
          "uv": [
            12.5,
            3.0,
            10.5,
            2.5
          ],
          "texture": "#layer0",
          "tintindex": 0
        },
        "west": {
          "uv": [
            10.5,
            11.0,
            11.0,
            12.0
          ],
          "texture": "#layer0",
          "tintindex": 0
        }
      }
    },
    {
      "name": "piece1_3",
      "from": [
        7.619834,
        5.908496,
        7.7
      ],
      "to": [
        8.219834,
        9.478497,
        8.3
      ],
      "rotation": {
        "angle": 45.0,
        "axis": "z",
        "origin": [
          8.219834,
          6.5084963,
          8.9
        ]
      },
      "faces": {
        "down": {
          "uv": [
            5.0,
            11.5,
            5.5,
            12.0
          ],
          "texture": "#layer0",
          "tintindex": 0
        },
        "east": {
          "uv": [
            2.5,
            7.5,
            3.0,
            10.5
          ],
          "texture": "#layer0",
          "tintindex": 0
        },
        "north": {
          "uv": [
            2.0,
            7.5,
            2.5,
            10.5
          ],
          "texture": "#layer0",
          "tintindex": 0
        },
        "south": {
          "uv": [
            3.0,
            7.5,
            3.5,
            10.5
          ],
          "texture": "#layer0",
          "tintindex": 0
        },
        "up": {
          "uv": [
            1.5,
            12.0,
            1.0,
            11.5
          ],
          "texture": "#layer0",
          "tintindex": 0
        },
        "west": {
          "uv": [
            0.0,
            8.5,
            0.5,
            11.5
          ],
          "texture": "#layer0",
          "tintindex": 0
        }
      }
    },
    {
      "name": "piece1_4",
      "from": [
        8.219834,
        6.5084963,
        7.7
      ],
      "to": [
        8.819834,
        9.508496,
        8.3
      ],
      "rotation": {
        "angle": -45.0,
        "axis": "z",
        "origin": [
          8.219834,
          6.5084963,
          8.9
        ]
      },
      "faces": {
        "down": {
          "uv": [
            5.5,
            6.5,
            6.0,
            7.0
          ],
          "texture": "#layer0",
          "tintindex": 0
        },
        "east": {
          "uv": [
            1.5,
            8.5,
            2.0,
            11.0
          ],
          "texture": "#layer0",
          "tintindex": 0
        },
        "north": {
          "uv": [
            1.5,
            5.0,
            2.0,
            7.5
          ],
          "texture": "#layer0",
          "tintindex": 0
        },
        "south": {
          "uv": [
            3.5,
            8.5,
            4.0,
            11.0
          ],
          "texture": "#layer0",
          "tintindex": 0
        },
        "up": {
          "uv": [
            5.5,
            7.0,
            5.0,
            6.5
          ],
          "texture": "#layer0",
          "tintindex": 0
        },
        "west": {
          "uv": [
            4.0,
            8.5,
            4.5,
            11.0
          ],
          "texture": "#layer0",
          "tintindex": 0
        }
      }
    }
  ],
  "display": {
    "head": {
      "translation": [
        0.0,
        -6.4,
        0.0
      ],
      "rotation": [
        0.0,
        0.0,
        0.0
      ],
      "scale": [
        3.8095,
        3.8095,
        3.8095
      ]
    },
    "gui": {
      "translation": [
        0.0,
        0.0,
        0.0
      ],
      "rotation": [
        35.0,
        225.0,
        0.0
      ],
      "scale": [
        0.625,
        0.625,
        0.625
      ]
    }
  }
}