{
  "file_name": "tongue",
  "texture_size": [
    64,
    64
  ],
  "textures": {
    "layer0": "modelengine:entity/mimic"
  },
  "elements": [
    {
      "name": "tongue_0",
      "from": [
        6.2,
        8.0,
        7.4
      ],
      "to": [
        9.8,
        11.6,
        8.6
      ],
      "rotation": {
        "angle": 0.0,
        "axis": "z",
        "origin": [
          8.0,
          8.0,
          8.0
        ]
      },
      "faces": {
        "down": {
          "uv": [
            1.5,
            13.25,
            3.0,
            13.75
          ],
          "texture": "#layer0",
          "tintindex": 0
        },
        "east": {
          "uv": [
            3.0,
            13.25,
            3.5,
            14.75
          ],
          "texture": "#layer0",
          "tintindex": 0
        },
        "north": {
          "uv": [
            12.0,
            3.0,
            13.5,
            4.5
          ],
          "texture": "#layer0",
          "tintindex": 0
        },
        "south": {
          "uv": [
            12.0,
            4.5,
            13.5,
            6.0
          ],
          "texture": "#layer0",
          "tintindex": 0
        },
        "up": {
          "uv": [
            3.0,
            13.75,
            1.5,
            13.25
          ],
          "texture": "#layer0",
          "tintindex": 0
        },
        "west": {
          "uv": [
            3.5,
            13.25,
            4.0,
            14.75
          ],
          "texture": "#layer0",
          "tintindex": 0
        }
      }
    }
  ],
  "display": {
    "head": {
      "translation": [
        0.0,
        -6.4,
        0.0
      ],
      "rotation": [
        0.0,
        0.0,
        0.0
      ],
      "scale": [
        3.8095,
        3.8095,
        3.8095
      ]
    },
    "gui": {
      "translation": [
        0.0,
        0.0,
        0.0
      ],
      "rotation": [
        35.0,
        225.0,
        0.0
      ],
      "scale": [
        0.625,
        0.625,
        0.625
      ]
    }
  }
}