{
	"credit": "Made by MadstonMagic, using Cubik Pro & Blockbench",
	"textures": {
		"0": "block/dark_prismarine",
		"5": "block/anvil",
		"6": "custom/water_still",
		"7": "block/cobblestone",
		"8": "custom/iron_spike",
		"9": "towers/guardian_lvl_1",
		"10": "custom/gold_spike",
		"particle": "block/dark_prismarine"
	},
	"elements": [
		{
			"from": [5, 0.5625, 5],
			"to": [11, 6.5625, 11],
			"rotation": {"angle": 0, "axis": "y", "origin": [8, 12, 8]},
			"faces": {
				"north": {"uv": [0, 0, 16, 16], "texture": "#5"},
				"east": {"uv": [0, 0, 16, 16], "texture": "#5"},
				"south": {"uv": [0, 0, 16, 16], "texture": "#5"},
				"west": {"uv": [0, 0, 16, 16], "texture": "#5"},
				"up": {"uv": [0, 0, 16, 16], "texture": "#5"}
			}
		},
		{
			"from": [6.875, 0.5625, 14.75],
			"to": [9.125, 11.0625, 17],
			"rotation": {"angle": -45, "axis": "x", "origin": [8, 0.75, 17]},
			"faces": {
				"north": {"uv": [11, 0, 6, 16], "texture": "#5"},
				"east": {"uv": [5, 0, 0, 16], "texture": "#5"},
				"south": {"uv": [12, 0, 7, 16], "texture": "#5"},
				"west": {"uv": [5, 0, 0, 16], "texture": "#5"}
			}
		},
		{
			"from": [3.60479, -4.98598, 6.875],
			"to": [5.85479, 5.51402, 9.125],
			"rotation": {"angle": -45, "axis": "z", "origin": [8, 3.53424, 8]},
			"faces": {
				"north": {"uv": [5, 0, 0, 16], "texture": "#5"},
				"east": {"uv": [11, 0, 6, 16], "texture": "#5"},
				"south": {"uv": [5, 0, 0, 16], "texture": "#5"},
				"west": {"uv": [12, 0, 7, 16], "texture": "#5"}
			}
		},
		{
			"from": [6.875, 0.5625, -1],
			"to": [9.125, 11.0625, 1.25],
			"rotation": {"angle": 45, "axis": "x", "origin": [8, 0.75, -1]},
			"faces": {
				"north": {"uv": [7, 0, 12, 16], "texture": "#5"},
				"east": {"uv": [0, 0, 5, 16], "texture": "#5"},
				"south": {"uv": [6, 0, 11, 16], "texture": "#5"},
				"west": {"uv": [0, 0, 5, 16], "texture": "#5"}
			}
		},
		{
			"from": [10.14521, -4.98598, 6.875],
			"to": [12.39521, 5.51402, 9.125],
			"rotation": {"angle": 45, "axis": "z", "origin": [8, 3.53424, 8]},
			"faces": {
				"north": {"uv": [0, 0, 5, 16], "texture": "#5"},
				"east": {"uv": [7, 0, 12, 16], "texture": "#5"},
				"south": {"uv": [0, 0, 5, 16], "texture": "#5"},
				"west": {"uv": [6, 0, 11, 16], "texture": "#5"}
			}
		},
		{
			"from": [6.875, 13.49448, 8.87868],
			"to": [9.125, 19.49448, 11.12869],
			"rotation": {"angle": 45, "axis": "x", "origin": [8, 16.5, 13.25]},
			"faces": {
				"east": {"uv": [16, 0, 8, 16], "texture": "#5"},
				"south": {"uv": [3, 0, 0, 16], "texture": "#5"},
				"west": {"uv": [8, 0, 0, 16], "texture": "#5"}
			}
		},
		{
			"from": [3.33362, 9.78217, 6.875],
			"to": [5.58362, 15.78217, 9.125],
			"rotation": {"angle": 45, "axis": "z", "origin": [-2.5, 16.5, 2.75]},
			"faces": {
				"north": {"uv": [8, 0, 0, 16], "texture": "#5"},
				"south": {"uv": [16, 0, 8, 16], "texture": "#5"},
				"west": {"uv": [3, 0, 0, 16], "texture": "#5"}
			}
		},
		{
			"from": [6.875, 13.49448, 4.87131],
			"to": [9.125, 19.49448, 7.12131],
			"rotation": {"angle": -45, "axis": "x", "origin": [8, 16.5, 2.75]},
			"faces": {
				"north": {"uv": [0, 0, 3, 16], "texture": "#5"},
				"east": {"uv": [8, 0, 16, 16], "texture": "#5"},
				"west": {"uv": [0, 0, 8, 16], "texture": "#5"}
			}
		},
		{
			"from": [7.34099, 17.20679, 6.875],
			"to": [9.59099, 23.20679, 9.125],
			"rotation": {"angle": -45, "axis": "z", "origin": [8, 16.5, 2.75]},
			"faces": {
				"north": {"uv": [0, 0, 8, 16], "texture": "#5"},
				"east": {"uv": [0, 0, 3, 16], "texture": "#5"},
				"south": {"uv": [8, 0, 16, 16], "texture": "#5"}
			}
		},
		{
			"from": [5.75, 6.5625, 5.75],
			"to": [10.25, 11.8125, 10.25],
			"rotation": {"angle": 0, "axis": "y", "origin": [8, 12, 8]},
			"faces": {
				"north": {"uv": [2, 0, 14, 16], "texture": "#5"},
				"east": {"uv": [2, 0, 14, 16], "texture": "#5"},
				"south": {"uv": [2, 0, 14, 16], "texture": "#5"},
				"west": {"uv": [2, 0, 14, 16], "texture": "#5"},
				"up": {"uv": [2, 2, 14, 14], "texture": "#5"}
			}
		},
		{
			"from": [5.75, 15.5625, 5.75],
			"to": [10.25, 20.8125, 10.25],
			"rotation": {"angle": 0, "axis": "y", "origin": [8, 12, 8]},
			"faces": {
				"north": {"uv": [2, 0, 14, 16], "texture": "#5"},
				"east": {"uv": [2, 0, 14, 16], "texture": "#5"},
				"south": {"uv": [2, 0, 14, 16], "texture": "#5"},
				"west": {"uv": [2, 0, 14, 16], "texture": "#5"},
				"down": {"uv": [2, 2, 14, 14], "texture": "#5"}
			}
		},
		{
			"from": [6.5, 11.0625, 6.5],
			"to": [9.5, 15.5625, 9.5],
			"rotation": {"angle": 0, "axis": "y", "origin": [8, 12, 8]},
			"faces": {
				"north": {"uv": [4, 0, 12, 16], "texture": "#5"},
				"east": {"uv": [4, 0, 12, 16], "texture": "#5"},
				"south": {"uv": [4, 0, 12, 16], "texture": "#5"},
				"west": {"uv": [4, 0, 12, 16], "texture": "#5"}
			}
		},
		{
			"from": [-3.59606, 2.26537, 6.875],
			"to": [-1.34606, 6.76537, 9.125],
			"rotation": {"angle": 22.5, "axis": "z", "origin": [0.5, 6.8125, 8]},
			"faces": {
				"north": {"uv": [4, 0, 12, 16], "texture": "#0"},
				"east": {"uv": [4, 0, 12, 16], "texture": "#0"},
				"south": {"uv": [4, 0, 12, 16], "texture": "#0"},
				"west": {"uv": [4, 0, 12, 16], "texture": "#0"},
				"up": {"uv": [4, 4, 12, 12], "texture": "#0"}
			}
		},
		{
			"from": [6.875, -0.79767, -4.45397],
			"to": [9.125, 3.70233, -2.20397],
			"rotation": {"angle": -22.5, "axis": "x", "origin": [15.5, 7.3125, -7]},
			"faces": {
				"north": {"uv": [4, 0, 12, 16], "texture": "#0"},
				"east": {"uv": [4, 0, 12, 16], "texture": "#0"},
				"south": {"uv": [4, 0, 12, 16], "texture": "#0"},
				"west": {"uv": [4, 0, 12, 16], "texture": "#0"},
				"up": {"uv": [4, 4, 12, 12], "rotation": 90, "texture": "#0"}
			}
		},
		{
			"from": [17.34607, 2.26537, 6.875],
			"to": [19.59607, 6.76537, 9.125],
			"rotation": {"angle": -22.5, "axis": "z", "origin": [15.5, 6.8125, 8]},
			"faces": {
				"north": {"uv": [12, 0, 4, 16], "texture": "#0"},
				"east": {"uv": [12, 0, 4, 16], "texture": "#0"},
				"south": {"uv": [12, 0, 4, 16], "texture": "#0"},
				"west": {"uv": [12, 0, 4, 16], "texture": "#0"},
				"up": {"uv": [12, 4, 4, 12], "texture": "#0"}
			}
		},
		{
			"from": [6.875, 4.94259, 17.06218],
			"to": [9.125, 9.44259, 19.31218],
			"rotation": {"angle": 22.5, "axis": "x", "origin": [15.5, 7.3125, 8]},
			"faces": {
				"north": {"uv": [12, 0, 4, 16], "texture": "#0"},
				"east": {"uv": [12, 0, 4, 16], "texture": "#0"},
				"south": {"uv": [12, 0, 4, 16], "texture": "#0"},
				"west": {"uv": [12, 0, 4, 16], "texture": "#0"},
				"up": {"uv": [12, 4, 4, 12], "rotation": 90, "texture": "#0"}
			}
		},
		{
			"from": [-3.0625, 5.3125, 7.25],
			"to": [-1.5625, 9.0625, 8.75],
			"rotation": {"angle": 0, "axis": "y", "origin": [8, 11.5, 8]},
			"faces": {
				"north": {"uv": [0, 0, 6, 16], "texture": "#0"},
				"east": {"uv": [7, 0, 13, 16], "texture": "#0"},
				"south": {"uv": [10, 0, 16, 16], "texture": "#0"},
				"west": {"uv": [5, 0, 11, 16], "texture": "#0"},
				"up": {"uv": [6, 6, 12, 12], "texture": "#0"},
				"down": {"uv": [4, 4, 12, 12], "texture": "#0"}
			}
		},
		{
			"from": [2.9375, 23.0625, 2.75],
			"to": [4.4375, 26.8125, 4.25],
			"rotation": {"angle": 0, "axis": "y", "origin": [8, 12, 8]},
			"faces": {
				"north": {"uv": [0, 0, 6, 16], "texture": "#0"},
				"east": {"uv": [7, 0, 13, 16], "texture": "#0"},
				"south": {"uv": [10, 0, 16, 16], "texture": "#0"},
				"west": {"uv": [5, 0, 11, 16], "texture": "#0"},
				"up": {"uv": [6, 6, 12, 12], "texture": "#0"}
			}
		},
		{
			"from": [2.9375, 23.0625, 11.75],
			"to": [4.4375, 26.8125, 13.25],
			"rotation": {"angle": 0, "axis": "y", "origin": [8, 12, 8]},
			"faces": {
				"north": {"uv": [16, 0, 10, 16], "texture": "#0"},
				"east": {"uv": [13, 0, 7, 16], "texture": "#0"},
				"south": {"uv": [6, 0, 0, 16], "texture": "#0"},
				"west": {"uv": [11, 0, 5, 16], "texture": "#0"},
				"up": {"uv": [6, 12, 12, 6], "texture": "#0"}
			}
		},
		{
			"from": [11.5625, 23.0625, 2.75],
			"to": [13.0625, 26.8125, 4.25],
			"rotation": {"angle": 0, "axis": "y", "origin": [8, 12, 8]},
			"faces": {
				"north": {"uv": [6, 0, 0, 16], "texture": "#0"},
				"east": {"uv": [11, 0, 5, 16], "texture": "#0"},
				"south": {"uv": [16, 0, 10, 16], "texture": "#0"},
				"west": {"uv": [13, 0, 7, 16], "texture": "#0"},
				"up": {"uv": [12, 6, 6, 12], "texture": "#0"}
			}
		},
		{
			"from": [11.5625, 23.0625, 11.75],
			"to": [13.0625, 26.8125, 13.25],
			"rotation": {"angle": 0, "axis": "y", "origin": [8, 12, 8]},
			"faces": {
				"north": {"uv": [10, 0, 16, 16], "texture": "#0"},
				"east": {"uv": [5, 0, 11, 16], "texture": "#0"},
				"south": {"uv": [0, 0, 6, 16], "texture": "#0"},
				"west": {"uv": [7, 0, 13, 16], "texture": "#0"},
				"up": {"uv": [12, 12, 6, 6], "texture": "#0"}
			}
		},
		{
			"from": [7.25, 5.0625, -3.0625],
			"to": [8.75, 8.8125, -1.5625],
			"rotation": {"angle": 0, "axis": "y", "origin": [15.5, 12, 0.5]},
			"faces": {
				"north": {"uv": [5, 0, 11, 16], "texture": "#0"},
				"east": {"uv": [0, 0, 6, 16], "texture": "#0"},
				"south": {"uv": [7, 0, 13, 16], "texture": "#0"},
				"west": {"uv": [10, 0, 16, 16], "texture": "#0"},
				"up": {"uv": [6, 6, 12, 12], "rotation": 90, "texture": "#0"},
				"down": {"uv": [4, 4, 12, 12], "rotation": 270, "texture": "#0"}
			}
		},
		{
			"from": [17.5625, 5.3125, 7.25],
			"to": [19.0625, 9.0625, 8.75],
			"rotation": {"angle": 0, "axis": "y", "origin": [8, 11.5, 8]},
			"faces": {
				"north": {"uv": [6, 0, 0, 16], "texture": "#0"},
				"east": {"uv": [11, 0, 5, 16], "texture": "#0"},
				"south": {"uv": [16, 0, 10, 16], "texture": "#0"},
				"west": {"uv": [13, 0, 7, 16], "texture": "#0"},
				"up": {"uv": [12, 6, 6, 12], "texture": "#0"},
				"down": {"uv": [12, 4, 4, 12], "texture": "#0"}
			}
		},
		{
			"from": [7.25, 5.0625, 17.5625],
			"to": [8.75, 8.8125, 19.0625],
			"rotation": {"angle": 0, "axis": "y", "origin": [15.5, 12, 0.5]},
			"faces": {
				"north": {"uv": [13, 0, 7, 16], "texture": "#0"},
				"east": {"uv": [6, 0, 0, 16], "texture": "#0"},
				"south": {"uv": [11, 0, 5, 16], "texture": "#0"},
				"west": {"uv": [16, 0, 10, 16], "texture": "#0"},
				"up": {"uv": [12, 6, 6, 12], "rotation": 90, "texture": "#0"},
				"down": {"uv": [12, 4, 4, 12], "rotation": 270, "texture": "#0"}
			}
		},
		{
			"from": [7.25, 5.0625, 3.6875],
			"to": [8.75, 19.3125, 5.1875],
			"rotation": {"angle": 0, "axis": "y", "origin": [8, 12, 8]},
			"faces": {
				"north": {"uv": [2, 2.25, 2.3125, 4.5], "texture": "#9"},
				"east": {"uv": [2, 2.25, 2.3125, 4.5], "texture": "#9"},
				"south": {"uv": [2, 2.25, 2.3125, 4.5], "texture": "#9"},
				"west": {"uv": [2, 2.25, 2.3125, 4.5], "texture": "#9"}
			}
		},
		{
			"from": [2, -0.1875, 15.5],
			"to": [14, 2.0625, 17.75],
			"rotation": {"angle": 0, "axis": "y", "origin": [8, 12, 8]},
			"faces": {
				"north": {"uv": [7.9375, 1.625, 9.9375, 2.125], "texture": "#9"},
				"east": {"uv": [10, 1.625, 10.375, 2.0625], "texture": "#9"},
				"south": {"uv": [7.9375, 1.625, 9.9375, 2.125], "texture": "#9"},
				"west": {"uv": [10, 1.125, 10.375, 1.5625], "texture": "#9"},
				"up": {"uv": [7.9375, 1.125, 9.9375, 1.5625], "texture": "#9"}
			}
		},
		{
			"from": [2, -0.9375, -1.75],
			"to": [14, -0.1875, 17.75],
			"rotation": {"angle": 0, "axis": "y", "origin": [8, 12, 8]},
			"faces": {
				"north": {"uv": [2.0625, 1.5625, 4.0625, 1.75], "texture": "#9"},
				"east": {"uv": [2.0625, 1.8125, 5.0625, 2], "texture": "#9"},
				"south": {"uv": [2.0625, 1.5625, 4.0625, 1.75], "texture": "#9"},
				"west": {"uv": [2.0625, 1.8125, 5.0625, 2], "texture": "#9"},
				"up": {"uv": [0, 0, 2, 0.75], "texture": "#9"}
			}
		},
		{
			"from": [-1.75, -0.9375, 2],
			"to": [17.75, -0.1875, 14],
			"rotation": {"angle": 0, "axis": "y", "origin": [8, 12, 8]},
			"faces": {
				"north": {"uv": [2.0625, 1.8125, 5.0625, 2], "texture": "#9"},
				"east": {"uv": [2.0625, 1.5625, 4.0625, 1.75], "texture": "#9"},
				"south": {"uv": [2.0625, 1.8125, 5.0625, 2], "texture": "#9"},
				"west": {"uv": [2.0625, 1.5625, 4.0625, 1.75], "texture": "#9"},
				"up": {"uv": [0, 8, 16, 12.5], "rotation": 90, "texture": "#9"}
			}
		},
		{
			"from": [0.5, -0.9375, 14],
			"to": [2, 3.0625, 15.5],
			"rotation": {"angle": 0, "axis": "y", "origin": [-5.5, 11.25, 21.5]},
			"faces": {
				"north": {"uv": [11, 1, 15, 8], "texture": "#0"},
				"east": {"uv": [10.5, 2.5, 14.5, 8.5], "texture": "#0"},
				"south": {"uv": [11, 1, 15, 8], "texture": "#0"},
				"west": {"uv": [11, 1, 15, 8], "texture": "#0"},
				"up": {"uv": [13, 2, 9, 6], "texture": "#0"}
			}
		},
		{
			"from": [0.5, 1.3125, 0.5],
			"to": [15.5, 1.5625, 15.5],
			"rotation": {"angle": 0, "axis": "y", "origin": [8, 12, 8]},
			"faces": {
				"up": {"uv": [0, 0, 16, 16], "texture": "#6"},
				"down": {"uv": [0, 0, 2, 2], "rotation": 90, "texture": "#9"}
			}
		},
		{
			"from": [2, 0.5625, 5],
			"to": [14, 3.5625, 11],
			"rotation": {"angle": 0, "axis": "y", "origin": [8, 12, 8]},
			"faces": {
				"north": {"uv": [0, 6, 16, 12], "texture": "#7"},
				"east": {"uv": [6, 4, 14, 9], "texture": "#7"},
				"south": {"uv": [0, 0, 16, 6], "texture": "#7"},
				"west": {"uv": [8, 11, 16, 16], "texture": "#7"},
				"up": {"uv": [0, 0, 16, 8], "texture": "#7"}
			}
		},
		{
			"from": [5, 0.5625, 2],
			"to": [11, 3.5625, 14],
			"rotation": {"angle": 0, "axis": "y", "origin": [8, 12, 8]},
			"faces": {
				"north": {"uv": [5, 5, 13, 10], "texture": "#7"},
				"east": {"uv": [0, 4, 16, 10], "texture": "#7"},
				"south": {"uv": [0, 11, 8, 16], "texture": "#7"},
				"west": {"uv": [0, 10, 16, 16], "texture": "#7"},
				"up": {"uv": [0, 0, 8, 16], "texture": "#7"}
			}
		},
		{
			"from": [0.5, -0.9375, 0.5],
			"to": [2, 3.0625, 2],
			"rotation": {"angle": 0, "axis": "y", "origin": [-5.5, 11.25, 8]},
			"faces": {
				"north": {"uv": [11, 1, 15, 8], "texture": "#0"},
				"east": {"uv": [11, 1, 15, 8], "texture": "#0"},
				"south": {"uv": [11, 1, 15, 8], "texture": "#0"},
				"west": {"uv": [11, 1, 15, 8], "texture": "#0"},
				"up": {"uv": [13, 2, 9, 6], "texture": "#0"}
			}
		},
		{
			"from": [2, -0.1875, -1.75],
			"to": [14, 2.0625, 0.5],
			"rotation": {"angle": 0, "axis": "y", "origin": [8, 12, 8]},
			"faces": {
				"north": {"uv": [7.9375, 1.625, 9.9375, 2.125], "texture": "#9"},
				"east": {"uv": [10, 1.125, 10.375, 1.5625], "texture": "#9"},
				"south": {"uv": [7.9375, 1.625, 9.9375, 2.125], "texture": "#9"},
				"west": {"uv": [10, 1.625, 10.375, 2.0625], "texture": "#9"},
				"up": {"uv": [7.9375, 1.125, 9.9375, 1.5625], "rotation": 180, "texture": "#9"}
			}
		},
		{
			"from": [-1.75, -0.1875, 2],
			"to": [0.5, 2.0625, 14],
			"rotation": {"angle": 0, "axis": "y", "origin": [8, 12, 8]},
			"faces": {
				"north": {"uv": [10, 1.125, 10.375, 1.5625], "texture": "#9"},
				"east": {"uv": [7.9375, 1.625, 9.9375, 2.125], "texture": "#9"},
				"south": {"uv": [10, 1.625, 10.375, 2.0625], "texture": "#9"},
				"west": {"uv": [7.9375, 1.625, 9.9375, 2.125], "texture": "#9"},
				"up": {"uv": [7.9375, 1.125, 9.9375, 1.5625], "rotation": 90, "texture": "#9"}
			}
		},
		{
			"from": [15.5, -0.1875, 2],
			"to": [17.75, 2.0625, 14],
			"rotation": {"angle": 0, "axis": "y", "origin": [8, 12, 8]},
			"faces": {
				"north": {"uv": [10, 1.625, 10.375, 2.0625], "texture": "#9"},
				"east": {"uv": [7.9375, 1.625, 9.9375, 2.125], "texture": "#9"},
				"south": {"uv": [10, 1.125, 10.375, 1.5625], "texture": "#9"},
				"west": {"uv": [7.9375, 1.625, 9.9375, 2.125], "texture": "#9"},
				"up": {"uv": [7.9375, 1.125, 9.9375, 1.5625], "rotation": 270, "texture": "#9"}
			}
		},
		{
			"from": [14, -0.9375, 0.5],
			"to": [15.5, 3.0625, 2],
			"rotation": {"angle": 0, "axis": "y", "origin": [8, 11.25, 8]},
			"faces": {
				"north": {"uv": [11, 1, 15, 8], "texture": "#0"},
				"east": {"uv": [11, 1, 15, 8], "texture": "#0"},
				"south": {"uv": [11, 1, 15, 8], "texture": "#0"},
				"west": {"uv": [11, 1, 15, 8], "texture": "#0"},
				"up": {"uv": [13, 2, 9, 6], "texture": "#0"}
			}
		},
		{
			"from": [14, -0.9375, 14],
			"to": [15.5, 3.0625, 15.5],
			"rotation": {"angle": 0, "axis": "y", "origin": [8, 11.25, 21.5]},
			"faces": {
				"north": {"uv": [11, 1, 15, 8], "texture": "#0"},
				"east": {"uv": [11, 1, 15, 8], "texture": "#0"},
				"south": {"uv": [11, 1, 15, 8], "texture": "#0"},
				"west": {"uv": [11, 1, 15, 8], "texture": "#0"},
				"up": {"uv": [13, 2, 9, 6], "texture": "#0"}
			}
		},
		{
			"from": [10.8125, 5.0625, 7.25],
			"to": [12.3125, 19.3125, 8.75],
			"rotation": {"angle": 0, "axis": "y", "origin": [8, 12, 8]},
			"faces": {
				"north": {"uv": [2, 2.25, 2.3125, 4.5], "texture": "#9"},
				"east": {"uv": [2, 2.25, 2.3125, 4.5], "texture": "#9"},
				"south": {"uv": [2, 2.25, 2.3125, 4.5], "texture": "#9"},
				"west": {"uv": [2, 2.25, 2.3125, 4.5], "texture": "#9"}
			}
		},
		{
			"from": [7.25, 5.0625, 10.8125],
			"to": [8.75, 19.3125, 12.3125],
			"rotation": {"angle": 0, "axis": "y", "origin": [8, 12, 8]},
			"faces": {
				"north": {"uv": [2, 2.25, 2.3125, 4.5], "texture": "#9"},
				"east": {"uv": [2, 2.25, 2.3125, 4.5], "texture": "#9"},
				"south": {"uv": [2, 2.25, 2.3125, 4.5], "texture": "#9"},
				"west": {"uv": [2, 2.25, 2.3125, 4.5], "texture": "#9"}
			}
		},
		{
			"from": [3.6875, 5.0625, 7.25],
			"to": [5.1875, 19.3125, 8.75],
			"rotation": {"angle": 0, "axis": "y", "origin": [8, 12, 8]},
			"faces": {
				"north": {"uv": [2, 2.25, 2.3125, 4.5], "texture": "#9"},
				"east": {"uv": [2, 2.25, 2.3125, 4.5], "texture": "#9"},
				"south": {"uv": [2, 2.25, 2.3125, 4.5], "texture": "#9"},
				"west": {"uv": [2, 2.25, 2.3125, 4.5], "texture": "#9"}
			}
		},
		{
			"from": [2, 19.3125, 6.5],
			"to": [14, 20.0625, 9.5],
			"rotation": {"angle": 0, "axis": "y", "origin": [8, 18.75, 8]},
			"faces": {
				"north": {"uv": [8.5625, 0.875, 10.5625, 1.0625], "texture": "#9"},
				"east": {"uv": [10, 0, 10.5625, 0.1875], "texture": "#9"},
				"south": {"uv": [8.5625, 0.875, 10.5625, 1.0625], "texture": "#9"},
				"west": {"uv": [10, 0, 10.5625, 0.1875], "texture": "#9"},
				"down": {"uv": [8.5625, 0.3125, 10.5625, 0.8125], "texture": "#9"}
			}
		},
		{
			"from": [6.5, 19.3125, 2],
			"to": [9.5, 20.0625, 14],
			"rotation": {"angle": 0, "axis": "y", "origin": [8, 18.75, 8]},
			"faces": {
				"north": {"uv": [10, 0, 10.5625, 0.1875], "texture": "#9"},
				"east": {"uv": [8.5625, 0.875, 10.5625, 1.0625], "texture": "#9"},
				"south": {"uv": [10, 0, 10.5625, 0.1875], "texture": "#9"},
				"west": {"uv": [8.5625, 0.875, 10.5625, 1.0625], "texture": "#9"},
				"down": {"uv": [8.5625, 0.3125, 10.5625, 0.8125], "rotation": 90, "texture": "#9"}
			}
		},
		{
			"from": [2, 20.0625, 1.25],
			"to": [14, 23.0625, 14.75],
			"rotation": {"angle": 0, "axis": "y", "origin": [8, 12, 8]},
			"faces": {
				"north": {"uv": [2.9375, 2.25, 4.9375, 2.75], "texture": "#9"},
				"east": {"uv": [0, 4.75, 2.625, 5.25], "texture": "#9"},
				"south": {"uv": [2.9375, 2.25, 4.9375, 2.75], "texture": "#9"},
				"west": {"uv": [0, 4.75, 2.625, 5.25], "texture": "#9"},
				"up": {"uv": [0.1875, 2.0625, 2.4375, 4.6875], "texture": "#9"},
				"down": {"uv": [0.1875, 2.0625, 2.4375, 4.6875], "texture": "#9"}
			}
		},
		{
			"from": [1.25, 20.05469, 2],
			"to": [14.75, 23.05469, 14],
			"rotation": {"angle": 0, "axis": "y", "origin": [8, 11.99219, 8]},
			"faces": {
				"north": {"uv": [0, 4.75, 2.625, 5.25], "texture": "#9"},
				"east": {"uv": [2.9375, 2.25, 4.9375, 2.75], "texture": "#9"},
				"south": {"uv": [0, 4.75, 2.625, 5.25], "texture": "#9"},
				"west": {"uv": [2.9375, 2.25, 4.9375, 2.75], "texture": "#9"},
				"up": {"uv": [0, 2.25, 2.625, 4.5], "texture": "#9"},
				"down": {"uv": [0, 2.25, 2.625, 4.5], "texture": "#9"}
			}
		},
		{
			"from": [4.3527, 20.3125, -0.77686],
			"to": [4.3577, 22.8125, 2.47314],
			"rotation": {"angle": -22.5, "axis": "y", "origin": [8, 21.0625, 8]},
			"faces": {
				"north": {"uv": [13.25, 1.875, 13.938, 2.625], "rotation": 270, "texture": "#10"},
				"east": {"uv": [16, 16, 0, 0], "rotation": 270, "texture": "#10"},
				"west": {"uv": [16, 16, 0, 0], "rotation": 90, "texture": "#10"},
				"up": {"uv": [13.25, 1.875, 13.938, 2.625], "texture": "#10"},
				"down": {"uv": [13.25, 1.875, 13.938, 2.625], "rotation": 180, "texture": "#10"}
			}
		},
		{
			"from": [6.75, 25.16674, -0.58552],
			"to": [9.25, 25.17174, 2.66448],
			"rotation": {"angle": -22.5, "axis": "x", "origin": [8, 21.0625, 8]},
			"faces": {
				"north": {"uv": [13.938, 2.625, 13.25, 1.875], "texture": "#10"},
				"east": {"uv": [13.938, 2.625, 13.25, 1.875], "rotation": 270, "texture": "#10"},
				"west": {"uv": [13.938, 2.625, 13.25, 1.875], "rotation": 90, "texture": "#10"},
				"up": {"uv": [0, 0, 16, 16], "texture": "#10"},
				"down": {"uv": [0, 0, 16, 16], "rotation": 180, "texture": "#10"}
			}
		},
		{
			"from": [6.75, 17.87714, -0.9682],
			"to": [9.25, 17.88214, 2.2818],
			"rotation": {"angle": 22.5, "axis": "x", "origin": [8, 21.0625, 8]},
			"faces": {
				"north": {"uv": [13.938, 1.875, 13.25, 2.625], "texture": "#10"},
				"east": {"uv": [13.25, 2.625, 13.938, 1.875], "rotation": 270, "texture": "#10"},
				"west": {"uv": [13.25, 2.625, 13.938, 1.875], "rotation": 90, "texture": "#10"},
				"up": {"uv": [16, 0, 0, 16], "texture": "#10"},
				"down": {"uv": [16, 0, 0, 16], "rotation": 180, "texture": "#10"}
			}
		},
		{
			"from": [11.64229, 20.3125, -0.77686],
			"to": [11.64729, 22.8125, 2.47314],
			"rotation": {"angle": 22.5, "axis": "y", "origin": [8, 21.0625, 8]},
			"faces": {
				"north": {"uv": [13.25, 2.625, 13.938, 1.875], "rotation": 270, "texture": "#10"},
				"east": {"uv": [0, 16, 16, 0], "rotation": 270, "texture": "#10"},
				"west": {"uv": [0, 16, 16, 0], "rotation": 90, "texture": "#10"},
				"up": {"uv": [13.938, 1.875, 13.25, 2.625], "texture": "#10"},
				"down": {"uv": [13.938, 1.875, 13.25, 2.625], "rotation": 180, "texture": "#10"}
			}
		},
		{
			"from": [4.3527, 20.3125, 13.52686],
			"to": [4.3577, 22.8125, 16.77686],
			"rotation": {"angle": 22.5, "axis": "y", "origin": [8, 21.0625, 8]},
			"faces": {
				"east": {"uv": [16, 0, 0, 16], "rotation": 270, "texture": "#10"},
				"south": {"uv": [13.25, 2.625, 13.938, 1.875], "rotation": 270, "texture": "#10"},
				"west": {"uv": [16, 0, 0, 16], "rotation": 90, "texture": "#10"},
				"up": {"uv": [13.25, 2.625, 13.938, 1.875], "texture": "#10"},
				"down": {"uv": [13.25, 2.625, 13.938, 1.875], "rotation": 180, "texture": "#10"}
			}
		},
		{
			"from": [6.75, 25.16674, 13.33552],
			"to": [9.25, 25.17174, 16.58552],
			"rotation": {"angle": 22.5, "axis": "x", "origin": [8, 21.0625, 8]},
			"faces": {
				"east": {"uv": [13.938, 1.875, 13.25, 2.625], "rotation": 270, "texture": "#10"},
				"south": {"uv": [13.25, 2.625, 13.938, 1.875], "texture": "#10"},
				"west": {"uv": [13.938, 1.875, 13.25, 2.625], "rotation": 90, "texture": "#10"},
				"up": {"uv": [0, 16, 16, 0], "texture": "#10"},
				"down": {"uv": [0, 16, 16, 0], "rotation": 180, "texture": "#10"}
			}
		},
		{
			"from": [6.75, 17.87714, 13.7182],
			"to": [9.25, 17.88214, 16.9682],
			"rotation": {"angle": -22.5, "axis": "x", "origin": [8, 21.0625, 8]},
			"faces": {
				"east": {"uv": [13.25, 1.875, 13.938, 2.625], "rotation": 270, "texture": "#10"},
				"south": {"uv": [13.25, 1.875, 13.938, 2.625], "texture": "#10"},
				"west": {"uv": [13.25, 1.875, 13.938, 2.625], "rotation": 90, "texture": "#10"},
				"up": {"uv": [16, 16, 0, 0], "texture": "#10"},
				"down": {"uv": [16, 16, 0, 0], "rotation": 180, "texture": "#10"}
			}
		},
		{
			"from": [11.64229, 20.3125, 13.52686],
			"to": [11.64729, 22.8125, 16.77686],
			"rotation": {"angle": -22.5, "axis": "y", "origin": [8, 21.0625, 8]},
			"faces": {
				"east": {"uv": [0, 0, 16, 16], "rotation": 270, "texture": "#10"},
				"south": {"uv": [13.25, 1.875, 13.938, 2.625], "rotation": 270, "texture": "#10"},
				"west": {"uv": [0, 0, 16, 16], "rotation": 90, "texture": "#10"},
				"up": {"uv": [13.938, 2.625, 13.25, 1.875], "texture": "#10"},
				"down": {"uv": [13.938, 2.625, 13.25, 1.875], "rotation": 180, "texture": "#10"}
			}
		},
		{
			"from": [-0.77686, 20.3125, 4.3527],
			"to": [2.47314, 22.8125, 4.3577],
			"rotation": {"angle": 22.5, "axis": "y", "origin": [8, 21.0625, 8]},
			"faces": {
				"north": {"uv": [16, 0, 0, 16], "rotation": 90, "texture": "#10"},
				"south": {"uv": [16, 0, 0, 16], "rotation": 270, "texture": "#10"},
				"west": {"uv": [13.25, 2.625, 13.938, 1.875], "rotation": 270, "texture": "#10"},
				"up": {"uv": [13.25, 2.625, 13.938, 1.875], "rotation": 90, "texture": "#10"},
				"down": {"uv": [13.25, 2.625, 13.938, 1.875], "rotation": 90, "texture": "#10"}
			}
		},
		{
			"from": [-0.58552, 25.16674, 6.75],
			"to": [2.66448, 25.17174, 9.25],
			"rotation": {"angle": 22.5, "axis": "z", "origin": [8, 21.0625, 8]},
			"faces": {
				"north": {"uv": [13.938, 1.875, 13.25, 2.625], "rotation": 90, "texture": "#10"},
				"south": {"uv": [13.938, 1.875, 13.25, 2.625], "rotation": 270, "texture": "#10"},
				"west": {"uv": [13.25, 2.625, 13.938, 1.875], "texture": "#10"},
				"up": {"uv": [0, 16, 16, 0], "rotation": 90, "texture": "#10"},
				"down": {"uv": [0, 16, 16, 0], "rotation": 90, "texture": "#10"}
			}
		},
		{
			"from": [-0.9682, 17.87714, 6.75],
			"to": [2.2818, 17.88214, 9.25],
			"rotation": {"angle": -22.5, "axis": "z", "origin": [8, 21.0625, 8]},
			"faces": {
				"north": {"uv": [13.25, 1.875, 13.938, 2.625], "rotation": 90, "texture": "#10"},
				"south": {"uv": [13.25, 1.875, 13.938, 2.625], "rotation": 270, "texture": "#10"},
				"west": {"uv": [13.25, 1.875, 13.938, 2.625], "texture": "#10"},
				"up": {"uv": [16, 16, 0, 0], "rotation": 90, "texture": "#10"},
				"down": {"uv": [16, 16, 0, 0], "rotation": 90, "texture": "#10"}
			}
		},
		{
			"from": [-0.77686, 20.3125, 11.64229],
			"to": [2.47314, 22.8125, 11.64729],
			"rotation": {"angle": -22.5, "axis": "y", "origin": [8, 21.0625, 8]},
			"faces": {
				"north": {"uv": [0, 0, 16, 16], "rotation": 90, "texture": "#10"},
				"south": {"uv": [0, 0, 16, 16], "rotation": 270, "texture": "#10"},
				"west": {"uv": [13.25, 1.875, 13.938, 2.625], "rotation": 270, "texture": "#10"},
				"up": {"uv": [13.938, 2.625, 13.25, 1.875], "rotation": 90, "texture": "#10"},
				"down": {"uv": [13.938, 2.625, 13.25, 1.875], "rotation": 90, "texture": "#10"}
			}
		},
		{
			"from": [13.52686, 20.3125, 4.3527],
			"to": [16.77686, 22.8125, 4.3577],
			"rotation": {"angle": -22.5, "axis": "y", "origin": [8, 21.0625, 8]},
			"faces": {
				"north": {"uv": [16, 16, 0, 0], "rotation": 90, "texture": "#10"},
				"east": {"uv": [13.25, 1.875, 13.938, 2.625], "rotation": 270, "texture": "#10"},
				"south": {"uv": [16, 16, 0, 0], "rotation": 270, "texture": "#10"},
				"up": {"uv": [13.25, 1.875, 13.938, 2.625], "rotation": 90, "texture": "#10"},
				"down": {"uv": [13.25, 1.875, 13.938, 2.625], "rotation": 90, "texture": "#10"}
			}
		},
		{
			"from": [13.33552, 25.16674, 6.75],
			"to": [16.58552, 25.17174, 9.25],
			"rotation": {"angle": -22.5, "axis": "z", "origin": [8, 21.0625, 8]},
			"faces": {
				"north": {"uv": [13.938, 2.625, 13.25, 1.875], "rotation": 90, "texture": "#10"},
				"east": {"uv": [13.938, 2.625, 13.25, 1.875], "texture": "#10"},
				"south": {"uv": [13.938, 2.625, 13.25, 1.875], "rotation": 270, "texture": "#10"},
				"up": {"uv": [0, 0, 16, 16], "rotation": 90, "texture": "#10"},
				"down": {"uv": [0, 0, 16, 16], "rotation": 90, "texture": "#10"}
			}
		},
		{
			"from": [13.7182, 17.87714, 6.75],
			"to": [16.9682, 17.88214, 9.25],
			"rotation": {"angle": 22.5, "axis": "z", "origin": [8, 21.0625, 8]},
			"faces": {
				"north": {"uv": [13.25, 2.625, 13.938, 1.875], "rotation": 90, "texture": "#10"},
				"east": {"uv": [13.938, 1.875, 13.25, 2.625], "texture": "#10"},
				"south": {"uv": [13.25, 2.625, 13.938, 1.875], "rotation": 270, "texture": "#10"},
				"up": {"uv": [16, 0, 0, 16], "rotation": 90, "texture": "#10"},
				"down": {"uv": [16, 0, 0, 16], "rotation": 90, "texture": "#10"}
			}
		},
		{
			"from": [13.52686, 20.3125, 11.64229],
			"to": [16.77686, 22.8125, 11.64729],
			"rotation": {"angle": 22.5, "axis": "y", "origin": [8, 21.0625, 8]},
			"faces": {
				"north": {"uv": [0, 16, 16, 0], "rotation": 90, "texture": "#10"},
				"east": {"uv": [13.25, 2.625, 13.938, 1.875], "rotation": 270, "texture": "#10"},
				"south": {"uv": [0, 16, 16, 0], "rotation": 270, "texture": "#10"},
				"up": {"uv": [13.938, 1.875, 13.25, 2.625], "rotation": 90, "texture": "#10"},
				"down": {"uv": [13.938, 1.875, 13.25, 2.625], "rotation": 90, "texture": "#10"}
			}
		},
		{
			"from": [5.11807, 11.25, 1.0709],
			"to": [5.12307, 13.75, 4.3209],
			"rotation": {"angle": -22.5, "axis": "y", "origin": [8, 12, 8]},
			"faces": {
				"north": {"uv": [13.25, 1.875, 13.938, 2.625], "rotation": 270, "texture": "#8"},
				"east": {"uv": [16, 16, 0, 0], "rotation": 270, "texture": "#8"},
				"south": {"uv": [13.25, 1.875, 13.938, 2.625], "rotation": 270, "texture": "#8"},
				"west": {"uv": [16, 16, 0, 0], "rotation": 90, "texture": "#8"},
				"up": {"uv": [13.25, 1.875, 13.938, 2.625], "texture": "#8"},
				"down": {"uv": [13.25, 1.875, 13.938, 2.625], "rotation": 180, "texture": "#8"}
			}
		},
		{
			"from": [6.75, 15.33887, 1.26224],
			"to": [9.25, 15.34387, 4.51224],
			"rotation": {"angle": -22.5, "axis": "x", "origin": [8, 12, 8]},
			"faces": {
				"north": {"uv": [13.938, 2.625, 13.25, 1.875], "texture": "#8"},
				"east": {"uv": [13.938, 2.625, 13.25, 1.875], "rotation": 270, "texture": "#8"},
				"west": {"uv": [13.938, 2.625, 13.25, 1.875], "rotation": 90, "texture": "#8"},
				"up": {"uv": [0, 0, 16, 16], "texture": "#8"},
				"down": {"uv": [0, 0, 16, 16], "rotation": 180, "texture": "#8"}
			}
		},
		{
			"from": [6.75, 9.58001, 0.87956],
			"to": [9.25, 9.58501, 4.12956],
			"rotation": {"angle": 22.5, "axis": "x", "origin": [8, 12, 8]},
			"faces": {
				"north": {"uv": [13.938, 1.875, 13.25, 2.625], "texture": "#8"},
				"east": {"uv": [13.25, 2.625, 13.938, 1.875], "rotation": 270, "texture": "#8"},
				"west": {"uv": [13.25, 2.625, 13.938, 1.875], "rotation": 90, "texture": "#8"},
				"up": {"uv": [16, 0, 0, 16], "texture": "#8"},
				"down": {"uv": [16, 0, 0, 16], "rotation": 180, "texture": "#8"}
			}
		},
		{
			"from": [10.87692, 11.25, 1.0709],
			"to": [10.88192, 13.75, 4.3209],
			"rotation": {"angle": 22.5, "axis": "y", "origin": [8, 12, 8]},
			"faces": {
				"north": {"uv": [13.25, 2.625, 13.938, 1.875], "rotation": 270, "texture": "#8"},
				"east": {"uv": [0, 16, 16, 0], "rotation": 270, "texture": "#8"},
				"south": {"uv": [13.25, 2.625, 13.938, 1.875], "rotation": 270, "texture": "#8"},
				"west": {"uv": [0, 16, 16, 0], "rotation": 90, "texture": "#8"},
				"up": {"uv": [13.938, 1.875, 13.25, 2.625], "texture": "#8"},
				"down": {"uv": [13.938, 1.875, 13.25, 2.625], "rotation": 180, "texture": "#8"}
			}
		},
		{
			"from": [6.6875, 9.52963, 3.12605],
			"to": [9.3125, 11.90463, 7.62605],
			"rotation": {"angle": 22.5, "axis": "x", "origin": [8, 12, 8]},
			"faces": {
				"north": {"uv": [4, 4, 12, 12], "rotation": 270, "texture": "#5"},
				"east": {"uv": [4, 0, 12, 16], "rotation": 90, "texture": "#5"},
				"west": {"uv": [4, 0, 12, 16], "rotation": 270, "texture": "#5"},
				"up": {"uv": [4, 0, 12, 16], "texture": "#5"},
				"down": {"uv": [4, 0, 12, 16], "rotation": 180, "texture": "#5"}
			}
		},
		{
			"from": [5.11807, 11.25, 11.6791],
			"to": [5.12307, 13.75, 14.9291],
			"rotation": {"angle": 22.5, "axis": "y", "origin": [8, 12, 8]},
			"faces": {
				"north": {"uv": [13.25, 2.625, 13.938, 1.875], "rotation": 270, "texture": "#8"},
				"east": {"uv": [16, 0, 0, 16], "rotation": 270, "texture": "#8"},
				"south": {"uv": [13.25, 2.625, 13.938, 1.875], "rotation": 270, "texture": "#8"},
				"west": {"uv": [16, 0, 0, 16], "rotation": 90, "texture": "#8"},
				"up": {"uv": [13.25, 2.625, 13.938, 1.875], "texture": "#8"},
				"down": {"uv": [13.25, 2.625, 13.938, 1.875], "rotation": 180, "texture": "#8"}
			}
		},
		{
			"from": [6.75, 15.33887, 11.48776],
			"to": [9.25, 15.34387, 14.73776],
			"rotation": {"angle": 22.5, "axis": "x", "origin": [8, 12, 8]},
			"faces": {
				"east": {"uv": [13.938, 1.875, 13.25, 2.625], "rotation": 270, "texture": "#8"},
				"south": {"uv": [13.25, 2.625, 13.938, 1.875], "texture": "#8"},
				"west": {"uv": [13.938, 1.875, 13.25, 2.625], "rotation": 90, "texture": "#8"},
				"up": {"uv": [0, 16, 16, 0], "texture": "#8"},
				"down": {"uv": [0, 16, 16, 0], "rotation": 180, "texture": "#8"}
			}
		},
		{
			"from": [6.75, 9.58001, 11.87044],
			"to": [9.25, 9.58501, 15.12044],
			"rotation": {"angle": -22.5, "axis": "x", "origin": [8, 12, 8]},
			"faces": {
				"east": {"uv": [13.25, 1.875, 13.938, 2.625], "rotation": 270, "texture": "#8"},
				"south": {"uv": [13.25, 1.875, 13.938, 2.625], "texture": "#8"},
				"west": {"uv": [13.25, 1.875, 13.938, 2.625], "rotation": 90, "texture": "#8"},
				"up": {"uv": [16, 16, 0, 0], "texture": "#8"},
				"down": {"uv": [16, 16, 0, 0], "rotation": 180, "texture": "#8"}
			}
		},
		{
			"from": [10.87692, 11.25, 11.6791],
			"to": [10.88192, 13.75, 14.9291],
			"rotation": {"angle": -22.5, "axis": "y", "origin": [8, 12, 8]},
			"faces": {
				"north": {"uv": [13.25, 1.875, 13.938, 2.625], "rotation": 270, "texture": "#8"},
				"east": {"uv": [0, 0, 16, 16], "rotation": 270, "texture": "#8"},
				"south": {"uv": [13.25, 1.875, 13.938, 2.625], "rotation": 270, "texture": "#8"},
				"west": {"uv": [0, 0, 16, 16], "rotation": 90, "texture": "#8"},
				"up": {"uv": [13.938, 2.625, 13.25, 1.875], "texture": "#8"},
				"down": {"uv": [13.938, 2.625, 13.25, 1.875], "rotation": 180, "texture": "#8"}
			}
		},
		{
			"from": [6.6875, 9.52963, 8.37395],
			"to": [9.3125, 11.90463, 12.87395],
			"rotation": {"angle": -22.5, "axis": "x", "origin": [8, 12, 8]},
			"faces": {
				"east": {"uv": [4, 16, 12, 0], "rotation": 90, "texture": "#5"},
				"south": {"uv": [4, 12, 12, 4], "rotation": 270, "texture": "#5"},
				"west": {"uv": [4, 16, 12, 0], "rotation": 270, "texture": "#5"},
				"up": {"uv": [4, 16, 12, 0], "texture": "#5"},
				"down": {"uv": [4, 16, 12, 0], "rotation": 180, "texture": "#5"}
			}
		},
		{
			"from": [1.0709, 11.25, 5.11807],
			"to": [4.3209, 13.75, 5.12307],
			"rotation": {"angle": 22.5, "axis": "y", "origin": [8, 12, 8]},
			"faces": {
				"north": {"uv": [16, 0, 0, 16], "rotation": 90, "texture": "#8"},
				"east": {"uv": [13.25, 2.625, 13.938, 1.875], "rotation": 270, "texture": "#8"},
				"south": {"uv": [16, 0, 0, 16], "rotation": 270, "texture": "#8"},
				"west": {"uv": [13.25, 2.625, 13.938, 1.875], "rotation": 270, "texture": "#8"},
				"up": {"uv": [13.25, 2.625, 13.938, 1.875], "rotation": 90, "texture": "#8"},
				"down": {"uv": [13.25, 2.625, 13.938, 1.875], "rotation": 90, "texture": "#8"}
			}
		},
		{
			"from": [1.26224, 15.33887, 6.75],
			"to": [4.51224, 15.34387, 9.25],
			"rotation": {"angle": 22.5, "axis": "z", "origin": [8, 12, 8]},
			"faces": {
				"north": {"uv": [13.938, 1.875, 13.25, 2.625], "rotation": 90, "texture": "#8"},
				"south": {"uv": [13.938, 1.875, 13.25, 2.625], "rotation": 270, "texture": "#8"},
				"west": {"uv": [13.25, 2.625, 13.938, 1.875], "texture": "#8"},
				"up": {"uv": [0, 16, 16, 0], "rotation": 90, "texture": "#8"},
				"down": {"uv": [0, 16, 16, 0], "rotation": 90, "texture": "#8"}
			}
		},
		{
			"from": [0.87956, 9.58001, 6.75],
			"to": [4.12956, 9.58501, 9.25],
			"rotation": {"angle": -22.5, "axis": "z", "origin": [8, 12, 8]},
			"faces": {
				"north": {"uv": [13.25, 1.875, 13.938, 2.625], "rotation": 90, "texture": "#8"},
				"south": {"uv": [13.25, 1.875, 13.938, 2.625], "rotation": 270, "texture": "#8"},
				"west": {"uv": [13.25, 1.875, 13.938, 2.625], "texture": "#8"},
				"up": {"uv": [16, 16, 0, 0], "rotation": 90, "texture": "#8"},
				"down": {"uv": [16, 16, 0, 0], "rotation": 90, "texture": "#8"}
			}
		},
		{
			"from": [1.0709, 11.25, 10.87692],
			"to": [4.3209, 13.75, 10.88192],
			"rotation": {"angle": -22.5, "axis": "y", "origin": [8, 12, 8]},
			"faces": {
				"north": {"uv": [0, 0, 16, 16], "rotation": 90, "texture": "#8"},
				"east": {"uv": [13.25, 1.875, 13.938, 2.625], "rotation": 270, "texture": "#8"},
				"south": {"uv": [0, 0, 16, 16], "rotation": 270, "texture": "#8"},
				"west": {"uv": [13.25, 1.875, 13.938, 2.625], "rotation": 270, "texture": "#8"},
				"up": {"uv": [13.938, 2.625, 13.25, 1.875], "rotation": 90, "texture": "#8"},
				"down": {"uv": [13.938, 2.625, 13.25, 1.875], "rotation": 90, "texture": "#8"}
			}
		},
		{
			"from": [3.12605, 9.52963, 6.6875],
			"to": [7.62605, 11.90463, 9.3125],
			"rotation": {"angle": -22.5, "axis": "z", "origin": [8, 12, 8]},
			"faces": {
				"north": {"uv": [4, 16, 12, 0], "rotation": 270, "texture": "#5"},
				"south": {"uv": [4, 16, 12, 0], "rotation": 90, "texture": "#5"},
				"west": {"uv": [4, 12, 12, 4], "rotation": 270, "texture": "#5"},
				"up": {"uv": [4, 16, 12, 0], "rotation": 90, "texture": "#5"},
				"down": {"uv": [4, 16, 12, 0], "rotation": 90, "texture": "#5"}
			}
		},
		{
			"from": [11.6791, 11.25, 5.11807],
			"to": [14.9291, 13.75, 5.12307],
			"rotation": {"angle": -22.5, "axis": "y", "origin": [8, 12, 8]},
			"faces": {
				"north": {"uv": [16, 16, 0, 0], "rotation": 90, "texture": "#8"},
				"east": {"uv": [13.25, 1.875, 13.938, 2.625], "rotation": 270, "texture": "#8"},
				"south": {"uv": [16, 16, 0, 0], "rotation": 270, "texture": "#8"},
				"west": {"uv": [13.25, 1.875, 13.938, 2.625], "rotation": 270, "texture": "#8"},
				"up": {"uv": [13.25, 1.875, 13.938, 2.625], "rotation": 90, "texture": "#8"},
				"down": {"uv": [13.25, 1.875, 13.938, 2.625], "rotation": 90, "texture": "#8"}
			}
		},
		{
			"from": [11.48776, 15.33887, 6.75],
			"to": [14.73776, 15.34387, 9.25],
			"rotation": {"angle": -22.5, "axis": "z", "origin": [8, 12, 8]},
			"faces": {
				"north": {"uv": [13.938, 2.625, 13.25, 1.875], "rotation": 90, "texture": "#8"},
				"east": {"uv": [13.938, 2.625, 13.25, 1.875], "texture": "#8"},
				"south": {"uv": [13.938, 2.625, 13.25, 1.875], "rotation": 270, "texture": "#8"},
				"up": {"uv": [0, 0, 16, 16], "rotation": 90, "texture": "#8"},
				"down": {"uv": [0, 0, 16, 16], "rotation": 90, "texture": "#8"}
			}
		},
		{
			"from": [11.87044, 9.58001, 6.75],
			"to": [15.12044, 9.58501, 9.25],
			"rotation": {"angle": 22.5, "axis": "z", "origin": [8, 12, 8]},
			"faces": {
				"north": {"uv": [13.25, 2.625, 13.938, 1.875], "rotation": 90, "texture": "#8"},
				"east": {"uv": [13.938, 1.875, 13.25, 2.625], "texture": "#8"},
				"south": {"uv": [13.25, 2.625, 13.938, 1.875], "rotation": 270, "texture": "#8"},
				"up": {"uv": [16, 0, 0, 16], "rotation": 90, "texture": "#8"},
				"down": {"uv": [16, 0, 0, 16], "rotation": 90, "texture": "#8"}
			}
		},
		{
			"from": [11.6791, 11.25, 10.87692],
			"to": [14.9291, 13.75, 10.88192],
			"rotation": {"angle": 22.5, "axis": "y", "origin": [8, 12, 8]},
			"faces": {
				"north": {"uv": [0, 16, 16, 0], "rotation": 90, "texture": "#8"},
				"east": {"uv": [13.25, 2.625, 13.938, 1.875], "rotation": 270, "texture": "#8"},
				"south": {"uv": [0, 16, 16, 0], "rotation": 270, "texture": "#8"},
				"west": {"uv": [13.25, 2.625, 13.938, 1.875], "rotation": 270, "texture": "#8"},
				"up": {"uv": [13.938, 1.875, 13.25, 2.625], "rotation": 90, "texture": "#8"},
				"down": {"uv": [13.938, 1.875, 13.25, 2.625], "rotation": 90, "texture": "#8"}
			}
		},
		{
			"from": [8.37395, 9.52963, 6.6875],
			"to": [12.87395, 11.90463, 9.3125],
			"rotation": {"angle": 22.5, "axis": "z", "origin": [8, 12, 8]},
			"faces": {
				"north": {"uv": [4, 0, 12, 16], "rotation": 270, "texture": "#5"},
				"east": {"uv": [4, 4, 12, 12], "rotation": 270, "texture": "#5"},
				"south": {"uv": [4, 0, 12, 16], "rotation": 90, "texture": "#5"},
				"up": {"uv": [4, 0, 12, 16], "rotation": 90, "texture": "#5"},
				"down": {"uv": [4, 0, 12, 16], "rotation": 90, "texture": "#5"}
			}
		}
	],
	"display": {
		"thirdperson_righthand": {
			"rotation": [75, -145, 0],
			"translation": [0, 2.5, 0],
			"scale": [0.375, 0.375, 0.375]
		},
		"thirdperson_lefthand": {
			"rotation": [75, -145, 0],
			"translation": [0, 2.5, 0],
			"scale": [-0.375, 0.375, 0.375]
		},
		"firstperson_righthand": {
			"rotation": [0, -45, 0],
			"translation": [0, 1, -1],
			"scale": [0.3, 0.3, 0.3]
		},
		"firstperson_lefthand": {
			"rotation": [0, -45, 0],
			"translation": [0, 1, -1],
			"scale": [-0.3, 0.3, 0.3]
		},
		"ground": {
			"translation": [0, 3, 0],
			"scale": [0.25, 0.25, 0.25]
		},
		"gui": {
			"rotation": [30, -45, 0],
			"translation": [0, -0.75, 0],
			"scale": [0.42, 0.42, 0.42]
		},
		"head": {
			"translation": [0, -32.75, 0],
			"scale": [4, 4, 4]
		},
		"fixed": {
			"rotation": [0, 90, 0],
			"translation": [0, 0, -4.25],
			"scale": [0.5, 0.5, 0.5]
		}
	},
	"groups": [0, 1, 2, 3, 4, 5, 6, 7, 8, 9, 10, 11, 12, 13, 14, 15, 16, 17, 18, 19, 20, 21, 22, 23, 24,
		{
			"name": "base",
			"origin": [8, 11.99219, 8],
			"children": [25, 26, 27, 28, 29, 30, 31, 32, 33, 34, 35, 36, 37, 38, 39, 40, 41, 42, 43, 44,
				{
					"name": "spikes_top",
					"origin": [8, 8, 8],
					"children": [
						{
							"name": "spike",
							"origin": [14.75, 11, 17],
							"children": [45, 46, 47, 48]
						},
						{
							"name": "spike",
							"origin": [14.75, 11, 17],
							"children": [49, 50, 51, 52]
						},
						{
							"name": "spike",
							"origin": [14.75, 11, 17],
							"children": [53, 54, 55, 56]
						},
						{
							"name": "spike",
							"origin": [14.75, 11, 17],
							"children": [57, 58, 59, 60]
						}
					]
				},
				{
					"name": "spikes",
					"origin": [8, 8, 8],
					"children": [
						{
							"name": "spike",
							"origin": [14.75, 11, 17],
							"children": [61, 62, 63, 64, 65]
						},
						{
							"name": "spike",
							"origin": [14.75, 11, 17],
							"children": [66, 67, 68, 69, 70]
						},
						{
							"name": "spike",
							"origin": [14.75, 11, 17],
							"children": [71, 72, 73, 74, 75]
						},
						{
							"name": "spike",
							"origin": [14.75, 11, 17],
							"children": [76, 77, 78, 79, 80]
						}
					]
				}
			]
		}
	]
}