{
	"credit": "Made by MadstonMagic, using Cubik Pro & Blockbench",
	"textures": {
		"14": "towers/zombie_lvl_2_walls",
		"15": "custom/grass/05_top",
		"16": "towers/zombie_lvl_5details",
		"particle": "custom/grass/05_top",
		"grass_block_side": "custom/grass/normal/side",
		"grass_top_dark_dirt_3": "custom/grass/02_top",
		"grass_top_dark_dirt_2": "custom/grass/03_top",
		"stone": "block/stone",
		"beetroots_stage0": "block/beetroots_stage1",
		"texture": "block/cobblestone",
		"zombie": "entity/zombie/zombie",
		"black_concrete": "block/black_concrete",
		"stone_bricks": "block/stone_bricks",
		"oak_sapling": "block/fern",
		"text": "custom/text"
	},
	"elements": [
		{
			"from": [3.5, -5, -1.75],
			"to": [12.5, -0.5, 2.75],
			"rotation": {"angle": 0, "axis": "y", "origin": [7.8758, 4.83741, 6.67545]},
			"faces": {
				"north": {"uv": [4.125, 12.8125, 6.125, 13.8125], "texture": "#16"},
				"east": {"uv": [6.125, 12.8125, 7.125, 13.8125], "texture": "#16"},
				"west": {"uv": [3.125, 12.8125, 4.125, 13.8125], "texture": "#16"},
				"up": {"uv": [6.125, 11.8125, 4.125, 12.8125], "texture": "#16"}
			}
		},
		{
			"from": [3.5, -5, 12],
			"to": [12.5, -0.5, 16.5],
			"rotation": {"angle": 0, "axis": "y", "origin": [8.1258, 4.83741, 8.07455]},
			"faces": {
				"east": {"uv": [6.125, 14.9375, 7.125, 15.9375], "texture": "#16"},
				"south": {"uv": [4.125, 14.9375, 6.125, 15.9375], "texture": "#16"},
				"west": {"uv": [3.125, 14.9375, 4.125, 15.9375], "texture": "#16"},
				"up": {"uv": [4.125, 13.9375, 6.125, 14.9375], "texture": "#16"}
			}
		},
		{
			"from": [-0.625, -5, 3],
			"to": [3.875, -0.5, 12],
			"rotation": {"angle": 0, "axis": "y", "origin": [-0.7508, 4.83741, -0.92545]},
			"faces": {
				"north": {"uv": [0.0625, 13.875, 1.0625, 14.875], "texture": "#16"},
				"south": {"uv": [3.0625, 13.875, 4.0625, 14.875], "texture": "#16"},
				"west": {"uv": [1.0625, 13.875, 3.0625, 14.875], "texture": "#16"},
				"up": {"uv": [1.0625, 12.875, 3.0625, 13.875], "rotation": 90, "texture": "#16"}
			}
		},
		{
			"from": [12, -5, 3],
			"to": [16.5, -0.5, 12],
			"rotation": {"angle": 0, "axis": "y", "origin": [16.6258, 4.83741, -0.92545]},
			"faces": {
				"north": {"uv": [9.1875, 13.875, 10.1875, 14.875], "texture": "#16"},
				"east": {"uv": [7.1875, 13.875, 9.1875, 14.875], "texture": "#16"},
				"south": {"uv": [6.1875, 13.875, 7.1875, 14.875], "texture": "#16"},
				"up": {"uv": [9.1875, 12.875, 7.1875, 13.875], "rotation": 90, "texture": "#16"}
			}
		},
		{
			"from": [12.90554, 2.8661, 3.23],
			"to": [14.40554, 9.1161, 11.73],
			"rotation": {"angle": 45, "axis": "z", "origin": [8.0008, 5.08741, 8.1058]},
			"faces": {
				"north": {"uv": [0, 10.063, 1, 14.063], "texture": "#14"},
				"south": {"uv": [0, 10.063, 1, 14.063], "texture": "#14"},
				"west": {"uv": [0, 10.063, 4, 14.063], "texture": "#14"},
				"up": {"uv": [0, 0, 12, 16], "rotation": 180, "texture": "#14"},
				"down": {"uv": [0, 0, 0, 0], "texture": "#14"}
			}
		},
		{
			"from": [1.84446, 2.8661, 3.23],
			"to": [3.34446, 9.1161, 11.73],
			"rotation": {"angle": -45, "axis": "z", "origin": [8.2492, 5.08741, 8.1058]},
			"faces": {
				"north": {"uv": [1, 10.063, 0, 14.063], "texture": "#14"},
				"east": {"uv": [4, 10.063, 0, 14.063], "texture": "#14"},
				"south": {"uv": [1, 10.063, 0, 14.063], "texture": "#14"},
				"up": {"uv": [12, 0, 0, 16], "rotation": 180, "texture": "#14"},
				"down": {"uv": [0, 0, 0, 0], "texture": "#14"}
			}
		},
		{
			"from": [3.875, -3.5, 1.5],
			"to": [5.125, -0.375, 13.25],
			"rotation": {"angle": 0, "axis": "y", "origin": [8.0008, 4.83741, 8.57455]},
			"faces": {
				"north": {"uv": [0, 8, 0.438, 9], "texture": "#14"},
				"east": {"uv": [0, 8, 4, 9], "texture": "#14"},
				"south": {"uv": [0, 8, 0.438, 9], "texture": "#14"},
				"west": {"uv": [0, 8, 4, 9], "texture": "#14"},
				"up": {"uv": [0, 8, 4, 8.376], "rotation": 90, "texture": "#14"},
				"down": {"uv": [0, 8, 4, 8.376], "rotation": 90, "texture": "#14"}
			}
		},
		{
			"from": [10.875, -3.5, 1.5],
			"to": [12.125, -0.375, 13.25],
			"rotation": {"angle": 0, "axis": "y", "origin": [14.375, 5, 6.5]},
			"faces": {
				"north": {"uv": [0, 8, 0.438, 9], "texture": "#14"},
				"east": {"uv": [0, 8, 4, 9], "texture": "#14"},
				"south": {"uv": [0, 8, 0.438, 9], "texture": "#14"},
				"west": {"uv": [0, 8, 4, 9], "texture": "#14"},
				"up": {"uv": [0, 8, 4, 8.376], "rotation": 90, "texture": "#14"},
				"down": {"uv": [0, 8, 4, 8.376], "rotation": 90, "texture": "#14"}
			}
		},
		{
			"from": [5.125, -3.5, 1.5],
			"to": [10.875, -0.375, 2.75],
			"rotation": {"angle": 0, "axis": "y", "origin": [10.125, 5, -0.75]},
			"faces": {
				"north": {"uv": [0, 8, 2, 9], "texture": "#14"},
				"south": {"uv": [0, 8, 2, 9], "texture": "#14"},
				"up": {"uv": [0, 8, 2, 8.376], "rotation": 180, "texture": "#14"},
				"down": {"uv": [0, 8, 2, 8.376], "rotation": 180, "texture": "#14"}
			}
		},
		{
			"from": [5.125, -3.5, 12],
			"to": [10.875, -0.375, 13.25],
			"rotation": {"angle": 0, "axis": "y", "origin": [10.125, 5, 9.75]},
			"faces": {
				"north": {"uv": [0, 8, 2, 9], "texture": "#14"},
				"south": {"uv": [0, 8, 2, 9], "texture": "#14"},
				"up": {"uv": [0, 8, 2, 8.376], "rotation": 180, "texture": "#14"},
				"down": {"uv": [0, 8, 2, 8.376], "rotation": 180, "texture": "#14"}
			}
		},
		{
			"from": [0.07535, -5, 10.94875],
			"to": [4.57535, -2.1875, 15.44875],
			"rotation": {"angle": 0, "axis": "y", "origin": [8.0008, 4.83741, 8.07455]},
			"faces": {
				"south": {"uv": [0, 0, 16, 11], "texture": "#grass_block_side"},
				"west": {"uv": [0, 0, 16, 11], "texture": "#grass_block_side"},
				"up": {"uv": [0, 0, 16, 16], "rotation": 90, "texture": "#15"}
			}
		},
		{
			"from": [11.07535, -5, -0.55125],
			"to": [15.57535, -2.1875, 3.94875],
			"rotation": {"angle": 0, "axis": "y", "origin": [7.5008, 4.83741, 8.07455]},
			"faces": {
				"north": {"uv": [0, 0, 16, 11], "texture": "#stone"},
				"east": {"uv": [0, 0, 16, 11], "texture": "#stone"},
				"up": {"uv": [0, 0, 16, 16], "rotation": 90, "texture": "#stone"}
			}
		},
		{
			"from": [11.57535, -5, 10.94875],
			"to": [16.07535, -2.1875, 15.44875],
			"rotation": {"angle": 0, "axis": "y", "origin": [8.0008, 4.83741, 8.07455]},
			"faces": {
				"east": {"uv": [0, 0, 16, 11], "texture": "#grass_block_side"},
				"south": {"uv": [0, 0, 16, 11], "texture": "#grass_block_side"},
				"up": {"uv": [0, 0, 16, 16], "rotation": 180, "texture": "#grass_top_dark_dirt_2"}
			}
		},
		{
			"from": [0.07535, -5, -0.55125],
			"to": [4.57535, -2.1875, 3.94875],
			"rotation": {"angle": 0, "axis": "y", "origin": [8.0008, 4.83741, 8.07455]},
			"faces": {
				"north": {"uv": [0, 0, 16, 11], "texture": "#grass_block_side"},
				"west": {"uv": [0, 0, 16, 11], "texture": "#grass_block_side"},
				"up": {"uv": [0, 0, 16, 16], "texture": "#grass_top_dark_dirt_3"}
			}
		},
		{
			"from": [9.20035, 2.55503, 1.02123],
			"to": [10.82535, 6.93003, 2.64623],
			"rotation": {"angle": -45, "axis": "x", "origin": [8.0008, 4.83741, 8.07455]},
			"faces": {
				"north": {"uv": [10, 5, 11, 8], "rotation": 180, "texture": "#zombie"},
				"east": {"uv": [11, 5, 12, 8], "rotation": 180, "texture": "#zombie"},
				"south": {"uv": [12, 5, 13, 8], "rotation": 180, "texture": "#zombie"},
				"west": {"uv": [13, 5, 14, 8], "rotation": 180, "texture": "#zombie"},
				"up": {"uv": [12, 4, 13, 5], "rotation": 90, "texture": "#zombie"}
			}
		},
		{
			"from": [5.20035, 2.55503, 1.02123],
			"to": [6.82535, 6.93003, 2.64623],
			"rotation": {"angle": -45, "axis": "x", "origin": [8.0008, 4.83741, 8.07455]},
			"faces": {
				"north": {"uv": [11, 5, 10, 8], "rotation": 180, "texture": "#zombie"},
				"east": {"uv": [14, 5, 13, 8], "rotation": 180, "texture": "#zombie"},
				"south": {"uv": [13, 5, 12, 8], "rotation": 180, "texture": "#zombie"},
				"west": {"uv": [12, 5, 11, 8], "rotation": 180, "texture": "#zombie"},
				"up": {"uv": [12, 5, 13, 4], "rotation": 90, "texture": "#zombie"}
			}
		},
		{
			"from": [6.57535, -1.01697, 8.26128],
			"to": [9.57535, 1.98303, 11.26128],
			"rotation": {"angle": 22.5, "axis": "x", "origin": [8.0008, 4.83741, 8.07455]},
			"faces": {
				"north": {"uv": [2, 4, 4, 2], "rotation": 180, "texture": "#zombie"},
				"east": {"uv": [0, 4, 2, 2], "rotation": 180, "texture": "#zombie"},
				"south": {"uv": [6, 4, 8, 2], "rotation": 270, "texture": "#zombie"},
				"west": {"uv": [4, 4, 6, 2], "texture": "#zombie"},
				"up": {"uv": [2, 2, 4, 0], "texture": "#zombie"}
			}
		},
		{
			"from": [4.56285, -5, 2.94875],
			"to": [11.58785, -0.59375, 11.93625],
			"rotation": {"angle": 0, "axis": "y", "origin": [8.0008, 4.83741, 8.07455]},
			"faces": {
				"up": {"uv": [5, 11, 6, 12], "rotation": 90, "texture": "#black_concrete"}
			}
		},
		{
			"from": [0.57535, -4.94512, 3.28768],
			"to": [3.07535, -0.94512, 4.53768],
			"rotation": {"angle": 22.5, "axis": "x", "origin": [8.0008, 4.83741, 8.07455]},
			"faces": {
				"north": {"uv": [1, 1, 15, 6], "rotation": 90, "texture": "#stone_bricks"},
				"east": {"uv": [1, 3, 15, 5], "rotation": 90, "texture": "#stone_bricks"},
				"south": {"uv": [1, 1, 15, 6], "texture": "#stone_bricks"},
				"west": {"uv": [1, 4, 15, 6], "rotation": 90, "texture": "#stone_bricks"},
				"up": {"uv": [6, 1, 8, 6], "rotation": 90, "texture": "#stone_bricks"}
			}
		},
		{
			"from": [0.73472, -3.18078, 3.27194],
			"to": [2.89097, -1.30578, 3.83444],
			"rotation": {"angle": 22.5, "axis": "x", "origin": [8.0008, 4.83741, 8.07455]},
			"faces": {
				"north": {"uv": [0.25, 0.25, 11, 9.25], "texture": "#text"},
				"east": {"uv": [0.5, 15, 1, 15.5], "texture": "#text"},
				"west": {"uv": [0.5, 15, 1, 15.5], "texture": "#text"},
				"up": {"uv": [0.5, 15, 1, 15.5], "rotation": 90, "texture": "#text"},
				"down": {"uv": [0.5, 15, 1, 15.5], "rotation": 270, "texture": "#text"}
			}
		},
		{
			"from": [4.125, 10, 1.375],
			"to": [6.125, 12, 3.375],
			"rotation": {"angle": 0, "axis": "y", "origin": [8.15545, 4.33741, 7.6058]},
			"faces": {
				"north": {"uv": [16, 0, 0, 16], "texture": "#texture"},
				"east": {"uv": [16, 0, 0, 16], "texture": "#texture"},
				"south": {"uv": [16, 0, 0, 16], "texture": "#texture"},
				"west": {"uv": [16, 0, 0, 16], "texture": "#texture"},
				"up": {"uv": [0, 16, 16, 0], "rotation": 90, "texture": "#texture"},
				"down": {"uv": [0, 16, 16, 0], "rotation": 270, "texture": "#texture"}
			}
		},
		{
			"from": [4.125, 10, 11.625],
			"to": [6.125, 12, 13.625],
			"rotation": {"angle": 0, "axis": "y", "origin": [8.15545, 4.33741, 7.3942]},
			"faces": {
				"north": {"uv": [0, 0, 16, 16], "texture": "#texture"},
				"east": {"uv": [0, 0, 16, 16], "texture": "#texture"},
				"south": {"uv": [0, 0, 16, 16], "texture": "#texture"},
				"west": {"uv": [0, 0, 16, 16], "texture": "#texture"},
				"up": {"uv": [16, 16, 0, 0], "rotation": 90, "texture": "#texture"},
				"down": {"uv": [16, 16, 0, 0], "rotation": 270, "texture": "#texture"}
			}
		},
		{
			"from": [2.125, 8.5, 1.5],
			"to": [4.125, 10.5, 3.5],
			"rotation": {"angle": 0, "axis": "y", "origin": [6.15545, 2.83741, 7.7308]},
			"faces": {
				"north": {"uv": [16, 0, 0, 16], "texture": "#texture"},
				"east": {"uv": [16, 0, 0, 16], "texture": "#texture"},
				"south": {"uv": [16, 0, 0, 16], "texture": "#texture"},
				"west": {"uv": [16, 0, 0, 16], "texture": "#texture"},
				"up": {"uv": [0, 16, 16, 0], "rotation": 90, "texture": "#texture"},
				"down": {"uv": [0, 16, 16, 0], "rotation": 270, "texture": "#texture"}
			}
		},
		{
			"from": [2.125, 8.5, 11.5],
			"to": [4.125, 10.5, 13.5],
			"rotation": {"angle": 0, "axis": "y", "origin": [6.15545, 2.83741, 7.2692]},
			"faces": {
				"north": {"uv": [0, 0, 16, 16], "texture": "#texture"},
				"east": {"uv": [0, 0, 16, 16], "texture": "#texture"},
				"south": {"uv": [0, 0, 16, 16], "texture": "#texture"},
				"west": {"uv": [0, 0, 16, 16], "texture": "#texture"},
				"up": {"uv": [16, 16, 0, 0], "rotation": 90, "texture": "#texture"},
				"down": {"uv": [16, 16, 0, 0], "rotation": 270, "texture": "#texture"}
			}
		},
		{
			"from": [12.125, 8.5, 1.5],
			"to": [14.125, 10.5, 3.5],
			"rotation": {"angle": 0, "axis": "y", "origin": [10.09455, 2.83741, 7.7308]},
			"faces": {
				"north": {"uv": [0, 0, 16, 16], "texture": "#texture"},
				"east": {"uv": [0, 0, 16, 16], "texture": "#texture"},
				"south": {"uv": [0, 0, 16, 16], "texture": "#texture"},
				"west": {"uv": [0, 0, 16, 16], "texture": "#texture"},
				"up": {"uv": [0, 0, 16, 16], "rotation": 90, "texture": "#texture"},
				"down": {"uv": [0, 0, 16, 16], "rotation": 270, "texture": "#texture"}
			}
		},
		{
			"from": [12.125, 8.5, 11.5],
			"to": [14.125, 10.5, 13.5],
			"rotation": {"angle": 0, "axis": "y", "origin": [10.09455, 2.83741, 7.2692]},
			"faces": {
				"north": {"uv": [16, 0, 0, 16], "texture": "#texture"},
				"east": {"uv": [16, 0, 0, 16], "texture": "#texture"},
				"south": {"uv": [16, 0, 0, 16], "texture": "#texture"},
				"west": {"uv": [16, 0, 0, 16], "texture": "#texture"},
				"up": {"uv": [16, 0, 0, 16], "rotation": 90, "texture": "#texture"},
				"down": {"uv": [16, 0, 0, 16], "rotation": 270, "texture": "#texture"}
			}
		},
		{
			"from": [0.25, 7.5, 1.625],
			"to": [2.25, 9.5, 3.625],
			"rotation": {"angle": 0, "axis": "y", "origin": [4.28045, 1.83741, 7.8558]},
			"faces": {
				"north": {"uv": [16, 0, 0, 16], "texture": "#texture"},
				"east": {"uv": [16, 0, 0, 16], "texture": "#texture"},
				"south": {"uv": [16, 0, 0, 16], "texture": "#texture"},
				"west": {"uv": [16, 0, 0, 16], "texture": "#texture"},
				"up": {"uv": [0, 16, 16, 0], "rotation": 90, "texture": "#texture"},
				"down": {"uv": [0, 16, 16, 0], "rotation": 270, "texture": "#texture"}
			}
		},
		{
			"from": [0.25, 7.5, 11.375],
			"to": [2.25, 9.5, 13.375],
			"rotation": {"angle": 0, "axis": "y", "origin": [4.28045, 1.83741, 7.1442]},
			"faces": {
				"north": {"uv": [0, 0, 16, 16], "texture": "#texture"},
				"east": {"uv": [0, 0, 16, 16], "texture": "#texture"},
				"south": {"uv": [0, 0, 16, 16], "texture": "#texture"},
				"west": {"uv": [0, 0, 16, 16], "texture": "#texture"},
				"up": {"uv": [16, 16, 0, 0], "rotation": 90, "texture": "#texture"},
				"down": {"uv": [16, 16, 0, 0], "rotation": 270, "texture": "#texture"}
			}
		},
		{
			"from": [14, 7.5, 1.625],
			"to": [16, 9.5, 3.625],
			"rotation": {"angle": 0, "axis": "y", "origin": [11.96955, 1.83741, 7.8558]},
			"faces": {
				"north": {"uv": [0, 0, 16, 16], "texture": "#texture"},
				"east": {"uv": [0, 0, 16, 16], "texture": "#texture"},
				"south": {"uv": [0, 0, 16, 16], "texture": "#texture"},
				"west": {"uv": [0, 0, 16, 16], "texture": "#texture"},
				"up": {"uv": [0, 0, 16, 16], "rotation": 90, "texture": "#texture"},
				"down": {"uv": [0, 0, 16, 16], "rotation": 270, "texture": "#texture"}
			}
		},
		{
			"from": [14, 7.5, 11.375],
			"to": [16, 9.5, 13.375],
			"rotation": {"angle": 0, "axis": "y", "origin": [11.96955, 1.83741, 7.1442]},
			"faces": {
				"north": {"uv": [16, 0, 0, 16], "texture": "#texture"},
				"east": {"uv": [16, 0, 0, 16], "texture": "#texture"},
				"south": {"uv": [16, 0, 0, 16], "texture": "#texture"},
				"west": {"uv": [16, 0, 0, 16], "texture": "#texture"},
				"up": {"uv": [16, 0, 0, 16], "rotation": 90, "texture": "#texture"},
				"down": {"uv": [16, 0, 0, 16], "rotation": 270, "texture": "#texture"}
			}
		},
		{
			"from": [10.125, 10, 1.375],
			"to": [12.125, 12, 3.375],
			"rotation": {"angle": 0, "axis": "y", "origin": [14.15545, 4.33741, 7.6058]},
			"faces": {
				"north": {"uv": [16, 0, 0, 16], "texture": "#texture"},
				"east": {"uv": [16, 0, 0, 16], "texture": "#texture"},
				"south": {"uv": [16, 0, 0, 16], "texture": "#texture"},
				"west": {"uv": [16, 0, 0, 16], "texture": "#texture"},
				"up": {"uv": [0, 16, 16, 0], "rotation": 90, "texture": "#texture"},
				"down": {"uv": [0, 16, 16, 0], "rotation": 270, "texture": "#texture"}
			}
		},
		{
			"from": [10.125, 10, 11.625],
			"to": [12.125, 12, 13.625],
			"rotation": {"angle": 0, "axis": "y", "origin": [14.15545, 4.33741, 7.3942]},
			"faces": {
				"north": {"uv": [0, 0, 16, 16], "texture": "#texture"},
				"east": {"uv": [0, 0, 16, 16], "texture": "#texture"},
				"south": {"uv": [0, 0, 16, 16], "texture": "#texture"},
				"west": {"uv": [0, 0, 16, 16], "texture": "#texture"},
				"up": {"uv": [16, 16, 0, 0], "rotation": 90, "texture": "#texture"},
				"down": {"uv": [16, 16, 0, 0], "rotation": 270, "texture": "#texture"}
			}
		},
		{
			"from": [8.125, 11, 1.25],
			"to": [10.125, 13, 3.25],
			"rotation": {"angle": 0, "axis": "y", "origin": [8.7508, 4.33741, 7.44955]},
			"faces": {
				"north": {"uv": [0, 0, 16, 16], "texture": "#texture"},
				"east": {"uv": [0, 0, 16, 16], "texture": "#texture"},
				"south": {"uv": [0, 0, 16, 16], "texture": "#texture"},
				"up": {"uv": [0, 0, 16, 16], "rotation": 90, "texture": "#texture"},
				"down": {"uv": [0, 0, 16, 16], "rotation": 270, "texture": "#texture"}
			}
		},
		{
			"from": [8.125, 11, 11.75],
			"to": [10.125, 13, 13.75],
			"rotation": {"angle": 0, "axis": "y", "origin": [8.7508, 4.33741, 7.55045]},
			"faces": {
				"north": {"uv": [16, 0, 0, 16], "texture": "#texture"},
				"east": {"uv": [16, 0, 0, 16], "texture": "#texture"},
				"south": {"uv": [16, 0, 0, 16], "texture": "#texture"},
				"up": {"uv": [16, 0, 0, 16], "rotation": 90, "texture": "#texture"},
				"down": {"uv": [16, 0, 0, 16], "rotation": 270, "texture": "#texture"}
			}
		},
		{
			"from": [6.125, 11, 1.25],
			"to": [8.125, 13, 3.25],
			"rotation": {"angle": 0, "axis": "y", "origin": [8.15545, 4.33741, 7.44955]},
			"faces": {
				"north": {"uv": [16, 0, 0, 16], "texture": "#texture"},
				"south": {"uv": [16, 0, 0, 16], "texture": "#texture"},
				"west": {"uv": [16, 0, 0, 16], "texture": "#texture"},
				"up": {"uv": [0, 16, 16, 0], "rotation": 90, "texture": "#texture"},
				"down": {"uv": [0, 16, 16, 0], "rotation": 270, "texture": "#texture"}
			}
		},
		{
			"from": [6.125, 11, 11.75],
			"to": [8.125, 13, 13.75],
			"rotation": {"angle": 0, "axis": "y", "origin": [8.15545, 4.33741, 7.55045]},
			"faces": {
				"north": {"uv": [0, 0, 16, 16], "texture": "#texture"},
				"south": {"uv": [0, 0, 16, 16], "texture": "#texture"},
				"west": {"uv": [0, 0, 16, 16], "texture": "#texture"},
				"up": {"uv": [16, 16, 0, 0], "rotation": 90, "texture": "#texture"},
				"down": {"uv": [16, 16, 0, 0], "rotation": 270, "texture": "#texture"}
			}
		},
		{
			"from": [6.125, 11.5, 3.25],
			"to": [10.125, 12.5, 11.75],
			"rotation": {"angle": 0, "axis": "y", "origin": [8.03205, 4.83741, 7.8558]},
			"faces": {
				"north": {"uv": [0, 0, 0, 0], "texture": "#14"},
				"east": {"uv": [0, 8, 4, 8.5], "texture": "#14"},
				"south": {"uv": [0, 0, 0, 0], "texture": "#14"},
				"west": {"uv": [0, 8, 4, 8.5], "texture": "#14"},
				"up": {"uv": [0, 8, 4, 10], "rotation": 90, "texture": "#14"},
				"down": {"uv": [0, 8, 4, 10], "rotation": 90, "texture": "#14"}
			}
		},
		{
			"from": [10.125, 10, 3.375],
			"to": [12.125, 11.5, 11.625],
			"rotation": {"angle": 0, "axis": "y", "origin": [10.03205, 3.83741, 7.8558]},
			"faces": {
				"north": {"uv": [0, 0, 0, 0], "texture": "#14"},
				"east": {"uv": [0, 8, 4, 8.813], "texture": "#14"},
				"south": {"uv": [0, 0, 0, 0], "texture": "#14"},
				"west": {"uv": [0, 8, 4, 8.813], "texture": "#14"},
				"up": {"uv": [0, 8, 4, 9], "rotation": 90, "texture": "#14"},
				"down": {"uv": [0, 8, 4, 9], "rotation": 90, "texture": "#14"}
			}
		},
		{
			"from": [4.125, 10, 3.375],
			"to": [6.125, 11.5, 11.625],
			"rotation": {"angle": 0, "axis": "y", "origin": [4.03205, 3.83741, 7.8558]},
			"faces": {
				"north": {"uv": [0, 0, 0, 0], "texture": "#14"},
				"east": {"uv": [0, 8, 4, 8.813], "texture": "#14"},
				"south": {"uv": [0, 0, 0, 0], "texture": "#14"},
				"west": {"uv": [0, 8, 4, 8.813], "texture": "#14"},
				"up": {"uv": [0, 8, 4, 9], "rotation": 90, "texture": "#14"},
				"down": {"uv": [0, 8, 4, 9], "rotation": 90, "texture": "#14"}
			}
		},
		{
			"from": [2.125, 9, 3.5],
			"to": [4.125, 10, 11.5],
			"rotation": {"angle": 0, "axis": "y", "origin": [2.03205, 2.33741, 7.8558]},
			"faces": {
				"north": {"uv": [0, 0, 0, 0], "texture": "#14"},
				"east": {"uv": [0, 8, 4, 8.5], "texture": "#14"},
				"south": {"uv": [0, 0, 0, 0], "texture": "#14"},
				"west": {"uv": [0, 8, 4, 8.5], "texture": "#14"},
				"up": {"uv": [0, 8, 4, 9], "rotation": 90, "texture": "#14"},
				"down": {"uv": [0, 8, 4, 9], "rotation": 90, "texture": "#14"}
			}
		},
		{
			"from": [12.125, 9, 3.5],
			"to": [14.125, 10, 11.5],
			"rotation": {"angle": 0, "axis": "y", "origin": [12.03205, 2.33741, 7.8558]},
			"faces": {
				"north": {"uv": [0, 0, 0, 0], "texture": "#14"},
				"east": {"uv": [0, 8, 4, 8.5], "texture": "#14"},
				"south": {"uv": [0, 0, 0, 0], "texture": "#14"},
				"west": {"uv": [0, 8, 4, 8.5], "texture": "#14"},
				"up": {"uv": [0, 8, 4, 9], "rotation": 90, "texture": "#14"},
				"down": {"uv": [0, 8, 4, 9], "rotation": 90, "texture": "#14"}
			}
		},
		{
			"from": [12.625, 6.5, 3],
			"to": [14.11719, 8, 12],
			"rotation": {"angle": 0, "axis": "y", "origin": [12.53205, -0.16259, 7.8558]},
			"faces": {
				"north": {"uv": [0, 0, 16, 16], "texture": "#texture"},
				"east": {"uv": [0, 8, 4, 8.751], "texture": "#14"},
				"south": {"uv": [0, 0, 16, 16], "texture": "#texture"},
				"west": {"uv": [0, 8, 4, 8.751], "texture": "#14"},
				"up": {"uv": [0, 8, 4, 9], "rotation": 90, "texture": "#14"},
				"down": {"uv": [0, 8, 4, 9], "rotation": 90, "texture": "#14"}
			}
		},
		{
			"from": [2.13281, 6.5, 3],
			"to": [3.625, 8, 12],
			"rotation": {"angle": 0, "axis": "y", "origin": [3.71795, -0.16259, 7.8558]},
			"faces": {
				"north": {"uv": [16, 0, 0, 16], "texture": "#texture"},
				"east": {"uv": [4, 8, 0, 8.751], "texture": "#14"},
				"south": {"uv": [16, 0, 0, 16], "texture": "#texture"},
				"west": {"uv": [4, 8, 0, 8.751], "texture": "#14"},
				"up": {"uv": [0, 9, 4, 8], "rotation": 90, "texture": "#14"},
				"down": {"uv": [0, 9, 4, 8], "rotation": 90, "texture": "#14"}
			}
		},
		{
			"from": [14, 8, 3.625],
			"to": [16, 9, 11.375],
			"rotation": {"angle": 0, "axis": "y", "origin": [13.90705, 1.33741, 7.8558]},
			"faces": {
				"north": {"uv": [0, 0, 0, 0], "texture": "#14"},
				"east": {"uv": [0, 8, 4, 8.5], "texture": "#14"},
				"south": {"uv": [0, 0, 0, 0], "texture": "#14"},
				"west": {"uv": [0, 8, 4, 8.5], "texture": "#14"},
				"up": {"uv": [0, 8, 4, 9], "rotation": 90, "texture": "#14"},
				"down": {"uv": [0, 8, 4, 9], "rotation": 90, "texture": "#14"}
			}
		},
		{
			"from": [0.25, 8, 3.625],
			"to": [2.25, 9, 11.375],
			"rotation": {"angle": 0, "axis": "y", "origin": [0.15705, 1.33741, 7.8558]},
			"faces": {
				"north": {"uv": [0, 0, 0, 0], "texture": "#14"},
				"east": {"uv": [0, 8, 4, 8.5], "texture": "#14"},
				"south": {"uv": [0, 0, 0, 0], "texture": "#14"},
				"west": {"uv": [0, 8, 4, 8.5], "texture": "#14"},
				"up": {"uv": [0, 8, 4, 9], "rotation": 90, "texture": "#14"},
				"down": {"uv": [0, 8, 4, 9], "rotation": 90, "texture": "#14"}
			}
		},
		{
			"from": [0.92925, -0.5, 0.28729],
			"to": [8.80425, 7.375, 0.38104],
			"rotation": {"angle": -45, "axis": "y", "origin": [8.0008, 4.83741, 8.07455]},
			"faces": {
				"north": {"uv": [16, 0.5, 0, 16], "texture": "#oak_sapling"},
				"south": {"uv": [0, 0.5, 16, 16], "texture": "#oak_sapling"},
				"west": {"uv": [0.5, 0.5, 1.5, 1.5], "texture": "#oak_sapling"},
				"up": {"uv": [0.5, 0.5, 1.5, 1.5], "rotation": 90, "texture": "#oak_sapling"},
				"down": {"uv": [0.5, 0.5, 1.5, 1.5], "rotation": 270, "texture": "#oak_sapling"}
			}
		},
		{
			"from": [11.89053, -0.5, 4.90053],
			"to": [19.76553, 7.375, 4.99428],
			"rotation": {"angle": 45, "axis": "y", "origin": [8.0008, 4.83741, 8.07455]},
			"faces": {
				"north": {"uv": [16, 0.5, 0, 16], "texture": "#oak_sapling"},
				"east": {"uv": [0.5, 0.5, 1.5, 1.5], "texture": "#oak_sapling"},
				"south": {"uv": [0, 0.5, 16, 16], "texture": "#oak_sapling"},
				"west": {"uv": [0.5, 0.5, 1.5, 1.5], "texture": "#oak_sapling"},
				"up": {"uv": [0.5, 0.5, 1.5, 1.5], "rotation": 90, "texture": "#oak_sapling"},
				"down": {"uv": [0.5, 0.5, 1.5, 1.5], "rotation": 270, "texture": "#oak_sapling"}
			}
		},
		{
			"from": [-0.62929, -0.6875, 11.07732],
			"to": [4.99571, 4.9375, 11.17107],
			"rotation": {"angle": -22.5, "axis": "y", "origin": [8.0008, 4.83741, 8.07455]},
			"faces": {
				"north": {"uv": [16, 0.5, 0, 16], "texture": "#beetroots_stage0"},
				"east": {"uv": [0.5, 0.5, 1.5, 1.5], "texture": "#beetroots_stage0"},
				"south": {"uv": [0, 1, 16, 16], "texture": "#beetroots_stage0"},
				"west": {"uv": [0.5, 0.5, 1.5, 1.5], "texture": "#beetroots_stage0"},
				"up": {"uv": [0.5, 0.5, 1.5, 1.5], "rotation": 90, "texture": "#beetroots_stage0"},
				"down": {"uv": [0.5, 0.5, 1.5, 1.5], "rotation": 270, "texture": "#beetroots_stage0"}
			}
		},
		{
			"from": [0.57292, -0.6875, 3.26534],
			"to": [6.19792, 4.9375, 3.35909],
			"rotation": {"angle": 45, "axis": "y", "origin": [8.0008, 4.83741, 8.07455]},
			"faces": {
				"north": {"uv": [16, 0.5, 0, 16], "texture": "#beetroots_stage0"},
				"south": {"uv": [0, 1, 16, 16], "texture": "#beetroots_stage0"},
				"west": {"uv": [0.5, 0.5, 1.5, 1.5], "texture": "#beetroots_stage0"},
				"up": {"uv": [0.5, 0.5, 1.5, 1.5], "rotation": 90, "texture": "#beetroots_stage0"},
				"down": {"uv": [0.5, 0.5, 1.5, 1.5], "rotation": 270, "texture": "#beetroots_stage0"}
			}
		},
		{
			"from": [9.84643, -0.9375, 13.50309],
			"to": [15.47143, 4.6875, 13.59689],
			"rotation": {"angle": -22.5, "axis": "y", "origin": [8.0008, 4.83741, 8.07455]},
			"faces": {
				"north": {"uv": [16, 0.5, 0, 16], "texture": "#beetroots_stage0"},
				"east": {"uv": [0.5, 0.5, 1.5, 1.5], "texture": "#beetroots_stage0"},
				"south": {"uv": [0, 1, 16, 16], "texture": "#beetroots_stage0"},
				"west": {"uv": [0.5, 0.5, 1.5, 1.5], "texture": "#beetroots_stage0"},
				"up": {"uv": [0.5, 0.5, 1.5, 1.5], "rotation": 90, "texture": "#beetroots_stage0"},
				"down": {"uv": [0.5, 0.5, 1.5, 1.5], "rotation": 270, "texture": "#beetroots_stage0"}
			}
		},
		{
			"from": [2.16391, -0.9375, 15.10938],
			"to": [7.78891, 4.6875, 15.20318],
			"rotation": {"angle": 45, "axis": "y", "origin": [8.0008, 4.83741, 8.07455]},
			"faces": {
				"north": {"uv": [16, 0.5, 0, 16], "texture": "#beetroots_stage0"},
				"east": {"uv": [0.5, 0.5, 1.5, 1.5], "texture": "#beetroots_stage0"},
				"south": {"uv": [0, 1, 16, 16], "texture": "#beetroots_stage0"},
				"west": {"uv": [0.5, 0.5, 1.5, 1.5], "texture": "#beetroots_stage0"},
				"up": {"uv": [0.5, 0.5, 1.5, 1.5], "rotation": 90, "texture": "#beetroots_stage0"},
				"down": {"uv": [0.5, 0.5, 1.5, 1.5], "rotation": 270, "texture": "#beetroots_stage0"}
			}
		},
		{
			"name": "walls",
			"from": [2.125, -2.5, 2],
			"to": [14.125, 12.25, 13],
			"rotation": {"angle": 0, "axis": "y", "origin": [8.0008, 4.83741, 8.07455]},
			"faces": {
				"north": {"uv": [6, 8, 12, 16], "texture": "#14"},
				"east": {"uv": [0, 0, 6, 8], "texture": "#14"},
				"south": {"uv": [6, 0, 12, 8], "texture": "#14"},
				"west": {"uv": [0, 0, 6, 8], "texture": "#14"}
			}
		},
		{
			"name": "walls",
			"from": [14.10938, 11.75, 12.99219],
			"to": [2.14063, -1.75, 2.01563],
			"rotation": {"angle": 0, "axis": "y", "origin": [20.0008, 19.08741, 19.07455]},
			"faces": {
				"north": {"uv": [6, 0, 12, 8], "rotation": 180, "texture": "#14"},
				"east": {"uv": [0, 0, 6, 8], "rotation": 180, "texture": "#14"},
				"south": {"uv": [6, 8, 12, 16], "rotation": 180, "texture": "#14"},
				"west": {"uv": [0, 0, 6, 8], "rotation": 180, "texture": "#14"}
			}
		},
		{
			"from": [6.56409, 8.6875, 1.98232],
			"to": [9.06409, 11.1875, 1.99232],
			"rotation": {"angle": 0, "axis": "y", "origin": [7.80383, 10.83369, 13.20849]},
			"faces": {
				"north": {"uv": [4, 2, 2, 4], "texture": "#zombie"}
			}
		}
	],
	"display": {
		"thirdperson_righthand": {
			"rotation": [75, -45, 0],
			"translation": [0, 2.5, 2],
			"scale": [0.375, 0.375, 0.375]
		},
		"thirdperson_lefthand": {
			"rotation": [75, 135, 0],
			"translation": [0, 2.5, 2],
			"scale": [0.375, 0.375, 0.375]
		},
		"firstperson_righthand": {
			"rotation": [0, -45, 0],
			"translation": [0, 1, -1],
			"scale": [0.3, 0.3, 0.3]
		},
		"firstperson_lefthand": {
			"rotation": [0, -45, 0],
			"translation": [0, 1, -1],
			"scale": [-0.3, 0.3, 0.3]
		},
		"ground": {
			"translation": [0, 3, 0],
			"scale": [0.25, 0.25, 0.25]
		},
		"gui": {
			"rotation": [30, 135, 0],
			"translation": [0.25, 3, 0],
			"scale": [0.5, 0.5, 0.5]
		},
		"head": {
			"translation": [0, -17, 0],
			"scale": [4, 4, 4]
		},
		"fixed": {
			"rotation": [0, 90, 0],
			"translation": [0, 0, -4.25],
			"scale": [0.5, 0.5, 0.5]
		}
	},
	"groups": [0, 1, 2, 3, 4, 5, 6, 7, 8, 9, 10, 11, 12, 13, 14, 15, 16, 17, 18, 19,
		{
			"name": "roof",
			"origin": [7.25, 18.5, 2],
			"children": [20, 21, 22, 23, 24, 25, 26, 27, 28, 29, 30, 31, 32, 33, 34, 35, 36, 37, 38, 39, 40, 41, 42, 43, 44]
		},
		{
			"name": "plants",
			"origin": [8.0008, 4.83741, 8.07455],
			"children": [45, 46, 47, 48, 49, 50]
		}, 51, 52, 53]
}