{
	"credit": "Made by MadstonMagic, using Cubik Pro & Blockbench",
	"textures": {
		"11": "towers/zombie_lvl_3_walls_2",
		"13": "towers/zombie_lvl_3_walls",
		"15": "custom/grass/05_top",
		"particle": "custom/grass/05_top",
		"grass_top_dark": "custom/grass/normal/top",
		"beetroots_stage0": "block/beetroots_stage1",
		"zombie": "entity/zombie/zombie",
		"black_concrete": "block/black_concrete",
		"stone_bricks": "block/stone_bricks",
		"heads": "custom/heads",
		"text": "custom/text"
	},
	"elements": [
		{
			"from": [-0.92018, -5, 1.5],
			"to": [17.07982, -0.5, 10.5],
			"rotation": {"angle": 0, "axis": "y", "origin": [10.0371, 8.23308, 8.04272]},
			"faces": {
				"north": {"uv": [11.9375, 4.3125, 15.9375, 5.3125], "texture": "#13"},
				"east": {"uv": [3, 1.0625, 5, 2.0625], "texture": "#13"},
				"south": {"uv": [15.875, 4.3125, 11.9375, 5.3125], "texture": "#13"},
				"west": {"uv": [2, 1.0625, 4, 2.0625], "texture": "#13"},
				"up": {"uv": [1, 2.125, 5, 4.125], "rotation": 180, "texture": "#13"}
			}
		},
		{
			"from": [3.57982, -5, 6.00563],
			"to": [8.07982, -0.5, 10.50563],
			"rotation": {"angle": 0, "axis": "y", "origin": [10.0371, 8.23308, 8.04272]},
			"faces": {
				"up": {"uv": [0, 0, 16, 16], "rotation": 180, "texture": "#15"}
			}
		},
		{
			"from": [3.57982, -5, -2.99437],
			"to": [12.57982, -0.5, 1.50563],
			"rotation": {"angle": 0, "axis": "y", "origin": [10.0371, 8.23308, 8.04272]},
			"faces": {
				"north": {"uv": [12.9375, 3.25, 14.9375, 4.25], "texture": "#13"},
				"east": {"uv": [11.9375, 3.25, 12.9375, 4.25], "texture": "#13"},
				"west": {"uv": [14.9375, 3.25, 15.9375, 4.25], "texture": "#13"},
				"up": {"uv": [14.9375, 2.25, 12.9375, 3.25], "texture": "#13"}
			}
		},
		{
			"from": [3.57982, -5, 10.50563],
			"to": [12.57982, -0.5, 15.00563],
			"rotation": {"angle": 0, "axis": "y", "origin": [10.0371, 8.23308, 8.04272]},
			"faces": {
				"north": {"uv": [0, 0, 0, 0], "texture": "#13"},
				"east": {"uv": [4, 1.0625, 5, 2.0625], "texture": "#13"},
				"south": {"uv": [2, 1.0625, 4, 2.0625], "texture": "#13"},
				"west": {"uv": [1, 1.0625, 2, 2.0625], "texture": "#13"},
				"up": {"uv": [2, 0.0625, 4, 1.0625], "texture": "#13"},
				"down": {"uv": [0, 0, 0, 0], "texture": "#13"}
			}
		},
		{
			"from": [13.07982, 14.5, 2.375],
			"to": [15.11107, 15, 12.625],
			"rotation": {"angle": 0, "axis": "y", "origin": [10.0371, 8.23308, 8.07397]},
			"faces": {
				"east": {"uv": [11.5625, 0.125, 15.5625, 0.3125], "texture": "#13"},
				"south": {"uv": [0, 0, 16, 16], "texture": "#stone_bricks"},
				"west": {"uv": [11.5625, 0.125, 15.5625, 0.3125], "texture": "#13"},
				"up": {"uv": [11.5625, 0.125, 15.5625, 1.125], "rotation": 90, "texture": "#13"},
				"down": {"uv": [11.5625, 0.125, 15.5625, 1.125], "rotation": 90, "texture": "#13"}
			}
		},
		{
			"from": [1.01393, 14.5, 2.375],
			"to": [3.04518, 15, 12.625],
			"rotation": {"angle": 0, "axis": "y", "origin": [6.0879, 8.23308, 8.07397]},
			"faces": {
				"east": {"uv": [11.5625, 0.125, 15.5625, 0.3125], "texture": "#13"},
				"south": {"uv": [16, 0, 0, 16], "texture": "#stone_bricks"},
				"west": {"uv": [11.5625, 0.125, 15.5625, 0.3125], "texture": "#13"},
				"up": {"uv": [11.5625, 0.125, 15.5625, 1.125], "rotation": 90, "texture": "#13"},
				"down": {"uv": [11.5625, 0.125, 15.5625, 1.125], "rotation": 90, "texture": "#13"}
			}
		},
		{
			"from": [11.07982, 15, 2.375],
			"to": [13.07982, 15.5, 12.625],
			"rotation": {"angle": 0, "axis": "y", "origin": [10.0371, 8.23308, 8.10522]},
			"faces": {
				"east": {"uv": [11.5625, 0.125, 15.5625, 0.3125], "texture": "#13"},
				"west": {"uv": [11.5625, 0.125, 15.5625, 0.3125], "texture": "#13"},
				"up": {"uv": [11.5625, 0.125, 15.5625, 1.125], "rotation": 90, "texture": "#13"},
				"down": {"uv": [11.5625, 0.125, 15.5625, 1.125], "rotation": 90, "texture": "#13"}
			}
		},
		{
			"from": [3.04518, 15, 2.375],
			"to": [5.04518, 15.5, 12.625],
			"rotation": {"angle": 0, "axis": "y", "origin": [6.0879, 8.23308, 8.10522]},
			"faces": {
				"east": {"uv": [11.5625, 0.125, 15.5625, 0.3125], "texture": "#13"},
				"west": {"uv": [11.5625, 0.125, 15.5625, 0.3125], "texture": "#13"},
				"up": {"uv": [11.5625, 0.125, 15.5625, 1.125], "rotation": 90, "texture": "#13"},
				"down": {"uv": [11.5625, 0.125, 15.5625, 1.125], "rotation": 90, "texture": "#13"}
			}
		},
		{
			"from": [9.07982, 15.5, 2.375],
			"to": [11.07982, 16, 12.625],
			"rotation": {"angle": 0, "axis": "y", "origin": [10.0371, 8.23308, 8.13647]},
			"faces": {
				"east": {"uv": [11.5625, 0.125, 15.5625, 0.3125], "texture": "#13"},
				"west": {"uv": [11.5625, 0.125, 15.5625, 0.3125], "texture": "#13"},
				"up": {"uv": [11.5625, 0.125, 15.5625, 1.125], "rotation": 90, "texture": "#13"},
				"down": {"uv": [11.5625, 0.125, 15.5625, 1.125], "rotation": 90, "texture": "#13"}
			}
		},
		{
			"from": [5.04518, 15.5, 2.375],
			"to": [7.04518, 16, 12.625],
			"rotation": {"angle": 0, "axis": "y", "origin": [6.0879, 8.23308, 8.13647]},
			"faces": {
				"east": {"uv": [11.5625, 0.125, 15.5625, 0.3125], "texture": "#13"},
				"west": {"uv": [11.5625, 0.125, 15.5625, 0.3125], "texture": "#13"},
				"up": {"uv": [11.5625, 0.125, 15.5625, 1.125], "rotation": 90, "texture": "#13"},
				"down": {"uv": [11.5625, 0.125, 15.5625, 1.125], "rotation": 90, "texture": "#13"}
			}
		},
		{
			"from": [7.04857, 16, 2.375],
			"to": [9.07982, 17, 12.625],
			"rotation": {"angle": 0, "axis": "y", "origin": [10.0371, 8.23308, 8.16772]},
			"faces": {
				"north": {"uv": [10.9375, 1.1875, 11.9375, 2], "texture": "#13"},
				"east": {"uv": [11.5625, 0.125, 15.5625, 0.5625], "texture": "#13"},
				"south": {"uv": [10.9375, 1.1875, 11.9375, 2], "texture": "#13"},
				"west": {"uv": [11.5625, 0.125, 15.5625, 0.5625], "texture": "#13"},
				"up": {"uv": [11.5625, 0.125, 15.5625, 1.125], "rotation": 90, "texture": "#13"},
				"down": {"uv": [11.5625, 0.125, 15.5625, 1.125], "rotation": 90, "texture": "#13"}
			}
		},
		{
			"from": [15.04857, 12.5, 0.50563],
			"to": [17.07982, 14.5, 14.50563],
			"rotation": {"angle": 0, "axis": "y", "origin": [10.00585, 8.23308, 8.04272]},
			"faces": {
				"north": {"uv": [10.9375, 1.1875, 11.9375, 2], "texture": "#13"},
				"east": {"uv": [10.9375, 1.1875, 15.9375, 2], "texture": "#13"},
				"south": {"uv": [10.9375, 1.1875, 11.9375, 2], "texture": "#13"},
				"west": {"uv": [10.9375, 1.1875, 15.9375, 2], "texture": "#13"},
				"up": {"uv": [10.9375, 1.1875, 15.9375, 2.1875], "rotation": 90, "texture": "#13"},
				"down": {"uv": [10.9375, 1.1875, 15.9375, 2.1875], "rotation": 90, "texture": "#13"}
			}
		},
		{
			"from": [-0.95482, 12.5, 0.50563],
			"to": [1.07643, 14.5, 14.50563],
			"rotation": {"angle": 0, "axis": "y", "origin": [6.11915, 8.23308, 8.04272]},
			"faces": {
				"north": {"uv": [10.9375, 1.1875, 11.9375, 2], "texture": "#13"},
				"east": {"uv": [10.9375, 1.1875, 15.9375, 2], "texture": "#13"},
				"south": {"uv": [10.9375, 1.1875, 11.9375, 2], "texture": "#13"},
				"west": {"uv": [10.9375, 1.1875, 15.9375, 2], "texture": "#13"},
				"up": {"uv": [10.9375, 1.1875, 15.9375, 2.1875], "rotation": 90, "texture": "#13"},
				"down": {"uv": [10.9375, 1.1875, 15.9375, 2.1875], "rotation": 90, "texture": "#13"}
			}
		},
		{
			"from": [13.01732, 13.5, 12.53688],
			"to": [15.07982, 15.5, 14.53688],
			"rotation": {"angle": 0, "axis": "y", "origin": [10.00585, 8.23308, 8.07397]},
			"faces": {
				"north": {"uv": [16, 0, 0, 16], "texture": "#stone_bricks"},
				"east": {"uv": [0, 0, 16, 16], "texture": "#stone_bricks"},
				"south": {"uv": [0, 0, 16, 16], "texture": "#stone_bricks"},
				"west": {"uv": [0, 0, 16, 16], "texture": "#stone_bricks"},
				"up": {"uv": [0, 0, 16, 16], "rotation": 90, "texture": "#stone_bricks"},
				"down": {"uv": [0, 0, 16, 16], "rotation": 270, "texture": "#stone_bricks"}
			}
		},
		{
			"from": [1.04518, 13.5, 12.53688],
			"to": [3.10768, 15.5, 14.53688],
			"rotation": {"angle": 0, "axis": "y", "origin": [6.11915, 8.23308, 8.07397]},
			"faces": {
				"north": {"uv": [16, 0, 0, 16], "texture": "#stone_bricks"},
				"east": {"uv": [16, 0, 0, 16], "texture": "#stone_bricks"},
				"south": {"uv": [16, 0, 0, 16], "texture": "#stone_bricks"},
				"west": {"uv": [16, 0, 0, 16], "texture": "#stone_bricks"},
				"up": {"uv": [0, 0, 16, 16], "rotation": 90, "texture": "#stone_bricks"},
				"down": {"uv": [0, 16, 16, 0], "rotation": 270, "texture": "#stone_bricks"}
			}
		},
		{
			"from": [11.04857, 14.5, 12.56813],
			"to": [13.04857, 16.5, 14.56813],
			"rotation": {"angle": 0, "axis": "y", "origin": [10.00585, 8.23308, 8.10522]},
			"faces": {
				"north": {"uv": [0, 0, 16, 16], "texture": "#stone_bricks"},
				"east": {"uv": [0, 0, 16, 16], "texture": "#stone_bricks"},
				"south": {"uv": [0, 0, 16, 16], "texture": "#stone_bricks"},
				"west": {"uv": [0, 0, 16, 16], "texture": "#stone_bricks"},
				"up": {"uv": [0, 0, 16, 16], "rotation": 90, "texture": "#stone_bricks"},
				"down": {"uv": [0, 0, 16, 16], "rotation": 270, "texture": "#stone_bricks"}
			}
		},
		{
			"from": [3.07643, 14.5, 12.56813],
			"to": [5.07643, 16.5, 14.56813],
			"rotation": {"angle": 0, "axis": "y", "origin": [6.11915, 8.23308, 8.10522]},
			"faces": {
				"north": {"uv": [16, 0, 0, 16], "texture": "#stone_bricks"},
				"east": {"uv": [16, 0, 0, 16], "texture": "#stone_bricks"},
				"south": {"uv": [16, 0, 0, 16], "texture": "#stone_bricks"},
				"west": {"uv": [16, 0, 0, 16], "texture": "#stone_bricks"},
				"up": {"uv": [0, 0, 16, 16], "rotation": 90, "texture": "#stone_bricks"},
				"down": {"uv": [0, 16, 16, 0], "rotation": 270, "texture": "#stone_bricks"}
			}
		},
		{
			"from": [9.04857, 15.5, 12.59938],
			"to": [11.07982, 17.5, 14.59938],
			"rotation": {"angle": 0, "axis": "y", "origin": [10.00585, 8.23308, 8.13647]},
			"faces": {
				"north": {"uv": [0, 0, 16, 16], "texture": "#stone_bricks"},
				"east": {"uv": [0, 0, 16, 16], "texture": "#stone_bricks"},
				"south": {"uv": [0, 0, 16, 16], "texture": "#stone_bricks"},
				"west": {"uv": [0, 0, 16, 16], "texture": "#stone_bricks"},
				"up": {"uv": [0, 0, 16, 16], "rotation": 90, "texture": "#stone_bricks"},
				"down": {"uv": [0, 0, 16, 16], "rotation": 270, "texture": "#stone_bricks"}
			}
		},
		{
			"from": [5.04518, 15.5, 12.59938],
			"to": [7.07643, 17.5, 14.59938],
			"rotation": {"angle": 0, "axis": "y", "origin": [6.11915, 8.23308, 8.13647]},
			"faces": {
				"north": {"uv": [16, 0, 0, 16], "texture": "#stone_bricks"},
				"east": {"uv": [16, 0, 0, 16], "texture": "#stone_bricks"},
				"south": {"uv": [16, 0, 0, 16], "texture": "#stone_bricks"},
				"west": {"uv": [16, 0, 0, 16], "texture": "#stone_bricks"},
				"up": {"uv": [0, 0, 16, 16], "rotation": 90, "texture": "#stone_bricks"},
				"down": {"uv": [0, 16, 16, 0], "rotation": 270, "texture": "#stone_bricks"}
			}
		},
		{
			"from": [7.04857, 16.5, 12.63063],
			"to": [9.07982, 18.5, 14.63063],
			"rotation": {"angle": 0, "axis": "y", "origin": [10.0371, 8.23308, 8.16772]},
			"faces": {
				"north": {"uv": [0, 0, 16, 16], "texture": "#stone_bricks"},
				"east": {"uv": [0, 0, 16, 16], "texture": "#stone_bricks"},
				"south": {"uv": [0, 0, 16, 16], "texture": "#stone_bricks"},
				"west": {"uv": [0, 0, 16, 16], "texture": "#stone_bricks"},
				"up": {"uv": [0, 0, 16, 16], "rotation": 90, "texture": "#stone_bricks"},
				"down": {"uv": [0, 0, 16, 16], "rotation": 270, "texture": "#stone_bricks"}
			}
		},
		{
			"from": [13.01732, 13.5, 0.47438],
			"to": [15.07982, 15.5, 2.47438],
			"rotation": {"angle": 0, "axis": "y", "origin": [10.00585, 8.23308, 8.01147]},
			"faces": {
				"north": {"uv": [0, 0, 16, 16], "texture": "#stone_bricks"},
				"east": {"uv": [0, 0, 16, 16], "texture": "#stone_bricks"},
				"south": {"uv": [16, 0, 0, 16], "texture": "#stone_bricks"},
				"west": {"uv": [0, 0, 16, 16], "texture": "#stone_bricks"},
				"up": {"uv": [0, 0, 16, 16], "rotation": 90, "texture": "#stone_bricks"},
				"down": {"uv": [0, 0, 16, 16], "rotation": 270, "texture": "#stone_bricks"}
			}
		},
		{
			"from": [1.04518, 13.5, 0.47438],
			"to": [3.10768, 15.5, 2.47438],
			"rotation": {"angle": 0, "axis": "y", "origin": [6.11915, 8.23308, 8.01147]},
			"faces": {
				"north": {"uv": [0, 0, 16, 16], "texture": "#stone_bricks"},
				"east": {"uv": [16, 0, 0, 16], "texture": "#stone_bricks"},
				"south": {"uv": [16, 0, 0, 16], "texture": "#stone_bricks"},
				"west": {"uv": [16, 0, 0, 16], "texture": "#stone_bricks"},
				"up": {"uv": [0, 0, 16, 16], "rotation": 90, "texture": "#stone_bricks"},
				"down": {"uv": [0, 16, 16, 0], "rotation": 270, "texture": "#stone_bricks"}
			}
		},
		{
			"from": [11.04857, 14.5, 0.44313],
			"to": [13.04857, 16.5, 2.44313],
			"rotation": {"angle": 0, "axis": "y", "origin": [10.00585, 8.23308, 7.98022]},
			"faces": {
				"north": {"uv": [0, 0, 16, 16], "texture": "#stone_bricks"},
				"east": {"uv": [0, 0, 16, 16], "texture": "#stone_bricks"},
				"south": {"uv": [0, 0, 16, 16], "texture": "#stone_bricks"},
				"west": {"uv": [0, 0, 16, 16], "texture": "#stone_bricks"},
				"up": {"uv": [0, 0, 16, 16], "rotation": 90, "texture": "#stone_bricks"},
				"down": {"uv": [0, 0, 16, 16], "rotation": 270, "texture": "#stone_bricks"}
			}
		},
		{
			"from": [3.07643, 14.5, 0.44313],
			"to": [5.07643, 16.5, 2.44313],
			"rotation": {"angle": 0, "axis": "y", "origin": [6.11915, 8.23308, 7.98022]},
			"faces": {
				"north": {"uv": [0, 0, 16, 16], "texture": "#stone_bricks"},
				"east": {"uv": [16, 0, 0, 16], "texture": "#stone_bricks"},
				"south": {"uv": [16, 0, 0, 16], "texture": "#stone_bricks"},
				"west": {"uv": [16, 0, 0, 16], "texture": "#stone_bricks"},
				"up": {"uv": [0, 0, 16, 16], "rotation": 90, "texture": "#stone_bricks"},
				"down": {"uv": [0, 16, 16, 0], "rotation": 270, "texture": "#stone_bricks"}
			}
		},
		{
			"from": [9.04857, 15.5, 0.41188],
			"to": [11.07982, 17.5, 2.41188],
			"rotation": {"angle": 0, "axis": "y", "origin": [10.00585, 8.23308, 7.94897]},
			"faces": {
				"north": {"uv": [0, 0, 16, 16], "texture": "#stone_bricks"},
				"east": {"uv": [0, 0, 16, 16], "texture": "#stone_bricks"},
				"south": {"uv": [0, 0, 16, 16], "texture": "#stone_bricks"},
				"west": {"uv": [0, 0, 16, 16], "texture": "#stone_bricks"},
				"up": {"uv": [0, 0, 16, 16], "rotation": 90, "texture": "#stone_bricks"},
				"down": {"uv": [0, 0, 16, 16], "rotation": 270, "texture": "#stone_bricks"}
			}
		},
		{
			"from": [5.04518, 15.5, 0.41188],
			"to": [7.07643, 17.5, 2.41188],
			"rotation": {"angle": 0, "axis": "y", "origin": [6.11915, 8.23308, 7.94897]},
			"faces": {
				"north": {"uv": [0, 0, 16, 16], "texture": "#stone_bricks"},
				"east": {"uv": [16, 0, 0, 16], "texture": "#stone_bricks"},
				"south": {"uv": [16, 0, 0, 16], "texture": "#stone_bricks"},
				"west": {"uv": [16, 0, 0, 16], "texture": "#stone_bricks"},
				"up": {"uv": [0, 0, 16, 16], "rotation": 90, "texture": "#stone_bricks"},
				"down": {"uv": [0, 16, 16, 0], "rotation": 270, "texture": "#stone_bricks"}
			}
		},
		{
			"from": [7.04857, 16.5, 0.38063],
			"to": [9.07982, 18.5, 2.38063],
			"rotation": {"angle": 0, "axis": "y", "origin": [10.0371, 8.23308, 7.91772]},
			"faces": {
				"north": {"uv": [0, 0, 16, 16], "texture": "#stone_bricks"},
				"east": {"uv": [0, 0, 16, 16], "texture": "#stone_bricks"},
				"south": {"uv": [0, 0, 16, 16], "texture": "#stone_bricks"},
				"west": {"uv": [0, 0, 16, 16], "texture": "#stone_bricks"},
				"up": {"uv": [0, 0, 16, 16], "rotation": 90, "texture": "#stone_bricks"},
				"down": {"uv": [0, 0, 16, 16], "rotation": 270, "texture": "#stone_bricks"}
			}
		},
		{
			"from": [1.25, -2.5, 2.5],
			"to": [14.75, 16, 12.5],
			"rotation": {"angle": 0, "axis": "y", "origin": [12.7871, 8.23308, 7.04272]},
			"faces": {
				"north": {"uv": [0, 0, 7, 11], "texture": "#11"},
				"east": {"uv": [9.0625, 6.25, 14.3125, 16], "texture": "#13"},
				"south": {"uv": [2, 4.9375, 9, 15.9375], "texture": "#13"},
				"west": {"uv": [9.0625, 6.25, 14.3125, 16], "texture": "#13"}
			}
		},
		{
			"from": [0.75, -2.5, 11.5],
			"to": [2.75, 13.5, 13.5],
			"rotation": {"angle": 0, "axis": "y", "origin": [10.0371, 8.23308, 8.04272]},
			"faces": {
				"north": {"uv": [15, 9, 16, 16], "texture": "#13"},
				"east": {"uv": [15, 9, 16, 16], "texture": "#13"},
				"south": {"uv": [15, 9, 16, 16], "texture": "#13"},
				"west": {"uv": [15, 9, 16, 16], "texture": "#13"}
			}
		},
		{
			"from": [0.75, -0.5, 1.5],
			"to": [2.75, 13.5, 3.5],
			"rotation": {"angle": 0, "axis": "y", "origin": [10.0371, 8.23308, 6.95728]},
			"faces": {
				"north": {"uv": [16, 9, 15, 16], "texture": "#13"},
				"east": {"uv": [16, 9, 15, 16], "texture": "#13"},
				"south": {"uv": [16, 9, 15, 16], "texture": "#13"},
				"west": {"uv": [16, 9, 15, 16], "texture": "#13"}
			}
		},
		{
			"from": [13.25, -2.5, 11.5],
			"to": [15.25, 13.5, 13.5],
			"rotation": {"angle": 0, "axis": "y", "origin": [5.9629, 8.23308, 8.04272]},
			"faces": {
				"north": {"uv": [15, 9, 16, 16], "texture": "#13"},
				"east": {"uv": [15, 9, 16, 16], "texture": "#13"},
				"south": {"uv": [15, 9, 16, 16], "texture": "#13"},
				"west": {"uv": [15, 9, 16, 16], "texture": "#13"}
			}
		},
		{
			"from": [13.25, -0.5, 1.5],
			"to": [15.25, 13.5, 3.5],
			"rotation": {"angle": 0, "axis": "y", "origin": [5.9629, 8.23308, 6.95728]},
			"faces": {
				"north": {"uv": [16, 9, 15, 16], "texture": "#13"},
				"east": {"uv": [16, 9, 15, 16], "texture": "#13"},
				"south": {"uv": [16, 9, 15, 16], "texture": "#13"},
				"west": {"uv": [16, 9, 15, 16], "texture": "#13"}
			}
		},
		{
			"from": [8.07982, -5, 6.00563],
			"to": [12.57982, -0.5, 10.50563],
			"rotation": {"angle": 0, "axis": "y", "origin": [10.0371, 8.23308, 8.04272]},
			"faces": {
				"up": {"uv": [0, 0, 16, 16], "rotation": 90, "texture": "#grass_top_dark"}
			}
		},
		{
			"from": [-0.17018, -5, -2.24437],
			"to": [16.32982, -2.1875, 14.25563],
			"rotation": {"angle": 0, "axis": "y", "origin": [10.0371, 8.23308, 8.04272]},
			"faces": {
				"north": {"uv": [6.5, 1.125, 10.5, 1.8125], "texture": "#13"},
				"east": {"uv": [6.5, 4.125, 10.5, 4.8125], "texture": "#13"},
				"south": {"uv": [6.5, 1.125, 10.5, 1.8125], "texture": "#13"},
				"west": {"uv": [6.5, 4.125, 10.5, 4.8125], "texture": "#13"},
				"up": {"uv": [6.5, 0.125, 10.5, 4.0625], "rotation": 90, "texture": "#13"}
			}
		},
		{
			"from": [3.67712, -0.6875, -0.85256],
			"to": [3.77087, 4.9375, 4.77244],
			"rotation": {"angle": -45, "axis": "y", "origin": [10.0371, 8.23308, 8.04272]},
			"faces": {
				"north": {"uv": [0.5, 0.5, 1.5, 1.5], "texture": "#beetroots_stage0"},
				"east": {"uv": [0, 1, 16, 16], "texture": "#beetroots_stage0"},
				"south": {"uv": [0.5, 0.5, 1.5, 1.5], "texture": "#beetroots_stage0"},
				"west": {"uv": [16, 0.5, 0, 16], "texture": "#beetroots_stage0"},
				"up": {"uv": [0.5, 0.5, 1.5, 1.5], "texture": "#beetroots_stage0"},
				"down": {"uv": [0.5, 0.5, 1.5, 1.5], "texture": "#beetroots_stage0"}
			}
		},
		{
			"from": [0.7634, -0.6875, 1.62564],
			"to": [6.3884, 4.9375, 1.71939],
			"rotation": {"angle": -45, "axis": "y", "origin": [10.0371, 8.23308, 8.04272]},
			"faces": {
				"north": {"uv": [16, 0.5, 0, 16], "texture": "#beetroots_stage0"},
				"east": {"uv": [0.5, 0.5, 1.5, 1.5], "texture": "#beetroots_stage0"},
				"south": {"uv": [0, 1, 16, 16], "texture": "#beetroots_stage0"},
				"west": {"uv": [0.5, 0.5, 1.5, 1.5], "texture": "#beetroots_stage0"},
				"up": {"uv": [0.5, 0.5, 1.5, 1.5], "rotation": 90, "texture": "#beetroots_stage0"},
				"down": {"uv": [0.5, 0.5, 1.5, 1.5], "rotation": 270, "texture": "#beetroots_stage0"}
			}
		},
		{
			"from": [6.16039, 2.61168, -3.4487],
			"to": [8.41039, 4.86168, 2.5513],
			"rotation": {"angle": 22.5, "axis": "y", "origin": [10.0371, 8.23308, 8.04272]},
			"faces": {
				"north": {"uv": [12, 5, 13, 4], "rotation": 270, "texture": "#zombie"},
				"east": {"uv": [14, 5, 13, 8], "rotation": 270, "texture": "#zombie"},
				"west": {"uv": [12, 5, 11, 8], "rotation": 90, "texture": "#zombie"},
				"up": {"uv": [13, 5, 12, 8], "rotation": 180, "texture": "#zombie"},
				"down": {"uv": [11, 5, 10, 8], "texture": "#zombie"}
			}
		},
		{
			"from": [9.82982, 7.07234, -3.04537],
			"to": [12.07982, 9.32234, 2.95463],
			"rotation": {"angle": -45, "axis": "x", "origin": [10.0371, 8.23308, 8.04272]},
			"faces": {
				"north": {"uv": [12, 4, 13, 5], "rotation": 270, "texture": "#zombie"},
				"east": {"uv": [12, 8, 11, 5], "rotation": 90, "texture": "#zombie"},
				"west": {"uv": [14, 8, 13, 5], "rotation": 270, "texture": "#zombie"},
				"up": {"uv": [12, 5, 13, 8], "rotation": 180, "texture": "#zombie"},
				"down": {"uv": [10, 5, 11, 8], "texture": "#zombie"}
			}
		},
		{
			"from": [6.12982, 4.81935, 1.38231],
			"to": [10.12982, 8.81935, 5.38231],
			"rotation": {"angle": 0, "axis": "z", "origin": [10.0371, 8.23308, 8.04272]},
			"faces": {
				"north": {"uv": [2, 4, 4, 2], "rotation": 180, "texture": "#zombie"},
				"east": {"uv": [0, 4, 2, 2], "rotation": 180, "texture": "#zombie"},
				"west": {"uv": [4, 4, 6, 2], "texture": "#zombie"},
				"up": {"uv": [2, 2, 4, 0], "texture": "#zombie"},
				"down": {"uv": [4, 2, 6, 0], "rotation": 180, "texture": "#zombie"}
			}
		},
		{
			"from": [6.37982, 0.68586, 0.68429],
			"to": [9.87982, 7.68586, 2.68429],
			"rotation": {"angle": -22.5, "axis": "x", "origin": [10.0371, 8.23308, 8.04272]},
			"faces": {
				"north": {"uv": [5, 8, 7, 5], "rotation": 180, "texture": "#zombie"},
				"east": {"uv": [4, 8, 5, 5], "rotation": 180, "texture": "#zombie"},
				"west": {"uv": [7, 8, 8, 5], "rotation": 180, "texture": "#zombie"}
			}
		},
		{
			"from": [2.06732, -1, 3.25563],
			"to": [14.09232, 11.65625, 10.49313],
			"rotation": {"angle": 0, "axis": "y", "origin": [10.0371, 8.23308, 8.04272]},
			"faces": {
				"north": {"uv": [5.25, 11.25, 5.75, 11.75], "texture": "#black_concrete"},
				"east": {"uv": [5.25, 11.25, 5.75, 11.75], "texture": "#black_concrete"},
				"south": {"uv": [5.25, 11.25, 5.75, 11.75], "texture": "#black_concrete"},
				"west": {"uv": [5.25, 11.25, 5.75, 11.75], "texture": "#black_concrete"},
				"up": {"uv": [5.25, 11.25, 5.75, 11.75], "rotation": 90, "texture": "#black_concrete"}
			}
		},
		{
			"from": [-2.3493, 1.04849, 0.00563],
			"to": [0.1507, 5.04849, 1.25563],
			"rotation": {"angle": 22.5, "axis": "z", "origin": [10.0371, 8.23308, 8.04272]},
			"faces": {
				"north": {"uv": [1, 1, 15, 6], "rotation": 90, "texture": "#stone_bricks"},
				"east": {"uv": [1, 3, 15, 5], "rotation": 90, "texture": "#stone_bricks"},
				"south": {"uv": [1, 1, 15, 6], "texture": "#stone_bricks"},
				"west": {"uv": [1, 4, 15, 6], "rotation": 90, "texture": "#stone_bricks"},
				"up": {"uv": [6, 1, 8, 6], "rotation": 90, "texture": "#stone_bricks"}
			}
		},
		{
			"from": [6.82982, 11.75, 2.98563],
			"to": [9.32982, 14.25, 3.48563],
			"rotation": {"angle": 0, "axis": "z", "origin": [10.0371, 8.23308, 8.04272]},
			"faces": {
				"north": {"uv": [0.25, 0.25, 2.25, 2.25], "texture": "#heads"},
				"east": {"uv": [0.5, 15, 1, 15.5], "texture": "#heads"},
				"west": {"uv": [0.5, 15, 1, 15.5], "texture": "#heads"},
				"up": {"uv": [0.5, 15, 1, 15.5], "rotation": 90, "texture": "#heads"},
				"down": {"uv": [0.5, 15, 1, 15.5], "rotation": 270, "texture": "#heads"}
			}
		},
		{
			"from": [-2.18993, 2.61724, -0.00217],
			"to": [-0.03368, 4.49224, 0.56033],
			"rotation": {"angle": 22.5, "axis": "z", "origin": [10.0371, 8.23308, 8.04272]},
			"faces": {
				"north": {"uv": [0.25, 0.25, 11, 9.25], "texture": "#text"},
				"east": {"uv": [0.5, 15, 1, 15.5], "texture": "#text"},
				"west": {"uv": [0.5, 15, 1, 15.5], "texture": "#text"},
				"up": {"uv": [0.5, 15, 1, 15.5], "rotation": 90, "texture": "#text"},
				"down": {"uv": [0.5, 15, 1, 15.5], "rotation": 270, "texture": "#text"}
			}
		}
	],
	"display": {
		"thirdperson_righthand": {
			"rotation": [75, -45, 0],
			"translation": [0, 2.5, 2],
			"scale": [0.375, 0.375, 0.375]
		},
		"thirdperson_lefthand": {
			"rotation": [75, 135, 0],
			"translation": [0, 2.5, 2],
			"scale": [0.375, 0.375, 0.375]
		},
		"firstperson_righthand": {
			"rotation": [0, -45, 0],
			"translation": [0, 1, -1],
			"scale": [0.3, 0.3, 0.3]
		},
		"firstperson_lefthand": {
			"rotation": [0, -45, 0],
			"translation": [0, 1, -1],
			"scale": [-0.3, 0.3, 0.3]
		},
		"ground": {
			"translation": [0, 3, 0],
			"scale": [0.25, 0.25, 0.25]
		},
		"gui": {
			"rotation": [30, 135, 0],
			"translation": [0.25, 2, 0],
			"scale": [0.5, 0.5, 0.5]
		},
		"head": {
			"translation": [0, -18, 0],
			"scale": [4, 4, 4]
		},
		"fixed": {
			"rotation": [0, 90, 0],
			"translation": [0, 0, -4.25],
			"scale": [0.5, 0.5, 0.5]
		}
	}
}