{
	"credit": "Made by MadstonMagic, using Cubik Pro & Blockbench",
	"textures": {
		"16": "block/chiseled_stone_bricks",
		"17": "block/quartz_block_side",
		"18": "block/anvil",
		"22": "towers/zombie_lvl_5_walls",
		"23": "towers/zombie_lvl_5details",
		"texture": "block/quartz_pillar",
		"zombie": "entity/zombie/zombie",
		"black_concrete": "block/black_concrete",
		"stone_bricks": "block/chiseled_quartz_block_top",
		"heads": "custom/heads"
	},
	"elements": [
		{
			"from": [13.25159, -0.5, 13.04357],
			"to": [15.25159, 5.5, 15.04357],
			"rotation": {"angle": 0, "axis": "y", "origin": [7.99133, 9.14619, 7.98974]},
			"faces": {
				"north": {"uv": [3.063, 0, 4.063, 3], "texture": "#22"},
				"east": {"uv": [3.063, 0, 4.063, 3], "texture": "#22"},
				"south": {"uv": [3.063, 0, 4.063, 3], "texture": "#22"},
				"west": {"uv": [3.063, 0, 4.063, 3], "texture": "#22"}
			}
		},
		{
			"from": [13.25159, -0.5, 0.54357],
			"to": [15.25159, 5.5, 2.54357],
			"rotation": {"angle": 0, "axis": "y", "origin": [7.99133, 9.14619, 7.98974]},
			"faces": {
				"north": {"uv": [3.063, 0, 4.063, 3], "texture": "#22"},
				"east": {"uv": [3.063, 0, 4.063, 3], "texture": "#22"},
				"south": {"uv": [3.063, 0, 4.063, 3], "texture": "#22"},
				"west": {"uv": [3.063, 0, 4.063, 3], "texture": "#22"}
			}
		},
		{
			"from": [0.75159, -0.5, 13.04357],
			"to": [2.75159, 5.5, 15.04357],
			"rotation": {"angle": 0, "axis": "y", "origin": [7.99133, 9.14619, 7.98974]},
			"faces": {
				"north": {"uv": [3.063, 0, 4.063, 3], "texture": "#22"},
				"east": {"uv": [3.063, 0, 4.063, 3], "texture": "#22"},
				"south": {"uv": [3.063, 0, 4.063, 3], "texture": "#22"},
				"west": {"uv": [3.063, 0, 4.063, 3], "texture": "#22"}
			}
		},
		{
			"from": [0.75159, -0.5, 0.54357],
			"to": [2.75159, 5.5, 2.54357],
			"rotation": {"angle": 0, "axis": "y", "origin": [7.99133, 9.14619, 7.98974]},
			"faces": {
				"north": {"uv": [3.063, 0, 4.063, 3], "texture": "#22"},
				"east": {"uv": [3.063, 0, 4.063, 3], "texture": "#22"},
				"south": {"uv": [3.063, 0, 4.063, 3], "texture": "#22"},
				"west": {"uv": [3.063, 0, 4.063, 3], "texture": "#22"}
			}
		},
		{
			"from": [11.25159, -3.53125, 0.79357],
			"to": [13.25159, 7.5, 2.79357],
			"rotation": {"angle": 0, "axis": "y", "origin": [7.99133, 9.14619, 7.73974]},
			"faces": {
				"north": {"uv": [10, 14.188, 15, 15.187], "rotation": 90, "texture": "#22"},
				"east": {"uv": [10, 14.188, 15, 15.187], "rotation": 90, "texture": "#22"},
				"south": {"uv": [10, 14.188, 15, 15.187], "rotation": 90, "texture": "#22"},
				"west": {"uv": [10, 14.188, 15, 15.187], "rotation": 90, "texture": "#22"},
				"up": {"uv": [0, 0, 16, 16], "rotation": 90, "texture": "#17"}
			}
		},
		{
			"from": [11.25159, -3.53125, 12.79357],
			"to": [13.25159, 7.5, 14.79357],
			"rotation": {"angle": 0, "axis": "y", "origin": [7.99133, 9.14619, 19.73974]},
			"faces": {
				"north": {"uv": [10, 14.188, 15, 15.187], "rotation": 90, "texture": "#22"},
				"east": {"uv": [10, 14.188, 15, 15.187], "rotation": 90, "texture": "#22"},
				"south": {"uv": [10, 14.188, 15, 15.187], "rotation": 90, "texture": "#22"},
				"west": {"uv": [10, 14.188, 15, 15.187], "rotation": 90, "texture": "#22"},
				"up": {"uv": [0, 0, 16, 16], "rotation": 90, "texture": "#17"}
			}
		},
		{
			"from": [13.00159, -3.53125, 11.04357],
			"to": [15.00159, 7.5, 13.04357],
			"rotation": {"angle": 0, "axis": "y", "origin": [9.74133, 9.14619, 17.98974]},
			"faces": {
				"north": {"uv": [10, 14.188, 15, 15.187], "rotation": 90, "texture": "#22"},
				"east": {"uv": [10, 14.188, 15, 15.187], "rotation": 90, "texture": "#22"},
				"south": {"uv": [10, 14.188, 15, 15.187], "rotation": 90, "texture": "#22"},
				"west": {"uv": [10, 14.188, 15, 15.187], "rotation": 90, "texture": "#22"},
				"up": {"uv": [0, 0, 16, 16], "rotation": 90, "texture": "#17"}
			}
		},
		{
			"from": [0.99841, -3.53125, 11.04357],
			"to": [2.99841, 7.5, 13.04357],
			"rotation": {"angle": 0, "axis": "y", "origin": [6.25867, 9.14619, 17.98974]},
			"faces": {
				"north": {"uv": [10, 15.187, 15, 14.188], "rotation": 90, "texture": "#22"},
				"east": {"uv": [10, 15.187, 15, 14.188], "rotation": 90, "texture": "#22"},
				"south": {"uv": [10, 15.187, 15, 14.188], "rotation": 90, "texture": "#22"},
				"west": {"uv": [10, 15.187, 15, 14.188], "rotation": 90, "texture": "#22"},
				"up": {"uv": [0, 0, 16, 16], "rotation": 90, "texture": "#17"}
			}
		},
		{
			"from": [13.00159, -3.53125, 2.55018],
			"to": [15.00159, 7.5, 4.55018],
			"rotation": {"angle": 0, "axis": "y", "origin": [9.74133, 9.14619, -2.39599]},
			"faces": {
				"north": {"uv": [10, 15.187, 15, 14.188], "rotation": 90, "texture": "#22"},
				"east": {"uv": [10, 15.187, 15, 14.188], "rotation": 90, "texture": "#22"},
				"south": {"uv": [10, 15.187, 15, 14.188], "rotation": 90, "texture": "#22"},
				"west": {"uv": [10, 15.187, 15, 14.188], "rotation": 90, "texture": "#22"},
				"up": {"uv": [0, 0, 16, 16], "rotation": 90, "texture": "#17"}
			}
		},
		{
			"from": [0.99841, -3.53125, 2.55018],
			"to": [2.99841, 7.5, 4.55018],
			"rotation": {"angle": 0, "axis": "y", "origin": [6.25867, 9.14619, -2.39599]},
			"faces": {
				"north": {"uv": [10, 14.188, 15, 15.187], "rotation": 90, "texture": "#22"},
				"east": {"uv": [10, 14.188, 15, 15.187], "rotation": 90, "texture": "#22"},
				"south": {"uv": [10, 14.188, 15, 15.187], "rotation": 90, "texture": "#22"},
				"west": {"uv": [10, 14.188, 15, 15.187], "rotation": 90, "texture": "#22"},
				"up": {"uv": [0, 0, 16, 16], "rotation": 90, "texture": "#17"}
			}
		},
		{
			"from": [2.74841, -3.53125, 0.79357],
			"to": [4.74841, 7.5, 2.79357],
			"rotation": {"angle": 0, "axis": "y", "origin": [8.00867, 9.14619, 7.73974]},
			"faces": {
				"north": {"uv": [10, 15.187, 15, 14.188], "rotation": 90, "texture": "#22"},
				"east": {"uv": [10, 15.187, 15, 14.188], "rotation": 90, "texture": "#22"},
				"south": {"uv": [10, 15.187, 15, 14.188], "rotation": 90, "texture": "#22"},
				"west": {"uv": [10, 15.187, 15, 14.188], "rotation": 90, "texture": "#22"},
				"up": {"uv": [0, 0, 16, 16], "rotation": 90, "texture": "#17"}
			}
		},
		{
			"from": [2.74841, -3.53125, 12.79357],
			"to": [4.74841, 7.5, 14.79357],
			"rotation": {"angle": 0, "axis": "y", "origin": [8.00867, 9.14619, 19.73974]},
			"faces": {
				"north": {"uv": [10, 15.187, 15, 14.188], "rotation": 90, "texture": "#22"},
				"east": {"uv": [10, 15.187, 15, 14.188], "rotation": 90, "texture": "#22"},
				"south": {"uv": [10, 15.187, 15, 14.188], "rotation": 90, "texture": "#22"},
				"west": {"uv": [10, 15.187, 15, 14.188], "rotation": 90, "texture": "#22"},
				"up": {"uv": [0, 0, 16, 16], "rotation": 90, "texture": "#17"}
			}
		},
		{
			"from": [5.75159, -3.5, 3.04357],
			"to": [10.25159, -0.5, 4.04357],
			"rotation": {"angle": 0, "axis": "y", "origin": [7.99133, 9.14619, 7.98974]},
			"faces": {
				"north": {"uv": [0.375, 4.25, 1.75, 5.249], "texture": "#23"}
			}
		},
		{
			"from": [5.75159, -3.5, 11.04357],
			"to": [10.25159, 2.5, 12.04357],
			"rotation": {"angle": 0, "axis": "y", "origin": [7.99133, 9.14619, 7.98974]},
			"faces": {
				"north": {"uv": [0.375, 4.25, 1.75, 5.249], "rotation": 90, "texture": "#23"},
				"east": {"uv": [0.563, 4.688, 1.938, 5.062], "rotation": 90, "texture": "#23"},
				"south": {"uv": [0.375, 4.25, 1.75, 5.249], "rotation": 90, "texture": "#23"},
				"west": {"uv": [0.375, 4.875, 1.75, 5.249], "rotation": 90, "texture": "#23"}
			}
		},
		{
			"from": [4.75159, -3.5, 3.04357],
			"to": [5.75159, -0.5, 12.04357],
			"rotation": {"angle": 0, "axis": "y", "origin": [7.99133, 9.14619, 7.98974]},
			"faces": {
				"north": {"uv": [0, 4.25, 0.375, 5.249], "texture": "#23"},
				"south": {"uv": [0, 4.25, 0.375, 5.249], "texture": "#23"},
				"west": {"uv": [0, 4.251, 3, 5.25], "texture": "#23"},
				"up": {"uv": [0, 0, 0, 0], "texture": "#23"}
			}
		},
		{
			"from": [4.50159, -0.5, 2.79357],
			"to": [5.75159, -0.25, 12.29357],
			"rotation": {"angle": 0, "axis": "y", "origin": [7.99133, 9.14619, 7.98974]},
			"faces": {
				"north": {"uv": [2.313, 4.438, 2.688, 4.499], "texture": "#23"},
				"east": {"uv": [0, 4.563, 3, 4.625], "texture": "#23"},
				"south": {"uv": [1, 4.813, 1.375, 4.873], "texture": "#23"},
				"west": {"uv": [0, 4.563, 3, 4.625], "texture": "#23"},
				"up": {"uv": [0, 4.251, 3, 4.813], "rotation": 90, "texture": "#23"},
				"down": {"uv": [0, 4.251, 3, 4.813], "rotation": 90, "texture": "#23"}
			}
		},
		{
			"from": [5.50159, 2.5, 10.79357],
			"to": [10.50159, 2.75, 12.29357],
			"rotation": {"angle": 0, "axis": "y", "origin": [7.99133, 9.14619, 7.98974]},
			"faces": {
				"north": {"uv": [0.438, 4.938, 2.251, 5], "texture": "#23"},
				"east": {"uv": [2.188, 4.563, 2.563, 4.623], "texture": "#23"},
				"south": {"uv": [0, 4.563, 1.813, 4.625], "texture": "#23"},
				"west": {"uv": [2.188, 4.563, 2.563, 4.623], "texture": "#23"},
				"up": {"uv": [0, 4.563, 1.813, 5], "texture": "#23"},
				"down": {"uv": [0.875, 4.563, 2.688, 5], "texture": "#23"}
			}
		},
		{
			"from": [5.75159, -0.5, 2.79357],
			"to": [10.25159, -0.25, 4.04357],
			"rotation": {"angle": 0, "axis": "y", "origin": [7.99133, 9.14619, 7.98974]},
			"faces": {
				"north": {"uv": [1, 4.625, 2.375, 4.687], "texture": "#23"},
				"south": {"uv": [1.188, 4.75, 2.563, 4.812], "texture": "#23"},
				"up": {"uv": [1, 4.75, 2.375, 5.187], "texture": "#23"},
				"down": {"uv": [1, 4.75, 2.375, 5.187], "texture": "#23"}
			}
		},
		{
			"from": [10.25159, -0.5, 2.79357],
			"to": [11.50159, -0.25, 12.29357],
			"rotation": {"angle": 0, "axis": "y", "origin": [7.99133, 9.14619, 7.98974]},
			"faces": {
				"north": {"uv": [1.25, 4.688, 1.625, 4.748], "texture": "#23"},
				"east": {"uv": [0, 4.563, 3, 4.625], "texture": "#23"},
				"south": {"uv": [2.188, 4.563, 2.563, 4.623], "texture": "#23"},
				"west": {"uv": [0, 4.563, 3, 4.625], "texture": "#23"},
				"up": {"uv": [0, 4.251, 3, 4.813], "rotation": 90, "texture": "#23"},
				"down": {"uv": [0, 4.251, 3, 4.813], "rotation": 90, "texture": "#23"}
			}
		},
		{
			"from": [5.50159, -0.75, 3.91857],
			"to": [10.37659, -0.5, 11.16857],
			"rotation": {"angle": 0, "axis": "y", "origin": [7.99133, 9.14619, 7.98974]},
			"faces": {
				"up": {"uv": [8.25, 6.25, 8.75, 6.75], "rotation": 270, "texture": "#black_concrete"}
			}
		},
		{
			"from": [10.25159, -3.5, 3.04357],
			"to": [11.25159, -0.5, 12.04357],
			"rotation": {"angle": 0, "axis": "y", "origin": [7.99133, 9.14619, 7.98974]},
			"faces": {
				"north": {"uv": [0, 4.25, 0.375, 5.249], "texture": "#23"},
				"east": {"uv": [0, 4.251, 3, 5.25], "texture": "#23"},
				"south": {"uv": [0, 4.25, 0.375, 5.249], "texture": "#23"},
				"up": {"uv": [0, 0, 0, 0], "texture": "#23"}
			}
		},
		{
			"from": [15.25159, 6.5, 11.79357],
			"to": [17.25159, 8.53125, 13.82482],
			"rotation": {"angle": 0, "axis": "y", "origin": [7.99133, 9.14619, 7.98974]},
			"faces": {
				"east": {"uv": [0, 0, 16, 16], "texture": "#17"},
				"south": {"uv": [0, 0, 16, 16], "texture": "#17"},
				"up": {"uv": [0, 0, 16, 16], "rotation": 270, "texture": "#17"},
				"down": {"uv": [0, 0, 16, 16], "rotation": 90, "texture": "#17"}
			}
		},
		{
			"from": [15.25159, 6.5, 9.79357],
			"to": [17.25159, 8.53125, 11.79357],
			"rotation": {"angle": 0, "axis": "y", "origin": [7.99133, 9.14619, 7.98974]},
			"faces": {
				"north": {"uv": [0, 0, 16, 16], "texture": "#17"},
				"east": {"uv": [0, 0, 16, 16], "texture": "#17"},
				"up": {"uv": [0, 0, 16, 16], "rotation": 270, "texture": "#17"},
				"down": {"uv": [0, 0, 16, 16], "rotation": 90, "texture": "#17"}
			}
		},
		{
			"from": [14.75159, -3.5, 11.04357],
			"to": [16.75159, -1.5, 13.04357],
			"rotation": {"angle": 0, "axis": "y", "origin": [7.49133, 9.14619, 7.98974]},
			"faces": {
				"north": {"uv": [0, 0, 16, 16], "texture": "#17"},
				"east": {"uv": [0, 0, 16, 16], "texture": "#17"},
				"south": {"uv": [0, 0, 16, 16], "texture": "#17"},
				"up": {"uv": [0, 0, 16, 16], "rotation": 270, "texture": "#17"}
			}
		},
		{
			"from": [-1.24841, 6.5, 11.79357],
			"to": [0.75159, 8.53125, 13.82482],
			"rotation": {"angle": 0, "axis": "y", "origin": [7.99133, 9.14619, 7.98974]},
			"faces": {
				"south": {"uv": [16, 0, 0, 16], "texture": "#17"},
				"west": {"uv": [16, 0, 0, 16], "texture": "#17"},
				"up": {"uv": [0, 16, 16, 0], "rotation": 270, "texture": "#17"},
				"down": {"uv": [0, 16, 16, 0], "rotation": 90, "texture": "#17"}
			}
		},
		{
			"from": [-1.24841, 6.5, 9.79357],
			"to": [0.75159, 8.53125, 11.79357],
			"rotation": {"angle": 0, "axis": "y", "origin": [7.99133, 9.14619, 7.98974]},
			"faces": {
				"north": {"uv": [16, 0, 0, 16], "texture": "#17"},
				"west": {"uv": [16, 0, 0, 16], "texture": "#17"},
				"up": {"uv": [0, 16, 16, 0], "rotation": 270, "texture": "#17"},
				"down": {"uv": [0, 16, 16, 0], "rotation": 90, "texture": "#17"}
			}
		},
		{
			"from": [-0.74841, -3.5, 11.04357],
			"to": [1.25159, -1.5, 13.04357],
			"rotation": {"angle": 0, "axis": "y", "origin": [8.49133, 9.14619, 7.98974]},
			"faces": {
				"north": {"uv": [16, 0, 0, 16], "texture": "#17"},
				"south": {"uv": [16, 0, 0, 16], "texture": "#17"},
				"west": {"uv": [16, 0, 0, 16], "texture": "#17"},
				"up": {"uv": [0, 16, 16, 0], "rotation": 270, "texture": "#17"}
			}
		},
		{
			"from": [12.00159, 6.5, 15.04357],
			"to": [14.03284, 8.53125, 17.04357],
			"rotation": {"angle": 0, "axis": "y", "origin": [7.99133, 9.14619, 7.98974]},
			"faces": {
				"east": {"uv": [16, 0, 0, 16], "texture": "#17"},
				"south": {"uv": [16, 0, 0, 16], "texture": "#17"},
				"up": {"uv": [0, 16, 16, 0], "rotation": 180, "texture": "#17"},
				"down": {"uv": [0, 16, 16, 0], "rotation": 180, "texture": "#17"}
			}
		},
		{
			"from": [10.00159, 6.5, 15.04357],
			"to": [12.00159, 8.53125, 17.04357],
			"rotation": {"angle": 0, "axis": "y", "origin": [7.99133, 9.14619, 7.98974]},
			"faces": {
				"south": {"uv": [16, 0, 0, 16], "texture": "#17"},
				"west": {"uv": [16, 0, 0, 16], "texture": "#17"},
				"up": {"uv": [0, 16, 16, 0], "rotation": 180, "texture": "#17"},
				"down": {"uv": [0, 16, 16, 0], "rotation": 180, "texture": "#17"}
			}
		},
		{
			"from": [4.00159, 6.5, 15.04357],
			"to": [6.00159, 8.53125, 17.04357],
			"rotation": {"angle": 0, "axis": "y", "origin": [7.99133, 9.14619, 7.98974]},
			"faces": {
				"east": {"uv": [16, 0, 0, 16], "texture": "#17"},
				"south": {"uv": [16, 0, 0, 16], "texture": "#17"},
				"up": {"uv": [0, 16, 16, 0], "rotation": 180, "texture": "#17"},
				"down": {"uv": [0, 16, 16, 0], "rotation": 180, "texture": "#17"}
			}
		},
		{
			"from": [11.25159, -3.5, 14.54357],
			"to": [13.25159, -1.5, 16.54357],
			"rotation": {"angle": 0, "axis": "y", "origin": [7.99133, 9.14619, 7.48974]},
			"faces": {
				"east": {"uv": [16, 0, 0, 16], "texture": "#17"},
				"south": {"uv": [16, 0, 0, 16], "texture": "#17"},
				"west": {"uv": [16, 0, 0, 16], "texture": "#17"},
				"up": {"uv": [0, 16, 16, 0], "rotation": 180, "texture": "#17"}
			}
		},
		{
			"from": [15.25159, 6.5, 1.76232],
			"to": [17.25159, 8.53125, 3.79357],
			"rotation": {"angle": 0, "axis": "y", "origin": [7.99133, 9.14619, 7.98974]},
			"faces": {
				"north": {"uv": [0, 0, 16, 16], "texture": "#17"},
				"east": {"uv": [0, 0, 16, 16], "texture": "#17"},
				"up": {"uv": [0, 0, 16, 16], "rotation": 270, "texture": "#17"},
				"down": {"uv": [0, 0, 16, 16], "rotation": 90, "texture": "#17"}
			}
		},
		{
			"from": [15.25159, 6.5, 3.79357],
			"to": [17.25159, 8.53125, 5.79357],
			"rotation": {"angle": 0, "axis": "y", "origin": [7.99133, 9.14619, 7.98974]},
			"faces": {
				"east": {"uv": [0, 0, 16, 16], "texture": "#17"},
				"south": {"uv": [0, 0, 16, 16], "texture": "#17"},
				"up": {"uv": [0, 0, 16, 16], "rotation": 270, "texture": "#17"},
				"down": {"uv": [0, 0, 16, 16], "rotation": 90, "texture": "#17"}
			}
		},
		{
			"from": [13.28284, -3.46875, 4.57482],
			"to": [15.22034, -1.53125, 6.51232],
			"rotation": {"angle": 0, "axis": "y", "origin": [7.99133, 9.14619, 7.95849]},
			"faces": {
				"east": {"uv": [0, 0, 16, 16], "texture": "#16"},
				"west": {"uv": [0, 0, 16, 16], "texture": "#16"},
				"up": {"uv": [0, 0, 16, 16], "rotation": 270, "texture": "#16"}
			}
		},
		{
			"from": [0.78284, -3.46875, 4.57482],
			"to": [2.72034, -1.53125, 6.51232],
			"rotation": {"angle": 0, "axis": "y", "origin": [7.99133, 9.14619, 7.95849]},
			"faces": {
				"east": {"uv": [0, 0, 16, 16], "texture": "#16"},
				"west": {"uv": [0, 0, 16, 16], "texture": "#16"},
				"up": {"uv": [0, 0, 16, 16], "rotation": 270, "texture": "#16"}
			}
		},
		{
			"from": [9.28284, -3.46875, 13.07482],
			"to": [11.22034, -1.53125, 15.01232],
			"rotation": {"angle": 0, "axis": "y", "origin": [8.02258, 9.14619, 7.98974]},
			"faces": {
				"north": {"uv": [0, 0, 16, 16], "texture": "#16"},
				"south": {"uv": [0, 0, 16, 16], "texture": "#16"},
				"up": {"uv": [0, 0, 16, 16], "texture": "#16"}
			}
		},
		{
			"from": [13.28284, 1.53125, 4.57482],
			"to": [15.22034, 3.46875, 6.51232],
			"rotation": {"angle": 0, "axis": "y", "origin": [7.99133, 9.14619, 7.95849]},
			"faces": {
				"north": {"uv": [0, 0, 16, 16], "texture": "#16"},
				"east": {"uv": [0, 0, 16, 16], "texture": "#16"},
				"west": {"uv": [0, 0, 16, 16], "texture": "#16"},
				"up": {"uv": [0, 0, 16, 16], "rotation": 270, "texture": "#16"},
				"down": {"uv": [0, 0, 16, 16], "rotation": 90, "texture": "#16"}
			}
		},
		{
			"from": [0.78284, 1.53125, 4.57482],
			"to": [2.72034, 3.46875, 6.51232],
			"rotation": {"angle": 0, "axis": "y", "origin": [7.99133, 9.14619, 7.95849]},
			"faces": {
				"north": {"uv": [0, 0, 16, 16], "texture": "#16"},
				"east": {"uv": [0, 0, 16, 16], "texture": "#16"},
				"west": {"uv": [0, 0, 16, 16], "texture": "#16"},
				"up": {"uv": [0, 0, 16, 16], "rotation": 270, "texture": "#16"},
				"down": {"uv": [0, 0, 16, 16], "rotation": 90, "texture": "#16"}
			}
		},
		{
			"from": [9.28284, 1.53125, 13.07482],
			"to": [11.22034, 3.46875, 15.01232],
			"rotation": {"angle": 0, "axis": "y", "origin": [8.02258, 9.14619, 7.98974]},
			"faces": {
				"north": {"uv": [0, 0, 16, 16], "texture": "#16"},
				"east": {"uv": [0, 0, 16, 16], "texture": "#16"},
				"south": {"uv": [0, 0, 16, 16], "texture": "#16"},
				"up": {"uv": [0, 0, 16, 16], "texture": "#16"},
				"down": {"uv": [0, 0, 16, 16], "texture": "#16"}
			}
		},
		{
			"from": [13.75159, -3.5, 4.54357],
			"to": [14.75159, 6.5, 11.04357],
			"rotation": {"angle": 0, "axis": "y", "origin": [7.99133, 9.14619, 7.98974]},
			"faces": {
				"east": {"uv": [0.063, 0, 3, 4.001], "texture": "#22"},
				"west": {"uv": [0.063, 0, 3, 4.001], "texture": "#22"}
			}
		},
		{
			"from": [4.75159, -3.5, 13.54357],
			"to": [11.25159, 6.5, 14.54357],
			"rotation": {"angle": 0, "axis": "y", "origin": [7.99133, 9.14619, 7.98974]},
			"faces": {
				"north": {"uv": [0.063, 0, 3, 4.001], "texture": "#22"},
				"south": {"uv": [0.063, 0, 3, 4.001], "texture": "#22"}
			}
		},
		{
			"from": [1.25159, -3.5, 4.54357],
			"to": [2.25159, 6.5, 11.04357],
			"rotation": {"angle": 0, "axis": "y", "origin": [7.99133, 9.14619, 7.98974]},
			"faces": {
				"north": {"uv": [0, 0, 0, 0], "texture": "#22"},
				"east": {"uv": [0.063, 0, 3, 4.001], "texture": "#22"},
				"south": {"uv": [0, 0, 0, 0], "texture": "#22"},
				"west": {"uv": [0.063, 0, 3, 4.001], "texture": "#22"},
				"up": {"uv": [0, 0, 0, 0], "texture": "#22"},
				"down": {"uv": [0, 0, 0, 0], "texture": "#22"}
			}
		},
		{
			"from": [0.50159, -3.5, 6.54357],
			"to": [3.00159, 6.5, 7.04357],
			"rotation": {"angle": 0, "axis": "y", "origin": [7.99133, 9.14619, 7.98974]},
			"faces": {
				"north": {"uv": [0, 0, 16, 16], "texture": "#18"},
				"east": {"uv": [5.75, 0, 10.25, 16], "texture": "#18"},
				"south": {"uv": [0, 0, 16, 16], "texture": "#18"},
				"west": {"uv": [11.5, 0, 16, 16], "texture": "#18"}
			}
		},
		{
			"from": [8.75159, -3.5, 12.79357],
			"to": [9.25159, 6.5, 15.29357],
			"rotation": {"angle": 0, "axis": "y", "origin": [7.99133, 9.14619, 7.98974]},
			"faces": {
				"north": {"uv": [11.5, 0, 16, 16], "texture": "#18"},
				"east": {"uv": [0, 0, 16, 16], "texture": "#18"},
				"south": {"uv": [5.75, 0, 10.25, 16], "texture": "#18"},
				"west": {"uv": [0, 0, 16, 16], "texture": "#18"}
			}
		},
		{
			"from": [13.00159, -3.5, 6.54357],
			"to": [15.50159, 6.5, 7.04357],
			"rotation": {"angle": 0, "axis": "y", "origin": [7.99133, 9.14619, 7.98974]},
			"faces": {
				"north": {"uv": [0, 0, 16, 16], "texture": "#18"},
				"east": {"uv": [5.75, 0, 10.25, 16], "texture": "#18"},
				"south": {"uv": [0, 0, 16, 16], "texture": "#18"},
				"west": {"uv": [11.5, 0, 16, 16], "texture": "#18"}
			}
		},
		{
			"from": [0.50159, -3.5, 8.54357],
			"to": [3.00159, 6.5, 9.04357],
			"rotation": {"angle": 0, "axis": "y", "origin": [7.99133, 9.14619, 7.98974]},
			"faces": {
				"north": {"uv": [0, 0, 16, 16], "texture": "#18"},
				"east": {"uv": [5.75, 0, 10.25, 16], "texture": "#18"},
				"south": {"uv": [0, 0, 16, 16], "texture": "#18"},
				"west": {"uv": [11.5, 0, 16, 16], "texture": "#18"}
			}
		},
		{
			"from": [6.75159, -3.5, 12.79357],
			"to": [7.25159, 6.5, 15.29357],
			"rotation": {"angle": 0, "axis": "y", "origin": [7.99133, 9.14619, 7.98974]},
			"faces": {
				"north": {"uv": [11.5, 0, 16, 16], "texture": "#18"},
				"east": {"uv": [0, 0, 16, 16], "texture": "#18"},
				"south": {"uv": [5.75, 0, 10.25, 16], "texture": "#18"},
				"west": {"uv": [0, 0, 16, 16], "texture": "#18"}
			}
		},
		{
			"from": [13.00159, -3.5, 8.54357],
			"to": [15.50159, 6.5, 9.04357],
			"rotation": {"angle": 0, "axis": "y", "origin": [7.99133, 9.14619, 7.98974]},
			"faces": {
				"north": {"uv": [0, 0, 16, 16], "texture": "#18"},
				"east": {"uv": [5.75, 0, 10.25, 16], "texture": "#18"},
				"south": {"uv": [0, 0, 16, 16], "texture": "#18"},
				"west": {"uv": [11.5, 0, 16, 16], "texture": "#18"}
			}
		},
		{
			"from": [14.53284, 6.46875, 4.54357],
			"to": [16.53284, 8.5625, 11.04357],
			"rotation": {"angle": 0, "axis": "y", "origin": [9.24133, 9.14619, 7.98974]},
			"faces": {
				"north": {"uv": [14.188, 2.063, 15.188, 3.063], "texture": "#22"},
				"east": {"uv": [5.063, 14.188, 9.063, 15.188], "texture": "#22"},
				"south": {"uv": [14.188, 2.063, 15.188, 3.063], "texture": "#22"},
				"west": {"uv": [5.063, 14.188, 9.063, 15.188], "texture": "#22"},
				"up": {"uv": [5.063, 14.188, 9.063, 15.188], "rotation": 90, "texture": "#22"},
				"down": {"uv": [5.063, 14.188, 9.063, 15.188], "rotation": 90, "texture": "#22"}
			}
		},
		{
			"from": [4.6875, 6.46875, 13.65625],
			"to": [11.3125, 8.5625, 15.65625],
			"rotation": {"angle": 0, "axis": "y", "origin": [7.74133, 9.14619, 8.36474]},
			"faces": {
				"north": {"uv": [5.063, 14.188, 9.063, 15.188], "texture": "#22"},
				"east": {"uv": [14.188, 2.063, 15.188, 3.063], "texture": "#22"},
				"south": {"uv": [5.063, 14.188, 9.063, 15.188], "texture": "#22"},
				"west": {"uv": [14.188, 2.063, 15.188, 3.063], "texture": "#22"},
				"up": {"uv": [5.063, 14.188, 9.063, 15.188], "rotation": 180, "texture": "#22"},
				"down": {"uv": [5.063, 14.188, 9.063, 15.188], "texture": "#22"}
			}
		},
		{
			"from": [-0.15784, 6.46875, 4.54357],
			"to": [2.34216, 8.5625, 11.04357],
			"rotation": {"angle": 0, "axis": "y", "origin": [7.13367, 9.14619, 7.98974]},
			"faces": {
				"north": {"uv": [15.188, 2.063, 14.188, 3.063], "texture": "#22"},
				"east": {"uv": [9.063, 14.188, 5.063, 15.188], "texture": "#22"},
				"south": {"uv": [15.188, 2.063, 14.188, 3.063], "texture": "#22"},
				"west": {"uv": [9.063, 14.188, 5.063, 15.188], "texture": "#22"},
				"up": {"uv": [5.063, 15.188, 9.063, 14.188], "rotation": 90, "texture": "#22"},
				"down": {"uv": [5.063, 15.188, 9.063, 14.188], "rotation": 90, "texture": "#22"}
			}
		},
		{
			"from": [0.78284, 4.03125, 9.07482],
			"to": [2.72034, 5.96875, 11.01232],
			"rotation": {"angle": 0, "axis": "y", "origin": [7.99133, 9.14619, 8.02099]},
			"faces": {
				"east": {"uv": [0, 0, 16, 16], "texture": "#stone_bricks"},
				"south": {"uv": [0, 0, 16, 16], "texture": "#stone_bricks"},
				"west": {"uv": [0, 0, 16, 16], "texture": "#stone_bricks"},
				"up": {"uv": [0, 0, 16, 16], "rotation": 270, "texture": "#stone_bricks"},
				"down": {"uv": [0, 0, 16, 16], "rotation": 90, "texture": "#stone_bricks"}
			}
		},
		{
			"from": [4.78284, 4.03125, 13.07482],
			"to": [6.72034, 5.96875, 15.01232],
			"rotation": {"angle": 0, "axis": "y", "origin": [8.02258, 9.14619, 7.98974]},
			"faces": {
				"north": {"uv": [0, 0, 16, 16], "texture": "#stone_bricks"},
				"south": {"uv": [0, 0, 16, 16], "texture": "#stone_bricks"},
				"west": {"uv": [0, 0, 16, 16], "texture": "#stone_bricks"},
				"up": {"uv": [0, 0, 16, 16], "texture": "#stone_bricks"},
				"down": {"uv": [0, 0, 16, 16], "texture": "#stone_bricks"}
			}
		},
		{
			"from": [13.28284, 4.03125, 9.07482],
			"to": [15.22034, 5.96875, 11.01232],
			"rotation": {"angle": 0, "axis": "y", "origin": [7.99133, 9.14619, 8.02099]},
			"faces": {
				"east": {"uv": [0, 0, 16, 16], "texture": "#stone_bricks"},
				"south": {"uv": [0, 0, 16, 16], "texture": "#stone_bricks"},
				"west": {"uv": [0, 0, 16, 16], "texture": "#stone_bricks"},
				"up": {"uv": [0, 0, 16, 16], "rotation": 270, "texture": "#stone_bricks"},
				"down": {"uv": [0, 0, 16, 16], "rotation": 90, "texture": "#stone_bricks"}
			}
		},
		{
			"from": [0.78284, -0.96875, 9.07482],
			"to": [2.72034, 0.96875, 11.01232],
			"rotation": {"angle": 0, "axis": "y", "origin": [7.99133, 9.14619, 8.02099]},
			"faces": {
				"east": {"uv": [0, 0, 16, 16], "texture": "#stone_bricks"},
				"south": {"uv": [0, 0, 16, 16], "texture": "#stone_bricks"},
				"west": {"uv": [0, 0, 16, 16], "texture": "#stone_bricks"},
				"up": {"uv": [0, 0, 16, 16], "rotation": 270, "texture": "#stone_bricks"},
				"down": {"uv": [0, 0, 16, 16], "rotation": 90, "texture": "#stone_bricks"}
			}
		},
		{
			"from": [4.78284, -0.96875, 13.07482],
			"to": [6.72034, 0.96875, 15.01232],
			"rotation": {"angle": 0, "axis": "y", "origin": [8.02258, 9.14619, 7.98974]},
			"faces": {
				"north": {"uv": [0, 0, 16, 16], "texture": "#stone_bricks"},
				"south": {"uv": [0, 0, 16, 16], "texture": "#stone_bricks"},
				"west": {"uv": [0, 0, 16, 16], "texture": "#stone_bricks"},
				"up": {"uv": [0, 0, 16, 16], "texture": "#stone_bricks"},
				"down": {"uv": [0, 0, 16, 16], "texture": "#stone_bricks"}
			}
		},
		{
			"from": [13.28284, -0.96875, 9.07482],
			"to": [15.22034, 0.96875, 11.01232],
			"rotation": {"angle": 0, "axis": "y", "origin": [7.99133, 9.14619, 8.02099]},
			"faces": {
				"east": {"uv": [0, 0, 16, 16], "texture": "#stone_bricks"},
				"south": {"uv": [0, 0, 16, 16], "texture": "#stone_bricks"},
				"west": {"uv": [0, 0, 16, 16], "texture": "#stone_bricks"},
				"up": {"uv": [0, 0, 16, 16], "rotation": 270, "texture": "#stone_bricks"},
				"down": {"uv": [0, 0, 16, 16], "rotation": 90, "texture": "#stone_bricks"}
			}
		},
		{
			"from": [0.78284, 4.03125, 4.57482],
			"to": [2.72034, 5.96875, 6.51232],
			"rotation": {"angle": 0, "axis": "y", "origin": [7.99133, 9.14619, 7.95849]},
			"faces": {
				"north": {"uv": [0, 0, 16, 16], "texture": "#stone_bricks"},
				"east": {"uv": [0, 0, 16, 16], "texture": "#stone_bricks"},
				"west": {"uv": [0, 0, 16, 16], "texture": "#stone_bricks"},
				"up": {"uv": [0, 0, 16, 16], "rotation": 270, "texture": "#stone_bricks"},
				"down": {"uv": [0, 0, 16, 16], "rotation": 90, "texture": "#stone_bricks"}
			}
		},
		{
			"from": [9.28284, 4.03125, 13.07482],
			"to": [11.22034, 5.96875, 15.01232],
			"rotation": {"angle": 0, "axis": "y", "origin": [8.02258, 9.14619, 7.98974]},
			"faces": {
				"north": {"uv": [0, 0, 16, 16], "texture": "#stone_bricks"},
				"east": {"uv": [0, 0, 16, 16], "texture": "#stone_bricks"},
				"south": {"uv": [0, 0, 16, 16], "texture": "#stone_bricks"},
				"up": {"uv": [0, 0, 16, 16], "texture": "#stone_bricks"},
				"down": {"uv": [0, 0, 16, 16], "texture": "#stone_bricks"}
			}
		},
		{
			"from": [13.28284, 4.03125, 4.57482],
			"to": [15.22034, 5.96875, 6.51232],
			"rotation": {"angle": 0, "axis": "y", "origin": [7.99133, 9.14619, 7.95849]},
			"faces": {
				"north": {"uv": [0, 0, 16, 16], "texture": "#stone_bricks"},
				"east": {"uv": [0, 0, 16, 16], "texture": "#stone_bricks"},
				"west": {"uv": [0, 0, 16, 16], "texture": "#stone_bricks"},
				"up": {"uv": [0, 0, 16, 16], "rotation": 270, "texture": "#stone_bricks"},
				"down": {"uv": [0, 0, 16, 16], "rotation": 90, "texture": "#stone_bricks"}
			}
		},
		{
			"from": [0.78284, -0.96875, 4.57482],
			"to": [2.72034, 0.96875, 6.51232],
			"rotation": {"angle": 0, "axis": "y", "origin": [7.99133, 9.14619, 7.95849]},
			"faces": {
				"north": {"uv": [0, 0, 16, 16], "texture": "#stone_bricks"},
				"east": {"uv": [0, 0, 16, 16], "texture": "#stone_bricks"},
				"west": {"uv": [0, 0, 16, 16], "texture": "#stone_bricks"},
				"up": {"uv": [0, 0, 16, 16], "rotation": 270, "texture": "#stone_bricks"},
				"down": {"uv": [0, 0, 16, 16], "rotation": 90, "texture": "#stone_bricks"}
			}
		},
		{
			"from": [9.28284, -0.96875, 13.07482],
			"to": [11.22034, 0.96875, 15.01232],
			"rotation": {"angle": 0, "axis": "y", "origin": [8.02258, 9.14619, 7.98974]},
			"faces": {
				"north": {"uv": [0, 0, 16, 16], "texture": "#stone_bricks"},
				"east": {"uv": [0, 0, 16, 16], "texture": "#stone_bricks"},
				"south": {"uv": [0, 0, 16, 16], "texture": "#stone_bricks"},
				"up": {"uv": [0, 0, 16, 16], "texture": "#stone_bricks"},
				"down": {"uv": [0, 0, 16, 16], "texture": "#stone_bricks"}
			}
		},
		{
			"from": [13.28284, -0.96875, 4.57482],
			"to": [15.22034, 0.96875, 6.51232],
			"rotation": {"angle": 0, "axis": "y", "origin": [7.99133, 9.14619, 7.95849]},
			"faces": {
				"north": {"uv": [0, 0, 16, 16], "texture": "#stone_bricks"},
				"east": {"uv": [0, 0, 16, 16], "texture": "#stone_bricks"},
				"west": {"uv": [0, 0, 16, 16], "texture": "#stone_bricks"},
				"up": {"uv": [0, 0, 16, 16], "rotation": 270, "texture": "#stone_bricks"},
				"down": {"uv": [0, 0, 16, 16], "rotation": 90, "texture": "#stone_bricks"}
			}
		},
		{
			"from": [13.28284, 1.53125, 9.07482],
			"to": [15.22034, 3.46875, 11.01232],
			"rotation": {"angle": 0, "axis": "y", "origin": [7.99133, 9.14619, 8.02099]},
			"faces": {
				"east": {"uv": [0, 0, 16, 16], "texture": "#16"},
				"south": {"uv": [0, 0, 16, 16], "texture": "#16"},
				"west": {"uv": [0, 0, 16, 16], "texture": "#16"},
				"up": {"uv": [0, 0, 16, 16], "rotation": 270, "texture": "#16"},
				"down": {"uv": [0, 0, 16, 16], "rotation": 90, "texture": "#16"}
			}
		},
		{
			"from": [0.78284, 1.53125, 9.07482],
			"to": [2.72034, 3.46875, 11.01232],
			"rotation": {"angle": 0, "axis": "y", "origin": [7.99133, 9.14619, 8.02099]},
			"faces": {
				"east": {"uv": [0, 0, 16, 16], "texture": "#16"},
				"south": {"uv": [0, 0, 16, 16], "texture": "#16"},
				"west": {"uv": [0, 0, 16, 16], "texture": "#16"},
				"up": {"uv": [0, 0, 16, 16], "rotation": 270, "texture": "#16"},
				"down": {"uv": [0, 0, 16, 16], "rotation": 90, "texture": "#16"}
			}
		},
		{
			"from": [4.78284, 1.53125, 13.07482],
			"to": [6.72034, 3.46875, 15.01232],
			"rotation": {"angle": 0, "axis": "y", "origin": [8.02258, 9.14619, 7.98974]},
			"faces": {
				"north": {"uv": [0, 0, 16, 16], "texture": "#16"},
				"south": {"uv": [0, 0, 16, 16], "texture": "#16"},
				"west": {"uv": [0, 0, 16, 16], "texture": "#16"},
				"up": {"uv": [0, 0, 16, 16], "texture": "#16"},
				"down": {"uv": [0, 0, 16, 16], "texture": "#16"}
			}
		},
		{
			"from": [13.28284, -3.46875, 9.07482],
			"to": [15.22034, -1.53125, 11.01232],
			"rotation": {"angle": 0, "axis": "y", "origin": [7.99133, 9.14619, 8.02099]},
			"faces": {
				"east": {"uv": [0, 0, 16, 16], "texture": "#16"},
				"west": {"uv": [0, 0, 16, 16], "texture": "#16"},
				"up": {"uv": [0, 0, 16, 16], "rotation": 270, "texture": "#16"}
			}
		},
		{
			"from": [0.78284, -3.46875, 9.07482],
			"to": [2.72034, -1.53125, 11.01232],
			"rotation": {"angle": 0, "axis": "y", "origin": [7.99133, 9.14619, 8.02099]},
			"faces": {
				"east": {"uv": [0, 0, 16, 16], "texture": "#16"},
				"west": {"uv": [0, 0, 16, 16], "texture": "#16"},
				"up": {"uv": [0, 0, 16, 16], "rotation": 270, "texture": "#16"}
			}
		},
		{
			"from": [4.78284, -3.46875, 13.07482],
			"to": [6.72034, -1.53125, 15.01232],
			"rotation": {"angle": 0, "axis": "y", "origin": [8.02258, 9.14619, 7.98974]},
			"faces": {
				"north": {"uv": [0, 0, 16, 16], "texture": "#16"},
				"south": {"uv": [0, 0, 16, 16], "texture": "#16"},
				"up": {"uv": [0, 0, 16, 16], "texture": "#16"}
			}
		},
		{
			"from": [14.75159, -3.5, 2.54357],
			"to": [16.75159, -1.5, 4.54357],
			"rotation": {"angle": 0, "axis": "y", "origin": [7.49133, 9.14619, 7.98974]},
			"faces": {
				"north": {"uv": [0, 0, 16, 16], "texture": "#17"},
				"east": {"uv": [0, 0, 16, 16], "texture": "#17"},
				"south": {"uv": [0, 0, 16, 16], "texture": "#17"},
				"up": {"uv": [0, 0, 16, 16], "rotation": 270, "texture": "#17"}
			}
		},
		{
			"from": [-1.24841, 6.5, 1.76232],
			"to": [0.75159, 8.53125, 3.79357],
			"rotation": {"angle": 0, "axis": "y", "origin": [7.99133, 9.14619, 7.98974]},
			"faces": {
				"north": {"uv": [16, 0, 0, 16], "texture": "#17"},
				"west": {"uv": [16, 0, 0, 16], "texture": "#17"},
				"up": {"uv": [0, 16, 16, 0], "rotation": 270, "texture": "#17"},
				"down": {"uv": [0, 16, 16, 0], "rotation": 90, "texture": "#17"}
			}
		},
		{
			"from": [-1.24841, 6.5, 3.79357],
			"to": [0.75159, 8.53125, 5.79357],
			"rotation": {"angle": 0, "axis": "y", "origin": [7.99133, 9.14619, 7.98974]},
			"faces": {
				"south": {"uv": [16, 0, 0, 16], "texture": "#17"},
				"west": {"uv": [16, 0, 0, 16], "texture": "#17"},
				"up": {"uv": [0, 16, 16, 0], "rotation": 270, "texture": "#17"},
				"down": {"uv": [0, 16, 16, 0], "rotation": 90, "texture": "#17"}
			}
		},
		{
			"from": [-0.74841, -3.5, 2.54357],
			"to": [1.25159, -1.5, 4.54357],
			"rotation": {"angle": 0, "axis": "y", "origin": [8.49133, 9.14619, 7.98974]},
			"faces": {
				"north": {"uv": [16, 0, 0, 16], "texture": "#17"},
				"south": {"uv": [16, 0, 0, 16], "texture": "#17"},
				"west": {"uv": [16, 0, 0, 16], "texture": "#17"},
				"up": {"uv": [0, 16, 16, 0], "rotation": 270, "texture": "#17"}
			}
		},
		{
			"from": [1.97034, 6.5, 15.04357],
			"to": [4.00159, 8.53125, 17.04357],
			"rotation": {"angle": 0, "axis": "y", "origin": [7.99133, 9.14619, 7.98974]},
			"faces": {
				"south": {"uv": [16, 0, 0, 16], "texture": "#17"},
				"west": {"uv": [16, 0, 0, 16], "texture": "#17"},
				"up": {"uv": [0, 16, 16, 0], "rotation": 180, "texture": "#17"},
				"down": {"uv": [0, 16, 16, 0], "rotation": 180, "texture": "#17"}
			}
		},
		{
			"from": [2.75159, -3.5, 14.54357],
			"to": [4.75159, -1.5, 16.54357],
			"rotation": {"angle": 0, "axis": "y", "origin": [7.99133, 9.14619, 7.48974]},
			"faces": {
				"east": {"uv": [16, 0, 0, 16], "texture": "#17"},
				"south": {"uv": [16, 0, 0, 16], "texture": "#17"},
				"west": {"uv": [16, 0, 0, 16], "texture": "#17"},
				"up": {"uv": [0, 16, 16, 0], "rotation": 180, "texture": "#17"}
			}
		},
		{
			"from": [8.50159, 6.5, -2.45643],
			"to": [10.50159, 8.5, -0.42518],
			"rotation": {"angle": 0, "axis": "y", "origin": [7.99133, 9.14619, 7.98974]},
			"faces": {
				"north": {"uv": [0, 0, 16, 16], "texture": "#stone_bricks"},
				"east": {"uv": [0, 0, 16, 16], "texture": "#stone_bricks"},
				"south": {"uv": [0, 0, 16, 16], "texture": "#stone_bricks"},
				"west": {"uv": [0, 0, 16, 16], "texture": "#stone_bricks"},
				"up": {"uv": [0, 0, 16, 16], "rotation": 270, "texture": "#stone_bricks"},
				"down": {"uv": [0, 0, 16, 16], "rotation": 90, "texture": "#stone_bricks"}
			}
		},
		{
			"from": [5.50159, 6.5, -2.45643],
			"to": [7.50159, 8.5, -0.42518],
			"rotation": {"angle": 0, "axis": "y", "origin": [7.99133, 9.14619, 7.98974]},
			"faces": {
				"north": {"uv": [0, 0, 16, 16], "texture": "#stone_bricks"},
				"east": {"uv": [0, 0, 16, 16], "texture": "#stone_bricks"},
				"south": {"uv": [0, 0, 16, 16], "texture": "#stone_bricks"},
				"west": {"uv": [0, 0, 16, 16], "texture": "#stone_bricks"},
				"up": {"uv": [0, 0, 16, 16], "rotation": 270, "texture": "#stone_bricks"},
				"down": {"uv": [0, 0, 16, 16], "rotation": 90, "texture": "#stone_bricks"}
			}
		},
		{
			"from": [7.00159, 7.25, -3.20643],
			"to": [9.00159, 9.25, -1.17518],
			"rotation": {"angle": 0, "axis": "y", "origin": [7.99133, 9.14619, 7.98974]},
			"faces": {
				"north": {"uv": [0, 0, 16, 16], "texture": "#stone_bricks"},
				"east": {"uv": [0, 0, 16, 16], "texture": "#stone_bricks"},
				"west": {"uv": [0, 0, 16, 16], "texture": "#stone_bricks"},
				"up": {"uv": [0, 0, 16, 16], "rotation": 270, "texture": "#stone_bricks"},
				"down": {"uv": [0, 0, 16, 16], "rotation": 90, "texture": "#stone_bricks"}
			}
		},
		{
			"from": [6.97034, 7.21875, -1.20643],
			"to": [9.03284, 9.28125, 0.79357],
			"rotation": {"angle": 0, "axis": "y", "origin": [7.99133, 9.14619, 7.98974]},
			"faces": {
				"north": {"uv": [0, 0, 16, 16], "texture": "#stone_bricks"},
				"east": {"uv": [0, 0, 16, 16], "texture": "#stone_bricks"},
				"south": {"uv": [0, 0, 16, 16], "texture": "#stone_bricks"},
				"west": {"uv": [0, 0, 16, 16], "texture": "#stone_bricks"},
				"up": {"uv": [0, 0, 16, 16], "rotation": 270, "texture": "#stone_bricks"},
				"down": {"uv": [0, 0, 16, 16], "rotation": 90, "texture": "#stone_bricks"}
			}
		},
		{
			"from": [3.00159, 6.5, -0.45643],
			"to": [13.00159, 8.5, 1.54357],
			"rotation": {"angle": 0, "axis": "y", "origin": [7.99133, 9.14619, 7.98974]},
			"faces": {
				"north": {"uv": [10, 15.187, 15, 14.188], "texture": "#22"},
				"east": {"uv": [0, 0, 16, 16], "rotation": 90, "texture": "#17"},
				"south": {"uv": [10, 15.187, 15, 14.188], "texture": "#22"},
				"west": {"uv": [0, 0, 16, 16], "rotation": 90, "texture": "#17"},
				"up": {"uv": [10, 14.188, 15, 15.187], "texture": "#22"},
				"down": {"uv": [10, 14.188, 15, 15.187], "texture": "#22"}
			}
		},
		{
			"from": [2.87659, 6.78125, 13.16857],
			"to": [13.12659, 8.78125, 15.16857],
			"rotation": {"angle": 0, "axis": "y", "origin": [7.99133, 9.42744, 21.61474]},
			"faces": {
				"north": {"uv": [10, 15.187, 15, 14.188], "texture": "#22"},
				"east": {"uv": [0, 0, 16, 16], "texture": "#17"},
				"south": {"uv": [10, 15.187, 15, 14.188], "texture": "#22"},
				"west": {"uv": [0, 0, 16, 16], "rotation": 90, "texture": "#17"},
				"up": {"uv": [10, 15.187, 15, 14.188], "texture": "#22"},
				"down": {"uv": [10, 14.188, 15, 15.187], "texture": "#22"}
			}
		},
		{
			"from": [13.4375, 6.78125, 2.65625],
			"to": [15.4375, 8.78125, 12.90625],
			"rotation": {"angle": 0, "axis": "y", "origin": [6.99133, 9.42744, 7.77099]},
			"faces": {
				"north": {"uv": [0, 0, 16, 16], "rotation": 90, "texture": "#17"},
				"east": {"uv": [10, 15.187, 15, 14.188], "texture": "#22"},
				"south": {"uv": [0, 0, 16, 16], "texture": "#17"},
				"west": {"uv": [10, 15.187, 15, 14.188], "texture": "#22"},
				"up": {"uv": [10, 15.187, 15, 14.188], "rotation": 270, "texture": "#22"},
				"down": {"uv": [10, 14.188, 15, 15.187], "rotation": 270, "texture": "#22"}
			}
		},
		{
			"from": [0.5625, 6.78125, 2.65625],
			"to": [2.5625, 8.78125, 12.90625],
			"rotation": {"angle": 0, "axis": "y", "origin": [9.00867, 9.42744, 7.77099]},
			"faces": {
				"north": {"uv": [0, 0, 16, 16], "rotation": 90, "texture": "#17"},
				"east": {"uv": [15, 15.187, 10, 14.188], "texture": "#22"},
				"south": {"uv": [16, 0, 0, 16], "texture": "#17"},
				"west": {"uv": [15, 15.187, 10, 14.188], "texture": "#22"},
				"up": {"uv": [10, 15.187, 15, 14.188], "rotation": 90, "texture": "#22"},
				"down": {"uv": [10, 15.187, 15, 14.188], "rotation": 270, "texture": "#22"}
			}
		},
		{
			"from": [4.00159, 5.5, -1.70643],
			"to": [6.00159, 7.5, 0.29357],
			"rotation": {"angle": 0, "axis": "y", "origin": [7.99133, 9.14619, 7.98974]},
			"faces": {
				"north": {"uv": [0, 0, 16, 16], "texture": "#stone_bricks"},
				"east": {"uv": [0, 0, 16, 16], "texture": "#stone_bricks"},
				"south": {"uv": [0, 0, 16, 16], "texture": "#stone_bricks"},
				"west": {"uv": [0, 0, 16, 16], "texture": "#stone_bricks"},
				"up": {"uv": [0, 0, 16, 16], "rotation": 270, "texture": "#stone_bricks"},
				"down": {"uv": [0, 0, 16, 16], "rotation": 90, "texture": "#stone_bricks"}
			}
		},
		{
			"from": [10.00159, 5.5, -1.70643],
			"to": [12.00159, 7.5, 0.29357],
			"rotation": {"angle": 0, "axis": "y", "origin": [7.99133, 9.14619, 7.98974]},
			"faces": {
				"north": {"uv": [0, 0, 16, 16], "texture": "#stone_bricks"},
				"east": {"uv": [0, 0, 16, 16], "texture": "#stone_bricks"},
				"south": {"uv": [0, 0, 16, 16], "texture": "#stone_bricks"},
				"west": {"uv": [0, 0, 16, 16], "texture": "#stone_bricks"},
				"up": {"uv": [0, 0, 16, 16], "rotation": 270, "texture": "#stone_bricks"},
				"down": {"uv": [0, 0, 16, 16], "rotation": 90, "texture": "#stone_bricks"}
			}
		},
		{
			"from": [11.25159, 4.5, -0.95643],
			"to": [13.28284, 6.53125, 1.04357],
			"rotation": {"angle": 0, "axis": "y", "origin": [7.99133, 9.14619, 7.98974]},
			"faces": {
				"north": {"uv": [0, 0, 16, 16], "texture": "#stone_bricks"},
				"east": {"uv": [0, 0, 16, 16], "texture": "#stone_bricks"},
				"west": {"uv": [0, 0, 16, 16], "texture": "#stone_bricks"},
				"up": {"uv": [0, 0, 16, 16], "rotation": 270, "texture": "#stone_bricks"},
				"down": {"uv": [0, 0, 16, 16], "rotation": 90, "texture": "#stone_bricks"}
			}
		},
		{
			"from": [2.72034, 4.5, -0.95643],
			"to": [4.75159, 6.53125, 1.04357],
			"rotation": {"angle": 0, "axis": "y", "origin": [7.99133, 9.14619, 7.98974]},
			"faces": {
				"north": {"uv": [0, 0, 16, 16], "texture": "#stone_bricks"},
				"east": {"uv": [0, 0, 16, 16], "texture": "#stone_bricks"},
				"west": {"uv": [0, 0, 16, 16], "texture": "#stone_bricks"},
				"up": {"uv": [0, 0, 16, 16], "rotation": 270, "texture": "#stone_bricks"},
				"down": {"uv": [0, 0, 16, 16], "rotation": 90, "texture": "#stone_bricks"}
			}
		},
		{
			"from": [11.53284, 3.27932, -1.55032],
			"to": [12.97034, 8.27932, -0.55032],
			"rotation": {"angle": -22.5, "axis": "x", "origin": [7.99133, 9.14619, 7.98974]},
			"faces": {
				"north": {"uv": [0, 0, 16, 16], "texture": "#texture"},
				"east": {"uv": [0, 0, 9, 16], "texture": "#texture"},
				"south": {"uv": [0, 0, 16, 16], "texture": "#texture"},
				"west": {"uv": [0, 0, 9, 16], "texture": "#texture"}
			}
		},
		{
			"from": [15.44256, 6.07548, 11.32482],
			"to": [16.44256, 11.07548, 12.76232],
			"rotation": {"angle": -22.5, "axis": "z", "origin": [7.99133, 9.14619, 7.98974]},
			"faces": {
				"north": {"uv": [0, 0, 9, 16], "texture": "#texture"},
				"east": {"uv": [0, 0, 16, 16], "texture": "#texture"},
				"south": {"uv": [0, 0, 9, 16], "texture": "#texture"}
			}
		},
		{
			"from": [-0.44094, 6.06763, 11.32482],
			"to": [0.55906, 11.06763, 12.76232],
			"rotation": {"angle": 22.5, "axis": "z", "origin": [7.99133, 9.14619, 7.98974]},
			"faces": {
				"north": {"uv": [9, 0, 0, 16], "texture": "#texture"},
				"south": {"uv": [9, 0, 0, 16], "texture": "#texture"},
				"west": {"uv": [16, 0, 0, 16], "texture": "#texture"}
			}
		},
		{
			"from": [4.63078, -5.05962, 11.32482],
			"to": [5.63078, -0.05962, 12.76232],
			"rotation": {"angle": -22.5, "axis": "z", "origin": [7.99133, 9.14619, 7.98974]},
			"faces": {
				"north": {"uv": [9, 0, 0, 16], "texture": "#texture"},
				"south": {"uv": [9, 0, 0, 16], "texture": "#texture"},
				"west": {"uv": [16, 0, 0, 16], "texture": "#texture"}
			}
		},
		{
			"from": [10.37084, -5.06747, 11.32482],
			"to": [11.37084, -0.06747, 12.76232],
			"rotation": {"angle": 22.5, "axis": "z", "origin": [7.99133, 9.14619, 7.98974]},
			"faces": {
				"north": {"uv": [0, 0, 9, 16], "texture": "#texture"},
				"east": {"uv": [0, 0, 16, 16], "texture": "#texture"},
				"south": {"uv": [0, 0, 9, 16], "texture": "#texture"}
			}
		},
		{
			"from": [11.53284, 5.99648, 15.25026],
			"to": [12.97034, 10.99648, 16.25026],
			"rotation": {"angle": 22.5, "axis": "x", "origin": [7.99133, 9.14619, 7.98974]},
			"faces": {
				"east": {"uv": [9, 0, 0, 16], "texture": "#texture"},
				"south": {"uv": [16, 0, 0, 16], "texture": "#texture"},
				"west": {"uv": [9, 0, 0, 16], "texture": "#texture"}
			}
		},
		{
			"from": [11.53284, -4.98847, 10.17854],
			"to": [12.97034, 0.01153, 11.17854],
			"rotation": {"angle": -22.5, "axis": "x", "origin": [7.99133, 9.14619, 7.98974]},
			"faces": {
				"east": {"uv": [9, 0, 0, 16], "texture": "#texture"},
				"south": {"uv": [16, 0, 0, 16], "texture": "#texture"},
				"west": {"uv": [9, 0, 0, 16], "texture": "#texture"}
			}
		},
		{
			"from": [3.03284, 3.27932, -1.55032],
			"to": [4.47034, 8.27932, -0.55032],
			"rotation": {"angle": -22.5, "axis": "x", "origin": [7.99133, 9.14619, 7.98974]},
			"faces": {
				"north": {"uv": [0, 0, 16, 16], "texture": "#texture"},
				"east": {"uv": [0, 0, 9, 16], "texture": "#texture"},
				"south": {"uv": [0, 0, 16, 16], "texture": "#texture"},
				"west": {"uv": [0, 0, 9, 16], "texture": "#texture"}
			}
		},
		{
			"from": [15.44256, 6.07548, 2.82482],
			"to": [16.44256, 11.07548, 4.26232],
			"rotation": {"angle": -22.5, "axis": "z", "origin": [7.99133, 9.14619, 7.98974]},
			"faces": {
				"north": {"uv": [0, 0, 9, 16], "texture": "#texture"},
				"east": {"uv": [0, 0, 16, 16], "texture": "#texture"},
				"south": {"uv": [0, 0, 9, 16], "texture": "#texture"}
			}
		},
		{
			"from": [-0.44094, 6.06763, 2.82482],
			"to": [0.55906, 11.06763, 4.26232],
			"rotation": {"angle": 22.5, "axis": "z", "origin": [7.99133, 9.14619, 7.98974]},
			"faces": {
				"north": {"uv": [9, 0, 0, 16], "texture": "#texture"},
				"south": {"uv": [9, 0, 0, 16], "texture": "#texture"},
				"west": {"uv": [16, 0, 0, 16], "texture": "#texture"}
			}
		},
		{
			"from": [4.63078, -5.05962, 2.82482],
			"to": [5.63078, -0.05962, 4.26232],
			"rotation": {"angle": -22.5, "axis": "z", "origin": [7.99133, 9.14619, 7.98974]},
			"faces": {
				"north": {"uv": [9, 0, 0, 16], "texture": "#texture"},
				"south": {"uv": [9, 0, 0, 16], "texture": "#texture"},
				"west": {"uv": [16, 0, 0, 16], "texture": "#texture"}
			}
		},
		{
			"from": [10.37084, -5.06747, 2.82482],
			"to": [11.37084, -0.06747, 4.26232],
			"rotation": {"angle": 22.5, "axis": "z", "origin": [7.99133, 9.14619, 7.98974]},
			"faces": {
				"north": {"uv": [0, 0, 9, 16], "texture": "#texture"},
				"east": {"uv": [0, 0, 16, 16], "texture": "#texture"},
				"south": {"uv": [0, 0, 9, 16], "texture": "#texture"}
			}
		},
		{
			"from": [3.03284, 5.99648, 15.25026],
			"to": [4.47034, 10.99648, 16.25026],
			"rotation": {"angle": 22.5, "axis": "x", "origin": [7.99133, 9.14619, 7.98974]},
			"faces": {
				"east": {"uv": [9, 0, 0, 16], "texture": "#texture"},
				"south": {"uv": [16, 0, 0, 16], "texture": "#texture"},
				"west": {"uv": [9, 0, 0, 16], "texture": "#texture"}
			}
		},
		{
			"from": [3.03284, -4.98847, 10.17854],
			"to": [4.47034, 0.01153, 11.17854],
			"rotation": {"angle": -22.5, "axis": "x", "origin": [7.99133, 9.14619, 7.98974]},
			"faces": {
				"east": {"uv": [9, 0, 0, 16], "texture": "#texture"},
				"south": {"uv": [16, 0, 0, 16], "texture": "#texture"},
				"west": {"uv": [9, 0, 0, 16], "texture": "#texture"}
			}
		},
		{
			"from": [6.25159, 7, -3.28143],
			"to": [6.75159, 9.5, -2.78143],
			"rotation": {"angle": 0, "axis": "y", "origin": [7.99133, 9.14619, 7.98974]},
			"faces": {
				"north": {"uv": [0, 0, 4.25, 16], "rotation": 180, "texture": "#texture"},
				"east": {"uv": [0, 0, 4.25, 16], "texture": "#texture"},
				"south": {"uv": [0, 0, 4.25, 16], "texture": "#texture"},
				"west": {"uv": [0, 0, 4.25, 16], "texture": "#texture"}
			}
		},
		{
			"from": [6.20159, 9.475, -3.33143],
			"to": [6.77659, 10.05, -2.73143],
			"rotation": {"angle": 0, "axis": "y", "origin": [7.99133, 9.14619, 7.98974]},
			"faces": {
				"north": {"uv": [0, 0, 16, 16], "rotation": 180, "texture": "#16"},
				"east": {"uv": [0, 0, 16, 16], "rotation": 180, "texture": "#16"},
				"south": {"uv": [0, 0, 16, 16], "rotation": 180, "texture": "#16"},
				"west": {"uv": [0, 0, 16, 16], "rotation": 180, "texture": "#16"},
				"up": {"uv": [0, 0, 16, 16], "rotation": 90, "texture": "#16"},
				"down": {"uv": [0, 0, 16, 16], "rotation": 270, "texture": "#16"}
			}
		},
		{
			"from": [6.20159, 6.45, -3.33143],
			"to": [6.77659, 7.025, -2.73143],
			"rotation": {"angle": 0, "axis": "y", "origin": [7.99133, 9.14619, 7.98974]},
			"faces": {
				"north": {"uv": [0, 0, 16, 16], "rotation": 180, "texture": "#16"},
				"east": {"uv": [0, 0, 16, 16], "rotation": 180, "texture": "#16"},
				"south": {"uv": [0, 0, 16, 16], "rotation": 180, "texture": "#16"},
				"west": {"uv": [0, 0, 16, 16], "rotation": 180, "texture": "#16"},
				"up": {"uv": [0, 0, 16, 16], "rotation": 90, "texture": "#16"},
				"down": {"uv": [0, 0, 16, 16], "rotation": 270, "texture": "#16"}
			}
		},
		{
			"from": [9.22659, 9.475, -3.33143],
			"to": [9.80159, 10.05, -2.73143],
			"rotation": {"angle": 0, "axis": "y", "origin": [7.99133, 9.14619, 7.98974]},
			"faces": {
				"north": {"uv": [0, 0, 16, 16], "rotation": 180, "texture": "#16"},
				"east": {"uv": [0, 0, 16, 16], "rotation": 180, "texture": "#16"},
				"south": {"uv": [0, 0, 16, 16], "rotation": 180, "texture": "#16"},
				"west": {"uv": [0, 0, 16, 16], "rotation": 180, "texture": "#16"},
				"up": {"uv": [0, 0, 16, 16], "rotation": 90, "texture": "#16"},
				"down": {"uv": [0, 0, 16, 16], "rotation": 270, "texture": "#16"}
			}
		},
		{
			"from": [9.22659, 6.45, -3.33143],
			"to": [9.80159, 7.025, -2.73143],
			"rotation": {"angle": 0, "axis": "y", "origin": [7.99133, 9.14619, 7.98974]},
			"faces": {
				"north": {"uv": [0, 0, 16, 16], "rotation": 180, "texture": "#16"},
				"east": {"uv": [0, 0, 16, 16], "rotation": 180, "texture": "#16"},
				"south": {"uv": [0, 0, 16, 16], "rotation": 180, "texture": "#16"},
				"west": {"uv": [0, 0, 16, 16], "rotation": 180, "texture": "#16"},
				"up": {"uv": [0, 0, 16, 16], "rotation": 90, "texture": "#16"},
				"down": {"uv": [0, 0, 16, 16], "rotation": 270, "texture": "#16"}
			}
		},
		{
			"from": [6.75159, 6.5, -3.28143],
			"to": [9.25159, 7, -2.78143],
			"rotation": {"angle": 0, "axis": "x", "origin": [7.99133, 9.14619, 7.98974]},
			"faces": {
				"north": {"uv": [0, 0, 4.25, 16], "rotation": 90, "texture": "#texture"},
				"south": {"uv": [0, 0, 4.25, 16], "rotation": 270, "texture": "#texture"},
				"up": {"uv": [0, 0, 4.25, 16], "rotation": 270, "texture": "#texture"},
				"down": {"uv": [0, 0, 4.25, 16], "rotation": 270, "texture": "#texture"}
			}
		},
		{
			"from": [9.25159, 7, -3.28143],
			"to": [9.75159, 9.5, -2.78143],
			"rotation": {"angle": 0, "axis": "y", "origin": [7.99133, 9.14619, 7.98974]},
			"faces": {
				"north": {"uv": [0, 0, 4.25, 16], "texture": "#texture"},
				"east": {"uv": [0, 0, 4.25, 16], "texture": "#texture"},
				"south": {"uv": [0, 0, 4.25, 16], "texture": "#texture"},
				"west": {"uv": [0, 0, 4.25, 16], "texture": "#texture"}
			}
		},
		{
			"from": [6.75159, 9.5, -3.28143],
			"to": [9.25159, 10, -2.78143],
			"rotation": {"angle": 0, "axis": "x", "origin": [7.99133, 9.14619, 7.98974]},
			"faces": {
				"north": {"uv": [0, 0, 4.25, 16], "rotation": 90, "texture": "#texture"},
				"south": {"uv": [0, 0, 4.25, 16], "rotation": 270, "texture": "#texture"},
				"up": {"uv": [0, 0, 4.25, 16], "rotation": 270, "texture": "#texture"},
				"down": {"uv": [0, 0, 4.25, 16], "rotation": 270, "texture": "#texture"}
			}
		},
		{
			"from": [13.00159, -3.5, 12.79357],
			"to": [16.00159, -0.5, 15.79357],
			"rotation": {"angle": 0, "axis": "y", "origin": [7.99133, 9.14619, 7.98974]},
			"faces": {
				"north": {"uv": [0, 0, 16, 16], "texture": "#stone_bricks"},
				"east": {"uv": [0, 0, 16, 16], "texture": "#stone_bricks"},
				"south": {"uv": [0, 0, 16, 16], "texture": "#stone_bricks"},
				"west": {"uv": [0, 0, 16, 16], "texture": "#stone_bricks"},
				"up": {"uv": [0, 0, 16, 16], "rotation": 270, "texture": "#stone_bricks"}
			}
		},
		{
			"from": [13.00159, -3.5, -0.20643],
			"to": [16.00159, -0.5, 2.79357],
			"rotation": {"angle": 0, "axis": "y", "origin": [7.99133, 9.14619, 7.98974]},
			"faces": {
				"north": {"uv": [16, 0, 0, 16], "texture": "#stone_bricks"},
				"east": {"uv": [16, 0, 0, 16], "texture": "#stone_bricks"},
				"south": {"uv": [16, 0, 0, 16], "texture": "#stone_bricks"},
				"west": {"uv": [16, 0, 0, 16], "texture": "#stone_bricks"},
				"up": {"uv": [16, 0, 0, 16], "rotation": 270, "texture": "#stone_bricks"}
			}
		},
		{
			"from": [0.00159, -3.5, 12.79357],
			"to": [3.00159, -0.5, 15.79357],
			"rotation": {"angle": 0, "axis": "y", "origin": [7.99133, 9.14619, 7.98974]},
			"faces": {
				"north": {"uv": [16, 0, 0, 16], "texture": "#stone_bricks"},
				"east": {"uv": [16, 0, 0, 16], "texture": "#stone_bricks"},
				"south": {"uv": [16, 0, 0, 16], "texture": "#stone_bricks"},
				"west": {"uv": [16, 0, 0, 16], "texture": "#stone_bricks"},
				"up": {"uv": [0, 16, 16, 0], "rotation": 270, "texture": "#stone_bricks"}
			}
		},
		{
			"from": [0.00159, -3.5, -0.20643],
			"to": [3.00159, -0.5, 2.79357],
			"rotation": {"angle": 0, "axis": "y", "origin": [7.99133, 9.14619, 7.98974]},
			"faces": {
				"north": {"uv": [0, 0, 16, 16], "texture": "#stone_bricks"},
				"east": {"uv": [0, 0, 16, 16], "texture": "#stone_bricks"},
				"south": {"uv": [0, 0, 16, 16], "texture": "#stone_bricks"},
				"west": {"uv": [0, 0, 16, 16], "texture": "#stone_bricks"},
				"up": {"uv": [16, 16, 0, 0], "rotation": 270, "texture": "#stone_bricks"}
			}
		},
		{
			"from": [13.00159, 5.5, 12.79357],
			"to": [16.00159, 8.5, 15.79357],
			"rotation": {"angle": 0, "axis": "y", "origin": [7.99133, 9.14619, 7.98974]},
			"faces": {
				"north": {"uv": [0, 0, 16, 16], "texture": "#stone_bricks"},
				"east": {"uv": [0, 0, 16, 16], "texture": "#stone_bricks"},
				"south": {"uv": [0, 0, 16, 16], "texture": "#stone_bricks"},
				"west": {"uv": [0, 0, 16, 16], "texture": "#stone_bricks"},
				"up": {"uv": [0, 0, 16, 16], "rotation": 270, "texture": "#stone_bricks"},
				"down": {"uv": [0, 0, 16, 16], "rotation": 90, "texture": "#stone_bricks"}
			}
		},
		{
			"from": [12.97034, 5.5, -0.20643],
			"to": [16.00159, 8.5, 2.79357],
			"rotation": {"angle": 0, "axis": "y", "origin": [7.99133, 9.14619, 7.98974]},
			"faces": {
				"north": {"uv": [16, 0, 0, 16], "texture": "#stone_bricks"},
				"east": {"uv": [16, 0, 0, 16], "texture": "#stone_bricks"},
				"south": {"uv": [16, 0, 0, 16], "texture": "#stone_bricks"},
				"west": {"uv": [16, 0, 0, 16], "texture": "#stone_bricks"},
				"up": {"uv": [16, 0, 0, 16], "rotation": 270, "texture": "#stone_bricks"},
				"down": {"uv": [16, 0, 0, 16], "rotation": 90, "texture": "#stone_bricks"}
			}
		},
		{
			"from": [0.00159, 5.5, 12.79357],
			"to": [3.00159, 8.5, 15.79357],
			"rotation": {"angle": 0, "axis": "y", "origin": [7.99133, 9.14619, 7.98974]},
			"faces": {
				"north": {"uv": [16, 0, 0, 16], "texture": "#stone_bricks"},
				"east": {"uv": [16, 0, 0, 16], "texture": "#stone_bricks"},
				"south": {"uv": [16, 0, 0, 16], "texture": "#stone_bricks"},
				"west": {"uv": [16, 0, 0, 16], "texture": "#stone_bricks"},
				"up": {"uv": [0, 16, 16, 0], "rotation": 270, "texture": "#stone_bricks"},
				"down": {"uv": [0, 16, 16, 0], "rotation": 90, "texture": "#stone_bricks"}
			}
		},
		{
			"from": [-0.99841, 7.5, 13.79357],
			"to": [2.00159, 10.5, 16.79357],
			"rotation": {"angle": 0, "axis": "y", "origin": [7.99133, 9.14619, 7.98974]},
			"faces": {
				"north": {"uv": [16, 0, 0, 16], "texture": "#16"},
				"east": {"uv": [16, 0, 0, 16], "texture": "#16"},
				"south": {"uv": [16, 0, 0, 16], "texture": "#16"},
				"west": {"uv": [16, 0, 0, 16], "texture": "#16"},
				"up": {"uv": [0, 16, 16, 0], "rotation": 270, "texture": "#16"},
				"down": {"uv": [0, 16, 16, 0], "rotation": 90, "texture": "#16"}
			}
		},
		{
			"from": [14.00159, 7.5, 13.79357],
			"to": [17.00159, 10.5, 16.79357],
			"rotation": {"angle": 0, "axis": "y", "origin": [7.99133, 9.14619, 7.98974]},
			"faces": {
				"north": {"uv": [16, 0, 0, 16], "texture": "#16"},
				"east": {"uv": [16, 0, 0, 16], "texture": "#16"},
				"south": {"uv": [16, 0, 0, 16], "texture": "#16"},
				"west": {"uv": [16, 0, 0, 16], "texture": "#16"},
				"up": {"uv": [0, 16, 16, 0], "rotation": 270, "texture": "#16"},
				"down": {"uv": [0, 16, 16, 0], "rotation": 90, "texture": "#16"}
			}
		},
		{
			"from": [-0.99841, 7.5, -1.20643],
			"to": [2.00159, 10.5, 1.79357],
			"rotation": {"angle": 0, "axis": "y", "origin": [7.99133, 9.14619, 7.98974]},
			"faces": {
				"north": {"uv": [16, 0, 0, 16], "texture": "#16"},
				"east": {"uv": [16, 0, 0, 16], "texture": "#16"},
				"south": {"uv": [16, 0, 0, 16], "texture": "#16"},
				"west": {"uv": [16, 0, 0, 16], "texture": "#16"},
				"up": {"uv": [0, 16, 16, 0], "rotation": 270, "texture": "#16"},
				"down": {"uv": [0, 16, 16, 0], "rotation": 90, "texture": "#16"}
			}
		},
		{
			"from": [14.00159, 7.5, -1.20643],
			"to": [17.00159, 10.5, 1.79357],
			"rotation": {"angle": 0, "axis": "y", "origin": [7.99133, 9.14619, 7.98974]},
			"faces": {
				"north": {"uv": [16, 0, 0, 16], "texture": "#16"},
				"east": {"uv": [16, 0, 0, 16], "texture": "#16"},
				"south": {"uv": [16, 0, 0, 16], "texture": "#16"},
				"west": {"uv": [16, 0, 0, 16], "texture": "#16"},
				"up": {"uv": [0, 16, 16, 0], "rotation": 270, "texture": "#16"},
				"down": {"uv": [0, 16, 16, 0], "rotation": 90, "texture": "#16"}
			}
		},
		{
			"from": [0.00159, 5.5, -0.20643],
			"to": [3.03284, 8.5, 2.79357],
			"rotation": {"angle": 0, "axis": "y", "origin": [7.99133, 9.14619, 7.98974]},
			"faces": {
				"north": {"uv": [0, 0, 16, 16], "texture": "#stone_bricks"},
				"east": {"uv": [0, 0, 16, 16], "texture": "#stone_bricks"},
				"south": {"uv": [0, 0, 16, 16], "texture": "#stone_bricks"},
				"west": {"uv": [0, 0, 16, 16], "texture": "#stone_bricks"},
				"up": {"uv": [16, 16, 0, 0], "rotation": 270, "texture": "#stone_bricks"},
				"down": {"uv": [16, 16, 0, 0], "rotation": 90, "texture": "#stone_bricks"}
			}
		},
		{
			"from": [-0.99841, 19.5, -1.20643],
			"to": [2.00159, 22.5, 1.79357],
			"rotation": {"angle": 0, "axis": "y", "origin": [7.99133, 9.14619, 7.98974]},
			"faces": {
				"north": {"uv": [0, 0, 16, 16], "texture": "#stone_bricks"},
				"east": {"uv": [0, 0, 16, 16], "texture": "#stone_bricks"},
				"south": {"uv": [0, 0, 16, 16], "texture": "#stone_bricks"},
				"west": {"uv": [0, 0, 16, 16], "texture": "#stone_bricks"},
				"up": {"uv": [16, 16, 0, 0], "rotation": 270, "texture": "#stone_bricks"},
				"down": {"uv": [16, 16, 0, 0], "rotation": 90, "texture": "#stone_bricks"}
			}
		},
		{
			"from": [14.00159, 19.5, -1.20643],
			"to": [17.00159, 22.5, 1.79357],
			"rotation": {"angle": 0, "axis": "y", "origin": [7.99133, 9.14619, 7.98974]},
			"faces": {
				"north": {"uv": [0, 0, 16, 16], "texture": "#stone_bricks"},
				"east": {"uv": [0, 0, 16, 16], "texture": "#stone_bricks"},
				"south": {"uv": [0, 0, 16, 16], "texture": "#stone_bricks"},
				"west": {"uv": [0, 0, 16, 16], "texture": "#stone_bricks"},
				"up": {"uv": [16, 16, 0, 0], "rotation": 270, "texture": "#stone_bricks"},
				"down": {"uv": [16, 16, 0, 0], "rotation": 90, "texture": "#stone_bricks"}
			}
		},
		{
			"from": [15.00159, 18.5, -0.70643],
			"to": [18.00159, 21.5, 2.29357],
			"rotation": {"angle": 0, "axis": "y", "origin": [7.99133, 9.14619, 7.98974]},
			"faces": {
				"north": {"uv": [0, 0, 16, 16], "texture": "#stone_bricks"},
				"east": {"uv": [0, 0, 16, 16], "texture": "#stone_bricks"},
				"south": {"uv": [0, 0, 16, 16], "texture": "#stone_bricks"},
				"west": {"uv": [0, 0, 16, 16], "texture": "#stone_bricks"},
				"up": {"uv": [16, 16, 0, 0], "rotation": 270, "texture": "#stone_bricks"},
				"down": {"uv": [16, 16, 0, 0], "rotation": 90, "texture": "#stone_bricks"}
			}
		},
		{
			"from": [-1.99841, 18.5, -0.70643],
			"to": [1.00159, 21.5, 2.29357],
			"rotation": {"angle": 0, "axis": "y", "origin": [7.99133, 9.14619, 7.98974]},
			"faces": {
				"north": {"uv": [16, 0, 0, 16], "texture": "#stone_bricks"},
				"east": {"uv": [16, 0, 0, 16], "texture": "#stone_bricks"},
				"south": {"uv": [16, 0, 0, 16], "texture": "#stone_bricks"},
				"west": {"uv": [16, 0, 0, 16], "texture": "#stone_bricks"},
				"up": {"uv": [16, 0, 0, 16], "rotation": 270, "texture": "#stone_bricks"},
				"down": {"uv": [16, 0, 0, 16], "rotation": 90, "texture": "#stone_bricks"}
			}
		},
		{
			"from": [1.00159, 21.5, -0.70643],
			"to": [4.00159, 24.5, 2.29357],
			"rotation": {"angle": 0, "axis": "y", "origin": [7.99133, 9.14619, 7.98974]},
			"faces": {
				"north": {"uv": [16, 0, 0, 16], "texture": "#stone_bricks"},
				"east": {"uv": [16, 0, 0, 16], "texture": "#stone_bricks"},
				"south": {"uv": [16, 0, 0, 16], "texture": "#stone_bricks"},
				"west": {"uv": [16, 0, 0, 16], "texture": "#stone_bricks"},
				"up": {"uv": [16, 0, 0, 16], "rotation": 270, "texture": "#stone_bricks"},
				"down": {"uv": [16, 0, 0, 16], "rotation": 90, "texture": "#stone_bricks"}
			}
		},
		{
			"from": [12.00159, 21.5, -0.70643],
			"to": [15.00159, 24.5, 2.29357],
			"rotation": {"angle": 0, "axis": "y", "origin": [7.99133, 9.14619, 7.98974]},
			"faces": {
				"north": {"uv": [0, 0, 16, 16], "texture": "#stone_bricks"},
				"east": {"uv": [0, 0, 16, 16], "texture": "#stone_bricks"},
				"south": {"uv": [0, 0, 16, 16], "texture": "#stone_bricks"},
				"west": {"uv": [0, 0, 16, 16], "texture": "#stone_bricks"},
				"up": {"uv": [16, 16, 0, 0], "rotation": 270, "texture": "#stone_bricks"},
				"down": {"uv": [16, 16, 0, 0], "rotation": 90, "texture": "#stone_bricks"}
			}
		},
		{
			"from": [9.00159, 24.5, -0.70643],
			"to": [12.00159, 27.5, 2.29357],
			"rotation": {"angle": 0, "axis": "y", "origin": [7.99133, 9.14619, 7.98974]},
			"faces": {
				"north": {"uv": [0, 0, 16, 16], "texture": "#stone_bricks"},
				"east": {"uv": [0, 0, 16, 16], "texture": "#stone_bricks"},
				"south": {"uv": [0, 0, 16, 16], "texture": "#stone_bricks"},
				"west": {"uv": [0, 0, 16, 16], "texture": "#stone_bricks"},
				"up": {"uv": [16, 16, 0, 0], "rotation": 270, "texture": "#stone_bricks"},
				"down": {"uv": [16, 16, 0, 0], "rotation": 90, "texture": "#stone_bricks"}
			}
		},
		{
			"from": [4.00159, 24.5, -0.70643],
			"to": [7.00159, 27.5, 2.29357],
			"rotation": {"angle": 0, "axis": "y", "origin": [7.99133, 9.14619, 7.98974]},
			"faces": {
				"north": {"uv": [16, 0, 0, 16], "texture": "#stone_bricks"},
				"east": {"uv": [16, 0, 0, 16], "texture": "#stone_bricks"},
				"south": {"uv": [16, 0, 0, 16], "texture": "#stone_bricks"},
				"west": {"uv": [16, 0, 0, 16], "texture": "#stone_bricks"},
				"up": {"uv": [16, 0, 0, 16], "rotation": 270, "texture": "#stone_bricks"},
				"down": {"uv": [16, 0, 0, 16], "rotation": 90, "texture": "#stone_bricks"}
			}
		},
		{
			"from": [15.00159, 18.5, 13.29357],
			"to": [18.00159, 21.5, 16.29357],
			"rotation": {"angle": 0, "axis": "y", "origin": [7.99133, 9.14619, 7.98974]},
			"faces": {
				"north": {"uv": [0, 0, 16, 16], "texture": "#stone_bricks"},
				"east": {"uv": [0, 0, 16, 16], "texture": "#stone_bricks"},
				"south": {"uv": [0, 0, 16, 16], "texture": "#stone_bricks"},
				"west": {"uv": [0, 0, 16, 16], "texture": "#stone_bricks"},
				"up": {"uv": [16, 16, 0, 0], "rotation": 270, "texture": "#stone_bricks"},
				"down": {"uv": [16, 16, 0, 0], "rotation": 90, "texture": "#stone_bricks"}
			}
		},
		{
			"from": [-1.99841, 18.5, 13.29357],
			"to": [1.00159, 21.5, 16.29357],
			"rotation": {"angle": 0, "axis": "y", "origin": [7.99133, 9.14619, 7.98974]},
			"faces": {
				"north": {"uv": [16, 0, 0, 16], "texture": "#stone_bricks"},
				"east": {"uv": [16, 0, 0, 16], "texture": "#stone_bricks"},
				"south": {"uv": [16, 0, 0, 16], "texture": "#stone_bricks"},
				"west": {"uv": [16, 0, 0, 16], "texture": "#stone_bricks"},
				"up": {"uv": [16, 0, 0, 16], "rotation": 270, "texture": "#stone_bricks"},
				"down": {"uv": [16, 0, 0, 16], "rotation": 90, "texture": "#stone_bricks"}
			}
		},
		{
			"from": [1.00159, 21.5, 13.29357],
			"to": [4.00159, 24.5, 16.29357],
			"rotation": {"angle": 0, "axis": "y", "origin": [7.99133, 9.14619, 7.98974]},
			"faces": {
				"north": {"uv": [16, 0, 0, 16], "texture": "#stone_bricks"},
				"east": {"uv": [16, 0, 0, 16], "texture": "#stone_bricks"},
				"south": {"uv": [16, 0, 0, 16], "texture": "#stone_bricks"},
				"west": {"uv": [16, 0, 0, 16], "texture": "#stone_bricks"},
				"up": {"uv": [16, 0, 0, 16], "rotation": 270, "texture": "#stone_bricks"},
				"down": {"uv": [16, 0, 0, 16], "rotation": 90, "texture": "#stone_bricks"}
			}
		},
		{
			"from": [12.00159, 21.5, 13.29357],
			"to": [15.00159, 24.5, 16.29357],
			"rotation": {"angle": 0, "axis": "y", "origin": [7.99133, 9.14619, 7.98974]},
			"faces": {
				"north": {"uv": [0, 0, 16, 16], "texture": "#stone_bricks"},
				"east": {"uv": [0, 0, 16, 16], "texture": "#stone_bricks"},
				"south": {"uv": [0, 0, 16, 16], "texture": "#stone_bricks"},
				"west": {"uv": [0, 0, 16, 16], "texture": "#stone_bricks"},
				"up": {"uv": [16, 16, 0, 0], "rotation": 270, "texture": "#stone_bricks"},
				"down": {"uv": [16, 16, 0, 0], "rotation": 90, "texture": "#stone_bricks"}
			}
		},
		{
			"from": [9.00159, 24.5, 13.29357],
			"to": [12.00159, 27.5, 16.29357],
			"rotation": {"angle": 0, "axis": "y", "origin": [7.99133, 9.14619, 7.98974]},
			"faces": {
				"north": {"uv": [0, 0, 16, 16], "texture": "#stone_bricks"},
				"east": {"uv": [0, 0, 16, 16], "texture": "#stone_bricks"},
				"south": {"uv": [0, 0, 16, 16], "texture": "#stone_bricks"},
				"west": {"uv": [0, 0, 16, 16], "texture": "#stone_bricks"},
				"up": {"uv": [16, 16, 0, 0], "rotation": 270, "texture": "#stone_bricks"},
				"down": {"uv": [16, 16, 0, 0], "rotation": 90, "texture": "#stone_bricks"}
			}
		},
		{
			"from": [6.50159, 25.5, 14.29357],
			"to": [9.50159, 28.5, 17.29357],
			"rotation": {"angle": 0, "axis": "y", "origin": [7.99133, 9.14619, 7.98974]},
			"faces": {
				"north": {"uv": [0, 0, 16, 16], "texture": "#stone_bricks"},
				"east": {"uv": [0, 0, 16, 16], "texture": "#stone_bricks"},
				"south": {"uv": [0, 0, 16, 16], "texture": "#stone_bricks"},
				"west": {"uv": [0, 0, 16, 16], "texture": "#stone_bricks"},
				"up": {"uv": [16, 16, 0, 0], "rotation": 270, "texture": "#stone_bricks"},
				"down": {"uv": [16, 16, 0, 0], "rotation": 90, "texture": "#stone_bricks"}
			}
		},
		{
			"from": [7.00159, 26, 16.29357],
			"to": [9.00159, 29, 18.29357],
			"rotation": {"angle": 0, "axis": "y", "origin": [7.99133, 8.14619, 7.98974]},
			"faces": {
				"north": {"uv": [3.25, 0, 13, 16], "texture": "#stone_bricks"},
				"east": {"uv": [0, 0, 9.75, 16], "texture": "#stone_bricks"},
				"south": {"uv": [3.25, 0, 13, 16], "texture": "#stone_bricks"},
				"west": {"uv": [0, 0, 9.75, 16], "texture": "#stone_bricks"},
				"up": {"uv": [3.25, 0, 13, 9.75], "rotation": 270, "texture": "#stone_bricks"},
				"down": {"uv": [3.25, 0, 13, 9.75], "rotation": 90, "texture": "#stone_bricks"}
			}
		},
		{
			"from": [7.00159, 26, -2.70643],
			"to": [9.00159, 29, -0.70643],
			"rotation": {"angle": 0, "axis": "y", "origin": [7.99133, 8.14619, 7.98974]},
			"faces": {
				"north": {"uv": [13, 0, 3.25, 16], "texture": "#stone_bricks"},
				"east": {"uv": [9.75, 0, 0, 16], "texture": "#stone_bricks"},
				"south": {"uv": [13, 0, 3.25, 16], "texture": "#stone_bricks"},
				"west": {"uv": [9.75, 0, 0, 16], "texture": "#stone_bricks"},
				"up": {"uv": [13, 0, 3.25, 9.75], "rotation": 270, "texture": "#stone_bricks"},
				"down": {"uv": [13, 0, 3.25, 9.75], "rotation": 90, "texture": "#stone_bricks"}
			}
		},
		{
			"from": [7.50159, 27.79362, -0.05127],
			"to": [8.50159, 31.79362, 1.94873],
			"rotation": {"angle": -45, "axis": "x", "origin": [8.00159, 26.04362, 0.94873]},
			"faces": {
				"north": {"uv": [13, 0, 3.25, 16], "texture": "#stone_bricks"},
				"east": {"uv": [9.75, 0, 0, 16], "texture": "#stone_bricks"},
				"south": {"uv": [13, 0, 3.25, 16], "texture": "#stone_bricks"},
				"west": {"uv": [9.75, 0, 0, 16], "texture": "#stone_bricks"},
				"up": {"uv": [13, 0, 3.25, 9.75], "rotation": 270, "texture": "#stone_bricks"}
			}
		},
		{
			"from": [7.50159, 27.79362, 13.55127],
			"to": [8.50159, 31.79362, 15.55127],
			"rotation": {"angle": 45, "axis": "x", "origin": [8.00159, 26.04362, 14.55127]},
			"faces": {
				"north": {"uv": [3.25, 0, 13, 16], "texture": "#stone_bricks"},
				"east": {"uv": [0, 0, 9.75, 16], "texture": "#stone_bricks"},
				"south": {"uv": [3.25, 0, 13, 16], "texture": "#stone_bricks"},
				"west": {"uv": [0, 0, 9.75, 16], "texture": "#stone_bricks"},
				"up": {"uv": [3.25, 0, 13, 9.75], "rotation": 270, "texture": "#stone_bricks"}
			}
		},
		{
			"from": [6.50159, 25.5, -1.70643],
			"to": [9.50159, 28.5, 1.29357],
			"rotation": {"angle": 0, "axis": "y", "origin": [7.99133, 9.14619, 7.98974]},
			"faces": {
				"north": {"uv": [16, 0, 0, 16], "texture": "#stone_bricks"},
				"east": {"uv": [16, 0, 0, 16], "texture": "#stone_bricks"},
				"south": {"uv": [16, 0, 0, 16], "texture": "#stone_bricks"},
				"west": {"uv": [16, 0, 0, 16], "texture": "#stone_bricks"},
				"up": {"uv": [0, 16, 16, 0], "rotation": 270, "texture": "#stone_bricks"},
				"down": {"uv": [0, 16, 16, 0], "rotation": 90, "texture": "#stone_bricks"}
			}
		},
		{
			"from": [6.47034, 25, 1.23107],
			"to": [9.53284, 28, 14.35607],
			"rotation": {"angle": 0, "axis": "y", "origin": [7.99133, 9.14619, 7.98974]},
			"faces": {
				"north": {"uv": [14.188, 2.063, 15.188, 3.063], "texture": "#22"},
				"east": {"uv": [5.063, 14.188, 9.064, 15.187], "texture": "#22"},
				"south": {"uv": [14.188, 2.063, 15.188, 3.063], "texture": "#22"},
				"west": {"uv": [5.063, 14.188, 9.064, 15.187], "texture": "#22"},
				"up": {"uv": [5.063, 14.188, 9.064, 15.187], "rotation": 90, "texture": "#22"},
				"down": {"uv": [5.063, 14.188, 9.064, 15.187], "rotation": 90, "texture": "#22"}
			}
		},
		{
			"from": [4.00159, 24.5, 13.29357],
			"to": [7.00159, 27.5, 16.29357],
			"rotation": {"angle": 0, "axis": "y", "origin": [7.99133, 9.14619, 7.98974]},
			"faces": {
				"north": {"uv": [16, 0, 0, 16], "texture": "#stone_bricks"},
				"east": {"uv": [16, 0, 0, 16], "texture": "#stone_bricks"},
				"south": {"uv": [16, 0, 0, 16], "texture": "#stone_bricks"},
				"west": {"uv": [16, 0, 0, 16], "texture": "#stone_bricks"},
				"up": {"uv": [16, 0, 0, 16], "rotation": 270, "texture": "#stone_bricks"},
				"down": {"uv": [16, 0, 0, 16], "rotation": 90, "texture": "#stone_bricks"}
			}
		},
		{
			"from": [15.47034, 18, 1.98107],
			"to": [18.50159, 21, 13.57482],
			"rotation": {"angle": 0, "axis": "y", "origin": [7.99133, 9.14619, 7.98974]},
			"faces": {
				"north": {"uv": [14.188, 2.063, 15.188, 3.063], "texture": "#22"},
				"east": {"uv": [5.063, 14.188, 9.064, 15.187], "texture": "#22"},
				"south": {"uv": [14.188, 2.063, 15.188, 3.063], "texture": "#22"},
				"west": {"uv": [5.063, 14.188, 9.064, 15.187], "texture": "#22"},
				"up": {"uv": [5.063, 14.188, 9.064, 15.187], "rotation": 90, "texture": "#22"},
				"down": {"uv": [5.063, 14.188, 9.064, 15.187], "rotation": 90, "texture": "#22"}
			}
		},
		{
			"from": [-2.49841, 18, 1.98107],
			"to": [0.53284, 21.03125, 13.57482],
			"rotation": {"angle": 0, "axis": "y", "origin": [7.99133, 9.14619, 7.98974]},
			"faces": {
				"north": {"uv": [14.188, 2.063, 15.188, 3.063], "texture": "#22"},
				"east": {"uv": [5.063, 14.188, 9.064, 15.187], "texture": "#22"},
				"south": {"uv": [14.188, 2.063, 15.188, 3.063], "texture": "#22"},
				"west": {"uv": [5.063, 14.188, 9.064, 15.187], "texture": "#22"},
				"up": {"uv": [5.063, 14.188, 9.064, 15.187], "rotation": 90, "texture": "#22"},
				"down": {"uv": [5.063, 14.188, 9.064, 15.187], "rotation": 90, "texture": "#22"}
			}
		},
		{
			"from": [9.47034, 24, 1.98107],
			"to": [12.50159, 27, 13.57482],
			"rotation": {"angle": 0, "axis": "y", "origin": [7.99133, 9.14619, 7.98974]},
			"faces": {
				"north": {"uv": [14.188, 2.063, 15.188, 3.063], "texture": "#22"},
				"east": {"uv": [5.063, 14.188, 9.064, 15.187], "texture": "#22"},
				"south": {"uv": [14.188, 2.063, 15.188, 3.063], "texture": "#22"},
				"west": {"uv": [5.063, 14.188, 9.064, 15.187], "texture": "#22"},
				"up": {"uv": [5.063, 14.188, 9.064, 15.187], "rotation": 90, "texture": "#22"},
				"down": {"uv": [5.063, 14.188, 9.064, 15.187], "rotation": 90, "texture": "#22"}
			}
		},
		{
			"from": [3.50159, 24, 1.98107],
			"to": [6.53284, 27.03125, 13.57482],
			"rotation": {"angle": 0, "axis": "y", "origin": [7.99133, 9.14619, 7.98974]},
			"faces": {
				"north": {"uv": [14.188, 2.063, 15.188, 3.063], "texture": "#22"},
				"east": {"uv": [5.063, 14.188, 9.064, 15.187], "texture": "#22"},
				"south": {"uv": [14.188, 2.063, 15.188, 3.063], "texture": "#22"},
				"west": {"uv": [5.063, 14.188, 9.064, 15.187], "texture": "#22"},
				"up": {"uv": [5.063, 14.188, 9.064, 15.187], "rotation": 90, "texture": "#22"},
				"down": {"uv": [5.063, 14.188, 9.064, 15.187], "rotation": 90, "texture": "#22"}
			}
		},
		{
			"from": [-0.99841, 19.5, 13.79357],
			"to": [2.00159, 22.5, 16.79357],
			"rotation": {"angle": 0, "axis": "y", "origin": [7.99133, 9.14619, 7.98974]},
			"faces": {
				"north": {"uv": [0, 0, 16, 16], "texture": "#stone_bricks"},
				"east": {"uv": [0, 0, 16, 16], "texture": "#stone_bricks"},
				"south": {"uv": [0, 0, 16, 16], "texture": "#stone_bricks"},
				"west": {"uv": [0, 0, 16, 16], "texture": "#stone_bricks"},
				"up": {"uv": [16, 16, 0, 0], "rotation": 270, "texture": "#stone_bricks"},
				"down": {"uv": [16, 16, 0, 0], "rotation": 90, "texture": "#stone_bricks"}
			}
		},
		{
			"from": [14.00159, 19.5, 13.79357],
			"to": [17.00159, 22.5, 16.79357],
			"rotation": {"angle": 0, "axis": "y", "origin": [7.99133, 9.14619, 7.98974]},
			"faces": {
				"north": {"uv": [0, 0, 16, 16], "texture": "#stone_bricks"},
				"east": {"uv": [0, 0, 16, 16], "texture": "#stone_bricks"},
				"south": {"uv": [0, 0, 16, 16], "texture": "#stone_bricks"},
				"west": {"uv": [0, 0, 16, 16], "texture": "#stone_bricks"},
				"up": {"uv": [16, 16, 0, 0], "rotation": 270, "texture": "#stone_bricks"},
				"down": {"uv": [16, 16, 0, 0], "rotation": 90, "texture": "#stone_bricks"}
			}
		},
		{
			"from": [6.75159, 7, -3.23643],
			"to": [9.25159, 9.5, -3.22643],
			"rotation": {"angle": 0, "axis": "z", "origin": [7.99133, 9.14619, 7.98974]},
			"faces": {
				"north": {"uv": [2.25, 0.25, 0.25, 2.25], "texture": "#heads"},
				"south": {"uv": [2.25, 0.25, 0.25, 2.25], "texture": "#heads"}
			}
		},
		{
			"from": [4.22496, 9.45402, 5.66483],
			"to": [6.22496, 11.70402, 7.91483],
			"rotation": {"angle": -22.5, "axis": "z", "origin": [7.99133, 9.14619, 7.98974]},
			"faces": {
				"north": {"uv": [12, 4, 11, 6], "rotation": 270, "texture": "#zombie"},
				"east": {"uv": [11, 5, 12, 4], "rotation": 270, "texture": "#zombie"},
				"south": {"uv": [12, 4, 11, 6], "rotation": 270, "texture": "#zombie"},
				"west": {"uv": [12, 4, 11, 5], "rotation": 270, "texture": "#zombie"},
				"up": {"uv": [11, 6, 12, 4], "rotation": 180, "texture": "#zombie"},
				"down": {"uv": [11, 6, 12, 4], "texture": "#zombie"}
			}
		},
		{
			"from": [9.77665, 9.44617, 5.66483],
			"to": [11.77665, 11.69617, 7.91483],
			"rotation": {"angle": 22.5, "axis": "z", "origin": [7.99133, 9.14619, 7.98974]},
			"faces": {
				"north": {"uv": [12, 6, 11, 4], "rotation": 270, "texture": "#zombie"},
				"east": {"uv": [12, 5, 11, 4], "rotation": 270, "texture": "#zombie"},
				"south": {"uv": [12, 6, 11, 4], "rotation": 270, "texture": "#zombie"},
				"west": {"uv": [11, 4, 12, 5], "rotation": 270, "texture": "#zombie"},
				"up": {"uv": [12, 6, 11, 4], "rotation": 180, "texture": "#zombie"},
				"down": {"uv": [12, 6, 11, 4], "texture": "#zombie"}
			}
		},
		{
			"from": [7.27159, 3.00647, 7.91483],
			"to": [9.27159, 6.25647, 9.66483],
			"rotation": {"angle": -22.5, "axis": "z", "origin": [7.99133, 9.14619, 7.98974]},
			"faces": {
				"north": {"uv": [2, 6.5, 1, 5], "rotation": 180, "texture": "#zombie"},
				"east": {"uv": [1, 6.5, 0, 5], "rotation": 180, "texture": "#zombie"},
				"south": {"uv": [4, 6.5, 3, 5], "rotation": 180, "texture": "#zombie"},
				"west": {"uv": [3, 6.5, 2, 5], "rotation": 180, "texture": "#zombie"},
				"up": {"uv": [1, 5, 2, 4], "rotation": 180, "texture": "#zombie"},
				"down": {"uv": [1.25, 6, 1.75, 5.5], "texture": "#zombie"}
			}
		},
		{
			"from": [6.73003, 2.99862, 7.91483],
			"to": [8.73003, 6.24862, 9.66483],
			"rotation": {"angle": 22.5, "axis": "z", "origin": [7.99133, 9.14619, 7.98974]},
			"faces": {
				"north": {"uv": [1, 6.5, 2, 5], "rotation": 180, "texture": "#zombie"},
				"east": {"uv": [2, 6.5, 3, 5], "rotation": 180, "texture": "#zombie"},
				"south": {"uv": [3, 6.5, 4, 5], "rotation": 180, "texture": "#zombie"},
				"west": {"uv": [0, 6.5, 1, 5], "rotation": 180, "texture": "#zombie"},
				"up": {"uv": [2, 5, 1, 4], "rotation": 180, "texture": "#zombie"},
				"down": {"uv": [1.75, 6, 1.25, 5.5], "texture": "#zombie"}
			}
		},
		{
			"from": [5.00188, -0.2126, 5.84704],
			"to": [7.00188, 4.0374, 7.59704],
			"rotation": {"angle": -22.5, "axis": "x", "origin": [7.99133, 9.14619, 7.98974]},
			"faces": {
				"north": {"uv": [2, 8, 1, 6.5], "rotation": 180, "texture": "#zombie"},
				"east": {"uv": [1, 8, 0, 6.5], "rotation": 180, "texture": "#zombie"},
				"south": {"uv": [4, 8, 3, 6.5], "rotation": 180, "texture": "#zombie"},
				"west": {"uv": [3, 8, 2, 6.5], "rotation": 180, "texture": "#zombie"},
				"up": {"uv": [1.25, 6, 1.75, 5.5], "rotation": 180, "texture": "#zombie"},
				"down": {"uv": [2, 5, 3, 4], "texture": "#zombie"}
			}
		},
		{
			"from": [9.0013, -0.2126, 5.84704],
			"to": [11.0013, 4.0374, 7.59704],
			"rotation": {"angle": -22.5, "axis": "x", "origin": [7.99133, 9.14619, 7.98974]},
			"faces": {
				"north": {"uv": [1, 8, 2, 6.5], "rotation": 180, "texture": "#zombie"},
				"east": {"uv": [2, 8, 3, 6.5], "rotation": 180, "texture": "#zombie"},
				"south": {"uv": [3, 8, 4, 6.5], "rotation": 180, "texture": "#zombie"},
				"west": {"uv": [0, 8, 1, 6.5], "rotation": 180, "texture": "#zombie"},
				"up": {"uv": [1.75, 6, 1.25, 5.5], "rotation": 180, "texture": "#zombie"},
				"down": {"uv": [3, 5, 2, 4], "texture": "#zombie"}
			}
		},
		{
			"from": [6.25159, 5.60614, 6.76365],
			"to": [9.75159, 13.60614, 8.76365],
			"rotation": {"angle": -22.5, "axis": "x", "origin": [7.99133, 9.14619, 7.98974]},
			"faces": {
				"north": {"uv": [7, 8, 5, 5], "rotation": 180, "texture": "#zombie"},
				"east": {"uv": [5, 8, 4, 5], "rotation": 180, "texture": "#zombie"},
				"south": {"uv": [10, 8, 8, 5], "rotation": 180, "texture": "#zombie"},
				"west": {"uv": [8, 8, 7, 5], "rotation": 180, "texture": "#zombie"},
				"down": {"uv": [7, 4, 9, 5], "texture": "#zombie"}
			}
		},
		{
			"from": [10.35194, 13.5295, 4.12025],
			"to": [11.60194, 14.0295, 5.87025],
			"rotation": {"angle": 22.5, "axis": "z", "origin": [7.99133, 9.14619, 7.98974]},
			"faces": {
				"north": {"uv": [5.25, 1.25, 4.75, 0.75], "rotation": 180, "texture": "#zombie"},
				"east": {"uv": [5.25, 1.25, 4.75, 0.75], "rotation": 180, "texture": "#zombie"},
				"south": {"uv": [5.25, 1.25, 4.75, 0.75], "rotation": 180, "texture": "#zombie"},
				"west": {"uv": [5.25, 1.25, 4.75, 0.75], "rotation": 180, "texture": "#zombie"},
				"up": {"uv": [5.25, 1.25, 4.75, 0.75], "rotation": 90, "texture": "#zombie"},
				"down": {"uv": [5.25, 1.25, 4.75, 0.75], "rotation": 270, "texture": "#zombie"}
			}
		},
		{
			"from": [4.39967, 13.53735, 4.12025],
			"to": [5.64967, 14.03735, 5.87025],
			"rotation": {"angle": -22.5, "axis": "z", "origin": [7.99133, 9.14619, 7.98974]},
			"faces": {
				"north": {"uv": [4.75, 1.25, 5.25, 0.75], "rotation": 180, "texture": "#zombie"},
				"east": {"uv": [4.75, 1.25, 5.25, 0.75], "rotation": 180, "texture": "#zombie"},
				"south": {"uv": [4.75, 1.25, 5.25, 0.75], "rotation": 180, "texture": "#zombie"},
				"west": {"uv": [4.75, 1.25, 5.25, 0.75], "rotation": 180, "texture": "#zombie"},
				"up": {"uv": [5.25, 0.75, 4.75, 1.25], "rotation": 90, "texture": "#zombie"},
				"down": {"uv": [5.25, 0.75, 4.75, 1.25], "rotation": 270, "texture": "#zombie"}
			}
		},
		{
			"from": [1.06832, 12.5503, 5.81483],
			"to": [3.46832, 15.0503, 7.76483],
			"rotation": {"angle": 22.5, "axis": "z", "origin": [7.99133, 9.14619, 7.98974]},
			"faces": {
				"north": {"uv": [11, 6.25, 10, 8], "rotation": 270, "texture": "#zombie"},
				"east": {"uv": [11, 6.25, 10, 8], "texture": "#zombie"},
				"south": {"uv": [11, 6.25, 10, 8], "rotation": 90, "texture": "#zombie"},
				"west": {"uv": [11, 6.25, 10, 8], "texture": "#zombie"},
				"up": {"uv": [13, 4, 12, 5], "texture": "#zombie"},
				"down": {"uv": [13, 4, 12, 5], "texture": "#zombie"}
			}
		},
		{
			"from": [12.53329, 12.55815, 5.81483],
			"to": [14.93329, 15.05815, 7.76483],
			"rotation": {"angle": -22.5, "axis": "z", "origin": [7.99133, 9.14619, 7.98974]},
			"faces": {
				"north": {"uv": [11, 8, 10, 6.25], "rotation": 270, "texture": "#zombie"},
				"east": {"uv": [10, 6.25, 11, 8], "texture": "#zombie"},
				"south": {"uv": [11, 8, 10, 6.25], "rotation": 90, "texture": "#zombie"},
				"west": {"uv": [10, 6.25, 11, 8], "texture": "#zombie"},
				"up": {"uv": [12, 4, 13, 5], "texture": "#zombie"},
				"down": {"uv": [12, 4, 13, 5], "texture": "#zombie"}
			}
		},
		{
			"name": "grass",
			"from": [-0.99841, -8, -1.20643],
			"to": [17.00159, -3.5, 16.79357],
			"rotation": {"angle": 0, "axis": "y", "origin": [7.99133, 9.14619, 7.98974]},
			"faces": {
				"north": {"uv": [0, 0, 4, 1.001], "texture": "#23"},
				"east": {"uv": [4, 3.188, 0, 4.189], "texture": "#23"},
				"south": {"uv": [0, 0, 4, 1.001], "texture": "#23"},
				"west": {"uv": [0, 2.125, 4, 3.126], "texture": "#23"},
				"up": {"uv": [4.125, 0, 8.125, 4.001], "texture": "#23"}
			}
		},
		{
			"name": "walls",
			"from": [0.00159, 8.5, -0.20643],
			"to": [16.50159, 18.50781, 14.91857],
			"rotation": {"angle": 0, "axis": "y", "origin": [7.99133, 9.14619, 7.98974]},
			"faces": {
				"north": {"uv": [8, 9.125, 16, 14.126], "texture": "#22"},
				"east": {"uv": [8, 9.125, 0, 14.125], "texture": "#22"},
				"south": {"uv": [8, 4.063, 0, 9.064], "texture": "#22"},
				"west": {"uv": [8, 4.063, 16, 9.063], "texture": "#22"}
			}
		},
		{
			"name": "walls",
			"from": [16.53284, 18.5, 14.89513],
			"to": [0, 8.50781, -0.19862],
			"rotation": {"angle": 0, "axis": "y", "origin": [23.99133, 19.14619, 23.12255]},
			"faces": {
				"north": {"uv": [0, 4.063, 8, 9.064], "texture": "#22"},
				"east": {"uv": [16, 4.063, 8, 9.063], "texture": "#22"},
				"south": {"uv": [16, 9.125, 8, 14.126], "texture": "#22"},
				"west": {"uv": [8, 9.125, 0, 14.125], "texture": "#22"}
			}
		},
		{
			"name": "walls",
			"from": [0.00159, 18.5, -0.20643],
			"to": [16.50159, 26.5, 14.91857],
			"rotation": {"angle": 0, "axis": "y", "origin": [7.99133, 16.14619, 7.98974]},
			"faces": {
				"north": {"uv": [4.125, 0, 9.125, 4.001], "texture": "#22"},
				"south": {"uv": [4.125, 0, 9.125, 4.001], "texture": "#22"}
			}
		},
		{
			"name": "walls",
			"from": [4.00159, 18.5, -0.21424],
			"to": [12.50159, 23, 14.95763],
			"rotation": {"angle": 0, "axis": "y", "origin": [7.99133, 16.14619, 7.98193]},
			"faces": {
				"north": {"uv": [9.188, 0, 13.188, 2.001], "texture": "#22"},
				"south": {"uv": [9.188, 0, 13.188, 2.001], "texture": "#22"}
			}
		},
		{
			"name": "walls",
			"from": [15.50159, 26.5, 14.8717],
			"to": [-0.5, 18.5, -0.1908],
			"rotation": {"angle": 0, "axis": "y", "origin": [23.49133, 24.14619, 23.11474]},
			"faces": {
				"north": {"uv": [4.125, 0, 9.125, 4.001], "rotation": 180, "texture": "#22"},
				"south": {"uv": [4.125, 0, 9.125, 4.001], "rotation": 180, "texture": "#22"}
			}
		},
		{
			"from": [0.50159, 21, 1.98107],
			"to": [3.53284, 24.03125, 13.57482],
			"rotation": {"angle": 0, "axis": "y", "origin": [7.99133, 9.14619, 7.98974]},
			"faces": {
				"north": {"uv": [14.188, 2.063, 15.188, 3.063], "texture": "#22"},
				"east": {"uv": [5.063, 14.188, 9.064, 15.187], "texture": "#22"},
				"south": {"uv": [14.188, 2.063, 15.188, 3.063], "texture": "#22"},
				"west": {"uv": [5.063, 14.188, 9.064, 15.187], "texture": "#22"},
				"up": {"uv": [5.063, 14.188, 9.064, 15.187], "rotation": 90, "texture": "#22"},
				"down": {"uv": [5.063, 14.188, 9.064, 15.187], "rotation": 90, "texture": "#22"}
			}
		},
		{
			"from": [12.47034, 21, 1.98107],
			"to": [15.50159, 24, 13.57482],
			"rotation": {"angle": 0, "axis": "y", "origin": [7.99133, 9.14619, 7.98974]},
			"faces": {
				"north": {"uv": [14.188, 2.063, 15.188, 3.063], "texture": "#22"},
				"east": {"uv": [5.063, 14.188, 9.064, 15.187], "texture": "#22"},
				"south": {"uv": [14.188, 2.063, 15.188, 3.063], "texture": "#22"},
				"west": {"uv": [5.063, 14.188, 9.064, 15.187], "texture": "#22"},
				"up": {"uv": [5.063, 14.188, 9.064, 15.187], "rotation": 90, "texture": "#22"},
				"down": {"uv": [5.063, 14.188, 9.064, 15.187], "rotation": 90, "texture": "#22"}
			}
		},
		{
			"from": [2.74507, 10.86168, 6.16483],
			"to": [4.74507, 13.36168, 7.41483],
			"rotation": {"angle": 0, "axis": "x", "origin": [7.99133, 9.14619, 7.98974]},
			"faces": {
				"north": {"uv": [10, 8, 11, 6.25], "rotation": 90, "texture": "#zombie"},
				"east": {"uv": [12, 5, 13, 4], "rotation": 270, "texture": "#zombie"},
				"south": {"uv": [10, 8, 11, 6.25], "rotation": 270, "texture": "#zombie"},
				"west": {"uv": [12, 5, 13, 4], "rotation": 270, "texture": "#zombie"},
				"up": {"uv": [10, 8, 11, 6.25], "rotation": 270, "texture": "#zombie"}
			}
		},
		{
			"from": [11.25811, 10.86168, 6.16483],
			"to": [13.25811, 13.36168, 7.41483],
			"rotation": {"angle": 0, "axis": "x", "origin": [7.99133, 9.14619, 7.98974]},
			"faces": {
				"north": {"uv": [10, 6.25, 11, 8], "rotation": 90, "texture": "#zombie"},
				"east": {"uv": [12, 4, 13, 5], "rotation": 270, "texture": "#zombie"},
				"south": {"uv": [10, 6.25, 11, 8], "rotation": 270, "texture": "#zombie"},
				"west": {"uv": [12, 4, 13, 5], "rotation": 270, "texture": "#zombie"},
				"up": {"uv": [10, 6.25, 11, 8], "rotation": 270, "texture": "#zombie"}
			}
		},
		{
			"from": [1.49507, 10.61168, 5.91483],
			"to": [5.49507, 12.86168, 7.66483],
			"rotation": {"angle": 0, "axis": "x", "origin": [7.99133, 9.14619, 7.98974]},
			"faces": {
				"north": {"uv": [13, 8, 12, 5.75], "rotation": 90, "texture": "#zombie"},
				"south": {"uv": [11, 8, 10, 5.75], "rotation": 270, "texture": "#zombie"},
				"west": {"uv": [12, 5, 13, 4], "rotation": 270, "texture": "#zombie"},
				"up": {"uv": [13, 8, 12, 5.75], "rotation": 270, "texture": "#zombie"},
				"down": {"uv": [11, 8, 10, 5.75], "rotation": 270, "texture": "#zombie"}
			}
		},
		{
			"from": [10.50811, 10.61168, 5.91483],
			"to": [14.50811, 12.86168, 7.66483],
			"rotation": {"angle": 0, "axis": "x", "origin": [7.99133, 9.14619, 7.98974]},
			"faces": {
				"north": {"uv": [13, 5.75, 12, 8], "rotation": 90, "texture": "#zombie"},
				"east": {"uv": [12, 4, 13, 5], "rotation": 270, "texture": "#zombie"},
				"south": {"uv": [11, 5.75, 10, 8], "rotation": 270, "texture": "#zombie"},
				"up": {"uv": [13, 5.75, 12, 8], "rotation": 270, "texture": "#zombie"},
				"down": {"uv": [11, 5.75, 10, 8], "rotation": 270, "texture": "#zombie"}
			}
		},
		{
			"from": [6.00159, 12.5, 4.29357],
			"to": [10.00159, 16.5, 8.29357],
			"rotation": {"angle": 0, "axis": "z", "origin": [7.99133, 9.14619, 7.98974]},
			"faces": {
				"north": {"uv": [4, 4, 2, 2], "rotation": 180, "texture": "#zombie"},
				"east": {"uv": [6, 4, 4, 2], "texture": "#zombie"},
				"south": {"uv": [6, 2, 8, 4], "rotation": 270, "texture": "#zombie"},
				"west": {"uv": [2, 4, 0, 2], "rotation": 180, "texture": "#zombie"},
				"up": {"uv": [2, 0, 4, 2], "rotation": 180, "texture": "#zombie"},
				"down": {"uv": [4, 0, 6, 2], "texture": "#zombie"}
			}
		},
		{
			"from": [8.74534, 14.06935, 4.22025],
			"to": [8.94534, 14.56935, 5.97025],
			"rotation": {"angle": 0, "axis": "x", "origin": [7.83508, 9.14619, 7.98974]},
			"faces": {
				"north": {"uv": [2.75, 1.75, 2.25, 1.25], "rotation": 180, "texture": "#black_concrete"},
				"east": {"uv": [2.75, 1.75, 2.25, 1.25], "rotation": 180, "texture": "#black_concrete"},
				"west": {"uv": [2.75, 1.75, 2.25, 1.25], "rotation": 180, "texture": "#black_concrete"},
				"down": {"uv": [2.75, 1.75, 2.25, 1.25], "rotation": 270, "texture": "#black_concrete"}
			}
		},
		{
			"from": [7.03284, 14.06935, 4.22025],
			"to": [7.23284, 14.56935, 5.97025],
			"rotation": {"angle": 0, "axis": "x", "origin": [8.02258, 9.14619, 7.98974]},
			"faces": {
				"north": {"uv": [2.75, 1.75, 2.25, 1.25], "rotation": 180, "texture": "#black_concrete"},
				"east": {"uv": [2.75, 1.75, 2.25, 1.25], "rotation": 180, "texture": "#black_concrete"},
				"west": {"uv": [2.75, 1.75, 2.25, 1.25], "rotation": 180, "texture": "#black_concrete"},
				"down": {"uv": [2.75, 1.75, 2.25, 1.25], "rotation": 270, "texture": "#black_concrete"}
			}
		}
	],
	"display": {
		"thirdperson_righthand": {
			"rotation": [75, -45, 0],
			"translation": [0, 2.5, 2],
			"scale": [0.375, 0.375, 0.375]
		},
		"thirdperson_lefthand": {
			"rotation": [75, 135, 0],
			"translation": [0, 2.5, 2],
			"scale": [0.375, 0.375, 0.375]
		},
		"firstperson_righthand": {
			"rotation": [0, -45, 0],
			"translation": [0, 1, -1],
			"scale": [0.3, 0.3, 0.3]
		},
		"firstperson_lefthand": {
			"rotation": [0, -45, 0],
			"translation": [0, 1, -1],
			"scale": [-0.3, 0.3, 0.3]
		},
		"ground": {
			"translation": [0, 3, 0],
			"scale": [0.25, 0.25, 0.25]
		},
		"gui": {
			"rotation": [30, 135, 0],
			"scale": [0.35, 0.35, 0.35]
		},
		"head": {
			"translation": [1, -15, 0],
			"scale": [4, 4, 4]
		},
		"fixed": {
			"rotation": [0, 90, 0],
			"translation": [0, 0, -4.25],
			"scale": [0.5, 0.5, 0.5]
		}
	},
	"groups": [0, 1, 2, 3, 4, 5, 6, 7, 8, 9, 10, 11, 12, 13, 14, 15, 16, 17, 18, 19, 20, 21, 22, 23, 24, 25, 26, 27, 28, 29, 30, 31, 32, 33, 34, 35, 36, 37, 38, 39, 40, 41, 42, 43, 44, 45, 46, 47, 48, 49, 50, 51, 52, 53, 54, 55, 56, 57, 58, 59, 60, 61, 62, 63, 64, 65, 66, 67, 68, 69, 70, 71, 72, 73, 74, 75, 76, 77, 78, 79, 80, 81, 82, 83, 84, 85, 86, 87, 88, 89, 90, 91, 92, 93, 94, 95, 96, 97, 98, 99, 100, 101, 102, 103, 104, 105, 106, 107, 108, 109, 110, 111, 112, 113, 114, 115, 116, 117, 118, 119, 120, 121, 122, 123, 124, 125, 126, 127, 128, 129, 130, 131, 132, 133, 134, 135, 136, 137, 138, 139, 140, 141, 142, 143, 144, 145, 146, 147, 148,
		{
			"name": "zombie",
			"origin": [-3.42306, 2.91765, 4.94432],
			"children": [149, 150, 151, 152, 153, 154, 155, 156, 157, 158, 159]
		}, 160, 161, 162, 163, 164, 165, 166, 167, 168, 169, 170, 171, 172, 173, 174]
}