{
	"credit": "Made by MadstonMagic, using Cubik Pro & Blockbench",
	"parent": "towers/mage/04_lvl_4",
	"textures": {
		"8": "towers_transparent/stone_bricks",
		"10": "towers_transparent/magenta_wool",
		"11": "towers_transparent/towers/mage_lvl_1",
		"12": "towers_transparent/chiseled_stone_bricks",
		"13": "towers_transparent/purple_concrete",
		"15": "towers_transparent/towers/mage_lvl_4",
		"16": "towers_transparent/towers/mage_lvl_4_sides",
		"particle": "towers_transparent/stone",
		"log_oak": "towers_transparent/dark_oak_log"
	}
}