{
	"credit": "Made by MadstonMagic, using Cubik Pro & Blockbench",
	"textures": {
		"8": "towers/chicken_lvl_1",
		"10": "item/egg",
		"12": "block/stone_bricks",
		"13": "block/spruce_log",
		"14": "block/dark_oak_planks",
		"16": "towers/chicken_lvl_2",
		"17": "block/chiseled_stone_bricks",
		"particle": "towers/chicken_lvl_1",
		"concrete_gray": "block/gray_concrete",
		"heads": "custom/heads"
	},
	"elements": [
		{
			"from": [5, 2.375, 16],
			"to": [10.96875, 3, 28],
			"rotation": {"angle": -22.5, "axis": "x", "origin": [8, 2.875, 16]},
			"faces": {
				"east": {"uv": [4.1875, 9.875, 4.375, 12.8125], "rotation": 270, "texture": "#16"},
				"south": {"uv": [4.1875, 9.875, 6.1875, 10.125], "texture": "#16"},
				"west": {"uv": [4.1875, 9.875, 4.375, 12.8125], "rotation": 90, "texture": "#16"},
				"up": {"uv": [4.1875, 9.875, 6.1875, 12.8125], "rotation": 180, "texture": "#16"},
				"down": {"uv": [4.1875, 9.875, 6.1875, 12.8125], "texture": "#16"}
			}
		},
		{
			"from": [0.25781, 0.5, 0.26563],
			"to": [15.99219, 3.5, 15.74219],
			"rotation": {"angle": 0, "axis": "y", "origin": [7.89515, 5.22742, 7.84462]},
			"faces": {
				"east": {"uv": [12, 13, 16, 14], "texture": "#16"},
				"up": {"uv": [12, 8.9375, 16, 12.9375], "texture": "#16"}
			}
		},
		{
			"from": [16.875, -1, 16.875],
			"to": [17.875, 6.5, 17.875],
			"rotation": {"angle": 0, "axis": "y", "origin": [7.77796, 4.72742, 7.72743]},
			"faces": {
				"north": {"uv": [1.5, 0, 2.5, 16], "texture": "#14"},
				"east": {"uv": [11, 0, 12, 16], "texture": "#14"},
				"south": {"uv": [9, 0, 10, 16], "texture": "#14"},
				"west": {"uv": [4.5, 0, 5.5, 16], "texture": "#14"},
				"up": {"uv": [15, 15, 16, 16], "texture": "#14"}
			}
		},
		{
			"from": [16.875, -1, -1.875],
			"to": [17.875, 6.5, -0.875],
			"rotation": {"angle": 0, "axis": "y", "origin": [7.77796, 4.72742, 7.97743]},
			"faces": {
				"north": {"uv": [10, 0, 9, 16], "texture": "#14"},
				"east": {"uv": [12, 0, 11, 16], "texture": "#14"},
				"south": {"uv": [2.5, 0, 1.5, 16], "texture": "#14"},
				"west": {"uv": [5.5, 0, 4.5, 16], "texture": "#14"},
				"up": {"uv": [15, 16, 16, 15], "texture": "#14"}
			}
		},
		{
			"from": [-1.875, -1, 16.875],
			"to": [-0.875, 6.5, 17.875],
			"rotation": {"angle": 0, "axis": "y", "origin": [8.02796, 4.72742, 7.72743]},
			"faces": {
				"north": {"uv": [2.5, 0, 1.5, 16], "texture": "#14"},
				"east": {"uv": [5.5, 0, 4.5, 16], "texture": "#14"},
				"south": {"uv": [10, 0, 9, 16], "texture": "#14"},
				"west": {"uv": [12, 0, 11, 16], "texture": "#14"},
				"up": {"uv": [16, 15, 15, 16], "texture": "#14"}
			}
		},
		{
			"from": [4, 2, 16.875],
			"to": [5, 9.5, 17.875],
			"rotation": {"angle": 0, "axis": "y", "origin": [12.90296, 7.72742, 7.72743]},
			"faces": {
				"north": {"uv": [2.5, 0, 1.5, 16], "texture": "#14"},
				"east": {"uv": [5.5, 0, 4.5, 16], "texture": "#14"},
				"south": {"uv": [10, 0, 9, 16], "texture": "#14"},
				"west": {"uv": [12, 0, 11, 16], "texture": "#14"},
				"up": {"uv": [16, 15, 15, 16], "texture": "#14"}
			}
		},
		{
			"from": [-1.875, 2, 4],
			"to": [-0.875, 9.5, 5],
			"rotation": {"angle": 0, "axis": "y", "origin": [8.125, 4.91667, 8]},
			"faces": {
				"north": {"uv": [12, 0, 11, 16], "texture": "#14"},
				"east": {"uv": [2.5, 0, 1.5, 16], "texture": "#14"},
				"south": {"uv": [5.5, 0, 4.5, 16], "texture": "#14"},
				"west": {"uv": [10, 0, 9, 16], "texture": "#14"},
				"up": {"uv": [16, 15, 15, 16], "rotation": 90, "texture": "#14"}
			}
		},
		{
			"from": [4, 2, -1.875],
			"to": [5, 9.5, -0.875],
			"rotation": {"angle": 0, "axis": "y", "origin": [12.90296, 7.72742, 8.27257]},
			"faces": {
				"north": {"uv": [9, 0, 10, 16], "texture": "#14"},
				"east": {"uv": [4.5, 0, 5.5, 16], "texture": "#14"},
				"south": {"uv": [1.5, 0, 2.5, 16], "texture": "#14"},
				"west": {"uv": [11, 0, 12, 16], "texture": "#14"},
				"up": {"uv": [16, 16, 15, 15], "texture": "#14"}
			}
		},
		{
			"from": [16.875, 2, 4],
			"to": [17.875, 9.5, 5],
			"rotation": {"angle": 0, "axis": "y", "origin": [7.875, 4.91667, 8]},
			"faces": {
				"north": {"uv": [11, 0, 12, 16], "texture": "#14"},
				"east": {"uv": [9, 0, 10, 16], "texture": "#14"},
				"south": {"uv": [4.5, 0, 5.5, 16], "texture": "#14"},
				"west": {"uv": [1.5, 0, 2.5, 16], "texture": "#14"},
				"up": {"uv": [16, 16, 15, 15], "rotation": 90, "texture": "#14"}
			}
		},
		{
			"from": [11, 2, 16.875],
			"to": [12, 9.5, 17.875],
			"rotation": {"angle": 0, "axis": "y", "origin": [3.09704, 7.72742, 7.72743]},
			"faces": {
				"north": {"uv": [1.5, 0, 2.5, 16], "texture": "#14"},
				"east": {"uv": [11, 0, 12, 16], "texture": "#14"},
				"south": {"uv": [9, 0, 10, 16], "texture": "#14"},
				"west": {"uv": [4.5, 0, 5.5, 16], "texture": "#14"},
				"up": {"uv": [15, 15, 16, 16], "texture": "#14"}
			}
		},
		{
			"from": [6.125, 16, 16.5],
			"to": [9.875, 19.75, 17.125],
			"rotation": {"angle": 0, "axis": "y", "origin": [3.09704, 7.60242, 7.35243]},
			"faces": {
				"east": {"uv": [3.8125, 11.25, 4.125, 12.875], "texture": "#16"},
				"south": {"uv": [2.5, 11.25, 4.125, 12.875], "texture": "#16"},
				"west": {"uv": [2.5, 11.25, 2.8125, 12.875], "texture": "#16"},
				"up": {"uv": [2.5, 11.25, 4.125, 11.5625], "texture": "#16"},
				"down": {"uv": [2.5, 12.5625, 4.125, 12.875], "texture": "#16"}
			}
		},
		{
			"from": [-0.78125, 13.5, -0.75781],
			"to": [16.81875, 19.25, 16.84219],
			"rotation": {"angle": 0, "axis": "y", "origin": [3.19079, 5.10242, 7.34462]},
			"faces": {
				"north": {"uv": [10.1875, 0.0625, 15.1875, 1.6875], "texture": "#16"},
				"east": {"uv": [10.1875, 0.0625, 15.1875, 1.6875], "texture": "#16"},
				"south": {"uv": [10.1875, 0.0625, 15.1875, 1.6875], "texture": "#16"},
				"west": {"uv": [10.1875, 0.0625, 15.1875, 1.6875], "texture": "#16"}
			}
		},
		{
			"from": [-1.875, 2, 11],
			"to": [-0.875, 9.5, 12],
			"rotation": {"angle": 0, "axis": "y", "origin": [8.125, 4.91667, 8]},
			"faces": {
				"north": {"uv": [4.5, 0, 5.5, 16], "texture": "#14"},
				"east": {"uv": [1.5, 0, 2.5, 16], "texture": "#14"},
				"south": {"uv": [11, 0, 12, 16], "texture": "#14"},
				"west": {"uv": [9, 0, 10, 16], "texture": "#14"},
				"up": {"uv": [15, 15, 16, 16], "rotation": 90, "texture": "#14"}
			}
		},
		{
			"from": [11, 2, -1.875],
			"to": [12, 9.5, -0.875],
			"rotation": {"angle": 0, "axis": "y", "origin": [3.09704, 7.72742, 8.27257]},
			"faces": {
				"north": {"uv": [10, 0, 9, 16], "texture": "#14"},
				"east": {"uv": [12, 0, 11, 16], "texture": "#14"},
				"south": {"uv": [2.5, 0, 1.5, 16], "texture": "#14"},
				"west": {"uv": [5.5, 0, 4.5, 16], "texture": "#14"},
				"up": {"uv": [15, 16, 16, 15], "texture": "#14"}
			}
		},
		{
			"from": [16.875, 2, 11],
			"to": [17.875, 9.5, 12],
			"rotation": {"angle": 0, "axis": "y", "origin": [7.875, 4.91667, 8]},
			"faces": {
				"north": {"uv": [5.5, 0, 4.5, 16], "texture": "#14"},
				"east": {"uv": [10, 0, 9, 16], "texture": "#14"},
				"south": {"uv": [12, 0, 11, 16], "texture": "#14"},
				"west": {"uv": [2.5, 0, 1.5, 16], "texture": "#14"},
				"up": {"uv": [15, 16, 16, 15], "rotation": 90, "texture": "#14"}
			}
		},
		{
			"from": [-1.875, -1, -1.875],
			"to": [-0.875, 6.5, -0.875],
			"rotation": {"angle": 0, "axis": "y", "origin": [8.02796, 4.72742, 7.97743]},
			"faces": {
				"north": {"uv": [9, 0, 10, 16], "texture": "#14"},
				"east": {"uv": [4.5, 0, 5.5, 16], "texture": "#14"},
				"south": {"uv": [1.5, 0, 2.5, 16], "texture": "#14"},
				"west": {"uv": [11, 0, 12, 16], "texture": "#14"},
				"up": {"uv": [16, 16, 15, 15], "texture": "#14"}
			}
		},
		{
			"from": [-1, 5, 17.125],
			"to": [4, 5.5, 17.625],
			"rotation": {"angle": 0, "axis": "y", "origin": [7.90296, 4.72742, 7.72743]},
			"faces": {
				"north": {"uv": [1, 10.5, 15, 11], "texture": "#concrete_gray"},
				"south": {"uv": [1, 10.5, 15, 11], "texture": "#concrete_gray"},
				"up": {"uv": [1, 15.25, 15, 15.75], "texture": "#concrete_gray"},
				"down": {"uv": [1, 15.25, 15, 15.75], "texture": "#concrete_gray"}
			}
		},
		{
			"from": [-1.625, 5, -1],
			"to": [-1.125, 5.5, 17],
			"rotation": {"angle": 0, "axis": "y", "origin": [8.125, 4.91667, 8]},
			"faces": {
				"east": {"uv": [1, 10.5, 15, 11], "texture": "#concrete_gray"},
				"west": {"uv": [1, 10.5, 15, 11], "texture": "#concrete_gray"},
				"up": {"uv": [1, 15.25, 15, 15.75], "rotation": 90, "texture": "#concrete_gray"},
				"down": {"uv": [1, 15.25, 15, 15.75], "rotation": 270, "texture": "#concrete_gray"}
			}
		},
		{
			"from": [-1.625, 8, 5],
			"to": [-1.125, 8.5, 11],
			"rotation": {"angle": 0, "axis": "y", "origin": [8.125, 7.91667, 14]},
			"faces": {
				"east": {"uv": [1, 10.5, 15, 11], "texture": "#concrete_gray"},
				"west": {"uv": [1, 10.5, 15, 11], "texture": "#concrete_gray"},
				"up": {"uv": [1, 15.25, 15, 15.75], "rotation": 90, "texture": "#concrete_gray"},
				"down": {"uv": [1, 15.25, 15, 15.75], "rotation": 270, "texture": "#concrete_gray"}
			}
		},
		{
			"from": [-1, 5, -1.625],
			"to": [17, 5.5, -1.125],
			"rotation": {"angle": 0, "axis": "y", "origin": [7.90296, 4.72742, 8.27257]},
			"faces": {
				"north": {"uv": [15, 10.5, 1, 11], "texture": "#concrete_gray"},
				"south": {"uv": [15, 10.5, 1, 11], "texture": "#concrete_gray"},
				"up": {"uv": [1, 15.75, 15, 15.25], "texture": "#concrete_gray"},
				"down": {"uv": [1, 15.75, 15, 15.25], "texture": "#concrete_gray"}
			}
		},
		{
			"from": [5, 6.5, -1.625],
			"to": [11, 7, -1.125],
			"rotation": {"angle": 0, "axis": "y", "origin": [7.90296, 6.22742, 8.27257]},
			"faces": {
				"north": {"uv": [15, 10.5, 1, 11], "texture": "#concrete_gray"},
				"south": {"uv": [15, 10.5, 1, 11], "texture": "#concrete_gray"},
				"up": {"uv": [1, 15.75, 15, 15.25], "texture": "#concrete_gray"},
				"down": {"uv": [1, 15.75, 15, 15.25], "texture": "#concrete_gray"}
			}
		},
		{
			"from": [5, 8, -1.625],
			"to": [11, 8.5, -1.125],
			"rotation": {"angle": 0, "axis": "y", "origin": [7.90296, 7.72742, 8.27257]},
			"faces": {
				"north": {"uv": [15, 10.5, 1, 11], "texture": "#concrete_gray"},
				"south": {"uv": [15, 10.5, 1, 11], "texture": "#concrete_gray"},
				"up": {"uv": [1, 15.75, 15, 15.25], "texture": "#concrete_gray"},
				"down": {"uv": [1, 15.75, 15, 15.25], "texture": "#concrete_gray"}
			}
		},
		{
			"from": [17.125, 5, -1],
			"to": [17.625, 5.5, 17],
			"rotation": {"angle": 0, "axis": "y", "origin": [7.875, 4.91667, 8]},
			"faces": {
				"east": {"uv": [15, 10.5, 1, 11], "texture": "#concrete_gray"},
				"west": {"uv": [15, 10.5, 1, 11], "texture": "#concrete_gray"},
				"up": {"uv": [1, 15.75, 15, 15.25], "rotation": 90, "texture": "#concrete_gray"},
				"down": {"uv": [1, 15.75, 15, 15.25], "rotation": 270, "texture": "#concrete_gray"}
			}
		},
		{
			"from": [17.125, 8, 5],
			"to": [17.625, 8.5, 11],
			"rotation": {"angle": 0, "axis": "y", "origin": [7.875, 7.91667, 14]},
			"faces": {
				"east": {"uv": [15, 10.5, 1, 11], "texture": "#concrete_gray"},
				"west": {"uv": [15, 10.5, 1, 11], "texture": "#concrete_gray"},
				"up": {"uv": [1, 15.75, 15, 15.25], "rotation": 90, "texture": "#concrete_gray"},
				"down": {"uv": [1, 15.75, 15, 15.25], "rotation": 270, "texture": "#concrete_gray"}
			}
		},
		{
			"from": [12, 5, 17.125],
			"to": [17, 5.5, 17.625],
			"rotation": {"angle": 0, "axis": "y", "origin": [8.09704, 4.72742, 7.72743]},
			"faces": {
				"north": {"uv": [15, 10.5, 1, 11], "texture": "#concrete_gray"},
				"south": {"uv": [15, 10.5, 1, 11], "texture": "#concrete_gray"},
				"up": {"uv": [15, 15.25, 1, 15.75], "texture": "#concrete_gray"},
				"down": {"uv": [15, 15.25, 1, 15.75], "texture": "#concrete_gray"}
			}
		},
		{
			"from": [-1, 3.5, 17.125],
			"to": [4, 4, 17.625],
			"rotation": {"angle": 0, "axis": "y", "origin": [7.90296, 4.72742, 7.72743]},
			"faces": {
				"north": {"uv": [1, 11.5, 15, 12], "texture": "#concrete_gray"},
				"south": {"uv": [1, 11.5, 15, 12], "texture": "#concrete_gray"},
				"up": {"uv": [1, 15.25, 15, 15.75], "texture": "#concrete_gray"},
				"down": {"uv": [1, 15.25, 15, 15.75], "texture": "#concrete_gray"}
			}
		},
		{
			"from": [-1.625, 3.5, -1],
			"to": [-1.125, 4, 17],
			"rotation": {"angle": 0, "axis": "y", "origin": [8.125, 4.91667, 8]},
			"faces": {
				"east": {"uv": [1, 11.5, 15, 12], "texture": "#concrete_gray"},
				"west": {"uv": [1, 11.5, 15, 12], "texture": "#concrete_gray"},
				"up": {"uv": [1, 15.25, 15, 15.75], "rotation": 90, "texture": "#concrete_gray"},
				"down": {"uv": [1, 15.25, 15, 15.75], "rotation": 270, "texture": "#concrete_gray"}
			}
		},
		{
			"from": [-1.625, 6.5, 5],
			"to": [-1.125, 7, 11],
			"rotation": {"angle": 0, "axis": "y", "origin": [8.125, 7.91667, 14]},
			"faces": {
				"east": {"uv": [1, 11.5, 15, 12], "texture": "#concrete_gray"},
				"west": {"uv": [1, 11.5, 15, 12], "texture": "#concrete_gray"},
				"up": {"uv": [1, 15.25, 15, 15.75], "rotation": 90, "texture": "#concrete_gray"},
				"down": {"uv": [1, 15.25, 15, 15.75], "rotation": 270, "texture": "#concrete_gray"}
			}
		},
		{
			"from": [-1, 3.5, -1.625],
			"to": [17, 4, -1.125],
			"rotation": {"angle": 0, "axis": "y", "origin": [7.90296, 4.72742, 8.27257]},
			"faces": {
				"north": {"uv": [15, 11.5, 1, 12], "texture": "#concrete_gray"},
				"south": {"uv": [15, 11.5, 1, 12], "texture": "#concrete_gray"},
				"up": {"uv": [1, 15.75, 15, 15.25], "texture": "#concrete_gray"},
				"down": {"uv": [1, 15.75, 15, 15.25], "texture": "#concrete_gray"}
			}
		},
		{
			"from": [17.125, 3.5, -1],
			"to": [17.625, 4, 17],
			"rotation": {"angle": 0, "axis": "y", "origin": [7.875, 4.91667, 8]},
			"faces": {
				"east": {"uv": [15, 11.5, 1, 12], "texture": "#concrete_gray"},
				"west": {"uv": [15, 11.5, 1, 12], "texture": "#concrete_gray"},
				"up": {"uv": [1, 15.75, 15, 15.25], "rotation": 90, "texture": "#concrete_gray"},
				"down": {"uv": [1, 15.75, 15, 15.25], "rotation": 270, "texture": "#concrete_gray"}
			}
		},
		{
			"from": [17.125, 6.5, 5],
			"to": [17.625, 7, 11],
			"rotation": {"angle": 0, "axis": "y", "origin": [7.875, 7.91667, 14]},
			"faces": {
				"east": {"uv": [15, 11.5, 1, 12], "texture": "#concrete_gray"},
				"west": {"uv": [15, 11.5, 1, 12], "texture": "#concrete_gray"},
				"up": {"uv": [1, 15.75, 15, 15.25], "rotation": 90, "texture": "#concrete_gray"},
				"down": {"uv": [1, 15.75, 15, 15.25], "rotation": 270, "texture": "#concrete_gray"}
			}
		},
		{
			"from": [12, 3.5, 17.125],
			"to": [17, 4, 17.625],
			"rotation": {"angle": 0, "axis": "y", "origin": [8.09704, 4.72742, 7.72743]},
			"faces": {
				"north": {"uv": [15, 11.5, 1, 12], "texture": "#concrete_gray"},
				"south": {"uv": [15, 11.5, 1, 12], "texture": "#concrete_gray"},
				"up": {"uv": [15, 15.25, 1, 15.75], "texture": "#concrete_gray"},
				"down": {"uv": [15, 15.25, 1, 15.75], "texture": "#concrete_gray"}
			}
		},
		{
			"from": [0, 3, 14.5],
			"to": [1.5, 15, 16],
			"rotation": {"angle": 0, "axis": "y", "origin": [5.90296, 6.72742, 12.85243]},
			"faces": {
				"north": {"uv": [8.5, 0, 14.5, 16], "texture": "#13"},
				"east": {"uv": [2, 0, 8, 16], "texture": "#13"},
				"south": {"uv": [8.5, 0, 14.5, 16], "texture": "#13"},
				"west": {"uv": [2, 0, 8, 16], "texture": "#13"}
			}
		},
		{
			"from": [0, 3, 0],
			"to": [1.5, 15, 1.5],
			"rotation": {"angle": 0, "axis": "y", "origin": [5.90296, 6.72742, -1.64757]},
			"faces": {
				"north": {"uv": [8.5, 0, 14.5, 16], "texture": "#13"},
				"east": {"uv": [2, 0, 8, 16], "texture": "#13"},
				"south": {"uv": [8.5, 0, 14.5, 16], "texture": "#13"},
				"west": {"uv": [2, 0, 8, 16], "texture": "#13"}
			}
		},
		{
			"from": [14.5, 3, 14.5],
			"to": [16, 15, 16],
			"rotation": {"angle": 0, "axis": "y", "origin": [20.40296, 6.72742, 12.85243]},
			"faces": {
				"north": {"uv": [8.5, 0, 14.5, 16], "texture": "#13"},
				"east": {"uv": [2, 0, 8, 16], "texture": "#13"},
				"south": {"uv": [8.5, 0, 14.5, 16], "texture": "#13"},
				"west": {"uv": [2, 0, 8, 16], "texture": "#13"}
			}
		},
		{
			"from": [14.5, 3, 0],
			"to": [16, 15, 1.5],
			"rotation": {"angle": 0, "axis": "y", "origin": [20.40296, 6.72742, -1.64757]},
			"faces": {
				"north": {"uv": [8.5, 0, 14.5, 16], "texture": "#13"},
				"east": {"uv": [2, 0, 8, 16], "texture": "#13"},
				"south": {"uv": [8.5, 0, 14.5, 16], "texture": "#13"},
				"west": {"uv": [2, 0, 8, 16], "texture": "#13"}
			}
		},
		{
			"from": [15.5, 13, 15.5],
			"to": [17, 23.5, 17],
			"rotation": {"angle": 0, "axis": "y", "origin": [8, 18.97656, 7.99596]},
			"faces": {
				"north": {"uv": [8, 0, 2, 16], "texture": "#13"},
				"east": {"uv": [14.5, 0, 8.5, 16], "rotation": 180, "texture": "#13"},
				"south": {"uv": [8, 0, 2, 16], "rotation": 180, "texture": "#13"},
				"west": {"uv": [14.5, 0, 8.5, 16], "texture": "#13"},
				"down": {"uv": [10.5, 5.5, 4.5, 11.5], "rotation": 270, "texture": "#13"}
			}
		},
		{
			"from": [15.5, 13, -1],
			"to": [17, 23.5, 0.5],
			"rotation": {"angle": 0, "axis": "y", "origin": [8, 18.97656, 8.00404]},
			"faces": {
				"north": {"uv": [2, 0, 8, 16], "rotation": 180, "texture": "#13"},
				"east": {"uv": [8.5, 0, 14.5, 16], "rotation": 180, "texture": "#13"},
				"south": {"uv": [2, 0, 8, 16], "texture": "#13"},
				"west": {"uv": [8.5, 0, 14.5, 16], "texture": "#13"},
				"down": {"uv": [4.5, 5.5, 10.5, 11.5], "rotation": 270, "texture": "#13"}
			}
		},
		{
			"from": [-1, 13, 15.5],
			"to": [0.5, 23.5, 17],
			"rotation": {"angle": 0, "axis": "y", "origin": [8, 18.97656, 7.99596]},
			"faces": {
				"north": {"uv": [2, 0, 8, 16], "texture": "#13"},
				"east": {"uv": [8.5, 0, 14.5, 16], "texture": "#13"},
				"south": {"uv": [2, 0, 8, 16], "rotation": 180, "texture": "#13"},
				"west": {"uv": [8.5, 0, 14.5, 16], "rotation": 180, "texture": "#13"},
				"down": {"uv": [10.5, 11.5, 4.5, 5.5], "rotation": 270, "texture": "#13"}
			}
		},
		{
			"from": [-1, 13, -1],
			"to": [0.5, 23.5, 0.5],
			"rotation": {"angle": 0, "axis": "y", "origin": [8, 18.97656, 8.00404]},
			"faces": {
				"north": {"uv": [8, 0, 2, 16], "rotation": 180, "texture": "#13"},
				"east": {"uv": [14.5, 0, 8.5, 16], "texture": "#13"},
				"south": {"uv": [8, 0, 2, 16], "texture": "#13"},
				"west": {"uv": [14.5, 0, 8.5, 16], "rotation": 180, "texture": "#13"},
				"down": {"uv": [4.5, 11.5, 10.5, 5.5], "rotation": 270, "texture": "#13"}
			}
		},
		{
			"from": [-1.51197, 23.5, -1.50539],
			"to": [1.48803, 26.5, 1.49461],
			"rotation": {"angle": 0, "axis": "y", "origin": [-2.65954, 15.22742, -2.72743]},
			"faces": {
				"north": {"uv": [0, 0, 16, 16], "texture": "#12"},
				"east": {"uv": [0, 0, 16, 16], "texture": "#12"},
				"south": {"uv": [0, 0, 16, 16], "texture": "#12"},
				"west": {"uv": [0, 0, 16, 16], "texture": "#12"},
				"up": {"uv": [0, 0, 16, 16], "texture": "#12"},
				"down": {"uv": [0, 0, 16, 16], "texture": "#12"}
			}
		},
		{
			"from": [-1.51197, 23.5, 14.50539],
			"to": [1.48803, 26.5, 17.50539],
			"rotation": {"angle": 0, "axis": "y", "origin": [-2.65954, 15.22742, 18.72743]},
			"faces": {
				"north": {"uv": [16, 0, 0, 16], "texture": "#12"},
				"east": {"uv": [16, 0, 0, 16], "texture": "#12"},
				"south": {"uv": [16, 0, 0, 16], "texture": "#12"},
				"west": {"uv": [16, 0, 0, 16], "texture": "#12"},
				"up": {"uv": [0, 16, 16, 0], "texture": "#12"},
				"down": {"uv": [0, 16, 16, 0], "texture": "#12"}
			}
		},
		{
			"from": [14.51197, 23.5, -1.50539],
			"to": [17.51197, 26.5, 1.49461],
			"rotation": {"angle": 0, "axis": "y", "origin": [18.65954, 15.22742, -2.72743]},
			"faces": {
				"north": {"uv": [16, 0, 0, 16], "texture": "#12"},
				"east": {"uv": [16, 0, 0, 16], "texture": "#12"},
				"south": {"uv": [16, 0, 0, 16], "texture": "#12"},
				"west": {"uv": [16, 0, 0, 16], "texture": "#12"},
				"up": {"uv": [16, 0, 0, 16], "texture": "#12"},
				"down": {"uv": [16, 0, 0, 16], "texture": "#12"}
			}
		},
		{
			"from": [14.51197, 23.5, 14.50539],
			"to": [17.51197, 26.5, 17.50539],
			"rotation": {"angle": 0, "axis": "y", "origin": [18.65954, 15.22742, 18.72743]},
			"faces": {
				"north": {"uv": [0, 0, 16, 16], "texture": "#12"},
				"east": {"uv": [0, 0, 16, 16], "texture": "#12"},
				"south": {"uv": [0, 0, 16, 16], "texture": "#12"},
				"west": {"uv": [0, 0, 16, 16], "texture": "#12"},
				"up": {"uv": [16, 16, 0, 0], "texture": "#12"},
				"down": {"uv": [16, 16, 0, 0], "texture": "#12"}
			}
		},
		{
			"from": [-1.01197, 26.5, -1.00539],
			"to": [0.98803, 28.5, 0.99461],
			"rotation": {"angle": 0, "axis": "y", "origin": [-2.15954, 18.22742, -2.22743]},
			"faces": {
				"north": {"uv": [0, 0, 16, 16], "texture": "#17"},
				"east": {"uv": [0, 0, 16, 16], "texture": "#17"},
				"south": {"uv": [0, 0, 16, 16], "texture": "#17"},
				"west": {"uv": [0, 0, 16, 16], "texture": "#17"},
				"up": {"uv": [0, 0, 16, 16], "texture": "#17"}
			}
		},
		{
			"from": [-1.01197, 26.5, 15.00539],
			"to": [0.98803, 28.5, 17.00539],
			"rotation": {"angle": 0, "axis": "y", "origin": [-2.15954, 18.22742, 18.22743]},
			"faces": {
				"north": {"uv": [16, 0, 0, 16], "texture": "#17"},
				"east": {"uv": [16, 0, 0, 16], "texture": "#17"},
				"south": {"uv": [16, 0, 0, 16], "texture": "#17"},
				"west": {"uv": [16, 0, 0, 16], "texture": "#17"},
				"up": {"uv": [0, 16, 16, 0], "texture": "#17"}
			}
		},
		{
			"from": [15.01197, 26.5, -1.00539],
			"to": [17.01197, 28.5, 0.99461],
			"rotation": {"angle": 0, "axis": "y", "origin": [18.15954, 18.22742, -2.22743]},
			"faces": {
				"north": {"uv": [16, 0, 0, 16], "texture": "#17"},
				"east": {"uv": [16, 0, 0, 16], "texture": "#17"},
				"south": {"uv": [16, 0, 0, 16], "texture": "#17"},
				"west": {"uv": [16, 0, 0, 16], "texture": "#17"},
				"up": {"uv": [16, 0, 0, 16], "texture": "#17"}
			}
		},
		{
			"from": [15.01197, 26.5, 15.00539],
			"to": [17.01197, 28.5, 17.00539],
			"rotation": {"angle": 0, "axis": "y", "origin": [18.15954, 18.22742, 18.22743]},
			"faces": {
				"north": {"uv": [0, 0, 16, 16], "texture": "#17"},
				"east": {"uv": [0, 0, 16, 16], "texture": "#17"},
				"south": {"uv": [0, 0, 16, 16], "texture": "#17"},
				"west": {"uv": [0, 0, 16, 16], "texture": "#17"},
				"up": {"uv": [16, 16, 0, 0], "texture": "#17"}
			}
		},
		{
			"from": [15.75, 14.5, -1.5],
			"to": [16.75, 15.5, 17.5],
			"rotation": {"angle": 0, "axis": "y", "origin": [17.90954, 6.22742, 19.22743]},
			"faces": {
				"north": {"uv": [4.1875, 8.75, 4.6875, 9.25], "rotation": 90, "texture": "#16"},
				"east": {"uv": [4.1875, 9.3125, 10.9375, 9.8125], "texture": "#16"},
				"south": {"uv": [4.1875, 8.75, 4.6875, 9.25], "rotation": 90, "texture": "#16"},
				"west": {"uv": [4.1875, 9.3125, 10.9375, 9.8125], "texture": "#16"},
				"up": {"uv": [4.1875, 9.3125, 10.9375, 9.8125], "rotation": 90, "texture": "#16"},
				"down": {"uv": [4.1875, 9.3125, 10.9375, 9.8125], "rotation": 90, "texture": "#16"}
			}
		},
		{
			"from": [15.5, 24.5, -2],
			"to": [16.5, 25.5, 18],
			"rotation": {"angle": 0, "axis": "y", "origin": [17.65954, 16.22742, 19.22743]},
			"faces": {
				"north": {"uv": [4.1875, 8.75, 4.6875, 9.25], "rotation": 90, "texture": "#16"},
				"east": {"uv": [4.1875, 9.3125, 10.9375, 9.8125], "texture": "#16"},
				"south": {"uv": [4.1875, 8.75, 4.6875, 9.25], "rotation": 90, "texture": "#16"},
				"west": {"uv": [4.1875, 9.3125, 10.9375, 9.8125], "texture": "#16"},
				"up": {"uv": [4.1875, 9.3125, 10.9375, 9.8125], "rotation": 90, "texture": "#16"},
				"down": {"uv": [4.1875, 9.3125, 10.9375, 9.8125], "rotation": 90, "texture": "#16"}
			}
		},
		{
			"from": [-0.75, 14.5, -1.5],
			"to": [0.25, 15.5, 17.5],
			"rotation": {"angle": 0, "axis": "y", "origin": [1.40954, 6.22742, 19.22743]},
			"faces": {
				"north": {"uv": [4.1875, 8.75, 4.6875, 9.25], "rotation": 90, "texture": "#16"},
				"east": {"uv": [4.1875, 9.3125, 10.9375, 9.8125], "texture": "#16"},
				"south": {"uv": [4.1875, 8.75, 4.6875, 9.25], "rotation": 90, "texture": "#16"},
				"west": {"uv": [4.1875, 9.3125, 10.9375, 9.8125], "texture": "#16"},
				"up": {"uv": [4.1875, 9.3125, 10.9375, 9.8125], "rotation": 90, "texture": "#16"},
				"down": {"uv": [4.1875, 9.3125, 10.9375, 9.8125], "rotation": 90, "texture": "#16"}
			}
		},
		{
			"from": [-0.5, 24.5, -2],
			"to": [0.5, 25.5, 18],
			"rotation": {"angle": 0, "axis": "y", "origin": [1.65954, 16.22742, 19.22743]},
			"faces": {
				"north": {"uv": [4.1875, 8.75, 4.6875, 9.25], "rotation": 90, "texture": "#16"},
				"east": {"uv": [4.1875, 9.3125, 10.9375, 9.8125], "texture": "#16"},
				"south": {"uv": [4.1875, 8.75, 4.6875, 9.25], "rotation": 90, "texture": "#16"},
				"west": {"uv": [4.1875, 9.3125, 10.9375, 9.8125], "texture": "#16"},
				"up": {"uv": [4.1875, 9.3125, 10.9375, 9.8125], "rotation": 90, "texture": "#16"},
				"down": {"uv": [4.1875, 9.3125, 10.9375, 9.8125], "rotation": 90, "texture": "#16"}
			}
		},
		{
			"from": [-1.5, 14.5, 15.75],
			"to": [17.5, 15.5, 16.75],
			"rotation": {"angle": 0, "axis": "y", "origin": [14.38158, 15, 16.24392]},
			"faces": {
				"north": {"uv": [4.1875, 9.3125, 10.9375, 9.8125], "texture": "#16"},
				"east": {"uv": [4.1875, 8.75, 4.6875, 9.25], "rotation": 90, "texture": "#16"},
				"south": {"uv": [4.1875, 9.3125, 10.9375, 9.8125], "texture": "#16"},
				"west": {"uv": [4.1875, 8.75, 4.6875, 9.25], "rotation": 90, "texture": "#16"},
				"up": {"uv": [4.1875, 9.3125, 10.9375, 9.8125], "rotation": 180, "texture": "#16"},
				"down": {"uv": [4.1875, 9.3125, 10.9375, 9.8125], "texture": "#16"}
			}
		},
		{
			"from": [-2, 24.5, 15.5],
			"to": [18, 25.5, 16.5],
			"rotation": {"angle": 0, "axis": "y", "origin": [14.38158, 25, 15.99392]},
			"faces": {
				"north": {"uv": [4.1875, 9.3125, 10.9375, 9.8125], "texture": "#16"},
				"east": {"uv": [4.1875, 8.75, 4.6875, 9.25], "rotation": 90, "texture": "#16"},
				"south": {"uv": [4.1875, 9.3125, 10.9375, 9.8125], "texture": "#16"},
				"west": {"uv": [4.1875, 8.75, 4.6875, 9.25], "rotation": 90, "texture": "#16"},
				"up": {"uv": [4.1875, 9.3125, 10.9375, 9.8125], "rotation": 180, "texture": "#16"},
				"down": {"uv": [4.1875, 9.3125, 10.9375, 9.8125], "texture": "#16"}
			}
		},
		{
			"from": [-1.5, 14.5, -0.75],
			"to": [17.5, 15.5, 0.25],
			"rotation": {"angle": 0, "axis": "y", "origin": [14.38158, 15, -0.25608]},
			"faces": {
				"north": {"uv": [4.1875, 9.3125, 10.9375, 9.8125], "texture": "#16"},
				"east": {"uv": [4.1875, 8.75, 4.6875, 9.25], "rotation": 90, "texture": "#16"},
				"south": {"uv": [4.1875, 9.3125, 10.9375, 9.8125], "texture": "#16"},
				"west": {"uv": [4.1875, 8.75, 4.6875, 9.25], "rotation": 90, "texture": "#16"},
				"up": {"uv": [4.1875, 9.3125, 10.9375, 9.8125], "rotation": 180, "texture": "#16"},
				"down": {"uv": [4.1875, 9.3125, 10.9375, 9.8125], "texture": "#16"}
			}
		},
		{
			"from": [-2, 24.5, -0.5],
			"to": [18, 25.5, 0.5],
			"rotation": {"angle": 0, "axis": "y", "origin": [14.38158, 25, -0.00608]},
			"faces": {
				"north": {"uv": [4.1875, 9.3125, 10.9375, 9.8125], "texture": "#16"},
				"east": {"uv": [4.1875, 8.75, 4.6875, 9.25], "rotation": 90, "texture": "#16"},
				"south": {"uv": [4.1875, 9.3125, 10.9375, 9.8125], "texture": "#16"},
				"west": {"uv": [4.1875, 8.75, 4.6875, 9.25], "rotation": 90, "texture": "#16"},
				"up": {"uv": [4.1875, 9.3125, 10.9375, 9.8125], "rotation": 180, "texture": "#16"},
				"down": {"uv": [4.1875, 9.3125, 10.9375, 9.8125], "texture": "#16"}
			}
		},
		{
			"from": [0.5, 20, -1],
			"to": [15.5, 24, 0],
			"rotation": {"angle": 0, "axis": "y", "origin": [8, 18.97656, 8]},
			"faces": {
				"north": {"uv": [8.1875, 7.6875, 4.1875, 8.6875], "texture": "#16"},
				"south": {"uv": [8.1875, 7.6875, 4.1875, 8.6875], "texture": "#16"},
				"up": {"uv": [8.1875, 7.75, 4.1875, 8.0625], "texture": "#16"},
				"down": {"uv": [4.1875, 8.25, 8.1875, 8.5625], "texture": "#16"}
			}
		},
		{
			"from": [16, 20, 0.5],
			"to": [17, 24, 15.5],
			"rotation": {"angle": 0, "axis": "y", "origin": [8, 18.97656, 8]},
			"faces": {
				"east": {"uv": [8.1875, 7.6875, 4.1875, 8.6875], "texture": "#16"},
				"west": {"uv": [8.1875, 7.6875, 4.1875, 8.6875], "texture": "#16"},
				"up": {"uv": [8.1875, 7.75, 4.1875, 8.0625], "rotation": 90, "texture": "#16"},
				"down": {"uv": [4.1875, 8.25, 8.1875, 8.5625], "rotation": 270, "texture": "#16"}
			}
		},
		{
			"from": [0.5, 20, 16],
			"to": [15.5, 24, 17],
			"rotation": {"angle": 0, "axis": "y", "origin": [8, 18.97656, 8]},
			"faces": {
				"north": {"uv": [4.1875, 7.6875, 8.1875, 8.6875], "texture": "#16"},
				"south": {"uv": [4.1875, 7.6875, 8.1875, 8.6875], "texture": "#16"},
				"up": {"uv": [8.1875, 8.0625, 4.1875, 7.75], "texture": "#16"},
				"down": {"uv": [4.1875, 8.5625, 8.1875, 8.25], "texture": "#16"}
			}
		},
		{
			"from": [-1, 20, 0.5],
			"to": [0, 24, 15.5],
			"rotation": {"angle": 0, "axis": "y", "origin": [8, 18.97656, 8]},
			"faces": {
				"east": {"uv": [4.1875, 7.6875, 8.1875, 8.6875], "texture": "#16"},
				"west": {"uv": [4.1875, 7.6875, 8.1875, 8.6875], "texture": "#16"},
				"up": {"uv": [8.1875, 8.0625, 4.1875, 7.75], "rotation": 90, "texture": "#16"},
				"down": {"uv": [4.1875, 8.5625, 8.1875, 8.25], "rotation": 270, "texture": "#16"}
			}
		},
		{
			"from": [-0.25, 13.5, -0.25],
			"to": [16.25, 17.5, 16.25],
			"rotation": {"angle": 0, "axis": "y", "origin": [-1.40954, 5.22742, -0.72743]},
			"faces": {
				"north": {"uv": [16, 7.875, 11, 8.875], "texture": "#16"},
				"east": {"uv": [16, 7.875, 11, 8.875], "texture": "#16"},
				"south": {"uv": [16, 7.875, 11, 8.875], "texture": "#16"},
				"west": {"uv": [16, 7.875, 11, 8.875], "texture": "#16"},
				"down": {"uv": [11.3125, 11.375, 6.6875, 16], "texture": "#16"}
			}
		},
		{
			"from": [-0.75, 17.5, -0.75],
			"to": [16.75, 21.5, 16.75],
			"rotation": {"angle": 0, "axis": "y", "origin": [-1.40954, 9.22742, -0.72743]},
			"faces": {
				"north": {"uv": [16, 7.875, 11, 8.875], "texture": "#16"},
				"east": {"uv": [16, 7.875, 11, 8.875], "texture": "#16"},
				"south": {"uv": [16, 7.875, 11, 8.875], "texture": "#16"},
				"west": {"uv": [16, 7.875, 11, 8.875], "texture": "#16"},
				"up": {"uv": [16, 2.8125, 11, 7.8125], "texture": "#16"},
				"down": {"uv": [16, 2.8125, 11, 7.8125], "texture": "#16"}
			}
		},
		{
			"name": "base_pos",
			"from": [0.25, 3, 0.25],
			"to": [15.75, 15, 15.75],
			"rotation": {"angle": 0, "axis": "y", "origin": [-0.90954, 2.72742, -0.72743]},
			"faces": {
				"north": {"uv": [16, 13, 12, 16], "texture": "#16"},
				"east": {"uv": [16, 13, 12, 16], "texture": "#16"},
				"south": {"uv": [6.625, 13, 2.625, 16], "texture": "#16"},
				"west": {"uv": [16, 13, 12, 16], "texture": "#16"}
			}
		},
		{
			"name": "egg",
			"from": [12.0158, 3.49004, 5.54558],
			"to": [13.2366, 3.79524, 6.76638],
			"rotation": {"angle": 22.5, "axis": "y", "origin": [11.32699, 4.56984, 3.79905]},
			"faces": {
				"down": {"uv": [9, 12, 9.5, 12.5], "texture": "#10"}
			}
		},
		{
			"name": "egg",
			"from": [11.7106, 3.79524, 5.24038],
			"to": [13.5418, 4.10044, 7.07158],
			"rotation": {"angle": 22.5, "axis": "y", "origin": [11.32699, 4.56984, 3.79905]},
			"faces": {
				"down": {"uv": [9, 12, 9.5, 12.5], "texture": "#10"}
			}
		},
		{
			"name": "egg",
			"from": [11.7106, 4.10044, 5.24038],
			"to": [13.5418, 5.62644, 7.07158],
			"rotation": {"angle": 22.5, "axis": "y", "origin": [11.32699, 4.56984, 3.79905]},
			"faces": {
				"up": {"uv": [6.5, 8.5, 7, 9], "rotation": 90, "texture": "#10"}
			}
		},
		{
			"name": "egg",
			"from": [11.8632, 5.50144, 5.39298],
			"to": [13.3892, 6.08424, 6.91898],
			"rotation": {"angle": 22.5, "axis": "y", "origin": [11.32699, 4.56984, 3.79905]},
			"faces": {
				"up": {"uv": [6.5, 8.5, 7, 9], "rotation": 90, "texture": "#10"}
			}
		},
		{
			"name": "egg",
			"from": [12.1684, 5.93164, 5.69818],
			"to": [13.084, 6.38944, 6.61378],
			"rotation": {"angle": 22.5, "axis": "y", "origin": [11.32699, 4.56984, 3.79905]},
			"faces": {
				"up": {"uv": [6.5, 8.5, 7, 9], "rotation": 90, "texture": "#10"}
			}
		},
		{
			"name": "egg",
			"from": [11.558, 4.10044, 5.39298],
			"to": [13.6944, 5.16864, 6.91898],
			"rotation": {"angle": 22.5, "axis": "y", "origin": [11.32699, 4.56984, 3.79905]},
			"faces": {
				"up": {"uv": [6.5, 8.5, 7, 9], "rotation": 90, "texture": "#10"},
				"down": {"uv": [6.5, 8.5, 7, 9], "rotation": 270, "texture": "#10"}
			}
		},
		{
			"name": "egg",
			"from": [11.8632, 4.09263, 5.08778],
			"to": [13.3892, 5.16083, 7.22418],
			"rotation": {"angle": 22.5, "axis": "y", "origin": [11.32699, 4.56203, 3.79905]},
			"faces": {
				"up": {"uv": [6.5, 8.5, 7, 9], "rotation": 180, "texture": "#10"},
				"down": {"uv": [6.5, 8.5, 7, 9], "rotation": 180, "texture": "#10"}
			}
		},
		{
			"name": "egg",
			"from": [5.21659, 3.95944, 9.32365],
			"to": [6.43739, 5.18024, 9.62885],
			"rotation": {"angle": -22.5, "axis": "y", "origin": [11.32699, 4.56984, 3.79905]},
			"faces": {
				"up": {"uv": [9, 12, 9.5, 12.5], "rotation": 270, "texture": "#10"},
				"down": {"uv": [9, 12, 9.5, 12.5], "rotation": 270, "texture": "#10"}
			}
		},
		{
			"name": "egg",
			"from": [4.91139, 3.65424, 9.01845],
			"to": [6.74259, 5.48544, 9.32365],
			"rotation": {"angle": -22.5, "axis": "y", "origin": [11.32699, 4.56984, 3.79905]},
			"faces": {
				"up": {"uv": [9, 12, 9.5, 12.5], "rotation": 270, "texture": "#10"},
				"down": {"uv": [9, 12, 9.5, 12.5], "rotation": 270, "texture": "#10"}
			}
		},
		{
			"name": "egg",
			"from": [4.91139, 3.65424, 7.49245],
			"to": [6.74259, 5.48544, 9.01845],
			"rotation": {"angle": -22.5, "axis": "y", "origin": [11.32699, 4.56984, 3.79905]},
			"faces": {
				"up": {"uv": [6.5, 8.5, 7, 9], "texture": "#10"},
				"down": {"uv": [6.5, 8.5, 7, 9], "rotation": 180, "texture": "#10"}
			}
		},
		{
			"name": "egg",
			"from": [5.06399, 3.80684, 7.03465],
			"to": [6.58999, 5.33284, 7.61745],
			"rotation": {"angle": -22.5, "axis": "y", "origin": [11.32699, 4.56984, 3.79905]},
			"faces": {
				"up": {"uv": [6.5, 8.5, 7, 9], "texture": "#10"},
				"down": {"uv": [6.5, 8.5, 7, 9], "rotation": 180, "texture": "#10"}
			}
		},
		{
			"name": "egg",
			"from": [5.36919, 4.11204, 6.72945],
			"to": [6.28479, 5.02764, 7.18725],
			"rotation": {"angle": -22.5, "axis": "y", "origin": [11.32699, 4.56984, 3.79905]},
			"faces": {
				"up": {"uv": [6.5, 8.5, 7, 9], "texture": "#10"},
				"down": {"uv": [6.5, 8.5, 7, 9], "rotation": 180, "texture": "#10"}
			}
		},
		{
			"name": "egg",
			"from": [4.75879, 3.80684, 7.95025],
			"to": [6.89519, 5.33284, 9.01845],
			"rotation": {"angle": -22.5, "axis": "y", "origin": [11.32699, 4.56984, 3.79905]},
			"faces": {
				"up": {"uv": [6.5, 8.5, 7, 9], "texture": "#10"},
				"down": {"uv": [6.5, 8.5, 7, 9], "rotation": 180, "texture": "#10"}
			}
		},
		{
			"name": "egg",
			"from": [5.06399, 3.50164, 7.95806],
			"to": [6.58999, 5.63804, 9.02626],
			"rotation": {"angle": -22.5, "axis": "y", "origin": [11.32699, 4.56984, 3.79905]},
			"faces": {
				"up": {"uv": [6.5, 8.5, 7, 9], "texture": "#10"},
				"down": {"uv": [6.5, 8.5, 7, 9], "rotation": 180, "texture": "#10"}
			}
		},
		{
			"name": "egg",
			"from": [10.5158, 3.49004, 8.04558],
			"to": [11.7366, 3.79524, 9.26638],
			"rotation": {"angle": -22.5, "axis": "y", "origin": [11.32699, 4.56984, 3.79905]},
			"faces": {
				"down": {"uv": [9, 12, 9.5, 12.5], "texture": "#10"}
			}
		},
		{
			"name": "egg",
			"from": [10.2106, 3.79524, 7.74038],
			"to": [12.0418, 4.10044, 9.57158],
			"rotation": {"angle": -22.5, "axis": "y", "origin": [11.32699, 4.56984, 3.79905]},
			"faces": {
				"down": {"uv": [9, 12, 9.5, 12.5], "texture": "#10"}
			}
		},
		{
			"name": "egg",
			"from": [10.2106, 4.10044, 7.74038],
			"to": [12.0418, 5.62644, 9.57158],
			"rotation": {"angle": -22.5, "axis": "y", "origin": [11.32699, 4.56984, 3.79905]},
			"faces": {
				"up": {"uv": [6.5, 8.5, 7, 9], "rotation": 90, "texture": "#10"}
			}
		},
		{
			"name": "egg",
			"from": [10.3632, 5.50144, 7.89298],
			"to": [11.8892, 6.08424, 9.41898],
			"rotation": {"angle": -22.5, "axis": "y", "origin": [11.32699, 4.56984, 3.79905]},
			"faces": {
				"up": {"uv": [6.5, 8.5, 7, 9], "rotation": 90, "texture": "#10"}
			}
		},
		{
			"name": "egg",
			"from": [10.6684, 5.93164, 8.19818],
			"to": [11.584, 6.38944, 9.11378],
			"rotation": {"angle": -22.5, "axis": "y", "origin": [11.32699, 4.56984, 3.79905]},
			"faces": {
				"up": {"uv": [6.5, 8.5, 7, 9], "rotation": 90, "texture": "#10"}
			}
		},
		{
			"name": "egg",
			"from": [10.058, 4.09263, 7.89298],
			"to": [12.1944, 5.16083, 9.41898],
			"rotation": {"angle": -22.5, "axis": "y", "origin": [11.32699, 4.56203, 3.79905]},
			"faces": {
				"up": {"uv": [6.5, 8.5, 7, 9], "rotation": 90, "texture": "#10"},
				"down": {"uv": [6.5, 8.5, 7, 9], "rotation": 270, "texture": "#10"}
			}
		},
		{
			"name": "egg",
			"from": [10.3632, 4.10044, 7.58778],
			"to": [11.8892, 5.16864, 9.72418],
			"rotation": {"angle": -22.5, "axis": "y", "origin": [11.32699, 4.56984, 3.79905]},
			"faces": {
				"up": {"uv": [6.5, 8.5, 7, 9], "rotation": 180, "texture": "#10"},
				"down": {"uv": [6.5, 8.5, 7, 9], "rotation": 180, "texture": "#10"}
			}
		},
		{
			"name": "egg",
			"from": [6.5158, 21.49004, 7.54559],
			"to": [7.7366, 21.79524, 8.76639],
			"rotation": {"angle": 45, "axis": "y", "origin": [5.04813, 21.21556, 10.37712]},
			"faces": {
				"north": {"uv": [9, 12, 9.5, 12.5], "texture": "#10"},
				"east": {"uv": [9, 12, 9.5, 12.5], "texture": "#10"},
				"south": {"uv": [9, 12, 9.5, 12.5], "texture": "#10"},
				"west": {"uv": [9, 12, 9.5, 12.5], "texture": "#10"},
				"down": {"uv": [9, 12, 9.5, 12.5], "texture": "#10"}
			}
		},
		{
			"name": "egg",
			"from": [6.2106, 21.79524, 7.24039],
			"to": [8.0418, 22.10044, 9.07159],
			"rotation": {"angle": 45, "axis": "y", "origin": [5.04813, 21.21556, 10.37712]},
			"faces": {
				"north": {"uv": [9, 12, 9.5, 12.5], "texture": "#10"},
				"east": {"uv": [9, 12, 9.5, 12.5], "texture": "#10"},
				"south": {"uv": [9, 12, 9.5, 12.5], "texture": "#10"},
				"west": {"uv": [9, 12, 9.5, 12.5], "texture": "#10"},
				"down": {"uv": [9, 12, 9.5, 12.5], "texture": "#10"}
			}
		},
		{
			"name": "egg",
			"from": [6.2106, 22.10044, 7.24039],
			"to": [8.0418, 23.62644, 9.07159],
			"rotation": {"angle": 45, "axis": "y", "origin": [5.04813, 21.21556, 10.37712]},
			"faces": {
				"north": {"uv": [6.5, 8.5, 7, 9], "texture": "#10"},
				"east": {"uv": [6.5, 8.5, 7, 9], "texture": "#10"},
				"south": {"uv": [6.5, 8.5, 7, 9], "texture": "#10"},
				"west": {"uv": [6.5, 8.5, 7, 9], "texture": "#10"},
				"up": {"uv": [6.5, 8.5, 7, 9], "rotation": 90, "texture": "#10"}
			}
		},
		{
			"name": "egg",
			"from": [6.3632, 23.50144, 7.39299],
			"to": [7.8892, 24.08424, 8.91899],
			"rotation": {"angle": 45, "axis": "y", "origin": [5.04813, 21.21556, 10.37712]},
			"faces": {
				"north": {"uv": [6.5, 8.5, 7, 9], "texture": "#10"},
				"east": {"uv": [6.5, 8.5, 7, 9], "texture": "#10"},
				"south": {"uv": [6.5, 8.5, 7, 9], "texture": "#10"},
				"west": {"uv": [6.5, 8.5, 7, 9], "texture": "#10"},
				"up": {"uv": [6.5, 8.5, 7, 9], "rotation": 90, "texture": "#10"}
			}
		},
		{
			"name": "egg",
			"from": [6.6684, 23.93164, 7.69819],
			"to": [7.584, 24.38944, 8.61379],
			"rotation": {"angle": 45, "axis": "y", "origin": [5.04813, 21.21556, 10.37712]},
			"faces": {
				"up": {"uv": [6.5, 8.5, 7, 9], "rotation": 90, "texture": "#10"}
			}
		},
		{
			"name": "egg",
			"from": [6.058, 22.09263, 7.39299],
			"to": [8.1944, 23.16083, 8.91899],
			"rotation": {"angle": 45, "axis": "y", "origin": [5.04813, 21.20775, 10.37712]},
			"faces": {
				"north": {"uv": [6.5, 8.5, 7, 9], "texture": "#10"},
				"east": {"uv": [6.5, 8.5, 7, 9], "texture": "#10"},
				"south": {"uv": [6.5, 8.5, 7, 9], "texture": "#10"},
				"west": {"uv": [6.5, 8.5, 7, 9], "texture": "#10"},
				"up": {"uv": [6.5, 8.5, 7, 9], "rotation": 90, "texture": "#10"},
				"down": {"uv": [6.5, 8.5, 7, 9], "rotation": 270, "texture": "#10"}
			}
		},
		{
			"name": "egg",
			"from": [6.3632, 22.10044, 7.08779],
			"to": [7.8892, 23.16864, 9.22419],
			"rotation": {"angle": 45, "axis": "y", "origin": [5.04813, 21.21556, 10.37712]},
			"faces": {
				"north": {"uv": [6.5, 8.5, 7, 9], "texture": "#10"},
				"east": {"uv": [6.5, 8.5, 7, 9], "texture": "#10"},
				"south": {"uv": [6.5, 8.5, 7, 9], "texture": "#10"},
				"west": {"uv": [6.5, 8.5, 7, 9], "texture": "#10"},
				"up": {"uv": [6.5, 8.5, 7, 9], "rotation": 180, "texture": "#10"},
				"down": {"uv": [6.5, 8.5, 7, 9], "rotation": 180, "texture": "#10"}
			}
		},
		{
			"name": "egg",
			"from": [3.21659, 21.95944, 2.82365],
			"to": [4.43739, 23.18024, 3.12885],
			"rotation": {"angle": 22.5, "axis": "y", "origin": [9.32699, 22.56984, -2.70095]},
			"faces": {
				"east": {"uv": [9, 12, 9.5, 12.5], "rotation": 90, "texture": "#10"},
				"south": {"uv": [9, 12, 9.5, 12.5], "rotation": 90, "texture": "#10"},
				"west": {"uv": [9, 12, 9.5, 12.5], "rotation": 90, "texture": "#10"},
				"up": {"uv": [9, 12, 9.5, 12.5], "rotation": 90, "texture": "#10"},
				"down": {"uv": [9, 12, 9.5, 12.5], "rotation": 90, "texture": "#10"}
			}
		},
		{
			"name": "egg",
			"from": [2.91139, 21.65424, 2.51845],
			"to": [4.74259, 23.48544, 2.82365],
			"rotation": {"angle": 22.5, "axis": "y", "origin": [9.32699, 22.56984, -2.70095]},
			"faces": {
				"east": {"uv": [9, 12, 9.5, 12.5], "rotation": 90, "texture": "#10"},
				"south": {"uv": [9, 12, 9.5, 12.5], "rotation": 90, "texture": "#10"},
				"west": {"uv": [9, 12, 9.5, 12.5], "rotation": 90, "texture": "#10"},
				"up": {"uv": [9, 12, 9.5, 12.5], "rotation": 90, "texture": "#10"},
				"down": {"uv": [9, 12, 9.5, 12.5], "rotation": 90, "texture": "#10"}
			}
		},
		{
			"name": "egg",
			"from": [2.91139, 21.65424, 0.99245],
			"to": [4.74259, 23.48544, 2.51845],
			"rotation": {"angle": 22.5, "axis": "y", "origin": [9.32699, 22.56984, -2.70095]},
			"faces": {
				"north": {"uv": [6.5, 8.5, 7, 9], "rotation": 270, "texture": "#10"},
				"east": {"uv": [6.5, 8.5, 7, 9], "rotation": 90, "texture": "#10"},
				"west": {"uv": [6.5, 8.5, 7, 9], "rotation": 270, "texture": "#10"},
				"up": {"uv": [6.5, 8.5, 7, 9], "texture": "#10"},
				"down": {"uv": [6.5, 8.5, 7, 9], "rotation": 180, "texture": "#10"}
			}
		},
		{
			"name": "egg",
			"from": [3.06399, 21.80684, 0.53465],
			"to": [4.58999, 23.33284, 1.11745],
			"rotation": {"angle": 22.5, "axis": "y", "origin": [9.32699, 22.56984, -2.70095]},
			"faces": {
				"north": {"uv": [6.5, 8.5, 7, 9], "rotation": 270, "texture": "#10"},
				"east": {"uv": [6.5, 8.5, 7, 9], "rotation": 90, "texture": "#10"},
				"west": {"uv": [6.5, 8.5, 7, 9], "rotation": 270, "texture": "#10"},
				"up": {"uv": [6.5, 8.5, 7, 9], "texture": "#10"},
				"down": {"uv": [6.5, 8.5, 7, 9], "rotation": 180, "texture": "#10"}
			}
		},
		{
			"name": "egg",
			"from": [3.36919, 22.11204, 0.22945],
			"to": [4.28479, 23.02764, 0.68725],
			"rotation": {"angle": 22.5, "axis": "y", "origin": [9.32699, 22.56984, -2.70095]},
			"faces": {
				"north": {"uv": [6.5, 8.5, 7, 9], "rotation": 270, "texture": "#10"},
				"east": {"uv": [6.5, 8.5, 7, 9], "rotation": 90, "texture": "#10"},
				"west": {"uv": [6.5, 8.5, 7, 9], "rotation": 270, "texture": "#10"},
				"up": {"uv": [6.5, 8.5, 7, 9], "texture": "#10"},
				"down": {"uv": [6.5, 8.5, 7, 9], "rotation": 180, "texture": "#10"}
			}
		},
		{
			"name": "egg",
			"from": [2.75879, 21.80684, 1.45025],
			"to": [4.89519, 23.33284, 2.51845],
			"rotation": {"angle": 22.5, "axis": "y", "origin": [9.32699, 22.56984, -2.70095]},
			"faces": {
				"north": {"uv": [6.5, 8.5, 7, 9], "rotation": 270, "texture": "#10"},
				"east": {"uv": [6.5, 8.5, 7, 9], "rotation": 90, "texture": "#10"},
				"south": {"uv": [6.5, 8.5, 7, 9], "rotation": 270, "texture": "#10"},
				"west": {"uv": [6.5, 8.5, 7, 9], "rotation": 270, "texture": "#10"},
				"up": {"uv": [6.5, 8.5, 7, 9], "texture": "#10"},
				"down": {"uv": [6.5, 8.5, 7, 9], "rotation": 180, "texture": "#10"}
			}
		},
		{
			"name": "egg",
			"from": [3.06399, 21.50164, 1.45806],
			"to": [4.58999, 23.63804, 2.52626],
			"rotation": {"angle": 22.5, "axis": "y", "origin": [9.32699, 22.56984, -2.69314]},
			"faces": {
				"north": {"uv": [6.5, 8.5, 7, 9], "texture": "#10"},
				"east": {"uv": [6.5, 8.5, 7, 9], "rotation": 90, "texture": "#10"},
				"south": {"uv": [6.5, 8.5, 7, 9], "rotation": 180, "texture": "#10"},
				"west": {"uv": [6.5, 8.5, 7, 9], "rotation": 270, "texture": "#10"},
				"up": {"uv": [6.5, 8.5, 7, 9], "texture": "#10"},
				"down": {"uv": [6.5, 8.5, 7, 9], "rotation": 180, "texture": "#10"}
			}
		},
		{
			"name": "egg",
			"from": [11.99719, 21.95944, 5.18865],
			"to": [12.30239, 23.18024, 6.40945],
			"rotation": {"angle": 22.5, "axis": "y", "origin": [13.32699, 22.56984, 5.79905]},
			"faces": {
				"north": {"uv": [9, 12, 9.5, 12.5], "rotation": 270, "texture": "#10"},
				"south": {"uv": [9, 12, 9.5, 12.5], "rotation": 270, "texture": "#10"},
				"west": {"uv": [9, 12, 9.5, 12.5], "rotation": 270, "texture": "#10"},
				"up": {"uv": [9, 12, 9.5, 12.5], "rotation": 270, "texture": "#10"},
				"down": {"uv": [9, 12, 9.5, 12.5], "rotation": 270, "texture": "#10"}
			}
		},
		{
			"name": "egg",
			"from": [12.30239, 21.65424, 4.88345],
			"to": [12.60759, 23.48544, 6.71465],
			"rotation": {"angle": 22.5, "axis": "y", "origin": [13.32699, 22.56984, 5.79905]},
			"faces": {
				"north": {"uv": [9, 12, 9.5, 12.5], "rotation": 270, "texture": "#10"},
				"south": {"uv": [9, 12, 9.5, 12.5], "rotation": 270, "texture": "#10"},
				"west": {"uv": [9, 12, 9.5, 12.5], "rotation": 270, "texture": "#10"},
				"up": {"uv": [9, 12, 9.5, 12.5], "rotation": 270, "texture": "#10"},
				"down": {"uv": [9, 12, 9.5, 12.5], "rotation": 270, "texture": "#10"}
			}
		},
		{
			"name": "egg",
			"from": [12.60759, 21.65424, 4.88345],
			"to": [14.13359, 23.48544, 6.71465],
			"rotation": {"angle": 22.5, "axis": "y", "origin": [13.32699, 22.56984, 5.79905]},
			"faces": {
				"north": {"uv": [6.5, 8.5, 7, 9], "rotation": 270, "texture": "#10"},
				"east": {"uv": [6.5, 8.5, 7, 9], "rotation": 270, "texture": "#10"},
				"south": {"uv": [6.5, 8.5, 7, 9], "rotation": 90, "texture": "#10"},
				"up": {"uv": [6.5, 8.5, 7, 9], "rotation": 90, "texture": "#10"},
				"down": {"uv": [6.5, 8.5, 7, 9], "rotation": 90, "texture": "#10"}
			}
		},
		{
			"name": "egg",
			"from": [14.00859, 21.80684, 5.03605],
			"to": [14.59139, 23.33284, 6.56205],
			"rotation": {"angle": 22.5, "axis": "y", "origin": [13.32699, 22.56984, 5.79905]},
			"faces": {
				"north": {"uv": [6.5, 8.5, 7, 9], "rotation": 270, "texture": "#10"},
				"east": {"uv": [6.5, 8.5, 7, 9], "rotation": 270, "texture": "#10"},
				"south": {"uv": [6.5, 8.5, 7, 9], "rotation": 90, "texture": "#10"},
				"up": {"uv": [6.5, 8.5, 7, 9], "rotation": 90, "texture": "#10"},
				"down": {"uv": [6.5, 8.5, 7, 9], "rotation": 90, "texture": "#10"}
			}
		},
		{
			"name": "egg",
			"from": [14.43879, 22.11204, 5.34125],
			"to": [14.89659, 23.02764, 6.25685],
			"rotation": {"angle": 22.5, "axis": "y", "origin": [13.32699, 22.56984, 5.79905]},
			"faces": {
				"north": {"uv": [6.5, 8.5, 7, 9], "rotation": 270, "texture": "#10"},
				"east": {"uv": [6.5, 8.5, 7, 9], "rotation": 270, "texture": "#10"},
				"south": {"uv": [6.5, 8.5, 7, 9], "rotation": 90, "texture": "#10"},
				"up": {"uv": [6.5, 8.5, 7, 9], "rotation": 90, "texture": "#10"},
				"down": {"uv": [6.5, 8.5, 7, 9], "rotation": 90, "texture": "#10"}
			}
		},
		{
			"name": "egg",
			"from": [12.60759, 21.80684, 4.73085],
			"to": [13.67579, 23.33284, 6.86725],
			"rotation": {"angle": 22.5, "axis": "y", "origin": [13.32699, 22.56984, 5.79905]},
			"faces": {
				"north": {"uv": [6.5, 8.5, 7, 9], "rotation": 270, "texture": "#10"},
				"east": {"uv": [6.5, 8.5, 7, 9], "rotation": 270, "texture": "#10"},
				"south": {"uv": [6.5, 8.5, 7, 9], "rotation": 90, "texture": "#10"},
				"west": {"uv": [6.5, 8.5, 7, 9], "rotation": 270, "texture": "#10"},
				"up": {"uv": [6.5, 8.5, 7, 9], "rotation": 90, "texture": "#10"},
				"down": {"uv": [6.5, 8.5, 7, 9], "rotation": 90, "texture": "#10"}
			}
		},
		{
			"name": "egg",
			"from": [12.59978, 21.50164, 5.03605],
			"to": [13.66798, 23.63804, 6.56205],
			"rotation": {"angle": 22.5, "axis": "y", "origin": [13.31918, 22.56984, 5.79905]},
			"faces": {
				"north": {"uv": [6.5, 8.5, 7, 9], "rotation": 270, "texture": "#10"},
				"east": {"uv": [6.5, 8.5, 7, 9], "texture": "#10"},
				"south": {"uv": [6.5, 8.5, 7, 9], "rotation": 90, "texture": "#10"},
				"west": {"uv": [6.5, 8.5, 7, 9], "rotation": 180, "texture": "#10"},
				"up": {"uv": [6.5, 8.5, 7, 9], "rotation": 90, "texture": "#10"},
				"down": {"uv": [6.5, 8.5, 7, 9], "rotation": 90, "texture": "#10"}
			}
		},
		{
			"name": "egg",
			"from": [10.5158, 21.49004, 7.54559],
			"to": [11.7366, 21.79524, 8.76639],
			"rotation": {"angle": 0, "axis": "y", "origin": [11.32699, 22.56984, 3.29905]},
			"faces": {
				"north": {"uv": [9, 12, 9.5, 12.5], "texture": "#10"},
				"east": {"uv": [9, 12, 9.5, 12.5], "texture": "#10"},
				"south": {"uv": [9, 12, 9.5, 12.5], "texture": "#10"},
				"west": {"uv": [9, 12, 9.5, 12.5], "texture": "#10"}
			}
		},
		{
			"name": "egg",
			"from": [10.2106, 21.79524, 7.24039],
			"to": [12.0418, 22.10044, 9.07159],
			"rotation": {"angle": 0, "axis": "y", "origin": [11.32699, 22.56984, 3.29905]},
			"faces": {
				"north": {"uv": [9, 12, 9.5, 12.5], "texture": "#10"},
				"east": {"uv": [9, 12, 9.5, 12.5], "texture": "#10"},
				"south": {"uv": [9, 12, 9.5, 12.5], "texture": "#10"},
				"west": {"uv": [9, 12, 9.5, 12.5], "texture": "#10"},
				"down": {"uv": [9, 12, 9.5, 12.5], "texture": "#10"}
			}
		},
		{
			"name": "egg",
			"from": [10.2106, 22.10044, 7.24039],
			"to": [12.0418, 23.62644, 9.07159],
			"rotation": {"angle": 0, "axis": "y", "origin": [11.32699, 22.56984, 3.29905]},
			"faces": {
				"north": {"uv": [6.5, 8.5, 7, 9], "texture": "#10"},
				"east": {"uv": [6.5, 8.5, 7, 9], "texture": "#10"},
				"south": {"uv": [6.5, 8.5, 7, 9], "texture": "#10"},
				"west": {"uv": [6.5, 8.5, 7, 9], "texture": "#10"},
				"up": {"uv": [6.5, 8.5, 7, 9], "rotation": 90, "texture": "#10"}
			}
		},
		{
			"name": "egg",
			"from": [10.3632, 23.50144, 7.39299],
			"to": [11.8892, 24.08424, 8.91899],
			"rotation": {"angle": 0, "axis": "y", "origin": [11.32699, 22.56984, 3.29905]},
			"faces": {
				"north": {"uv": [6.5, 8.5, 7, 9], "texture": "#10"},
				"east": {"uv": [6.5, 8.5, 7, 9], "texture": "#10"},
				"south": {"uv": [6.5, 8.5, 7, 9], "texture": "#10"},
				"west": {"uv": [6.5, 8.5, 7, 9], "texture": "#10"}
			}
		},
		{
			"name": "egg",
			"from": [10.058, 22.09263, 7.39299],
			"to": [12.1944, 23.16083, 8.91899],
			"rotation": {"angle": 0, "axis": "y", "origin": [11.32699, 22.56203, 3.29905]},
			"faces": {
				"north": {"uv": [6.5, 8.5, 7, 9], "texture": "#10"},
				"east": {"uv": [6.5, 8.5, 7, 9], "texture": "#10"},
				"south": {"uv": [6.5, 8.5, 7, 9], "texture": "#10"},
				"west": {"uv": [6.5, 8.5, 7, 9], "texture": "#10"},
				"up": {"uv": [6.5, 8.5, 7, 9], "rotation": 90, "texture": "#10"},
				"down": {"uv": [6.5, 8.5, 7, 9], "rotation": 270, "texture": "#10"}
			}
		},
		{
			"name": "egg",
			"from": [10.3632, 22.10044, 7.08779],
			"to": [11.8892, 23.16864, 9.22419],
			"rotation": {"angle": 0, "axis": "y", "origin": [11.32699, 22.56984, 3.29905]},
			"faces": {
				"north": {"uv": [6.5, 8.5, 7, 9], "texture": "#10"},
				"east": {"uv": [6.5, 8.5, 7, 9], "texture": "#10"},
				"south": {"uv": [6.5, 8.5, 7, 9], "texture": "#10"},
				"west": {"uv": [6.5, 8.5, 7, 9], "texture": "#10"},
				"up": {"uv": [6.5, 8.5, 7, 9], "rotation": 180, "texture": "#10"},
				"down": {"uv": [6.5, 8.5, 7, 9], "rotation": 180, "texture": "#10"}
			}
		},
		{
			"name": "egg",
			"from": [6.5158, 23.49004, 14.42059],
			"to": [7.7366, 23.79524, 15.64139],
			"rotation": {"angle": 22.5, "axis": "x", "origin": [7.32699, 24.56984, 10.17405]},
			"faces": {
				"north": {"uv": [9, 12, 9.5, 12.5], "texture": "#10"},
				"east": {"uv": [9, 12, 9.5, 12.5], "texture": "#10"},
				"south": {"uv": [9, 12, 9.5, 12.5], "texture": "#10"},
				"west": {"uv": [9, 12, 9.5, 12.5], "texture": "#10"},
				"down": {"uv": [9, 12, 9.5, 12.5], "texture": "#10"}
			}
		},
		{
			"name": "egg",
			"from": [6.2106, 23.79524, 14.11539],
			"to": [8.0418, 24.10044, 15.94659],
			"rotation": {"angle": 22.5, "axis": "x", "origin": [7.32699, 24.56984, 10.17405]},
			"faces": {
				"north": {"uv": [9, 12, 9.5, 12.5], "texture": "#10"},
				"east": {"uv": [9, 12, 9.5, 12.5], "texture": "#10"},
				"south": {"uv": [9, 12, 9.5, 12.5], "texture": "#10"},
				"west": {"uv": [9, 12, 9.5, 12.5], "texture": "#10"},
				"down": {"uv": [9, 12, 9.5, 12.5], "texture": "#10"}
			}
		},
		{
			"name": "egg",
			"from": [6.2106, 24.10044, 14.11539],
			"to": [8.0418, 25.62644, 15.94659],
			"rotation": {"angle": 22.5, "axis": "x", "origin": [7.32699, 24.56984, 10.17405]},
			"faces": {
				"north": {"uv": [6.5, 8.5, 7, 9], "texture": "#10"},
				"east": {"uv": [6.5, 8.5, 7, 9], "texture": "#10"},
				"south": {"uv": [6.5, 8.5, 7, 9], "texture": "#10"},
				"west": {"uv": [6.5, 8.5, 7, 9], "texture": "#10"},
				"up": {"uv": [6.5, 8.5, 7, 9], "rotation": 90, "texture": "#10"}
			}
		},
		{
			"name": "egg",
			"from": [6.3632, 25.50144, 14.26799],
			"to": [7.8892, 26.08424, 15.79399],
			"rotation": {"angle": 22.5, "axis": "x", "origin": [7.32699, 24.56984, 10.17405]},
			"faces": {
				"north": {"uv": [6.5, 8.5, 7, 9], "texture": "#10"},
				"east": {"uv": [6.5, 8.5, 7, 9], "texture": "#10"},
				"south": {"uv": [6.5, 8.5, 7, 9], "texture": "#10"},
				"west": {"uv": [6.5, 8.5, 7, 9], "texture": "#10"},
				"up": {"uv": [6.5, 8.5, 7, 9], "rotation": 90, "texture": "#10"}
			}
		},
		{
			"name": "egg",
			"from": [6.6684, 25.93164, 14.57319],
			"to": [7.584, 26.38944, 15.48879],
			"rotation": {"angle": 22.5, "axis": "x", "origin": [7.32699, 24.56984, 10.17405]},
			"faces": {
				"east": {"uv": [6.5, 8.5, 7, 9], "texture": "#10"},
				"south": {"uv": [6.5, 8.5, 7, 9], "texture": "#10"},
				"west": {"uv": [6.5, 8.5, 7, 9], "texture": "#10"}
			}
		},
		{
			"name": "egg",
			"from": [6.058, 24.10044, 14.26799],
			"to": [8.1944, 25.16864, 15.79399],
			"rotation": {"angle": 22.5, "axis": "x", "origin": [7.32699, 24.56984, 10.17405]},
			"faces": {
				"north": {"uv": [6.5, 8.5, 7, 9], "texture": "#10"},
				"east": {"uv": [6.5, 8.5, 7, 9], "texture": "#10"},
				"south": {"uv": [6.5, 8.5, 7, 9], "texture": "#10"},
				"west": {"uv": [6.5, 8.5, 7, 9], "texture": "#10"},
				"up": {"uv": [6.5, 8.5, 7, 9], "rotation": 90, "texture": "#10"},
				"down": {"uv": [6.5, 8.5, 7, 9], "rotation": 270, "texture": "#10"}
			}
		},
		{
			"name": "egg",
			"from": [6.3632, 24.09263, 13.96279],
			"to": [7.8892, 25.16083, 16.09919],
			"rotation": {"angle": 22.5, "axis": "x", "origin": [7.32699, 24.56203, 10.17405]},
			"faces": {
				"north": {"uv": [6.5, 8.5, 7, 9], "texture": "#10"},
				"east": {"uv": [6.5, 8.5, 7, 9], "texture": "#10"},
				"south": {"uv": [6.5, 8.5, 7, 9], "texture": "#10"},
				"west": {"uv": [6.5, 8.5, 7, 9], "texture": "#10"},
				"up": {"uv": [6.5, 8.5, 7, 9], "rotation": 180, "texture": "#10"},
				"down": {"uv": [6.5, 8.5, 7, 9], "rotation": 180, "texture": "#10"}
			}
		},
		{
			"from": [10.625, 2.75, 15.5],
			"to": [12.125, 5.5, 17],
			"rotation": {"angle": -22.5, "axis": "x", "origin": [11.375, 18, 16.25]},
			"faces": {
				"north": {"uv": [8, 0, 2, 16], "texture": "#13"},
				"east": {"uv": [13, 9, 10.5, 16], "rotation": 180, "texture": "#13"},
				"south": {"uv": [16, 9, 10, 16], "texture": "#13"},
				"west": {"uv": [16, 0, 13.5, 16], "texture": "#13"},
				"up": {"uv": [16, 7, 10, 12], "rotation": 90, "texture": "#13"},
				"down": {"uv": [16, 7, 10, 12], "rotation": 270, "texture": "#13"}
			}
		},
		{
			"from": [3.875, 16, 15.5],
			"to": [5.375, 18.75, 17.125],
			"rotation": {"angle": -22.5, "axis": "x", "origin": [4.625, 17.25, 16.25]},
			"faces": {
				"east": {"uv": [13.5, 0, 16, 16], "texture": "#13"},
				"south": {"uv": [10, 9, 16, 16], "texture": "#13"},
				"west": {"uv": [10.5, 9, 13, 16], "rotation": 180, "texture": "#13"},
				"down": {"uv": [16, 12, 10, 7], "rotation": 270, "texture": "#13"}
			}
		},
		{
			"from": [10.6875, 16, 15.5],
			"to": [12.1875, 18.75, 17.125],
			"rotation": {"angle": -22.5, "axis": "x", "origin": [11.4375, 17.25, 16.25]},
			"faces": {
				"east": {"uv": [13, 9, 10.5, 16], "rotation": 180, "texture": "#13"},
				"south": {"uv": [16, 9, 10, 16], "texture": "#13"},
				"west": {"uv": [16, 0, 13.5, 16], "texture": "#13"},
				"down": {"uv": [16, 7, 10, 12], "rotation": 270, "texture": "#13"}
			}
		},
		{
			"from": [3.875, 2.75, 15.5],
			"to": [5.375, 5.5, 17],
			"rotation": {"angle": -22.5, "axis": "x", "origin": [4.625, 18, 16.25]},
			"faces": {
				"north": {"uv": [2, 0, 8, 16], "texture": "#13"},
				"east": {"uv": [13.5, 0, 16, 16], "texture": "#13"},
				"south": {"uv": [10, 9, 16, 16], "texture": "#13"},
				"west": {"uv": [10.5, 9, 13, 16], "rotation": 180, "texture": "#13"},
				"up": {"uv": [16, 12, 10, 7], "rotation": 90, "texture": "#13"},
				"down": {"uv": [16, 12, 10, 7], "rotation": 270, "texture": "#13"}
			}
		},
		{
			"from": [7.625, 16.7375, 17.15625],
			"to": [8.375, 17.3625, 17.90625],
			"rotation": {"angle": 0, "axis": "x", "origin": [8, 17.62813, 17.52344]},
			"faces": {
				"north": {"uv": [0.25, 9.25, 0.5, 9.5], "texture": "#heads"},
				"east": {"uv": [0.25, 9.25, 0.5, 9.5], "texture": "#heads"},
				"south": {"uv": [0.25, 9.25, 0.5, 9.5], "texture": "#heads"},
				"west": {"uv": [0.25, 9.25, 0.5, 9.5], "texture": "#heads"},
				"down": {"uv": [0.25, 9.25, 0.5, 9.5], "texture": "#heads"}
			}
		},
		{
			"from": [7.125, 17.3625, 17.65625],
			"to": [8.875, 17.8625, 18.40625],
			"rotation": {"angle": 0, "axis": "x", "origin": [8, 17.62813, 17.52344]},
			"faces": {
				"east": {"uv": [1, 9.75, 1.5, 10.25], "texture": "#heads"},
				"south": {"uv": [1, 9.75, 1.5, 10.25], "texture": "#heads"},
				"west": {"uv": [1, 9.75, 1.5, 10.25], "texture": "#heads"},
				"up": {"uv": [2, 9.25, 3, 9.75], "texture": "#heads"},
				"down": {"uv": [1, 9.75, 1.5, 10.25], "texture": "#heads"}
			}
		},
		{
			"from": [7.125, 16.9875, 17.15625],
			"to": [8.875, 18.8625, 17.65625],
			"rotation": {"angle": 0, "axis": "x", "origin": [8, 17.62813, 17.52344]},
			"faces": {
				"north": {"uv": [7.5, 8, 11, 11.5], "rotation": 90, "texture": "#heads"},
				"east": {"uv": [2.25, 7.75, 1.75, 8.75], "texture": "#heads"},
				"south": {"uv": [0.25, 7.75, 1.25, 8.75], "texture": "#heads"},
				"west": {"uv": [1.75, 7.75, 2.25, 8.75], "texture": "#heads"},
				"up": {"uv": [1.75, 7.75, 2, 8], "rotation": 90, "texture": "#heads"},
				"down": {"uv": [2, 8.5, 2.25, 8.75], "rotation": 90, "texture": "#heads"}
			}
		},
		{
			"name": "hexadecagon",
			"from": [3.5, 4.30041, 21.5625],
			"to": [12.5, 4.44959, 22.3125],
			"rotation": {"angle": 22.5, "axis": "x", "origin": [4, 4.375, 21.9375]},
			"faces": {
				"north": {"uv": [0, 0, 0.5, 0.5], "texture": "#concrete_gray"},
				"east": {"uv": [0, 0, 0.5, 0.5], "texture": "#concrete_gray"},
				"south": {"uv": [0, 0, 0.5, 0.5], "texture": "#concrete_gray"},
				"west": {"uv": [0, 0, 0.5, 0.5], "texture": "#concrete_gray"},
				"up": {"uv": [0, 0, 0.5, 0.5], "texture": "#concrete_gray"},
				"down": {"uv": [0, 0, 0.5, 0.5], "texture": "#concrete_gray"}
			}
		},
		{
			"name": "hexadecagon",
			"from": [3.5, 4.30041, 21.5625],
			"to": [12.5, 4.44959, 22.3125],
			"rotation": {"angle": 45, "axis": "x", "origin": [4, 4.375, 21.9375]},
			"faces": {
				"north": {"uv": [0, 0, 0.5, 0.5], "texture": "#concrete_gray"},
				"east": {"uv": [0, 0, 0.5, 0.5], "texture": "#concrete_gray"},
				"south": {"uv": [0, 0, 0.5, 0.5], "texture": "#concrete_gray"},
				"west": {"uv": [0, 0, 0.5, 0.5], "texture": "#concrete_gray"},
				"up": {"uv": [0, 0, 0.5, 0.5], "texture": "#concrete_gray"},
				"down": {"uv": [0, 0, 0.5, 0.5], "texture": "#concrete_gray"}
			}
		},
		{
			"name": "hexadecagon",
			"from": [3.5, 4.30041, 21.5625],
			"to": [12.5, 4.44959, 22.3125],
			"rotation": {"angle": -45, "axis": "x", "origin": [4, 4.375, 21.9375]},
			"faces": {
				"north": {"uv": [0, 0, 0.5, 0.5], "texture": "#concrete_gray"},
				"east": {"uv": [0, 0, 0.5, 0.5], "texture": "#concrete_gray"},
				"south": {"uv": [0, 0, 0.5, 0.5], "texture": "#concrete_gray"},
				"west": {"uv": [0, 0, 0.5, 0.5], "texture": "#concrete_gray"},
				"up": {"uv": [0, 0, 0.5, 0.5], "texture": "#concrete_gray"},
				"down": {"uv": [0, 0, 0.5, 0.5], "texture": "#concrete_gray"}
			}
		},
		{
			"name": "hexadecagon",
			"from": [3.5, 4.30041, 21.5625],
			"to": [12.5, 4.44959, 22.3125],
			"rotation": {"angle": -22.5, "axis": "x", "origin": [4, 4.375, 21.9375]},
			"faces": {
				"north": {"uv": [0, 0, 0.5, 0.5], "texture": "#concrete_gray"},
				"east": {"uv": [0, 0, 0.5, 0.5], "texture": "#concrete_gray"},
				"south": {"uv": [0, 0, 0.5, 0.5], "texture": "#concrete_gray"},
				"west": {"uv": [0, 0, 0.5, 0.5], "texture": "#concrete_gray"},
				"up": {"uv": [0, 0, 0.5, 0.5], "texture": "#concrete_gray"},
				"down": {"uv": [0, 0, 0.5, 0.5], "texture": "#concrete_gray"}
			}
		},
		{
			"name": "hexadecagon",
			"from": [3.5, 4.30041, 21.5625],
			"to": [12.5, 4.44959, 22.3125],
			"rotation": {"angle": 0, "axis": "x", "origin": [4, 4.375, 21.9375]},
			"faces": {
				"north": {"uv": [0, 0, 0.5, 0.5], "texture": "#concrete_gray"},
				"east": {"uv": [0, 0, 0.5, 0.5], "texture": "#concrete_gray"},
				"south": {"uv": [0, 0, 0.5, 0.5], "texture": "#concrete_gray"},
				"west": {"uv": [0, 0, 0.5, 0.5], "texture": "#concrete_gray"},
				"up": {"uv": [0, 0, 0.5, 0.5], "texture": "#concrete_gray"},
				"down": {"uv": [0, 0, 0.5, 0.5], "texture": "#concrete_gray"}
			}
		},
		{
			"name": "hexadecagon",
			"from": [3.5, 4, 21.86291],
			"to": [12.5, 4.75, 22.01209],
			"rotation": {"angle": -22.5, "axis": "x", "origin": [4, 4.375, 21.9375]},
			"faces": {
				"north": {"uv": [0, 0, 0.5, 0.5], "texture": "#concrete_gray"},
				"east": {"uv": [0, 0, 0.5, 0.5], "texture": "#concrete_gray"},
				"south": {"uv": [0, 0, 0.5, 0.5], "texture": "#concrete_gray"},
				"west": {"uv": [0, 0, 0.5, 0.5], "texture": "#concrete_gray"},
				"up": {"uv": [0, 0, 0.5, 0.5], "texture": "#concrete_gray"},
				"down": {"uv": [0, 0, 0.5, 0.5], "texture": "#concrete_gray"}
			}
		},
		{
			"name": "hexadecagon",
			"from": [3.5, 4, 21.86291],
			"to": [12.5, 4.75, 22.01209],
			"rotation": {"angle": 0, "axis": "x", "origin": [4, 4.375, 21.9375]},
			"faces": {
				"north": {"uv": [0, 0, 0.5, 0.5], "texture": "#concrete_gray"},
				"east": {"uv": [0, 0, 0.5, 0.5], "texture": "#concrete_gray"},
				"south": {"uv": [0, 0, 0.5, 0.5], "texture": "#concrete_gray"},
				"west": {"uv": [0, 0, 0.5, 0.5], "texture": "#concrete_gray"},
				"up": {"uv": [0, 0, 0.5, 0.5], "texture": "#concrete_gray"},
				"down": {"uv": [0, 0, 0.5, 0.5], "texture": "#concrete_gray"}
			}
		},
		{
			"name": "hexadecagon",
			"from": [3.5, 4, 21.86291],
			"to": [12.5, 4.75, 22.01209],
			"rotation": {"angle": 22.5, "axis": "x", "origin": [4, 4.375, 21.9375]},
			"faces": {
				"north": {"uv": [0, 0, 0.5, 0.5], "texture": "#concrete_gray"},
				"east": {"uv": [0, 0, 0.5, 0.5], "texture": "#concrete_gray"},
				"south": {"uv": [0, 0, 0.5, 0.5], "texture": "#concrete_gray"},
				"west": {"uv": [0, 0, 0.5, 0.5], "texture": "#concrete_gray"},
				"up": {"uv": [0, 0, 0.5, 0.5], "texture": "#concrete_gray"},
				"down": {"uv": [0, 0, 0.5, 0.5], "texture": "#concrete_gray"}
			}
		},
		{
			"name": "top",
			"from": [-0.75, 24, -0.75],
			"to": [16.75, 26.375, 16.75],
			"rotation": {"angle": 0, "axis": "y", "origin": [7.90296, 17.22742, 5.35243]},
			"faces": {
				"north": {"uv": [11.3125, 10.1875, 6.375, 10.9375], "texture": "#16"},
				"east": {"uv": [11.3125, 10.1875, 6.375, 10.9375], "texture": "#16"},
				"south": {"uv": [11.3125, 10.1875, 6.375, 10.9375], "texture": "#16"},
				"west": {"uv": [11.3125, 10.1875, 6.375, 10.9375], "texture": "#16"}
			}
		},
		{
			"name": "top",
			"from": [16.75, 24, 16.75],
			"to": [-0.75, 26.375, -0.75],
			"rotation": {"angle": 0, "axis": "y", "origin": [20.66077, 17.22742, 14.61024]},
			"faces": {
				"north": {"uv": [11.3125, 10.1875, 6.375, 10.9375], "texture": "#16"},
				"east": {"uv": [11.3125, 10.1875, 6.375, 10.9375], "texture": "#16"},
				"south": {"uv": [11.3125, 10.1875, 6.375, 10.9375], "texture": "#16"},
				"west": {"uv": [11.3125, 10.1875, 6.375, 10.9375], "texture": "#16"}
			}
		},
		{
			"from": [-1, 0, -1],
			"to": [17, 3, 17],
			"faces": {
				"north": {"uv": [6, 1.0625, 0, 2.0625], "texture": "#8"},
				"east": {"uv": [0, 1.0625, 6, 2.0625], "texture": "#8"},
				"south": {"uv": [0, 0, 6, 1], "texture": "#8"},
				"west": {"uv": [6, 0, 0, 1], "texture": "#8"},
				"up": {"uv": [0, 4.6875, 6, 10.6875], "texture": "#8"}
			}
		},
		{
			"from": [-1, -1, -2.5],
			"to": [17, 2, 18.5],
			"rotation": {"angle": 0, "axis": "y", "origin": [8, 9.5, 8]},
			"faces": {
				"north": {"uv": [6.0625, 0, 12.0625, 1], "texture": "#8"},
				"east": {"uv": [0, 2.125, 7, 3.125], "texture": "#8"},
				"south": {"uv": [6.0625, 1.0625, 12.0625, 2.0625], "texture": "#8"},
				"west": {"uv": [7, 2.125, 0, 3.125], "texture": "#8"},
				"up": {"uv": [13.0625, 4.6875, 6.0625, 10.6875], "rotation": 90, "texture": "#8"}
			}
		},
		{
			"from": [-2.5, -1, -1],
			"to": [18.5, 2, 17],
			"rotation": {"angle": 0, "axis": "y", "origin": [8, 9.5, 8]},
			"faces": {
				"north": {"uv": [7, 2.125, 0, 3.125], "texture": "#8"},
				"east": {"uv": [6.0625, 0, 12.0625, 1], "texture": "#8"},
				"south": {"uv": [0, 2.125, 7, 3.125], "texture": "#8"},
				"west": {"uv": [6.0625, 1.0625, 12.0625, 2.0625], "texture": "#8"},
				"up": {"uv": [13.0625, 4.6875, 6.0625, 10.6875], "rotation": 180, "texture": "#8"}
			}
		},
		{
			"name": "chain",
			"from": [4.2733, 2.56526, 19.624],
			"to": [5.0233, 12.56526, 19.625],
			"rotation": {"angle": -22.5, "axis": "x", "origin": [5.71875, 8.38365, 11.125]},
			"faces": {
				"north": {"uv": [0.0625, 12.875, 0.25, 15.9375], "rotation": 180, "texture": "#16"},
				"east": {"uv": [0.3125, 12.875, 0.5, 15.9375], "rotation": 180, "texture": "#16"},
				"south": {"uv": [0.0625, 12.875, 0.25, 15.9375], "rotation": 180, "texture": "#16"},
				"west": {"uv": [0.3125, 12.875, 0.5, 15.9375], "rotation": 90, "texture": "#16"}
			}
		},
		{
			"name": "chain",
			"from": [4.2733, 12.56526, 19.624],
			"to": [5.0233, 18.56526, 19.625],
			"rotation": {"angle": -22.5, "axis": "x", "origin": [5.71875, 8.38365, 11.125]},
			"faces": {
				"north": {"uv": [0.3125, 13.75, 0.5, 15.75], "rotation": 180, "texture": "#16"},
				"east": {"uv": [0.3125, 12.875, 0.5, 15.9375], "rotation": 180, "texture": "#16"},
				"south": {"uv": [0.3125, 13.75, 0.5, 15.75], "rotation": 180, "texture": "#16"},
				"west": {"uv": [0.3125, 12.875, 0.5, 15.9375], "rotation": 90, "texture": "#16"}
			}
		},
		{
			"name": "chain",
			"from": [11.0392, 2.56526, 19.624],
			"to": [11.7892, 12.56526, 19.625],
			"rotation": {"angle": -22.5, "axis": "x", "origin": [10.34375, 8.38365, 11.125]},
			"faces": {
				"north": {"uv": [0.0625, 12.875, 0.25, 15.9375], "rotation": 180, "texture": "#16"},
				"east": {"uv": [0.3125, 12.875, 0.5, 15.9375], "rotation": 180, "texture": "#16"},
				"south": {"uv": [0.0625, 12.875, 0.25, 15.9375], "rotation": 180, "texture": "#16"},
				"west": {"uv": [0.3125, 12.875, 0.5, 15.9375], "rotation": 90, "texture": "#16"}
			}
		},
		{
			"name": "chain",
			"from": [11.0392, 12.56526, 19.624],
			"to": [11.7892, 18.56526, 19.625],
			"rotation": {"angle": -22.5, "axis": "x", "origin": [10.34375, 8.38365, 11.125]},
			"faces": {
				"north": {"uv": [0.3125, 13.75, 0.5, 15.75], "rotation": 180, "texture": "#16"},
				"east": {"uv": [0.3125, 12.875, 0.5, 15.9375], "rotation": 180, "texture": "#16"},
				"south": {"uv": [0.3125, 13.75, 0.5, 15.75], "rotation": 180, "texture": "#16"},
				"west": {"uv": [0.3125, 12.875, 0.5, 15.9375], "rotation": 90, "texture": "#16"}
			}
		},
		{
			"name": "chain",
			"from": [4.67073, 2.56526, 19.22656],
			"to": [4.67173, 12.56526, 19.97656],
			"rotation": {"angle": -22.5, "axis": "x", "origin": [5.71875, 8.38365, 11.125]},
			"faces": {
				"east": {"uv": [0.3125, 12.875, 0.5, 15.9375], "rotation": 180, "texture": "#16"},
				"south": {"uv": [0, 0, 0, 0], "rotation": 90, "texture": "#16"},
				"west": {"uv": [0.3125, 12.875, 0.5, 15.9375], "rotation": 180, "texture": "#16"}
			}
		},
		{
			"name": "chain",
			"from": [4.67073, 12.56526, 19.22656],
			"to": [4.67173, 18.56526, 19.97656],
			"rotation": {"angle": -22.5, "axis": "x", "origin": [5.71875, 8.38365, 11.125]},
			"faces": {
				"east": {"uv": [0.0625, 13, 0.25, 15], "rotation": 180, "texture": "#16"},
				"south": {"uv": [0, 0, 0, 0], "rotation": 90, "texture": "#16"},
				"west": {"uv": [0.0625, 13, 0.25, 15], "rotation": 180, "texture": "#16"}
			}
		},
		{
			"name": "chain",
			"from": [11.39077, 2.56526, 19.22656],
			"to": [11.39177, 12.56526, 19.97656],
			"rotation": {"angle": -22.5, "axis": "x", "origin": [10.34375, 8.38365, 11.125]},
			"faces": {
				"east": {"uv": [0.3125, 12.875, 0.5, 15.9375], "rotation": 180, "texture": "#16"},
				"south": {"uv": [0, 0, 0, 0], "rotation": 90, "texture": "#16"},
				"west": {"uv": [0.3125, 12.875, 0.5, 15.9375], "rotation": 180, "texture": "#16"}
			}
		},
		{
			"name": "chain",
			"from": [11.39077, 12.56526, 19.22656],
			"to": [11.39177, 18.56526, 19.97656],
			"rotation": {"angle": -22.5, "axis": "x", "origin": [10.34375, 8.38365, 11.125]},
			"faces": {
				"east": {"uv": [0.0625, 13, 0.25, 15], "rotation": 180, "texture": "#16"},
				"south": {"uv": [0, 0, 0, 0], "rotation": 90, "texture": "#16"},
				"west": {"uv": [0.0625, 13, 0.25, 15], "rotation": 180, "texture": "#16"}
			}
		}
	],
	"display": {
		"thirdperson_righthand": {
			"rotation": [75, -145, 0],
			"translation": [0, 2.5, 0],
			"scale": [0.375, 0.375, 0.375]
		},
		"gui": {
			"rotation": [30, -45, 0],
			"translation": [0, -1.25, 0],
			"scale": [0.38, 0.38, 0.38]
		},
		"head": {
			"rotation": [0, -180, 0],
			"translation": [0, -43, 0],
			"scale": [4, 4, 4]
		}
	},
	"groups": [0, 1, 2, 3, 4, 5, 6, 7, 8, 9, 10, 11, 12, 13, 14, 15, 16, 17, 18, 19, 20, 21, 22, 23, 24, 25, 26, 27, 28, 29, 30, 31, 32, 33, 34, 35, 36, 37, 38, 39, 40, 41, 42, 43, 44, 45, 46, 47, 48, 49, 50, 51, 52, 53, 54, 55, 56, 57, 58, 59, 60, 61, 62,
		{
			"name": "group",
			"origin": [1.75, 12.75, 8.25],
			"children": [
				{
					"name": "egg",
					"origin": [1.75, 12.75, 8.25],
					"children": [63, 64, 65, 66, 67, 68, 69]
				},
				{
					"name": "egg",
					"origin": [1.75, 12.75, 8.25],
					"children": [70, 71, 72, 73, 74, 75, 76]
				},
				{
					"name": "egg",
					"origin": [1.75, 12.75, 8.25],
					"children": []
				},
				{
					"name": "egg",
					"origin": [1.75, 12.75, 8.25],
					"children": [77, 78, 79, 80, 81, 82, 83]
				}
			]
		},
		{
			"name": "group",
			"origin": [1.75, 12.75, 8.25],
			"children": [
				{
					"name": "egg",
					"origin": [1.75, 12.75, 8.25],
					"children": [84, 85, 86, 87, 88, 89, 90]
				},
				{
					"name": "egg",
					"origin": [1.75, 12.75, 8.25],
					"children": [91, 92, 93, 94, 95, 96, 97]
				},
				{
					"name": "egg",
					"origin": [1.75, 12.75, 8.25],
					"children": [98, 99, 100, 101, 102, 103, 104]
				},
				{
					"name": "egg",
					"origin": [1.75, 12.75, 8.25],
					"children": [105, 106, 107, 108, 109, 110]
				},
				{
					"name": "egg",
					"origin": [1.75, 12.75, 8.25],
					"children": [111, 112, 113, 114, 115, 116, 117]
				}
			]
		},
		{
			"name": "chains_side",
			"origin": [8, 8, 8],
			"children": [
				{
					"name": "chain_left",
					"origin": [12.75, 12.375, 20.125],
					"children": [118]
				},
				{
					"name": "chain_right",
					"origin": [4.25, 12.375, 20.125],
					"children": [119, 120, 121]
				}
			]
		},
		{
			"name": "sign",
			"origin": [8, 15.75313, 24.52344],
			"children": [122, 123, 124]
		},
		{
			"name": "hexadecagon",
			"origin": [8, 8, 8],
			"children": [125, 126, 127, 128, 129, 130, 131, 132]
		}, 133, 134, 135, 136, 137,
		{
			"name": "chain",
			"origin": [8, 5.88365, 8],
			"children": [138, 139, 140, 141, 142, 143, 144, 145]
		}
	]
}