{
	"credit": "Made by MadstonMagic, using Cubik Pro & Blockbench",
	"parent": "towers/iron_golem/05_lvl_5",
	"textures": {
		"2": "towers_transparent/iron_block",
		"4": "towers_transparent/anvil",
		"6": "towers_transparent/bamboo_stalk",
		"7": "custom_transparent/mobs/iron_golem",
		"8": "towers_transparent/blast_furnace_side",
		"9": "towers_transparent/dark_oak_planks",
		"10": "towers_transparent/oak_planks",
		"11": "towers_transparent/emerald_block",
		"12": "towers_transparent/barrel_side",
		"13": "towers_transparent/dark_oak_log",
		"14": "towers_transparent/towers/iron_golem_lvl_1",
		"15": "custom_transparent/tool_rack",
		"particle": "towers_transparent/blast_furnace_side"
	}
}