{
	"credit": "Made by MadstonMagic, using Cubik Pro & Blockbench",
	"textures": {
		"particle": "custom_gui/08_yes"
	},
	"elements": [
		{
			"from": [19.5, 0, 7.75],
			"to": [21.5, 9, 8.25],
			"rotation": {"angle": 0, "axis": "y", "origin": [23.75, 8.25, 8]},
			"faces": {
				"north": {"uv": [0.5, 0.5, 2.5, 11], "texture": "#particle", "cullface": "south", "tintindex": 0},
				"east": {"uv": [15.875, 15.875, 16, 16], "texture": "#particle"},
				"south": {"uv": [15.875, 15.875, 16, 16], "texture": "#particle"},
				"west": {"uv": [15.875, 15.875, 16, 16], "texture": "#particle"},
				"up": {"uv": [15.875, 15.875, 16, 16], "texture": "#particle"},
				"down": {"uv": [15.875, 15.875, 16, 16], "texture": "#particle"}
			}
		},
		{
			"from": [-5.5, 0, 7.75],
			"to": [-3.5, 9, 8.25],
			"rotation": {"angle": 0, "axis": "y", "origin": [-7.75, 8.25, 8]},
			"faces": {
				"north": {"uv": [6, 0.5, 8, 11], "texture": "#particle", "cullface": "south", "tintindex": 0},
				"east": {"uv": [16, 15.875, 15.875, 16], "texture": "#particle"},
				"south": {"uv": [16, 15.875, 15.875, 16], "texture": "#particle"},
				"west": {"uv": [16, 15.875, 15.875, 16], "texture": "#particle"},
				"up": {"uv": [16, 15.875, 15.875, 16], "texture": "#particle"},
				"down": {"uv": [16, 15.875, 15.875, 16], "texture": "#particle"}
			}
		},
		{
			"from": [-3.5, 0, 7.75],
			"to": [19.5, 9, 8.25],
			"rotation": {"angle": 0, "axis": "y", "origin": [-7.25, 8.25, 8]},
			"faces": {
				"north": {"uv": [3, 0.5, 5.5, 11], "texture": "#particle", "cullface": "south", "tintindex": 0},
				"east": {"uv": [16, 15.875, 15.875, 16], "texture": "#particle"},
				"south": {"uv": [16, 15.875, 15.875, 16], "texture": "#particle"},
				"west": {"uv": [16, 15.875, 15.875, 16], "texture": "#particle"},
				"up": {"uv": [16, 15.875, 15.875, 16], "texture": "#particle"},
				"down": {"uv": [16, 15.875, 15.875, 16], "texture": "#particle"}
			}
		},
		{
			"from": [3, 3.5, 7.74219],
			"to": [10.5, 6.5, 8.24219],
			"rotation": {"angle": 0, "axis": "y", "origin": [-10.25, 8.25, 7.99219]},
			"faces": {
				"north": {"uv": [0.5, 11.5, 9, 15], "texture": "#particle", "cullface": "south", "tintindex": 0},
				"east": {"uv": [16, 15.875, 15.875, 16], "texture": "#particle"},
				"south": {"uv": [16, 15.875, 15.875, 16], "texture": "#particle"},
				"west": {"uv": [16, 15.875, 15.875, 16], "texture": "#particle"},
				"up": {"uv": [16, 15.875, 15.875, 16], "texture": "#particle"},
				"down": {"uv": [16, 15.875, 15.875, 16], "texture": "#particle"}
			}
		},
		{
			"from": [11, 3.5, 7.74219],
			"to": [13.5, 6, 8.24219],
			"rotation": {"angle": 0, "axis": "y", "origin": [-7.25, 8.25, 7.99219]},
			"faces": {
				"north": {"uv": [9, 1, 12.5, 4], "texture": "#particle", "cullface": "south", "tintindex": 0},
				"east": {"uv": [16, 15.875, 15.875, 16], "texture": "#particle"},
				"south": {"uv": [16, 15.875, 15.875, 16], "texture": "#particle"},
				"west": {"uv": [16, 15.875, 15.875, 16], "texture": "#particle"},
				"up": {"uv": [16, 15.875, 15.875, 16], "texture": "#particle"},
				"down": {"uv": [16, 15.875, 15.875, 16], "texture": "#particle"}
			}
		}
	],
	"gui_light": "front",
	"display": {
		"thirdperson_righthand": {
			"scale": [0, 0, 0]
		},
		"thirdperson_lefthand": {
			"scale": [0, 0, 0]
		},
		"firstperson_righthand": {
			"scale": [0, 0, 0]
		},
		"firstperson_lefthand": {
			"scale": [0, 0, 0]
		},
		"ground": {
			"scale": [0, 0, 0]
		},
		"gui": {
			"rotation": [0, -180, 0],
			"translation": [-0.25, 7.25, 1],
			"scale": [2, 2, 1]
		},
		"head": {
			"scale": [0, 0, 0]
		},
		"fixed": {
			"scale": [0, 0, 0]
		}
	}
}