{
	"credit": "Made by MadstonMagic, using Cubik Pro & Blockbench",
	"parent": "gui/gui",
	"textures": {
		"particle": "minecraft:custom_gui/15_quiver_full"
	},
    "gui_light": "front",
    "display": {
        "ground": {
            "rotation": [ 0, 0, 0 ],
            "translation": [ 0, 3, 0],
            "scale":[ 0.45, 0.45, 0.45 ]
        },
        "head": {
            "rotation": [ 0, 180, 0 ],
            "translation": [ 0, 13, 7],
            "scale":[ 1, 1, 1]
        },
        "thirdperson_righthand": {
            "rotation": [ 0, 0, 0 ],
            "translation": [ 0, 3, 1 ],
            "scale": [ 0.55, 0.55, 0.55 ]
        },
        "thirdperson_lefthand": {
            "rotation": [ 0, 0, 0 ],
            "translation": [ 0, 3, 1 ],
            "scale": [ 0.55, 0.55, 0.55 ]
        },
        "firstperson_righthand": {
            "rotation": [ 0, -90, -25 ],
            "translation": [ 1.13, 3.2, 1.13],
            "scale": [ 0.7, 0.7, 0.7 ]
        },
        "firstperson_lefthand": {
            "rotation": [ 0, -90, 25 ],
            "translation": [ 1.13, 3.2, 1.13],
            "scale": [ 0.68, 0.68, 0.68 ]
        },
        "fixed": {
            "rotation": [ 0, 180, 0 ],
            "scale": [ 1, 1, 1 ]
		}
	}
}