{
	"credit": "Made by MadstonMagic, using Cubik Pro & Blockbench",
	"textures": {
		"0": "custom/oak_spike_side",
		"1": "custom/oak_spike_top",
		"2": "block/oak_log",
		"4": "block/anvil",
		"5": "custom/oak_spike_top_2",
		"particle": "custom/oak_spike_side"
	},
	"elements": [
		{
			"from": [0, 5.5, 12.75],
			"to": [17, 9.5, 15.75],
			"rotation": {"angle": 0, "axis": "z", "origin": [9.5, 7.5, 13.75]},
			"faces": {
				"north": {"uv": [7, 0, 12, 16], "rotation": 270, "texture": "#2"},
				"east": {"uv": [6, 0, 9, 5], "rotation": 180, "texture": "#2"},
				"south": {"uv": [7, 0, 12, 16], "rotation": 90, "texture": "#2"},
				"west": {"uv": [10, 11, 13, 14], "rotation": 90, "texture": "#2"},
				"up": {"uv": [4, 0, 7, 16], "rotation": 90, "texture": "#2"},
				"down": {"uv": [10, 0, 13, 16], "rotation": 90, "texture": "#2"}
			}
		},
		{
			"from": [0, 6, 12.25],
			"to": [17, 9, 16.25],
			"rotation": {"angle": 0, "axis": "z", "origin": [9.5, 7.5, 13.75]},
			"faces": {
				"north": {"uv": [8, 0, 11, 16], "rotation": 270, "texture": "#2"},
				"east": {"uv": [5, 1, 10, 4], "rotation": 180, "texture": "#2"},
				"south": {"uv": [8, 0, 11, 16], "rotation": 90, "texture": "#2"},
				"west": {"uv": [10, 11, 13, 14], "rotation": 90, "texture": "#2"},
				"up": {"uv": [3, 0, 8, 16], "rotation": 90, "texture": "#2"},
				"down": {"uv": [9, 0, 14, 16], "rotation": 90, "texture": "#2"}
			}
		},
		{
			"from": [-0.5, 6, 12.75],
			"to": [17, 9, 15.75],
			"rotation": {"angle": 0, "axis": "z", "origin": [9.5, 7.5, 13.75]},
			"faces": {
				"north": {"uv": [10, 0, 14, 16], "rotation": 270, "texture": "#2"},
				"south": {"uv": [8, 0, 12, 16], "rotation": 90, "texture": "#2"},
				"west": {"uv": [10, 11, 13, 14], "rotation": 90, "texture": "#2"},
				"up": {"uv": [0, 0, 4, 16], "rotation": 90, "texture": "#2"},
				"down": {"uv": [4, 0, 8, 16], "rotation": 90, "texture": "#2"}
			}
		},
		{
			"from": [7, -1, 15.5],
			"to": [10, 16, 19.5],
			"rotation": {"angle": 0, "axis": "y", "origin": [15, 9, 23.5]},
			"faces": {
				"north": {"uv": [8, 0, 11, 16], "texture": "#0"},
				"east": {"uv": [9, 0, 14, 16], "texture": "#0"},
				"south": {"uv": [8, 0, 11, 16], "texture": "#0"},
				"west": {"uv": [3, 0, 8, 16], "texture": "#0"},
				"up": {"uv": [5, 1, 10, 4], "rotation": 90, "texture": "#0"},
				"down": {"uv": [10, 11, 13, 14], "texture": "#0"}
			}
		},
		{
			"from": [7, -1, 9],
			"to": [10, 16, 13],
			"rotation": {"angle": 0, "axis": "y", "origin": [15, 9, 17]},
			"faces": {
				"north": {"uv": [8, 0, 11, 16], "texture": "#0"},
				"east": {"uv": [9, 0, 14, 16], "texture": "#0"},
				"south": {"uv": [8, 0, 11, 16], "texture": "#0"},
				"west": {"uv": [3, 0, 8, 16], "texture": "#0"},
				"up": {"uv": [5, 1, 10, 4], "rotation": 90, "texture": "#0"},
				"down": {"uv": [10, 11, 13, 14], "texture": "#0"}
			}
		},
		{
			"from": [7, 16.5, -0.5],
			"to": [10, 20.5, -0.495],
			"rotation": {"angle": -22.5, "axis": "x", "origin": [9, 16.5, -0.5]},
			"faces": {
				"north": {"uv": [0, 0, 16, 16], "texture": "#5"},
				"east": {"uv": [13.25, 1.875, 13.938, 2.625], "texture": "#5"},
				"south": {"uv": [0, 0, 16, 16], "texture": "#5"},
				"west": {"uv": [13.25, 1.875, 13.938, 2.625], "texture": "#5"},
				"up": {"uv": [13.25, 1.875, 13.938, 2.625], "texture": "#5"},
				"down": {"uv": [13.25, 1.875, 13.938, 2.625], "texture": "#5"}
			}
		},
		{
			"from": [6.995, 16.5, -3.5],
			"to": [7, 20.5, -0.5],
			"rotation": {"angle": -22.5, "axis": "z", "origin": [7, 16.5, -1.5]},
			"faces": {
				"north": {"uv": [13.25, 1.875, 13.938, 2.625], "texture": "#1"},
				"east": {"uv": [0, 0, 16, 16], "texture": "#1"},
				"south": {"uv": [13.25, 1.875, 13.938, 2.625], "texture": "#1"},
				"west": {"uv": [0, 0, 16, 16], "texture": "#1"},
				"up": {"uv": [13.25, 1.875, 13.938, 2.625], "rotation": 90, "texture": "#1"},
				"down": {"uv": [13.25, 1.875, 13.938, 2.625], "rotation": 270, "texture": "#1"}
			}
		},
		{
			"from": [10, 16.5, -3.5],
			"to": [10.005, 20.5, -0.5],
			"rotation": {"angle": 22.5, "axis": "z", "origin": [10, 16.5, -1.5]},
			"faces": {
				"north": {"uv": [13.938, 1.875, 13.25, 2.625], "texture": "#1"},
				"east": {"uv": [16, 0, 0, 16], "texture": "#1"},
				"south": {"uv": [13.938, 1.875, 13.25, 2.625], "texture": "#1"},
				"west": {"uv": [16, 0, 0, 16], "texture": "#1"},
				"up": {"uv": [13.25, 2.625, 13.938, 1.875], "rotation": 90, "texture": "#1"},
				"down": {"uv": [13.25, 2.625, 13.938, 1.875], "rotation": 270, "texture": "#1"}
			}
		},
		{
			"from": [7, 16.5, -3.505],
			"to": [10, 20.5, -3.5],
			"rotation": {"angle": 22.5, "axis": "x", "origin": [9, 16.5, -3.5]},
			"faces": {
				"north": {"uv": [16, 0, 0, 16], "texture": "#5"},
				"east": {"uv": [13.938, 1.875, 13.25, 2.625], "texture": "#5"},
				"south": {"uv": [16, 0, 0, 16], "texture": "#5"},
				"west": {"uv": [13.938, 1.875, 13.25, 2.625], "texture": "#5"},
				"up": {"uv": [13.25, 2.625, 13.938, 1.875], "texture": "#5"},
				"down": {"uv": [13.25, 2.625, 13.938, 1.875], "texture": "#5"}
			}
		},
		{
			"from": [7, -1.5, -3.5],
			"to": [10, 16.5, -0.5],
			"rotation": {"angle": 0, "axis": "y", "origin": [15, -6.5, 4]},
			"faces": {
				"north": {"uv": [10, 0, 14, 16], "texture": "#0"},
				"east": {"uv": [4, 0, 8, 16], "texture": "#0"},
				"south": {"uv": [8, 0, 12, 16], "texture": "#0"},
				"west": {"uv": [0, 0, 4, 16], "texture": "#0"},
				"up": {"uv": [9, 1, 12, 4], "rotation": 90, "texture": "#0"},
				"down": {"uv": [10, 11, 13, 14], "texture": "#0"}
			}
		},
		{
			"from": [6.5, -1, -3.5],
			"to": [10.5, 16, -0.5],
			"rotation": {"angle": 0, "axis": "y", "origin": [15, 9, 4]},
			"faces": {
				"north": {"uv": [7, 0, 12, 16], "texture": "#0"},
				"east": {"uv": [10, 0, 13, 16], "texture": "#0"},
				"south": {"uv": [7, 0, 12, 16], "texture": "#0"},
				"west": {"uv": [4, 0, 7, 16], "texture": "#0"},
				"up": {"uv": [6, 0, 9, 5], "rotation": 90, "texture": "#0"},
				"down": {"uv": [10, 11, 13, 14], "texture": "#0"}
			}
		},
		{
			"from": [7, -1, -4],
			"to": [10, 16, 0],
			"rotation": {"angle": 0, "axis": "y", "origin": [15, 9, 4]},
			"faces": {
				"north": {"uv": [8, 0, 11, 16], "texture": "#0"},
				"east": {"uv": [9, 0, 14, 16], "texture": "#0"},
				"south": {"uv": [8, 0, 11, 16], "texture": "#0"},
				"west": {"uv": [3, 0, 8, 16], "texture": "#0"},
				"up": {"uv": [5, 1, 10, 4], "rotation": 90, "texture": "#0"},
				"down": {"uv": [10, 11, 13, 14], "texture": "#0"}
			}
		},
		{
			"from": [7, -1, 2.5],
			"to": [10, 16, 6.5],
			"rotation": {"angle": 0, "axis": "y", "origin": [15, 9, 10.5]},
			"faces": {
				"north": {"uv": [8, 0, 11, 16], "texture": "#0"},
				"east": {"uv": [9, 0, 14, 16], "texture": "#0"},
				"south": {"uv": [8, 0, 11, 16], "texture": "#0"},
				"west": {"uv": [3, 0, 8, 16], "texture": "#0"},
				"up": {"uv": [5, 1, 10, 4], "rotation": 90, "texture": "#0"},
				"down": {"uv": [10, 11, 13, 14], "texture": "#0"}
			}
		},
		{
			"from": [6.5, -1, 3],
			"to": [10.5, 16, 6],
			"rotation": {"angle": 0, "axis": "y", "origin": [15, 9, 10.5]},
			"faces": {
				"north": {"uv": [7, 0, 12, 16], "texture": "#0"},
				"east": {"uv": [10, 0, 13, 16], "texture": "#0"},
				"south": {"uv": [7, 0, 12, 16], "texture": "#0"},
				"west": {"uv": [4, 0, 7, 16], "texture": "#0"},
				"up": {"uv": [6, 0, 9, 5], "rotation": 90, "texture": "#0"},
				"down": {"uv": [10, 11, 13, 14], "texture": "#0"}
			}
		},
		{
			"from": [7, -1.5, 3],
			"to": [10, 16.5, 6],
			"rotation": {"angle": 0, "axis": "y", "origin": [15, -6.5, 10.5]},
			"faces": {
				"north": {"uv": [10, 0, 14, 16], "texture": "#0"},
				"east": {"uv": [4, 0, 8, 16], "texture": "#0"},
				"south": {"uv": [8, 0, 12, 16], "texture": "#0"},
				"west": {"uv": [0, 0, 4, 16], "texture": "#0"},
				"up": {"uv": [9, 1, 12, 4], "rotation": 90, "texture": "#0"},
				"down": {"uv": [10, 11, 13, 14], "texture": "#0"}
			}
		},
		{
			"from": [7, 16.5, 2.995],
			"to": [10, 20.5, 3],
			"rotation": {"angle": 22.5, "axis": "x", "origin": [9, 16.5, 3]},
			"faces": {
				"north": {"uv": [16, 0, 0, 16], "texture": "#5"},
				"east": {"uv": [13.938, 1.875, 13.25, 2.625], "texture": "#5"},
				"south": {"uv": [16, 0, 0, 16], "texture": "#5"},
				"west": {"uv": [13.938, 1.875, 13.25, 2.625], "texture": "#5"},
				"up": {"uv": [13.25, 2.625, 13.938, 1.875], "texture": "#5"},
				"down": {"uv": [13.25, 2.625, 13.938, 1.875], "texture": "#5"}
			}
		},
		{
			"from": [10, 16.5, 3],
			"to": [10.005, 20.5, 6],
			"rotation": {"angle": 22.5, "axis": "z", "origin": [10, 16.5, 5]},
			"faces": {
				"north": {"uv": [13.938, 1.875, 13.25, 2.625], "texture": "#1"},
				"east": {"uv": [16, 0, 0, 16], "texture": "#1"},
				"south": {"uv": [13.938, 1.875, 13.25, 2.625], "texture": "#1"},
				"west": {"uv": [16, 0, 0, 16], "texture": "#1"},
				"up": {"uv": [13.25, 2.625, 13.938, 1.875], "rotation": 90, "texture": "#1"},
				"down": {"uv": [13.25, 2.625, 13.938, 1.875], "rotation": 270, "texture": "#1"}
			}
		},
		{
			"from": [6.995, 16.5, 3],
			"to": [7, 20.5, 6],
			"rotation": {"angle": -22.5, "axis": "z", "origin": [7, 16.5, 5]},
			"faces": {
				"north": {"uv": [13.25, 1.875, 13.938, 2.625], "texture": "#1"},
				"east": {"uv": [0, 0, 16, 16], "texture": "#1"},
				"south": {"uv": [13.25, 1.875, 13.938, 2.625], "texture": "#1"},
				"west": {"uv": [0, 0, 16, 16], "texture": "#1"},
				"up": {"uv": [13.25, 1.875, 13.938, 2.625], "rotation": 90, "texture": "#1"},
				"down": {"uv": [13.25, 1.875, 13.938, 2.625], "rotation": 270, "texture": "#1"}
			}
		},
		{
			"from": [7, 16.5, 6],
			"to": [10, 20.5, 6.005],
			"rotation": {"angle": -22.5, "axis": "x", "origin": [9, 16.5, 6]},
			"faces": {
				"north": {"uv": [0, 0, 16, 16], "texture": "#5"},
				"east": {"uv": [13.25, 1.875, 13.938, 2.625], "texture": "#5"},
				"south": {"uv": [0, 0, 16, 16], "texture": "#5"},
				"west": {"uv": [13.25, 1.875, 13.938, 2.625], "texture": "#5"},
				"up": {"uv": [13.25, 1.875, 13.938, 2.625], "texture": "#5"},
				"down": {"uv": [13.25, 1.875, 13.938, 2.625], "texture": "#5"}
			}
		},
		{
			"from": [6.5, -1, 9.5],
			"to": [10.5, 16, 12.5],
			"rotation": {"angle": 0, "axis": "y", "origin": [15, 9, 17]},
			"faces": {
				"north": {"uv": [7, 0, 12, 16], "texture": "#0"},
				"east": {"uv": [10, 0, 13, 16], "texture": "#0"},
				"south": {"uv": [7, 0, 12, 16], "texture": "#0"},
				"west": {"uv": [4, 0, 7, 16], "texture": "#0"},
				"up": {"uv": [6, 0, 9, 5], "rotation": 90, "texture": "#0"},
				"down": {"uv": [10, 11, 13, 14], "texture": "#0"}
			}
		},
		{
			"from": [7, -1.5, 9.5],
			"to": [10, 16.5, 12.5],
			"rotation": {"angle": 0, "axis": "y", "origin": [15, -6.5, 17]},
			"faces": {
				"north": {"uv": [10, 0, 14, 16], "texture": "#0"},
				"east": {"uv": [4, 0, 8, 16], "texture": "#0"},
				"south": {"uv": [8, 0, 12, 16], "texture": "#0"},
				"west": {"uv": [0, 0, 4, 16], "texture": "#0"},
				"up": {"uv": [9, 1, 12, 4], "rotation": 90, "texture": "#0"},
				"down": {"uv": [10, 11, 13, 14], "texture": "#0"}
			}
		},
		{
			"from": [7, 16.5, 9.495],
			"to": [10, 20.5, 9.5],
			"rotation": {"angle": 22.5, "axis": "x", "origin": [9, 16.5, 9.5]},
			"faces": {
				"north": {"uv": [16, 0, 0, 16], "texture": "#5"},
				"east": {"uv": [13.938, 1.875, 13.25, 2.625], "texture": "#5"},
				"south": {"uv": [16, 0, 0, 16], "texture": "#5"},
				"west": {"uv": [13.938, 1.875, 13.25, 2.625], "texture": "#5"},
				"up": {"uv": [13.25, 2.625, 13.938, 1.875], "texture": "#5"},
				"down": {"uv": [13.25, 2.625, 13.938, 1.875], "texture": "#5"}
			}
		},
		{
			"from": [10, 16.5, 9.5],
			"to": [10.005, 20.5, 12.5],
			"rotation": {"angle": 22.5, "axis": "z", "origin": [10, 16.5, 11.5]},
			"faces": {
				"north": {"uv": [13.938, 1.875, 13.25, 2.625], "texture": "#1"},
				"east": {"uv": [16, 0, 0, 16], "texture": "#1"},
				"south": {"uv": [13.938, 1.875, 13.25, 2.625], "texture": "#1"},
				"west": {"uv": [16, 0, 0, 16], "texture": "#1"},
				"up": {"uv": [13.25, 2.625, 13.938, 1.875], "rotation": 90, "texture": "#1"},
				"down": {"uv": [13.25, 2.625, 13.938, 1.875], "rotation": 270, "texture": "#1"}
			}
		},
		{
			"from": [6.995, 16.5, 9.5],
			"to": [7, 20.5, 12.5],
			"rotation": {"angle": -22.5, "axis": "z", "origin": [7, 16.5, 11.5]},
			"faces": {
				"north": {"uv": [13.25, 1.875, 13.938, 2.625], "texture": "#1"},
				"east": {"uv": [0, 0, 16, 16], "texture": "#1"},
				"south": {"uv": [13.25, 1.875, 13.938, 2.625], "texture": "#1"},
				"west": {"uv": [0, 0, 16, 16], "texture": "#1"},
				"up": {"uv": [13.25, 1.875, 13.938, 2.625], "rotation": 90, "texture": "#1"},
				"down": {"uv": [13.25, 1.875, 13.938, 2.625], "rotation": 270, "texture": "#1"}
			}
		},
		{
			"from": [7, 16.5, 12.5],
			"to": [10, 20.5, 12.505],
			"rotation": {"angle": -22.5, "axis": "x", "origin": [9, 16.5, 12.5]},
			"faces": {
				"north": {"uv": [0, 0, 16, 16], "texture": "#5"},
				"east": {"uv": [13.25, 1.875, 13.938, 2.625], "texture": "#5"},
				"south": {"uv": [0, 0, 16, 16], "texture": "#5"},
				"west": {"uv": [13.25, 1.875, 13.938, 2.625], "texture": "#5"},
				"up": {"uv": [13.25, 1.875, 13.938, 2.625], "texture": "#5"},
				"down": {"uv": [13.25, 1.875, 13.938, 2.625], "texture": "#5"}
			}
		},
		{
			"from": [7, 12.5, 15.25],
			"to": [10, 15.5, 19.75],
			"rotation": {"angle": 0, "axis": "y", "origin": [15, 9, 23.75]},
			"faces": {
				"north": {"uv": [8, 3, 13, 8], "texture": "#4"},
				"east": {"uv": [4, 3, 13, 8], "texture": "#4"},
				"south": {"uv": [8, 3, 13, 8], "texture": "#4"},
				"west": {"uv": [4, 3, 13, 8], "texture": "#4"},
				"up": {"uv": [4, 3, 9, 12], "texture": "#4"},
				"down": {"uv": [4, 3, 9, 12], "texture": "#4"}
			}
		},
		{
			"from": [0.5, 6, 12],
			"to": [3.5, 9, 16.5],
			"rotation": {"angle": 0, "axis": "z", "origin": [2, 7.5, 14.25]},
			"faces": {
				"north": {"uv": [8, 3, 13, 8], "rotation": 270, "texture": "#4"},
				"east": {"uv": [4, 3, 9, 12], "rotation": 90, "texture": "#4"},
				"south": {"uv": [8, 3, 13, 8], "rotation": 90, "texture": "#4"},
				"west": {"uv": [4, 3, 9, 12], "rotation": 90, "texture": "#4"},
				"up": {"uv": [4, 3, 13, 8], "rotation": 90, "texture": "#4"},
				"down": {"uv": [4, 3, 13, 8], "rotation": 90, "texture": "#4"}
			}
		},
		{
			"from": [0.5, 6, 5.5],
			"to": [3.5, 9, 10],
			"rotation": {"angle": 0, "axis": "z", "origin": [2, 7.5, 7.75]},
			"faces": {
				"north": {"uv": [8, 3, 13, 8], "rotation": 270, "texture": "#4"},
				"east": {"uv": [4, 3, 9, 12], "rotation": 90, "texture": "#4"},
				"south": {"uv": [8, 3, 13, 8], "rotation": 90, "texture": "#4"},
				"west": {"uv": [4, 3, 9, 12], "rotation": 90, "texture": "#4"},
				"up": {"uv": [4, 3, 13, 8], "rotation": 90, "texture": "#4"},
				"down": {"uv": [4, 3, 13, 8], "rotation": 90, "texture": "#4"}
			}
		},
		{
			"from": [0.5, 6, -1],
			"to": [3.5, 9, 3.5],
			"rotation": {"angle": 0, "axis": "z", "origin": [2, 7.5, 1.25]},
			"faces": {
				"north": {"uv": [8, 3, 13, 8], "rotation": 270, "texture": "#4"},
				"east": {"uv": [4, 3, 9, 12], "rotation": 90, "texture": "#4"},
				"south": {"uv": [8, 3, 13, 8], "rotation": 90, "texture": "#4"},
				"west": {"uv": [4, 3, 9, 12], "rotation": 90, "texture": "#4"},
				"up": {"uv": [4, 3, 13, 8], "rotation": 90, "texture": "#4"},
				"down": {"uv": [4, 3, 13, 8], "rotation": 90, "texture": "#4"}
			}
		},
		{
			"from": [19, 6, 12.25],
			"to": [22, 9, 16.25],
			"rotation": {"angle": 0, "axis": "y", "origin": [27, 2.5, 20.25]},
			"faces": {
				"north": {"uv": [2.5, 5.5, 7.5, 10.5], "texture": "#4"},
				"east": {"uv": [4, 3, 10, 8], "texture": "#4"},
				"south": {"uv": [6.5, 5, 11.5, 10], "texture": "#4"},
				"west": {"uv": [4, 3, 10, 8], "texture": "#4"},
				"up": {"uv": [4, 3, 9, 9], "texture": "#4"},
				"down": {"uv": [4, 3, 9, 9], "texture": "#4"}
			}
		},
		{
			"from": [19, 6, 5.75],
			"to": [22, 9, 9.75],
			"rotation": {"angle": 0, "axis": "y", "origin": [27, 2.5, 13.75]},
			"faces": {
				"north": {"uv": [2.5, 5.5, 7.5, 10.5], "texture": "#4"},
				"east": {"uv": [4, 3, 10, 8], "texture": "#4"},
				"south": {"uv": [6.5, 5, 11.5, 10], "texture": "#4"},
				"west": {"uv": [4, 3, 10, 8], "texture": "#4"},
				"up": {"uv": [4, 3, 9, 9], "texture": "#4"},
				"down": {"uv": [4, 3, 9, 9], "texture": "#4"}
			}
		},
		{
			"from": [19, 6, -0.75],
			"to": [22, 9, 3.25],
			"rotation": {"angle": 0, "axis": "y", "origin": [27, 2.5, 7.25]},
			"faces": {
				"north": {"uv": [2.5, 5.5, 7.5, 10.5], "texture": "#4"},
				"east": {"uv": [4, 3, 10, 8], "texture": "#4"},
				"south": {"uv": [6.5, 5, 11.5, 10], "texture": "#4"},
				"west": {"uv": [4, 3, 10, 8], "texture": "#4"},
				"up": {"uv": [4, 3, 9, 9], "texture": "#4"},
				"down": {"uv": [4, 3, 9, 9], "texture": "#4"}
			}
		},
		{
			"from": [19.5, 6, -0.25],
			"to": [22.5, 9, 2.75],
			"rotation": {"angle": 0, "axis": "y", "origin": [27.5, 2.5, 7.25]},
			"faces": {
				"north": {"uv": [4, 3, 8, 7], "texture": "#4"},
				"east": {"uv": [4, 3, 8, 7], "texture": "#4"},
				"south": {"uv": [4, 3, 8, 7], "texture": "#4"},
				"up": {"uv": [4, 3, 8, 7], "texture": "#4"},
				"down": {"uv": [4, 3, 8, 7], "texture": "#4"}
			}
		},
		{
			"from": [19.5, 6, 6.25],
			"to": [22.5, 9, 9.25],
			"rotation": {"angle": 0, "axis": "y", "origin": [27.5, 2.5, 13.75]},
			"faces": {
				"north": {"uv": [4, 3, 8, 7], "texture": "#4"},
				"east": {"uv": [4, 3, 8, 7], "texture": "#4"},
				"south": {"uv": [4, 3, 8, 7], "texture": "#4"},
				"up": {"uv": [4, 3, 8, 7], "texture": "#4"},
				"down": {"uv": [4, 3, 8, 7], "texture": "#4"}
			}
		},
		{
			"from": [19.5, 6, 12.75],
			"to": [22.5, 9, 15.75],
			"rotation": {"angle": 0, "axis": "y", "origin": [27.5, 2.5, 20.25]},
			"faces": {
				"north": {"uv": [4, 3, 8, 7], "texture": "#4"},
				"east": {"uv": [4, 3, 8, 7], "texture": "#4"},
				"south": {"uv": [4, 3, 8, 7], "texture": "#4"},
				"up": {"uv": [4, 3, 8, 7], "texture": "#4"},
				"down": {"uv": [4, 3, 8, 7], "texture": "#4"}
			}
		},
		{
			"from": [20.5, 7, 13.75],
			"to": [23.5, 8, 14.75],
			"rotation": {"angle": 0, "axis": "y", "origin": [28.5, 2.5, 20.25]},
			"faces": {
				"north": {"uv": [3.5, 6, 8.5, 8], "texture": "#4"},
				"east": {"uv": [4, 3, 6, 5], "texture": "#4"},
				"south": {"uv": [4, 3.5, 9, 5.5], "texture": "#4"},
				"up": {"uv": [3, 2, 8, 4], "texture": "#4"},
				"down": {"uv": [5, 4, 10, 6], "texture": "#4"}
			}
		},
		{
			"from": [20.5, 7, 7.25],
			"to": [23.5, 8, 8.25],
			"rotation": {"angle": 0, "axis": "y", "origin": [28.5, 2.5, 13.75]},
			"faces": {
				"north": {"uv": [3.5, 6, 8.5, 8], "texture": "#4"},
				"east": {"uv": [4, 3, 6, 5], "texture": "#4"},
				"south": {"uv": [4, 3.5, 9, 5.5], "texture": "#4"},
				"up": {"uv": [3, 2, 8, 4], "texture": "#4"},
				"down": {"uv": [5, 4, 10, 6], "texture": "#4"}
			}
		},
		{
			"from": [20.5, 7, 0.75],
			"to": [23.5, 8, 1.75],
			"rotation": {"angle": 0, "axis": "y", "origin": [28.5, 2.5, 7.25]},
			"faces": {
				"north": {"uv": [3.5, 6, 8.5, 8], "texture": "#4"},
				"east": {"uv": [4, 3, 6, 5], "texture": "#4"},
				"south": {"uv": [4, 3.5, 9, 5.5], "texture": "#4"},
				"up": {"uv": [3, 2, 8, 4], "texture": "#4"},
				"down": {"uv": [5, 4, 10, 6], "texture": "#4"}
			}
		},
		{
			"from": [19, 5.5, 12.75],
			"to": [22, 9.5, 15.75],
			"rotation": {"angle": 0, "axis": "y", "origin": [27, 3, 19.75]},
			"faces": {
				"north": {"uv": [5, 5, 10, 11], "texture": "#4"},
				"east": {"uv": [4, 3, 9, 9], "texture": "#4"},
				"south": {"uv": [7, 4.5, 12, 10.5], "texture": "#4"},
				"west": {"uv": [7, 5, 12, 11], "texture": "#4"},
				"up": {"uv": [7, 8.5, 12, 13.5], "texture": "#4"},
				"down": {"uv": [2.5, 9, 7.5, 14], "texture": "#4"}
			}
		},
		{
			"from": [19, 5.5, 6.25],
			"to": [22, 9.5, 9.25],
			"rotation": {"angle": 0, "axis": "y", "origin": [27, 3, 13.25]},
			"faces": {
				"north": {"uv": [5, 5, 10, 11], "texture": "#4"},
				"east": {"uv": [4, 3, 9, 9], "texture": "#4"},
				"south": {"uv": [7, 4.5, 12, 10.5], "texture": "#4"},
				"west": {"uv": [7, 5, 12, 11], "texture": "#4"},
				"up": {"uv": [7, 8.5, 12, 13.5], "texture": "#4"},
				"down": {"uv": [2.5, 9, 7.5, 14], "texture": "#4"}
			}
		},
		{
			"from": [19, 5.5, -0.25],
			"to": [22, 9.5, 2.75],
			"rotation": {"angle": 0, "axis": "y", "origin": [27, 3, 6.75]},
			"faces": {
				"north": {"uv": [5, 5, 10, 11], "texture": "#4"},
				"east": {"uv": [4, 3, 9, 9], "texture": "#4"},
				"south": {"uv": [7, 4.5, 12, 10.5], "texture": "#4"},
				"west": {"uv": [7, 5, 12, 11], "texture": "#4"},
				"up": {"uv": [7, 8.5, 12, 13.5], "texture": "#4"},
				"down": {"uv": [2.5, 9, 7.5, 14], "texture": "#4"}
			}
		},
		{
			"from": [7, 0, 15.25],
			"to": [10, 3, 19.75],
			"rotation": {"angle": 0, "axis": "y", "origin": [15, -3.5, 23.75]},
			"faces": {
				"north": {"uv": [8, 3, 13, 8], "texture": "#4"},
				"east": {"uv": [4, 3, 13, 8], "texture": "#4"},
				"south": {"uv": [8, 3, 13, 8], "texture": "#4"},
				"west": {"uv": [4, 3, 13, 8], "texture": "#4"},
				"up": {"uv": [4, 3, 9, 12], "texture": "#4"},
				"down": {"uv": [4, 3, 9, 12], "texture": "#4"}
			}
		},
		{
			"from": [7, 12.5, 8.75],
			"to": [10, 15.5, 13.25],
			"rotation": {"angle": 0, "axis": "y", "origin": [15, 9, 17.25]},
			"faces": {
				"north": {"uv": [8, 3, 13, 8], "texture": "#4"},
				"east": {"uv": [4, 3, 13, 8], "texture": "#4"},
				"south": {"uv": [8, 3, 13, 8], "texture": "#4"},
				"west": {"uv": [4, 3, 13, 8], "texture": "#4"},
				"up": {"uv": [4, 3, 9, 12], "texture": "#4"},
				"down": {"uv": [4, 3, 9, 12], "texture": "#4"}
			}
		},
		{
			"from": [7, 0, 8.75],
			"to": [10, 3, 13.25],
			"rotation": {"angle": 0, "axis": "y", "origin": [15, -3.5, 17.25]},
			"faces": {
				"north": {"uv": [8, 3, 13, 8], "texture": "#4"},
				"east": {"uv": [4, 3, 13, 8], "texture": "#4"},
				"south": {"uv": [8, 3, 13, 8], "texture": "#4"},
				"west": {"uv": [4, 3, 13, 8], "texture": "#4"},
				"up": {"uv": [4, 3, 9, 12], "texture": "#4"},
				"down": {"uv": [4, 3, 9, 12], "texture": "#4"}
			}
		},
		{
			"from": [7, 12.5, 2.25],
			"to": [10, 15.5, 6.75],
			"rotation": {"angle": 0, "axis": "y", "origin": [15, 9, 10.75]},
			"faces": {
				"north": {"uv": [8, 3, 13, 8], "texture": "#4"},
				"east": {"uv": [4, 3, 13, 8], "texture": "#4"},
				"south": {"uv": [8, 3, 13, 8], "texture": "#4"},
				"west": {"uv": [4, 3, 13, 8], "texture": "#4"},
				"up": {"uv": [4, 3, 9, 12], "texture": "#4"},
				"down": {"uv": [4, 3, 9, 12], "texture": "#4"}
			}
		},
		{
			"from": [7, 0, 2.25],
			"to": [10, 3, 6.75],
			"rotation": {"angle": 0, "axis": "y", "origin": [15, -3.5, 10.75]},
			"faces": {
				"north": {"uv": [8, 3, 13, 8], "texture": "#4"},
				"east": {"uv": [4, 3, 13, 8], "texture": "#4"},
				"south": {"uv": [8, 3, 13, 8], "texture": "#4"},
				"west": {"uv": [4, 3, 13, 8], "texture": "#4"},
				"up": {"uv": [4, 3, 9, 12], "texture": "#4"},
				"down": {"uv": [4, 3, 9, 12], "texture": "#4"}
			}
		},
		{
			"from": [7, 12.5, -4.25],
			"to": [10, 15.5, 0.25],
			"rotation": {"angle": 0, "axis": "y", "origin": [15, 9, 4.25]},
			"faces": {
				"north": {"uv": [8, 3, 13, 8], "texture": "#4"},
				"east": {"uv": [4, 3, 13, 8], "texture": "#4"},
				"south": {"uv": [8, 3, 13, 8], "texture": "#4"},
				"west": {"uv": [4, 3, 13, 8], "texture": "#4"},
				"up": {"uv": [4, 3, 9, 12], "texture": "#4"},
				"down": {"uv": [4, 3, 9, 12], "texture": "#4"}
			}
		},
		{
			"from": [7, 0, -4.25],
			"to": [10, 3, 0.25],
			"rotation": {"angle": 0, "axis": "y", "origin": [15, -3.5, 4.25]},
			"faces": {
				"north": {"uv": [8, 3, 13, 8], "texture": "#4"},
				"east": {"uv": [4, 3, 13, 8], "texture": "#4"},
				"south": {"uv": [8, 3, 13, 8], "texture": "#4"},
				"west": {"uv": [4, 3, 13, 8], "texture": "#4"},
				"up": {"uv": [4, 3, 9, 12], "texture": "#4"},
				"down": {"uv": [4, 3, 9, 12], "texture": "#4"}
			}
		},
		{
			"from": [6.5, 12.5, 15.5],
			"to": [10.5, 15.5, 19.5],
			"rotation": {"angle": 0, "axis": "y", "origin": [14.5, 9, 23.25]},
			"faces": {
				"north": {"uv": [5, 3, 13, 8], "texture": "#4"},
				"east": {"uv": [5, 3, 13, 8], "texture": "#4"},
				"south": {"uv": [5, 3, 13, 8], "texture": "#4"},
				"west": {"uv": [5, 3, 13, 8], "texture": "#4"},
				"up": {"uv": [5, 3, 13, 11], "texture": "#4"},
				"down": {"uv": [5, 3, 13, 11], "texture": "#4"}
			}
		},
		{
			"from": [0.5, 5.5, 12.25],
			"to": [3.5, 9.5, 16.25],
			"rotation": {"angle": 0, "axis": "z", "origin": [2, 7.5, 14.25]},
			"faces": {
				"north": {"uv": [5, 3, 13, 8], "rotation": 270, "texture": "#4"},
				"east": {"uv": [5, 3, 13, 11], "rotation": 90, "texture": "#4"},
				"south": {"uv": [5, 3, 13, 8], "rotation": 90, "texture": "#4"},
				"west": {"uv": [5, 3, 13, 11], "rotation": 90, "texture": "#4"},
				"up": {"uv": [5, 3, 13, 8], "rotation": 90, "texture": "#4"},
				"down": {"uv": [5, 3, 13, 8], "rotation": 90, "texture": "#4"}
			}
		},
		{
			"from": [0.5, 5.5, 5.75],
			"to": [3.5, 9.5, 9.75],
			"rotation": {"angle": 0, "axis": "z", "origin": [2, 7.5, 7.75]},
			"faces": {
				"north": {"uv": [5, 3, 13, 8], "rotation": 270, "texture": "#4"},
				"east": {"uv": [5, 3, 13, 11], "rotation": 90, "texture": "#4"},
				"south": {"uv": [5, 3, 13, 8], "rotation": 90, "texture": "#4"},
				"west": {"uv": [5, 3, 13, 11], "rotation": 90, "texture": "#4"},
				"up": {"uv": [5, 3, 13, 8], "rotation": 90, "texture": "#4"},
				"down": {"uv": [5, 3, 13, 8], "rotation": 90, "texture": "#4"}
			}
		},
		{
			"from": [0.5, 5.5, -0.75],
			"to": [3.5, 9.5, 3.25],
			"rotation": {"angle": 0, "axis": "z", "origin": [2, 7.5, 1.25]},
			"faces": {
				"north": {"uv": [5, 3, 13, 8], "rotation": 270, "texture": "#4"},
				"east": {"uv": [5, 3, 13, 11], "rotation": 90, "texture": "#4"},
				"south": {"uv": [5, 3, 13, 8], "rotation": 90, "texture": "#4"},
				"west": {"uv": [5, 3, 13, 11], "rotation": 90, "texture": "#4"},
				"up": {"uv": [5, 3, 13, 8], "rotation": 90, "texture": "#4"},
				"down": {"uv": [5, 3, 13, 8], "rotation": 90, "texture": "#4"}
			}
		},
		{
			"from": [6.5, 0, 15.5],
			"to": [10.5, 3, 19.5],
			"rotation": {"angle": 0, "axis": "y", "origin": [14.5, -3.5, 23.25]},
			"faces": {
				"north": {"uv": [5, 3, 13, 8], "texture": "#4"},
				"east": {"uv": [5, 3, 13, 8], "texture": "#4"},
				"south": {"uv": [5, 3, 13, 8], "texture": "#4"},
				"west": {"uv": [5, 3, 13, 8], "texture": "#4"},
				"up": {"uv": [5, 3, 13, 11], "texture": "#4"},
				"down": {"uv": [5, 3, 13, 11], "texture": "#4"}
			}
		},
		{
			"from": [6.5, 12.5, 9],
			"to": [10.5, 15.5, 13],
			"rotation": {"angle": 0, "axis": "y", "origin": [14.5, 9, 16.75]},
			"faces": {
				"north": {"uv": [5, 3, 13, 8], "texture": "#4"},
				"east": {"uv": [5, 3, 13, 8], "texture": "#4"},
				"south": {"uv": [5, 3, 13, 8], "texture": "#4"},
				"west": {"uv": [5, 3, 13, 8], "texture": "#4"},
				"up": {"uv": [5, 3, 13, 11], "texture": "#4"},
				"down": {"uv": [5, 3, 13, 11], "texture": "#4"}
			}
		},
		{
			"from": [6.5, 0, 9],
			"to": [10.5, 3, 13],
			"rotation": {"angle": 0, "axis": "y", "origin": [14.5, -3.5, 16.75]},
			"faces": {
				"north": {"uv": [5, 3, 13, 8], "texture": "#4"},
				"east": {"uv": [5, 3, 13, 8], "texture": "#4"},
				"south": {"uv": [5, 3, 13, 8], "texture": "#4"},
				"west": {"uv": [5, 3, 13, 8], "texture": "#4"},
				"up": {"uv": [5, 3, 13, 11], "texture": "#4"},
				"down": {"uv": [5, 3, 13, 11], "texture": "#4"}
			}
		},
		{
			"from": [6.5, 12.5, 2.5],
			"to": [10.5, 15.5, 6.5],
			"rotation": {"angle": 0, "axis": "y", "origin": [14.5, 9, 10.25]},
			"faces": {
				"north": {"uv": [5, 3, 13, 8], "texture": "#4"},
				"east": {"uv": [5, 3, 13, 8], "texture": "#4"},
				"south": {"uv": [5, 3, 13, 8], "texture": "#4"},
				"west": {"uv": [5, 3, 13, 8], "texture": "#4"},
				"up": {"uv": [5, 3, 13, 11], "texture": "#4"},
				"down": {"uv": [5, 3, 13, 11], "texture": "#4"}
			}
		},
		{
			"from": [6.5, 0, 2.5],
			"to": [10.5, 3, 6.5],
			"rotation": {"angle": 0, "axis": "y", "origin": [14.5, -3.5, 10.25]},
			"faces": {
				"north": {"uv": [5, 3, 13, 8], "texture": "#4"},
				"east": {"uv": [5, 3, 13, 8], "texture": "#4"},
				"south": {"uv": [5, 3, 13, 8], "texture": "#4"},
				"west": {"uv": [5, 3, 13, 8], "texture": "#4"},
				"up": {"uv": [5, 3, 13, 11], "texture": "#4"},
				"down": {"uv": [5, 3, 13, 11], "texture": "#4"}
			}
		},
		{
			"from": [6.5, 12.5, -4],
			"to": [10.5, 15.5, 0],
			"rotation": {"angle": 0, "axis": "y", "origin": [14.5, 9, 3.75]},
			"faces": {
				"north": {"uv": [5, 3, 13, 8], "texture": "#4"},
				"east": {"uv": [5, 3, 13, 8], "texture": "#4"},
				"south": {"uv": [5, 3, 13, 8], "texture": "#4"},
				"west": {"uv": [5, 3, 13, 8], "texture": "#4"},
				"up": {"uv": [5, 3, 13, 11], "texture": "#4"},
				"down": {"uv": [5, 3, 13, 11], "texture": "#4"}
			}
		},
		{
			"from": [6.5, 0, -4],
			"to": [10.5, 3, 0],
			"rotation": {"angle": 0, "axis": "y", "origin": [14.5, -3.5, 3.75]},
			"faces": {
				"north": {"uv": [5, 3, 13, 8], "texture": "#4"},
				"east": {"uv": [5, 3, 13, 8], "texture": "#4"},
				"south": {"uv": [5, 3, 13, 8], "texture": "#4"},
				"west": {"uv": [5, 3, 13, 8], "texture": "#4"},
				"up": {"uv": [5, 3, 13, 11], "texture": "#4"},
				"down": {"uv": [5, 3, 13, 11], "texture": "#4"}
			}
		},
		{
			"from": [6.25, 12.5, 16],
			"to": [10.75, 15.5, 19],
			"rotation": {"angle": 0, "axis": "y", "origin": [8.5, 14, 17.5]},
			"faces": {
				"north": {"uv": [4, 3, 13, 8], "texture": "#4"},
				"east": {"uv": [8, 3, 13, 8], "texture": "#4"},
				"south": {"uv": [4, 3, 13, 8], "texture": "#4"},
				"west": {"uv": [8, 3, 13, 8], "texture": "#4"},
				"up": {"uv": [4, 3, 9, 12], "rotation": 90, "texture": "#4"},
				"down": {"uv": [4, 3, 9, 12], "rotation": 270, "texture": "#4"}
			}
		},
		{
			"from": [0.5, 5.25, 12.75],
			"to": [3.5, 9.75, 15.75],
			"rotation": {"angle": 0, "axis": "z", "origin": [2, 7.5, 14.25]},
			"faces": {
				"north": {"uv": [4, 3, 13, 8], "rotation": 270, "texture": "#4"},
				"east": {"uv": [4, 3, 9, 12], "rotation": 180, "texture": "#4"},
				"south": {"uv": [4, 3, 13, 8], "rotation": 90, "texture": "#4"},
				"west": {"uv": [4, 3, 9, 12], "texture": "#4"},
				"up": {"uv": [8, 3, 13, 8], "rotation": 90, "texture": "#4"},
				"down": {"uv": [8, 3, 13, 8], "rotation": 90, "texture": "#4"}
			}
		},
		{
			"from": [0.5, 5.25, 6.25],
			"to": [3.5, 9.75, 9.25],
			"rotation": {"angle": 0, "axis": "z", "origin": [2, 7.5, 7.75]},
			"faces": {
				"north": {"uv": [4, 3, 13, 8], "rotation": 270, "texture": "#4"},
				"east": {"uv": [4, 3, 9, 12], "rotation": 180, "texture": "#4"},
				"south": {"uv": [4, 3, 13, 8], "rotation": 90, "texture": "#4"},
				"west": {"uv": [4, 3, 9, 12], "texture": "#4"},
				"up": {"uv": [8, 3, 13, 8], "rotation": 90, "texture": "#4"},
				"down": {"uv": [8, 3, 13, 8], "rotation": 90, "texture": "#4"}
			}
		},
		{
			"from": [0.5, 5.25, -0.25],
			"to": [3.5, 9.75, 2.75],
			"rotation": {"angle": 0, "axis": "z", "origin": [2, 7.5, 1.25]},
			"faces": {
				"north": {"uv": [4, 3, 13, 8], "rotation": 270, "texture": "#4"},
				"east": {"uv": [4, 3, 9, 12], "rotation": 180, "texture": "#4"},
				"south": {"uv": [4, 3, 13, 8], "rotation": 90, "texture": "#4"},
				"west": {"uv": [4, 3, 9, 12], "texture": "#4"},
				"up": {"uv": [8, 3, 13, 8], "rotation": 90, "texture": "#4"},
				"down": {"uv": [8, 3, 13, 8], "rotation": 90, "texture": "#4"}
			}
		},
		{
			"from": [6.25, 0, 16],
			"to": [10.75, 3, 19],
			"rotation": {"angle": 0, "axis": "y", "origin": [8.5, 1.5, 17.5]},
			"faces": {
				"north": {"uv": [4, 3, 13, 8], "texture": "#4"},
				"east": {"uv": [8, 3, 13, 8], "texture": "#4"},
				"south": {"uv": [4, 3, 13, 8], "texture": "#4"},
				"west": {"uv": [8, 3, 13, 8], "texture": "#4"},
				"up": {"uv": [4, 3, 9, 12], "rotation": 90, "texture": "#4"},
				"down": {"uv": [4, 3, 9, 12], "rotation": 270, "texture": "#4"}
			}
		},
		{
			"from": [6.25, 12.5, 9.5],
			"to": [10.75, 15.5, 12.5],
			"rotation": {"angle": 0, "axis": "y", "origin": [8.5, 14, 11]},
			"faces": {
				"north": {"uv": [4, 3, 13, 8], "texture": "#4"},
				"east": {"uv": [8, 3, 13, 8], "texture": "#4"},
				"south": {"uv": [4, 3, 13, 8], "texture": "#4"},
				"west": {"uv": [8, 3, 13, 8], "texture": "#4"},
				"up": {"uv": [4, 3, 9, 12], "rotation": 90, "texture": "#4"},
				"down": {"uv": [4, 3, 9, 12], "rotation": 270, "texture": "#4"}
			}
		},
		{
			"from": [6.25, 0, 9.5],
			"to": [10.75, 3, 12.5],
			"rotation": {"angle": 0, "axis": "y", "origin": [8.5, 1.5, 11]},
			"faces": {
				"north": {"uv": [4, 3, 13, 8], "texture": "#4"},
				"east": {"uv": [8, 3, 13, 8], "texture": "#4"},
				"south": {"uv": [4, 3, 13, 8], "texture": "#4"},
				"west": {"uv": [8, 3, 13, 8], "texture": "#4"},
				"up": {"uv": [4, 3, 9, 12], "rotation": 90, "texture": "#4"},
				"down": {"uv": [4, 3, 9, 12], "rotation": 270, "texture": "#4"}
			}
		},
		{
			"from": [6.25, 12.5, 3],
			"to": [10.75, 15.5, 6],
			"rotation": {"angle": 0, "axis": "y", "origin": [8.5, 14, 4.5]},
			"faces": {
				"north": {"uv": [4, 3, 13, 8], "texture": "#4"},
				"east": {"uv": [8, 3, 13, 8], "texture": "#4"},
				"south": {"uv": [4, 3, 13, 8], "texture": "#4"},
				"west": {"uv": [8, 3, 13, 8], "texture": "#4"},
				"up": {"uv": [4, 3, 9, 12], "rotation": 90, "texture": "#4"},
				"down": {"uv": [4, 3, 9, 12], "rotation": 270, "texture": "#4"}
			}
		},
		{
			"from": [6.25, 0, 3],
			"to": [10.75, 3, 6],
			"rotation": {"angle": 0, "axis": "y", "origin": [8.5, 1.5, 4.5]},
			"faces": {
				"north": {"uv": [4, 3, 13, 8], "texture": "#4"},
				"east": {"uv": [8, 3, 13, 8], "texture": "#4"},
				"south": {"uv": [4, 3, 13, 8], "texture": "#4"},
				"west": {"uv": [8, 3, 13, 8], "texture": "#4"},
				"up": {"uv": [4, 3, 9, 12], "rotation": 90, "texture": "#4"},
				"down": {"uv": [4, 3, 9, 12], "rotation": 270, "texture": "#4"}
			}
		},
		{
			"from": [6.25, 12.5, -3.5],
			"to": [10.75, 15.5, -0.5],
			"rotation": {"angle": 0, "axis": "y", "origin": [8.5, 14, -2]},
			"faces": {
				"north": {"uv": [4, 3, 13, 8], "texture": "#4"},
				"east": {"uv": [8, 3, 13, 8], "texture": "#4"},
				"south": {"uv": [4, 3, 13, 8], "texture": "#4"},
				"west": {"uv": [8, 3, 13, 8], "texture": "#4"},
				"up": {"uv": [4, 3, 9, 12], "rotation": 90, "texture": "#4"},
				"down": {"uv": [4, 3, 9, 12], "rotation": 270, "texture": "#4"}
			}
		},
		{
			"from": [6.25, 0, -3.5],
			"to": [10.75, 3, -0.5],
			"rotation": {"angle": 0, "axis": "y", "origin": [8.5, 1.5, -2]},
			"faces": {
				"north": {"uv": [4, 3, 13, 8], "texture": "#4"},
				"east": {"uv": [8, 3, 13, 8], "texture": "#4"},
				"south": {"uv": [4, 3, 13, 8], "texture": "#4"},
				"west": {"uv": [8, 3, 13, 8], "texture": "#4"},
				"up": {"uv": [4, 3, 9, 12], "rotation": 90, "texture": "#4"},
				"down": {"uv": [4, 3, 9, 12], "rotation": 270, "texture": "#4"}
			}
		},
		{
			"from": [6.5, -1, 16],
			"to": [10.5, 16, 19],
			"rotation": {"angle": 0, "axis": "y", "origin": [15, 9, 23.5]},
			"faces": {
				"north": {"uv": [7, 0, 12, 16], "texture": "#0"},
				"east": {"uv": [10, 0, 13, 16], "texture": "#0"},
				"south": {"uv": [7, 0, 12, 16], "texture": "#0"},
				"west": {"uv": [4, 0, 7, 16], "texture": "#0"},
				"up": {"uv": [6, 0, 9, 5], "rotation": 90, "texture": "#0"},
				"down": {"uv": [10, 11, 13, 14], "texture": "#0"}
			}
		},
		{
			"from": [7, -1.5, 16],
			"to": [10, 16.5, 19],
			"rotation": {"angle": 0, "axis": "y", "origin": [15, -6.5, 23.5]},
			"faces": {
				"north": {"uv": [10, 0, 14, 16], "texture": "#0"},
				"east": {"uv": [4, 0, 8, 16], "texture": "#0"},
				"south": {"uv": [8, 0, 12, 16], "texture": "#0"},
				"west": {"uv": [0, 0, 4, 16], "texture": "#0"},
				"up": {"uv": [9, 1, 12, 4], "rotation": 90, "texture": "#0"},
				"down": {"uv": [10, 11, 13, 14], "texture": "#0"}
			}
		},
		{
			"from": [7, 16.5, 15.995],
			"to": [10, 20.5, 16],
			"rotation": {"angle": 22.5, "axis": "x", "origin": [9, 16.5, 16]},
			"faces": {
				"north": {"uv": [16, 0, 0, 16], "texture": "#5"},
				"east": {"uv": [13.938, 1.875, 13.25, 2.625], "texture": "#5"},
				"south": {"uv": [16, 0, 0, 16], "texture": "#5"},
				"west": {"uv": [13.938, 1.875, 13.25, 2.625], "texture": "#5"},
				"up": {"uv": [13.25, 2.625, 13.938, 1.875], "texture": "#5"},
				"down": {"uv": [13.25, 2.625, 13.938, 1.875], "texture": "#5"}
			}
		},
		{
			"from": [10, 16.5, 16],
			"to": [10.005, 20.5, 19],
			"rotation": {"angle": 22.5, "axis": "z", "origin": [10, 16.5, 18]},
			"faces": {
				"north": {"uv": [13.938, 1.875, 13.25, 2.625], "texture": "#1"},
				"east": {"uv": [16, 0, 0, 16], "texture": "#1"},
				"south": {"uv": [13.938, 1.875, 13.25, 2.625], "texture": "#1"},
				"west": {"uv": [16, 0, 0, 16], "texture": "#1"},
				"up": {"uv": [13.25, 2.625, 13.938, 1.875], "rotation": 90, "texture": "#1"},
				"down": {"uv": [13.25, 2.625, 13.938, 1.875], "rotation": 270, "texture": "#1"}
			}
		},
		{
			"from": [6.995, 16.5, 16],
			"to": [7, 20.5, 19],
			"rotation": {"angle": -22.5, "axis": "z", "origin": [7, 16.5, 18]},
			"faces": {
				"north": {"uv": [13.25, 1.875, 13.938, 2.625], "texture": "#1"},
				"east": {"uv": [0, 0, 16, 16], "texture": "#1"},
				"south": {"uv": [13.25, 1.875, 13.938, 2.625], "texture": "#1"},
				"west": {"uv": [0, 0, 16, 16], "texture": "#1"},
				"up": {"uv": [13.25, 1.875, 13.938, 2.625], "rotation": 90, "texture": "#1"},
				"down": {"uv": [13.25, 1.875, 13.938, 2.625], "rotation": 270, "texture": "#1"}
			}
		},
		{
			"from": [7, 16.5, 19],
			"to": [10, 20.5, 19.005],
			"rotation": {"angle": -22.5, "axis": "x", "origin": [9, 16.5, 19]},
			"faces": {
				"north": {"uv": [0, 0, 16, 16], "texture": "#5"},
				"east": {"uv": [13.25, 1.875, 13.938, 2.625], "texture": "#5"},
				"south": {"uv": [0, 0, 16, 16], "texture": "#5"},
				"west": {"uv": [13.25, 1.875, 13.938, 2.625], "texture": "#5"},
				"up": {"uv": [13.25, 1.875, 13.938, 2.625], "texture": "#5"},
				"down": {"uv": [13.25, 1.875, 13.938, 2.625], "texture": "#5"}
			}
		},
		{
			"from": [17, 6, 12.75],
			"to": [21.5, 9, 15.75],
			"rotation": {"angle": 0, "axis": "z", "origin": [18.5, 7.5, 13.75]},
			"faces": {
				"north": {"uv": [11, 5, 15, 14], "rotation": 90, "texture": "#2"},
				"south": {"uv": [11, 6, 15, 15], "rotation": 90, "texture": "#2"},
				"up": {"uv": [4, 4, 8, 10], "rotation": 90, "texture": "#2"},
				"down": {"uv": [3, 3, 7, 12], "rotation": 90, "texture": "#2"}
			}
		},
		{
			"from": [17, 6, 6.25],
			"to": [21.5, 9, 9.25],
			"rotation": {"angle": 0, "axis": "z", "origin": [18.5, 7.5, 7.25]},
			"faces": {
				"north": {"uv": [7, 4, 11, 13], "rotation": 90, "texture": "#2"},
				"south": {"uv": [1, 3, 5, 12], "rotation": 90, "texture": "#2"},
				"up": {"uv": [2, 3, 6, 12], "rotation": 90, "texture": "#2"},
				"down": {"uv": [11, 3, 15, 9], "rotation": 90, "texture": "#2"}
			}
		},
		{
			"from": [17, 6, -0.25],
			"to": [21.5, 9, 2.75],
			"rotation": {"angle": 0, "axis": "z", "origin": [18.5, 7.5, 0.75]},
			"faces": {
				"north": {"uv": [2, 2, 6, 11], "rotation": 90, "texture": "#2"},
				"south": {"uv": [8, 0, 12, 6], "rotation": 90, "texture": "#2"},
				"up": {"uv": [10, 2, 14, 11], "rotation": 90, "texture": "#2"},
				"down": {"uv": [3, 3, 7, 12], "rotation": 90, "texture": "#2"}
			}
		},
		{
			"from": [0, 5.5, 6.25],
			"to": [17, 9.5, 9.25],
			"rotation": {"angle": 0, "axis": "z", "origin": [9.5, 7.5, 7.25]},
			"faces": {
				"north": {"uv": [7, 0, 12, 16], "rotation": 270, "texture": "#2"},
				"east": {"uv": [6, 0, 9, 5], "rotation": 180, "texture": "#2"},
				"south": {"uv": [7, 0, 12, 16], "rotation": 90, "texture": "#2"},
				"west": {"uv": [10, 11, 13, 14], "rotation": 90, "texture": "#2"},
				"up": {"uv": [4, 0, 7, 16], "rotation": 90, "texture": "#2"},
				"down": {"uv": [10, 0, 13, 16], "rotation": 90, "texture": "#2"}
			}
		},
		{
			"from": [0, 6, 5.75],
			"to": [17, 9, 9.75],
			"rotation": {"angle": 0, "axis": "z", "origin": [9.5, 7.5, 7.25]},
			"faces": {
				"north": {"uv": [8, 0, 11, 16], "rotation": 270, "texture": "#2"},
				"east": {"uv": [5, 1, 10, 4], "rotation": 180, "texture": "#2"},
				"south": {"uv": [8, 0, 11, 16], "rotation": 90, "texture": "#2"},
				"west": {"uv": [10, 11, 13, 14], "rotation": 90, "texture": "#2"},
				"up": {"uv": [3, 0, 8, 16], "rotation": 90, "texture": "#2"},
				"down": {"uv": [9, 0, 14, 16], "rotation": 90, "texture": "#2"}
			}
		},
		{
			"from": [-0.5, 6, 6.25],
			"to": [17, 9, 9.25],
			"rotation": {"angle": 0, "axis": "z", "origin": [9.5, 7.5, 7.25]},
			"faces": {
				"north": {"uv": [10, 0, 14, 16], "rotation": 270, "texture": "#2"},
				"south": {"uv": [8, 0, 12, 16], "rotation": 90, "texture": "#2"},
				"west": {"uv": [10, 11, 13, 14], "rotation": 90, "texture": "#2"},
				"up": {"uv": [0, 0, 4, 16], "rotation": 90, "texture": "#2"},
				"down": {"uv": [4, 0, 8, 16], "rotation": 90, "texture": "#2"}
			}
		},
		{
			"from": [0, 5.5, -0.25],
			"to": [17, 9.5, 2.75],
			"rotation": {"angle": 0, "axis": "z", "origin": [9.5, 7.5, 0.75]},
			"faces": {
				"north": {"uv": [7, 0, 12, 16], "rotation": 270, "texture": "#2"},
				"east": {"uv": [6, 0, 9, 5], "rotation": 180, "texture": "#2"},
				"south": {"uv": [7, 0, 12, 16], "rotation": 90, "texture": "#2"},
				"west": {"uv": [10, 11, 13, 14], "rotation": 90, "texture": "#2"},
				"up": {"uv": [4, 0, 7, 16], "rotation": 90, "texture": "#2"},
				"down": {"uv": [10, 0, 13, 16], "rotation": 90, "texture": "#2"}
			}
		},
		{
			"from": [10.5, 8.5, -4.25],
			"to": [13.5, 12.5, 19.75],
			"rotation": {"angle": 0, "axis": "y", "origin": [12.5, 10.5, 0.75]},
			"faces": {
				"north": {"uv": [10, 11, 13, 14], "rotation": 90, "texture": "#4"},
				"east": {"uv": [7, 0, 12, 16], "rotation": 270, "texture": "#4"},
				"south": {"uv": [6, 0, 9, 5], "rotation": 180, "texture": "#4"},
				"west": {"uv": [7, 0, 12, 16], "rotation": 90, "texture": "#4"},
				"up": {"uv": [4, 0, 7, 16], "rotation": 180, "texture": "#4"},
				"down": {"uv": [10, 0, 13, 16], "texture": "#4"}
			}
		},
		{
			"from": [0, 6, -0.75],
			"to": [17, 9, 3.25],
			"rotation": {"angle": 0, "axis": "z", "origin": [9.5, 7.5, 0.75]},
			"faces": {
				"north": {"uv": [8, 0, 11, 16], "rotation": 270, "texture": "#2"},
				"east": {"uv": [5, 1, 10, 4], "rotation": 180, "texture": "#2"},
				"south": {"uv": [8, 0, 11, 16], "rotation": 90, "texture": "#2"},
				"west": {"uv": [10, 11, 13, 14], "rotation": 90, "texture": "#2"},
				"up": {"uv": [3, 0, 8, 16], "rotation": 90, "texture": "#2"},
				"down": {"uv": [9, 0, 14, 16], "rotation": 90, "texture": "#2"}
			}
		},
		{
			"from": [10, 9, -4.25],
			"to": [14, 12, 19.75],
			"rotation": {"angle": 0, "axis": "y", "origin": [12.5, 10.5, 0.75]},
			"faces": {
				"north": {"uv": [10, 11, 13, 14], "rotation": 90, "texture": "#4"},
				"east": {"uv": [8, 0, 11, 16], "rotation": 270, "texture": "#4"},
				"south": {"uv": [5, 1, 10, 4], "rotation": 180, "texture": "#4"},
				"west": {"uv": [8, 0, 11, 16], "rotation": 90, "texture": "#4"},
				"up": {"uv": [3, 0, 8, 16], "rotation": 180, "texture": "#4"},
				"down": {"uv": [9, 0, 14, 16], "texture": "#4"}
			}
		},
		{
			"from": [-0.5, 6, -0.25],
			"to": [17, 9, 2.75],
			"rotation": {"angle": 0, "axis": "z", "origin": [9.5, 7.5, 0.75]},
			"faces": {
				"north": {"uv": [10, 0, 14, 16], "rotation": 270, "texture": "#2"},
				"south": {"uv": [8, 0, 12, 16], "rotation": 90, "texture": "#2"},
				"west": {"uv": [10, 11, 13, 14], "rotation": 90, "texture": "#2"},
				"up": {"uv": [0, 0, 4, 16], "rotation": 90, "texture": "#2"},
				"down": {"uv": [4, 0, 8, 16], "rotation": 90, "texture": "#2"}
			}
		},
		{
			"from": [10.5, 9, -4.75],
			"to": [13.5, 12, 20.25],
			"rotation": {"angle": 0, "axis": "y", "origin": [12.5, 10.5, 0.75]},
			"faces": {
				"north": {"uv": [10, 11, 13, 14], "rotation": 90, "texture": "#4"},
				"east": {"uv": [10, 0, 14, 16], "rotation": 270, "texture": "#4"},
				"south": {"uv": [9, 1, 12, 4], "rotation": 180, "texture": "#4"},
				"west": {"uv": [8, 0, 12, 16], "rotation": 90, "texture": "#4"},
				"up": {"uv": [0, 0, 4, 16], "rotation": 180, "texture": "#4"},
				"down": {"uv": [4, 0, 8, 16], "texture": "#4"}
			}
		}
	],
	"display": {
		"head": {
			"rotation": [0, -90, 45],
			"translation": [0, -28.5, 0],
			"scale": [2, 2, 2]
		}
	}
}