{
	"credit": "Made by MadstonMagic, using Cubik Pro & Blockbench",
	"textures": {
		"1": "block/oak_log",
		"4": "custom/cobble_spike",
		"particle": "block/cobblestone"
	},
	"elements": [
		{
			"from": [11, 0.09414, -6.62461],
			"to": [14, 0.09914, -2.62461],
			"rotation": {"angle": 22.5, "axis": "x", "origin": [8, 4.5, 8]},
			"faces": {
				"north": {"uv": [13.25, 1.875, 13.938, 2.625], "texture": "#4"},
				"east": {"uv": [13.25, 1.875, 13.938, 2.625], "rotation": 90, "texture": "#4"},
				"south": {"uv": [13.25, 1.875, 13.938, 2.625], "rotation": 180, "texture": "#4"},
				"west": {"uv": [13.25, 1.875, 13.938, 2.625], "rotation": 270, "texture": "#4"},
				"up": {"uv": [0, 0, 16, 16], "texture": "#4"},
				"down": {"uv": [0, 0, 16, 16], "rotation": 180, "texture": "#4"}
			}
		},
		{
			"from": [17.94414, 4.5, -4.32851],
			"to": [17.94914, 7.5, -0.32851],
			"rotation": {"angle": 22.5, "axis": "y", "origin": [8, 4.5, 8]},
			"faces": {
				"north": {"uv": [13.25, 2.625, 13.938, 1.875], "rotation": 270, "texture": "#4"},
				"east": {"uv": [16, 0, 0, 16], "rotation": 90, "texture": "#4"},
				"south": {"uv": [13.25, 2.625, 13.938, 1.875], "rotation": 270, "texture": "#4"},
				"west": {"uv": [16, 0, 0, 16], "rotation": 270, "texture": "#4"},
				"up": {"uv": [13.938, 1.875, 13.25, 2.625], "texture": "#4"},
				"down": {"uv": [13.938, 1.875, 13.25, 2.625], "rotation": 180, "texture": "#4"}
			}
		},
		{
			"from": [11, 4, -3],
			"to": [14, 8, 14],
			"rotation": {"angle": 0, "axis": "y", "origin": [8, 4.5, 8]},
			"faces": {
				"north": {"uv": [6, 0, 9, 5], "texture": "#particle"},
				"east": {"uv": [7, 0, 12, 16], "rotation": 90, "texture": "#particle"},
				"south": {"uv": [10, 11, 13, 14], "rotation": 270, "texture": "#particle"},
				"west": {"uv": [7, 0, 12, 16], "rotation": 270, "texture": "#particle"},
				"up": {"uv": [10, 0, 13, 16], "texture": "#particle"},
				"down": {"uv": [4, 0, 7, 16], "rotation": 180, "texture": "#particle"}
			}
		},
		{
			"from": [10.5, 4.5, -3],
			"to": [14.5, 7.5, 14],
			"rotation": {"angle": 0, "axis": "y", "origin": [8, 4.5, 8]},
			"faces": {
				"north": {"uv": [5, 1, 10, 4], "texture": "#particle"},
				"east": {"uv": [8, 0, 11, 16], "rotation": 90, "texture": "#particle"},
				"south": {"uv": [10, 11, 13, 14], "rotation": 270, "texture": "#particle"},
				"west": {"uv": [8, 0, 11, 16], "rotation": 270, "texture": "#particle"},
				"up": {"uv": [9, 0, 14, 16], "texture": "#particle"},
				"down": {"uv": [3, 0, 8, 16], "rotation": 180, "texture": "#particle"}
			}
		},
		{
			"from": [11, 4.5, -3.5],
			"to": [14, 7.5, 14.5],
			"rotation": {"angle": 0, "axis": "y", "origin": [8, 4.5, 8]},
			"faces": {
				"north": {"uv": [9, 1, 12, 4], "texture": "#particle"},
				"east": {"uv": [10, 0, 14, 16], "rotation": 90, "texture": "#particle"},
				"south": {"uv": [10, 11, 13, 14], "rotation": 270, "texture": "#particle"},
				"west": {"uv": [8, 0, 12, 16], "rotation": 270, "texture": "#particle"},
				"up": {"uv": [4, 0, 8, 16], "texture": "#particle"},
				"down": {"uv": [0, 0, 4, 16], "rotation": 180, "texture": "#particle"}
			}
		},
		{
			"from": [11, 11.6725, -5.47656],
			"to": [14, 11.6775, -1.47656],
			"rotation": {"angle": -22.5, "axis": "x", "origin": [8, 4.5, 8]},
			"faces": {
				"north": {"uv": [13.25, 2.625, 13.938, 1.875], "texture": "#4"},
				"east": {"uv": [13.938, 1.875, 13.25, 2.625], "rotation": 90, "texture": "#4"},
				"south": {"uv": [13.25, 2.625, 13.938, 1.875], "rotation": 180, "texture": "#4"},
				"west": {"uv": [13.938, 1.875, 13.25, 2.625], "rotation": 270, "texture": "#4"},
				"up": {"uv": [16, 0, 0, 16], "texture": "#4"},
				"down": {"uv": [16, 0, 0, 16], "rotation": 180, "texture": "#4"}
			}
		},
		{
			"from": [6.36578, 4.5, -7.77266],
			"to": [6.37078, 7.5, -3.77266],
			"rotation": {"angle": -22.5, "axis": "y", "origin": [8, 4.5, 8]},
			"faces": {
				"north": {"uv": [13.25, 1.875, 13.938, 2.625], "rotation": 270, "texture": "#4"},
				"east": {"uv": [0, 0, 16, 16], "rotation": 90, "texture": "#4"},
				"south": {"uv": [13.25, 1.875, 13.938, 2.625], "rotation": 270, "texture": "#4"},
				"west": {"uv": [0, 0, 16, 16], "rotation": 270, "texture": "#4"},
				"up": {"uv": [13.25, 1.875, 13.938, 2.625], "texture": "#4"},
				"down": {"uv": [13.25, 1.875, 13.938, 2.625], "rotation": 180, "texture": "#4"}
			}
		},
		{
			"name": "Cube",
			"from": [0, 1.5, 0.5],
			"to": [16, 10, 3.5],
			"rotation": {"angle": 0, "axis": "y", "origin": [8, 4.5, 8]},
			"faces": {
				"north": {"uv": [0, 8, 16, 16], "texture": "#particle"},
				"south": {"uv": [0, 5, 16, 13], "texture": "#particle"}
			}
		},
		{
			"name": "Cube",
			"from": [0, 10, 0],
			"to": [16, 11.5, 4],
			"rotation": {"angle": 0, "axis": "y", "origin": [8, 4.5, 8]},
			"faces": {
				"north": {"uv": [0, 0, 2, 16], "rotation": 90, "texture": "#1"},
				"east": {"uv": [10, 11, 14, 13], "texture": "#1"},
				"south": {"uv": [8, 0, 10, 16], "rotation": 90, "texture": "#1"},
				"west": {"uv": [5, 6, 9, 8], "texture": "#1"},
				"up": {"uv": [3, 0, 7, 16], "rotation": 90, "texture": "#1"},
				"down": {"uv": [12, 0, 16, 16], "rotation": 270, "texture": "#1"}
			}
		},
		{
			"name": "Cube",
			"from": [0, 0, 0],
			"to": [16, 1.5, 4],
			"rotation": {"angle": 0, "axis": "y", "origin": [8, 4.5, 8]},
			"faces": {
				"north": {"uv": [2, 0, 4, 16], "rotation": 90, "texture": "#1"},
				"east": {"uv": [7, 5, 11, 7], "texture": "#1"},
				"south": {"uv": [4, 0, 6, 16], "rotation": 90, "texture": "#1"},
				"west": {"uv": [10, 10, 14, 12], "texture": "#1"},
				"up": {"uv": [2, 0, 6, 16], "rotation": 90, "texture": "#1"},
				"down": {"uv": [7, 0, 11, 16], "rotation": 270, "texture": "#1"}
			}
		},
		{
			"name": "Cube",
			"from": [16, 1.5, 0],
			"to": [17.5, 10, 4],
			"rotation": {"angle": 0, "axis": "y", "origin": [8, 4.5, 8]},
			"faces": {
				"north": {"uv": [5, 1, 7, 9], "texture": "#1"},
				"east": {"uv": [4, 7, 8, 15], "texture": "#1"},
				"south": {"uv": [5, 2, 7, 10], "texture": "#1"},
				"west": {"uv": [0, 2, 4, 10], "texture": "#1"},
				"up": {"uv": [5, 8, 9, 10], "rotation": 90, "texture": "#1"},
				"down": {"uv": [7, 9, 11, 11], "rotation": 270, "texture": "#1"}
			}
		},
		{
			"name": "Cube",
			"from": [-1.5, 1.5, 0],
			"to": [0, 10, 4],
			"rotation": {"angle": 0, "axis": "y", "origin": [8, 4.5, 8]},
			"faces": {
				"north": {"uv": [13, 5, 15, 13], "texture": "#1"},
				"east": {"uv": [7, 6, 11, 14], "texture": "#1"},
				"south": {"uv": [8, 5, 10, 13], "texture": "#1"},
				"west": {"uv": [10, 4, 14, 12], "texture": "#1"},
				"up": {"uv": [6, 5, 10, 7], "rotation": 90, "texture": "#1"},
				"down": {"uv": [4, 6, 8, 8], "rotation": 270, "texture": "#1"}
			}
		},
		{
			"from": [2, 0.09414, -6.62461],
			"to": [5, 0.09914, -2.62461],
			"rotation": {"angle": 22.5, "axis": "x", "origin": [8, 4.5, 8]},
			"faces": {
				"north": {"uv": [13.938, 1.875, 13.25, 2.625], "texture": "#4"},
				"east": {"uv": [13.25, 2.625, 13.938, 1.875], "rotation": 270, "texture": "#4"},
				"south": {"uv": [13.938, 1.875, 13.25, 2.625], "rotation": 180, "texture": "#4"},
				"west": {"uv": [13.25, 2.625, 13.938, 1.875], "rotation": 90, "texture": "#4"},
				"up": {"uv": [16, 0, 0, 16], "texture": "#4"},
				"down": {"uv": [16, 0, 0, 16], "rotation": 180, "texture": "#4"}
			}
		},
		{
			"from": [-1.94914, 4.5, -4.32851],
			"to": [-1.94414, 7.5, -0.32851],
			"rotation": {"angle": -22.5, "axis": "y", "origin": [8, 4.5, 8]},
			"faces": {
				"north": {"uv": [13.25, 1.875, 13.938, 2.625], "rotation": 270, "texture": "#4"},
				"east": {"uv": [16, 16, 0, 0], "rotation": 270, "texture": "#4"},
				"south": {"uv": [13.25, 1.875, 13.938, 2.625], "rotation": 270, "texture": "#4"},
				"west": {"uv": [16, 16, 0, 0], "rotation": 90, "texture": "#4"},
				"up": {"uv": [13.25, 1.875, 13.938, 2.625], "texture": "#4"},
				"down": {"uv": [13.25, 1.875, 13.938, 2.625], "rotation": 180, "texture": "#4"}
			}
		},
		{
			"from": [2, 4, -3],
			"to": [5, 8, 14],
			"rotation": {"angle": 0, "axis": "y", "origin": [8, 4.5, 8]},
			"faces": {
				"north": {"uv": [9, 0, 6, 5], "texture": "#particle"},
				"east": {"uv": [7, 16, 12, 0], "rotation": 270, "texture": "#particle"},
				"south": {"uv": [10, 14, 13, 11], "rotation": 270, "texture": "#particle"},
				"west": {"uv": [7, 16, 12, 0], "rotation": 90, "texture": "#particle"},
				"up": {"uv": [13, 0, 10, 16], "texture": "#particle"},
				"down": {"uv": [7, 0, 4, 16], "rotation": 180, "texture": "#particle"}
			}
		},
		{
			"from": [1.5, 4.5, -3],
			"to": [5.5, 7.5, 14],
			"rotation": {"angle": 0, "axis": "y", "origin": [8, 4.5, 8]},
			"faces": {
				"north": {"uv": [10, 1, 5, 4], "texture": "#particle"},
				"east": {"uv": [8, 16, 11, 0], "rotation": 270, "texture": "#particle"},
				"south": {"uv": [10, 14, 13, 11], "rotation": 270, "texture": "#particle"},
				"west": {"uv": [8, 16, 11, 0], "rotation": 90, "texture": "#particle"},
				"up": {"uv": [14, 0, 9, 16], "texture": "#particle"},
				"down": {"uv": [8, 0, 3, 16], "rotation": 180, "texture": "#particle"}
			}
		},
		{
			"from": [2, 4.5, -3.5],
			"to": [5, 7.5, 14.5],
			"rotation": {"angle": 0, "axis": "y", "origin": [8, 4.5, 8]},
			"faces": {
				"north": {"uv": [12, 1, 9, 4], "texture": "#particle"},
				"east": {"uv": [8, 16, 12, 0], "rotation": 270, "texture": "#particle"},
				"south": {"uv": [10, 14, 13, 11], "rotation": 270, "texture": "#particle"},
				"west": {"uv": [10, 16, 14, 0], "rotation": 90, "texture": "#particle"},
				"up": {"uv": [8, 0, 4, 16], "texture": "#particle"},
				"down": {"uv": [4, 0, 0, 16], "rotation": 180, "texture": "#particle"}
			}
		},
		{
			"from": [2, 11.6725, -5.47656],
			"to": [5, 11.6775, -1.47656],
			"rotation": {"angle": -22.5, "axis": "x", "origin": [8, 4.5, 8]},
			"faces": {
				"north": {"uv": [13.938, 2.625, 13.25, 1.875], "texture": "#4"},
				"east": {"uv": [13.938, 2.625, 13.25, 1.875], "rotation": 270, "texture": "#4"},
				"south": {"uv": [13.938, 2.625, 13.25, 1.875], "rotation": 180, "texture": "#4"},
				"west": {"uv": [13.938, 2.625, 13.25, 1.875], "rotation": 90, "texture": "#4"},
				"up": {"uv": [0, 0, 16, 16], "texture": "#4"},
				"down": {"uv": [0, 0, 16, 16], "rotation": 180, "texture": "#4"}
			}
		},
		{
			"from": [9.62922, 4.5, -7.77266],
			"to": [9.63422, 7.5, -3.77266],
			"rotation": {"angle": 22.5, "axis": "y", "origin": [8, 4.5, 8]},
			"faces": {
				"north": {"uv": [13.25, 2.625, 13.938, 1.875], "rotation": 270, "texture": "#4"},
				"east": {"uv": [0, 16, 16, 0], "rotation": 270, "texture": "#4"},
				"south": {"uv": [13.25, 2.625, 13.938, 1.875], "rotation": 270, "texture": "#4"},
				"west": {"uv": [0, 16, 16, 0], "rotation": 90, "texture": "#4"},
				"up": {"uv": [13.938, 1.875, 13.25, 2.625], "texture": "#4"},
				"down": {"uv": [13.938, 1.875, 13.25, 2.625], "rotation": 180, "texture": "#4"}
			}
		},
		{
			"from": [1, 8.47656, 7.6725],
			"to": [4, 12.47656, 7.6775],
			"rotation": {"angle": -22.5, "axis": "x", "origin": [7, -1, 0.5]},
			"faces": {
				"north": {"uv": [0, 0, 16, 16], "texture": "#4"},
				"east": {"uv": [13.938, 2.625, 13.25, 1.875], "rotation": 180, "texture": "#4"},
				"south": {"uv": [0, 0, 16, 16], "texture": "#4"},
				"west": {"uv": [13.938, 2.625, 13.25, 1.875], "rotation": 180, "texture": "#4"},
				"up": {"uv": [13.938, 2.625, 13.25, 1.875], "rotation": 180, "texture": "#4"}
			}
		},
		{
			"from": [-2.94914, 7.32851, 0.5],
			"to": [-2.94414, 11.32851, 3.5],
			"rotation": {"angle": -22.5, "axis": "z", "origin": [7, -1, 0.5]},
			"faces": {
				"north": {"uv": [13.25, 1.875, 13.938, 2.625], "texture": "#4"},
				"east": {"uv": [16, 16, 0, 0], "rotation": 180, "texture": "#4"},
				"south": {"uv": [13.25, 1.875, 13.938, 2.625], "texture": "#4"},
				"west": {"uv": [16, 16, 0, 0], "rotation": 180, "texture": "#4"},
				"up": {"uv": [13.25, 1.875, 13.938, 2.625], "rotation": 90, "texture": "#4"}
			}
		},
		{
			"from": [1, 9.62461, -3.90586],
			"to": [4, 13.62461, -3.90086],
			"rotation": {"angle": 22.5, "axis": "x", "origin": [7, -1, 0.5]},
			"faces": {
				"north": {"uv": [16, 0, 0, 16], "texture": "#4"},
				"east": {"uv": [13.25, 2.625, 13.938, 1.875], "rotation": 180, "texture": "#4"},
				"south": {"uv": [16, 0, 0, 16], "texture": "#4"},
				"west": {"uv": [13.25, 2.625, 13.938, 1.875], "rotation": 180, "texture": "#4"},
				"up": {"uv": [13.938, 1.875, 13.25, 2.625], "rotation": 180, "texture": "#4"}
			}
		},
		{
			"from": [8.62922, 10.77266, 0.5],
			"to": [8.63422, 14.77266, 3.5],
			"rotation": {"angle": 22.5, "axis": "z", "origin": [7, -1, 0.5]},
			"faces": {
				"north": {"uv": [13.938, 1.875, 13.25, 2.625], "texture": "#4"},
				"east": {"uv": [0, 16, 16, 0], "rotation": 180, "texture": "#4"},
				"south": {"uv": [13.938, 1.875, 13.25, 2.625], "texture": "#4"},
				"west": {"uv": [0, 16, 16, 0], "rotation": 180, "texture": "#4"},
				"up": {"uv": [13.25, 2.625, 13.938, 1.875], "rotation": 90, "texture": "#4"}
			}
		},
		{
			"from": [12, 8.47656, 7.6725],
			"to": [15, 12.47656, 7.6775],
			"rotation": {"angle": -22.5, "axis": "x", "origin": [9, -1, 0.5]},
			"faces": {
				"north": {"uv": [16, 0, 0, 16], "texture": "#4"},
				"east": {"uv": [13.25, 2.625, 13.938, 1.875], "rotation": 180, "texture": "#4"},
				"south": {"uv": [16, 0, 0, 16], "texture": "#4"},
				"west": {"uv": [13.25, 2.625, 13.938, 1.875], "rotation": 180, "texture": "#4"},
				"up": {"uv": [13.25, 2.625, 13.938, 1.875], "rotation": 180, "texture": "#4"}
			}
		},
		{
			"from": [18.94414, 7.32851, 0.5],
			"to": [18.94914, 11.32851, 3.5],
			"rotation": {"angle": 22.5, "axis": "z", "origin": [9, -1, 0.5]},
			"faces": {
				"north": {"uv": [13.938, 1.875, 13.25, 2.625], "texture": "#4"},
				"east": {"uv": [0, 16, 16, 0], "rotation": 180, "texture": "#4"},
				"south": {"uv": [13.938, 1.875, 13.25, 2.625], "texture": "#4"},
				"west": {"uv": [0, 16, 16, 0], "rotation": 180, "texture": "#4"},
				"up": {"uv": [13.25, 2.625, 13.938, 1.875], "rotation": 90, "texture": "#4"}
			}
		},
		{
			"from": [12, 9.62461, -3.90586],
			"to": [15, 13.62461, -3.90086],
			"rotation": {"angle": 22.5, "axis": "x", "origin": [9, -1, 0.5]},
			"faces": {
				"north": {"uv": [0, 0, 16, 16], "texture": "#4"},
				"east": {"uv": [13.938, 2.625, 13.25, 1.875], "rotation": 180, "texture": "#4"},
				"south": {"uv": [0, 0, 16, 16], "texture": "#4"},
				"west": {"uv": [13.938, 2.625, 13.25, 1.875], "rotation": 180, "texture": "#4"},
				"up": {"uv": [13.25, 1.875, 13.938, 2.625], "rotation": 180, "texture": "#4"}
			}
		},
		{
			"from": [7.36578, 10.77266, 0.5],
			"to": [7.37078, 14.77266, 3.5],
			"rotation": {"angle": -22.5, "axis": "z", "origin": [9, -1, 0.5]},
			"faces": {
				"north": {"uv": [13.25, 1.875, 13.938, 2.625], "texture": "#4"},
				"east": {"uv": [16, 16, 0, 0], "rotation": 180, "texture": "#4"},
				"south": {"uv": [13.25, 1.875, 13.938, 2.625], "texture": "#4"},
				"west": {"uv": [16, 16, 0, 0], "rotation": 180, "texture": "#4"},
				"up": {"uv": [13.25, 1.875, 13.938, 2.625], "rotation": 90, "texture": "#4"}
			}
		}
	],
	"display": {
		"head": {
			"rotation": [22.5, 0, 0],
			"translation": [0, -28.75, 9.75],
			"scale": [2.5, 2.5, 2.5]
		}
	},
	"groups": [
		{
			"name": "spike",
			"origin": [9, 16.5, -0.5],
			"children": [0, 1, 2, 3, 4, 5, 6]
		}, 7, 8, 9, 10, 11,
		{
			"name": "spike",
			"origin": [9, 16.5, -0.5],
			"children": [12, 13, 14, 15, 16, 17, 18]
		},
		{
			"name": "spike_top",
			"origin": [6, 0, 0.5],
			"children": [19, 20, 21, 22]
		},
		{
			"name": "spike_top",
			"origin": [6, 0, 0.5],
			"children": [23, 24, 25, 26]
		}
	]
}