{
	"credit": "Made by MadstonMagic, using Cubik Pro & Blockbench",
	"textures": {
		"0": "block/iron_block",
		"1": "block/stone_bricks",
		"2": "block/smooth_stone_slab_side",
		"3": "block/smooth_stone",
		"4": "block/dark_oak_log",
		"5": "custom/iron_spike",
		"particle": "block/iron_block"
	},
	"elements": [
		{
			"from": [11.75, 12.5, 5.5],
			"to": [14.25, 15, 9.5],
			"rotation": {"angle": 0, "axis": "y", "origin": [20.25, 9.5, 14]},
			"faces": {
				"north": {"uv": [7, 7, 13, 13], "texture": "#3"},
				"east": {"uv": [5, 7, 11, 13], "texture": "#3"},
				"south": {"uv": [7, 8, 13, 14], "texture": "#3"},
				"west": {"uv": [8, 2, 14, 8], "texture": "#3"},
				"up": {"uv": [8, 2, 14, 8], "texture": "#3"},
				"down": {"uv": [3, 8, 9, 14], "texture": "#3"}
			}
		},
		{
			"from": [11.75, 13.875, 6.25],
			"to": [14.25, 16.375, 8.75],
			"rotation": {"angle": 0, "axis": "y", "origin": [5.75, 10.875, 14.75]},
			"faces": {
				"north": {"uv": [13, 7, 7, 13], "texture": "#3"},
				"east": {"uv": [14, 2, 8, 8], "texture": "#3"},
				"south": {"uv": [13, 8, 7, 14], "texture": "#3"},
				"west": {"uv": [11, 7, 5, 13], "texture": "#3"},
				"up": {"uv": [14, 2, 8, 8], "texture": "#3"}
			}
		},
		{
			"from": [4.75, 12.5, 6],
			"to": [11.5, 15.5, 9],
			"rotation": {"angle": 0, "axis": "y", "origin": [20, 8.5, 14]},
			"faces": {
				"north": {"uv": [0, 0, 16, 8], "texture": "#2"},
				"south": {"uv": [16, 0, 0, 8], "texture": "#2"},
				"up": {"uv": [0, 2, 16, 5], "rotation": 180, "texture": "#2"},
				"down": {"uv": [0, 7, 16, 8], "rotation": 180, "texture": "#2"}
			}
		},
		{
			"from": [-2, 12.5, 6],
			"to": [4.75, 15.5, 9],
			"rotation": {"angle": 0, "axis": "y", "origin": [13.75, 8.5, 14]},
			"faces": {
				"north": {"uv": [0, 0, 16, 8], "texture": "#2"},
				"south": {"uv": [16, 0, 0, 8], "texture": "#2"},
				"west": {"uv": [8, 2, 14, 8], "texture": "#2"},
				"up": {"uv": [0, 2, 16, 5], "rotation": 180, "texture": "#2"},
				"down": {"uv": [0, 7, 16, 8], "rotation": 180, "texture": "#2"}
			}
		},
		{
			"from": [4.75, -4, 6],
			"to": [11.5, -1, 9],
			"rotation": {"angle": 0, "axis": "y", "origin": [20, -8, 14]},
			"faces": {
				"north": {"uv": [0, 0, 16, 8], "texture": "#2"},
				"south": {"uv": [16, 0, 0, 8], "texture": "#2"},
				"up": {"uv": [0, 2, 16, 5], "rotation": 180, "texture": "#2"},
				"down": {"uv": [0, 7, 16, 8], "rotation": 180, "texture": "#2"}
			}
		},
		{
			"from": [-2, -4, 6],
			"to": [4.75, -1, 9],
			"rotation": {"angle": 0, "axis": "y", "origin": [13.75, -8, 14]},
			"faces": {
				"north": {"uv": [0, 0, 16, 8], "texture": "#2"},
				"south": {"uv": [16, 0, 0, 8], "texture": "#2"},
				"west": {"uv": [8, 2, 14, 8], "texture": "#2"},
				"up": {"uv": [0, 2, 16, 5], "rotation": 180, "texture": "#2"},
				"down": {"uv": [0, 7, 16, 8], "rotation": 180, "texture": "#2"}
			}
		},
		{
			"from": [11.5, -4, 6],
			"to": [14.5, 16, 9],
			"rotation": {"angle": 0, "axis": "y", "origin": [6, 4, 14.5]},
			"faces": {
				"north": {"uv": [7, 0, 3, 16], "texture": "#0"},
				"east": {"uv": [11, 0, 7, 16], "texture": "#0"},
				"south": {"uv": [14, 0, 10, 16], "texture": "#0"},
				"west": {"uv": [10, 0, 6, 16], "texture": "#0"},
				"up": {"uv": [8, 2, 4, 6], "texture": "#0"},
				"down": {"uv": [8, 2, 4, 6], "texture": "#0"}
			}
		},
		{
			"from": [12, -4, 1],
			"to": [14, 1.5, 3],
			"rotation": {"angle": 0, "axis": "y", "origin": [6, 4, 9.5]},
			"faces": {
				"north": {"uv": [14, 4, 10, 14], "texture": "#4"},
				"east": {"uv": [7, 2, 3, 12], "texture": "#4"},
				"south": {"uv": [16, 0, 12, 10], "texture": "#4"},
				"west": {"uv": [15, 1, 11, 11], "texture": "#4"},
				"up": {"uv": [11, 7, 7, 11], "texture": "#4"},
				"down": {"uv": [4, 9, 0, 13], "texture": "#4"}
			}
		},
		{
			"from": [16, -4, 1.25],
			"to": [17.5, 0, 2.75],
			"rotation": {"angle": 45, "axis": "z", "origin": [17.5, -5, 1.75]},
			"faces": {
				"north": {"uv": [12, 2, 15, 12], "texture": "#4"},
				"east": {"uv": [3, 1, 0, 11], "texture": "#4"},
				"south": {"uv": [10, 3, 13, 13], "texture": "#4"},
				"west": {"uv": [5, 0, 8, 10], "texture": "#4"},
				"down": {"uv": [0, 9, 4, 13], "texture": "#4"}
			}
		},
		{
			"from": [9, -4, 1.25],
			"to": [10.5, 0, 2.75],
			"rotation": {"angle": -45, "axis": "z", "origin": [9, -5, 1.75]},
			"faces": {
				"north": {"uv": [8, 6, 5, 16], "texture": "#4"},
				"east": {"uv": [13, 6, 10, 16], "texture": "#4"},
				"south": {"uv": [3, 6, 0, 16], "texture": "#4"},
				"west": {"uv": [14, 6, 11, 16], "texture": "#4"},
				"down": {"uv": [4, 9, 0, 13], "texture": "#4"}
			}
		},
		{
			"from": [-2, -1, 6.5],
			"to": [11.5, 12.5, 8.5],
			"rotation": {"angle": 0, "axis": "y", "origin": [1.5, 4, 14.5]},
			"faces": {
				"north": {"uv": [16, 0, 0, 16], "texture": "#1"},
				"south": {"uv": [16, 0, 0, 16], "texture": "#1"},
				"west": {"uv": [10, 0, 6, 16], "texture": "#1"}
			}
		},
		{
			"from": [12.75, 1.5, 1],
			"to": [13.25, 2, 1.5],
			"rotation": {"angle": 45, "axis": "x", "origin": [12.75, 1.5, 1]},
			"faces": {
				"north": {"uv": [8, 7, 7, 8], "texture": "#1"},
				"east": {"uv": [8, 7, 7, 8], "texture": "#1"},
				"west": {"uv": [8, 7, 7, 8], "texture": "#1"},
				"up": {"uv": [8, 7, 7, 8], "texture": "#1"}
			}
		},
		{
			"from": [12.75, 2, 0.5],
			"to": [13.25, 3.5, 1],
			"rotation": {"angle": 45, "axis": "x", "origin": [12.75, 1.5, 1]},
			"faces": {
				"north": {"uv": [8, 7, 7, 8], "texture": "#1"},
				"east": {"uv": [8, 7, 7, 8], "texture": "#1"},
				"south": {"uv": [8, 7, 7, 8], "texture": "#1"},
				"west": {"uv": [8, 7, 7, 8], "texture": "#1"},
				"up": {"uv": [8, 7, 7, 8], "texture": "#1"},
				"down": {"uv": [8, 7, 7, 8], "texture": "#1"}
			}
		},
		{
			"from": [12.75, 2, 1.5],
			"to": [13.25, 3.5, 2],
			"rotation": {"angle": 45, "axis": "x", "origin": [12.75, 1.5, 1]},
			"faces": {
				"north": {"uv": [8, 7, 7, 8], "texture": "#1"},
				"east": {"uv": [8, 7, 7, 8], "texture": "#1"},
				"south": {"uv": [8, 7, 7, 8], "texture": "#1"},
				"west": {"uv": [8, 7, 7, 8], "texture": "#1"},
				"up": {"uv": [8, 7, 7, 8], "texture": "#1"}
			}
		},
		{
			"from": [12.75, 3.5, 1],
			"to": [13.25, 4, 1.5],
			"rotation": {"angle": 45, "axis": "x", "origin": [12.75, 1.5, 1]},
			"faces": {
				"north": {"uv": [8, 7, 7, 8], "texture": "#1"},
				"east": {"uv": [8, 7, 7, 8], "texture": "#1"},
				"south": {"uv": [8, 7, 7, 8], "texture": "#1"},
				"west": {"uv": [8, 7, 7, 8], "texture": "#1"},
				"up": {"uv": [8, 7, 7, 8], "texture": "#1"},
				"down": {"uv": [8, 7, 7, 8], "texture": "#1"}
			}
		},
		{
			"from": [13.25, 4, 1],
			"to": [13.75, 5.5, 1.5],
			"rotation": {"angle": 45, "axis": "x", "origin": [12.75, 1.5, 1]},
			"faces": {
				"north": {"uv": [8, 7, 7, 8], "texture": "#1"},
				"east": {"uv": [8, 7, 7, 8], "texture": "#1"},
				"south": {"uv": [8, 7, 7, 8], "texture": "#1"},
				"west": {"uv": [8, 7, 7, 8], "texture": "#1"},
				"up": {"uv": [8, 7, 7, 8], "texture": "#1"},
				"down": {"uv": [8, 7, 7, 8], "texture": "#1"}
			}
		},
		{
			"from": [13.25, 8, 1],
			"to": [13.75, 9.5, 1.5],
			"rotation": {"angle": 45, "axis": "x", "origin": [12.75, 1.5, 1]},
			"faces": {
				"north": {"uv": [8, 7, 7, 8], "texture": "#1"},
				"east": {"uv": [8, 7, 7, 8], "texture": "#1"},
				"south": {"uv": [8, 7, 7, 8], "texture": "#1"},
				"west": {"uv": [8, 7, 7, 8], "texture": "#1"},
				"down": {"uv": [8, 7, 7, 8], "texture": "#1"}
			}
		},
		{
			"from": [12.25, 4, 1],
			"to": [12.75, 5.5, 1.5],
			"rotation": {"angle": 45, "axis": "x", "origin": [12.75, 1.5, 1]},
			"faces": {
				"north": {"uv": [8, 7, 7, 8], "texture": "#1"},
				"east": {"uv": [8, 7, 7, 8], "texture": "#1"},
				"south": {"uv": [8, 7, 7, 8], "texture": "#1"},
				"west": {"uv": [8, 7, 7, 8], "texture": "#1"},
				"up": {"uv": [8, 7, 7, 8], "texture": "#1"},
				"down": {"uv": [8, 7, 7, 8], "texture": "#1"}
			}
		},
		{
			"from": [12.25, 8, 1],
			"to": [12.75, 9.5, 1.5],
			"rotation": {"angle": 45, "axis": "x", "origin": [12.75, 1.5, 1]},
			"faces": {
				"north": {"uv": [8, 7, 7, 8], "texture": "#1"},
				"east": {"uv": [8, 7, 7, 8], "texture": "#1"},
				"south": {"uv": [8, 7, 7, 8], "texture": "#1"},
				"west": {"uv": [8, 7, 7, 8], "texture": "#1"},
				"down": {"uv": [8, 7, 7, 8], "texture": "#1"}
			}
		},
		{
			"from": [12.75, 5.5, 1],
			"to": [13.25, 6, 1.5],
			"rotation": {"angle": 45, "axis": "x", "origin": [12.75, 1.5, 1]},
			"faces": {
				"north": {"uv": [8, 7, 7, 8], "texture": "#1"},
				"east": {"uv": [8, 7, 7, 8], "texture": "#1"},
				"south": {"uv": [8, 7, 7, 8], "texture": "#1"},
				"west": {"uv": [8, 7, 7, 8], "texture": "#1"},
				"up": {"uv": [8, 7, 7, 8], "texture": "#1"},
				"down": {"uv": [8, 7, 7, 8], "texture": "#1"}
			}
		},
		{
			"from": [12.75, 6, 0.5],
			"to": [13.25, 7.5, 1],
			"rotation": {"angle": 45, "axis": "x", "origin": [12.75, 1.5, 1]},
			"faces": {
				"north": {"uv": [8, 7, 7, 8], "texture": "#1"},
				"east": {"uv": [8, 7, 7, 8], "texture": "#1"},
				"south": {"uv": [8, 7, 7, 8], "texture": "#1"},
				"west": {"uv": [8, 7, 7, 8], "texture": "#1"},
				"up": {"uv": [8, 7, 7, 8], "texture": "#1"},
				"down": {"uv": [8, 7, 7, 8], "texture": "#1"}
			}
		},
		{
			"from": [12.75, 6, 1.5],
			"to": [13.25, 7.5, 2],
			"rotation": {"angle": 45, "axis": "x", "origin": [12.75, 1.5, 1]},
			"faces": {
				"north": {"uv": [8, 7, 7, 8], "texture": "#1"},
				"east": {"uv": [8, 7, 7, 8], "texture": "#1"},
				"south": {"uv": [8, 7, 7, 8], "texture": "#1"},
				"west": {"uv": [8, 7, 7, 8], "texture": "#1"},
				"up": {"uv": [8, 7, 7, 8], "texture": "#1"},
				"down": {"uv": [8, 7, 7, 8], "texture": "#1"}
			}
		},
		{
			"from": [12.75, 7.5, 1],
			"to": [13.25, 8, 1.5],
			"rotation": {"angle": 45, "axis": "x", "origin": [12.75, 1.5, 1]},
			"faces": {
				"north": {"uv": [8, 7, 7, 8], "texture": "#1"},
				"east": {"uv": [8, 7, 7, 8], "texture": "#1"},
				"south": {"uv": [8, 7, 7, 8], "texture": "#1"},
				"west": {"uv": [8, 7, 7, 8], "texture": "#1"},
				"up": {"uv": [8, 7, 7, 8], "texture": "#1"},
				"down": {"uv": [8, 7, 7, 8], "texture": "#1"}
			}
		},
		{
			"from": [12.77262, 12.5, 7.41623],
			"to": [12.77762, 15, 10.66623],
			"rotation": {"angle": -22.5, "axis": "y", "origin": [25.25, 14, 5.5]},
			"faces": {
				"north": {"uv": [13.25, 1.875, 13.938, 2.625], "rotation": 270, "texture": "#5"},
				"east": {"uv": [16, 16, 0, 0], "rotation": 270, "texture": "#5"},
				"south": {"uv": [13.25, 1.875, 13.938, 2.625], "rotation": 270, "texture": "#5"},
				"west": {"uv": [16, 16, 0, 0], "rotation": 90, "texture": "#5"},
				"up": {"uv": [13.25, 1.875, 13.938, 2.625], "texture": "#5"},
				"down": {"uv": [13.25, 1.875, 13.938, 2.625], "rotation": 180, "texture": "#5"}
			}
		},
		{
			"from": [11.75, 14.92388, 2.63269],
			"to": [14.25, 14.92888, 5.88269],
			"rotation": {"angle": -22.5, "axis": "x", "origin": [25.25, 14, 5.5]},
			"faces": {
				"north": {"uv": [13.938, 2.625, 13.25, 1.875], "texture": "#5"},
				"east": {"uv": [13.938, 2.625, 13.25, 1.875], "rotation": 270, "texture": "#5"},
				"south": {"uv": [13.938, 2.625, 13.25, 1.875], "rotation": 180, "texture": "#5"},
				"west": {"uv": [13.938, 2.625, 13.25, 1.875], "rotation": 90, "texture": "#5"},
				"up": {"uv": [0, 0, 16, 16], "texture": "#5"},
				"down": {"uv": [0, 0, 16, 16], "rotation": 180, "texture": "#5"}
			}
		},
		{
			"from": [11.75, 12.60918, 2.82403],
			"to": [14.25, 12.61418, 6.07403],
			"rotation": {"angle": 22.5, "axis": "x", "origin": [25.25, 14, 5.5]},
			"faces": {
				"north": {"uv": [13.938, 1.875, 13.25, 2.625], "texture": "#5"},
				"east": {"uv": [13.25, 2.625, 13.938, 1.875], "rotation": 270, "texture": "#5"},
				"south": {"uv": [13.938, 1.875, 13.25, 2.625], "rotation": 180, "texture": "#5"},
				"west": {"uv": [13.25, 2.625, 13.938, 1.875], "rotation": 90, "texture": "#5"},
				"up": {"uv": [16, 0, 0, 16], "texture": "#5"},
				"down": {"uv": [16, 0, 0, 16], "rotation": 180, "texture": "#5"}
			}
		},
		{
			"from": [15.08732, 12.5, -1.95951],
			"to": [15.09232, 15, 1.29049],
			"rotation": {"angle": 22.5, "axis": "y", "origin": [25.25, 14, 5.5]},
			"faces": {
				"north": {"uv": [13.25, 2.625, 13.938, 1.875], "rotation": 270, "texture": "#5"},
				"east": {"uv": [0, 16, 16, 0], "rotation": 270, "texture": "#5"},
				"south": {"uv": [13.25, 2.625, 13.938, 1.875], "rotation": 270, "texture": "#5"},
				"west": {"uv": [0, 16, 16, 0], "rotation": 90, "texture": "#5"},
				"up": {"uv": [13.938, 1.875, 13.25, 2.625], "texture": "#5"},
				"down": {"uv": [13.938, 1.875, 13.25, 2.625], "rotation": 180, "texture": "#5"}
			}
		},
		{
			"from": [12.77262, 11.20877, 6.25],
			"to": [12.77762, 14.45877, 8.75],
			"rotation": {"angle": -22.5, "axis": "z", "origin": [25.25, 16.375, 7.75]},
			"faces": {
				"north": {"uv": [13.25, 1.875, 13.938, 2.625], "texture": "#5"},
				"east": {"uv": [0, 0, 16, 16], "texture": "#5"},
				"south": {"uv": [13.25, 1.875, 13.938, 2.625], "texture": "#5"},
				"west": {"uv": [0, 0, 16, 16], "texture": "#5"},
				"up": {"uv": [13.25, 1.875, 13.938, 2.625], "rotation": 90, "texture": "#5"},
				"down": {"uv": [13.25, 1.875, 13.938, 2.625], "rotation": 270, "texture": "#5"}
			}
		},
		{
			"from": [11.75, 15.99231, 8.67388],
			"to": [14.25, 19.24231, 8.67888],
			"rotation": {"angle": -22.5, "axis": "x", "origin": [25.25, 16.375, 7.75]},
			"faces": {
				"north": {"uv": [0, 0, 16, 16], "texture": "#5"},
				"east": {"uv": [13.25, 1.875, 13.938, 2.625], "texture": "#5"},
				"south": {"uv": [0, 0, 16, 16], "texture": "#5"},
				"west": {"uv": [13.25, 1.875, 13.938, 2.625], "texture": "#5"},
				"up": {"uv": [13.938, 2.625, 13.25, 1.875], "rotation": 180, "texture": "#5"},
				"down": {"uv": [13.938, 2.625, 13.25, 1.875], "rotation": 180, "texture": "#5"}
			}
		},
		{
			"from": [11.75, 15.80097, 6.35918],
			"to": [14.25, 19.05097, 6.36418],
			"rotation": {"angle": 22.5, "axis": "x", "origin": [25.25, 16.375, 7.75]},
			"faces": {
				"north": {"uv": [16, 0, 0, 16], "texture": "#5"},
				"east": {"uv": [13.938, 1.875, 13.25, 2.625], "texture": "#5"},
				"south": {"uv": [16, 0, 0, 16], "texture": "#5"},
				"west": {"uv": [13.938, 1.875, 13.25, 2.625], "texture": "#5"},
				"up": {"uv": [13.938, 1.875, 13.25, 2.625], "rotation": 180, "texture": "#5"},
				"down": {"uv": [13.938, 1.875, 13.25, 2.625], "rotation": 180, "texture": "#5"}
			}
		},
		{
			"from": [15.08732, 20.58451, 6.25],
			"to": [15.09232, 23.83451, 8.75],
			"rotation": {"angle": 22.5, "axis": "z", "origin": [25.25, 16.375, 7.75]},
			"faces": {
				"north": {"uv": [13.938, 1.875, 13.25, 2.625], "texture": "#5"},
				"east": {"uv": [16, 0, 0, 16], "texture": "#5"},
				"south": {"uv": [13.938, 1.875, 13.25, 2.625], "texture": "#5"},
				"west": {"uv": [16, 0, 0, 16], "texture": "#5"},
				"up": {"uv": [13.25, 2.625, 13.938, 1.875], "rotation": 90, "texture": "#5"},
				"down": {"uv": [13.25, 2.625, 13.938, 1.875], "rotation": 270, "texture": "#5"}
			}
		}
	],
	"display": {
		"head": {
			"translation": [0, -13.25, 6.5],
			"scale": [2.5, 2.5, 2.5]
		}
	},
	"groups": [0, 1, 2, 3, 4, 5, 6, 7, 8, 9, 10,
		{
			"name": "chain",
			"origin": [-2.75, 5.5, 1.5],
			"children": []
		},
		{
			"name": "chain",
			"origin": [-2.75, 5.5, 1.5],
			"children": [11, 12, 13, 14, 15, 16, 17, 18, 19, 20, 21, 22]
		},
		{
			"name": "chain",
			"origin": [-2.75, 5.5, 1.5],
			"children": []
		},
		{
			"name": "spike",
			"origin": [14.75, 11, 17],
			"children": [23, 24, 25, 26]
		},
		{
			"name": "spike",
			"origin": [14.75, 11, 17],
			"children": [27, 28, 29, 30]
		}
	]
}