{
	"credit": "Made by MadstonMagic, using Cubik Pro & Blockbench",
	"textures": {
		"0": "block/gold_block",
		"2": "block/smooth_stone_slab_side",
		"3": "block/smooth_stone",
		"5": "custom/iron_spike",
		"6": "block/anvil",
		"7": "block/cobblestone",
		"particle": "block/gold_block"
	},
	"elements": [
		{
			"from": [0.5, 1, 7],
			"to": [15, 12, 8],
			"rotation": {"angle": 0, "axis": "y", "origin": [3.5, 4, 14.5]},
			"faces": {
				"north": {"uv": [16, 2, 0, 14], "texture": "#7"},
				"south": {"uv": [16, 2, 0, 14], "texture": "#7"}
			}
		},
		{
			"from": [6.5, 1, 6],
			"to": [9.5, 12, 9],
			"rotation": {"angle": 0, "axis": "y", "origin": [0.5, 4, 14.5]},
			"faces": {
				"north": {"uv": [11, 5, 7, 16], "texture": "#6"},
				"east": {"uv": [4, 0, 0, 11], "texture": "#6"},
				"south": {"uv": [15, 1, 11, 12], "texture": "#6"},
				"west": {"uv": [6, 2, 2, 13], "texture": "#6"}
			}
		},
		{
			"from": [3, 12, 6],
			"to": [13, 16.5, 9],
			"rotation": {"angle": 0, "axis": "y", "origin": [0.5, 4, 14.5]},
			"faces": {
				"north": {"uv": [16, 0, 0, 7], "texture": "#0"},
				"south": {"uv": [16, 0, 0, 7], "texture": "#0"},
				"up": {"uv": [16, 5, 0, 10], "texture": "#0"},
				"down": {"uv": [16, 7, 0, 12], "texture": "#0"}
			}
		},
		{
			"from": [3, -3.5, 6],
			"to": [13, 1, 9],
			"rotation": {"angle": 0, "axis": "y", "origin": [0.5, -11.5, 14.5]},
			"faces": {
				"north": {"uv": [16, 9, 0, 16], "texture": "#0"},
				"south": {"uv": [16, 9, 0, 16], "texture": "#0"},
				"up": {"uv": [16, 5, 0, 10], "texture": "#0"},
				"down": {"uv": [16, 7, 0, 12], "rotation": 180, "texture": "#0"}
			}
		},
		{
			"from": [16.5, 9.875, 2.75],
			"to": [16.75, 10.875, 2.875],
			"rotation": {"angle": 0, "axis": "x", "origin": [16.625, 8.875, 2.5]},
			"faces": {
				"north": {"uv": [0, 0, 1, 1], "texture": "#0"},
				"east": {"uv": [0, 0, 1, 1], "texture": "#0"},
				"south": {"uv": [0, 0, 1, 1], "texture": "#0"},
				"west": {"uv": [0, 0, 1, 1], "texture": "#0"},
				"up": {"uv": [0, 0, 1, 1], "texture": "#0"},
				"down": {"uv": [0, 0, 1, 1], "texture": "#0"}
			}
		},
		{
			"from": [16.5, 6.875, 2.75],
			"to": [16.75, 7.875, 2.875],
			"rotation": {"angle": 0, "axis": "x", "origin": [16.625, 5.875, 2.5]},
			"faces": {
				"north": {"uv": [0, 0, 1, 1], "texture": "#0"},
				"east": {"uv": [0, 0, 1, 1], "texture": "#0"},
				"south": {"uv": [0, 0, 1, 1], "texture": "#0"},
				"west": {"uv": [0, 0, 1, 1], "texture": "#0"},
				"up": {"uv": [0, 0, 1, 1], "texture": "#0"},
				"down": {"uv": [0, 0, 1, 1], "texture": "#0"}
			}
		},
		{
			"from": [16.5, 3.875, 2.75],
			"to": [16.75, 4.875, 2.875],
			"rotation": {"angle": 0, "axis": "x", "origin": [16.625, 2.875, 2.5]},
			"faces": {
				"north": {"uv": [0, 0, 1, 1], "texture": "#0"},
				"east": {"uv": [0, 0, 1, 1], "texture": "#0"},
				"south": {"uv": [0, 0, 1, 1], "texture": "#0"},
				"west": {"uv": [0, 0, 1, 1], "texture": "#0"},
				"up": {"uv": [0, 0, 1, 1], "texture": "#0"},
				"down": {"uv": [0, 0, 1, 1], "texture": "#0"}
			}
		},
		{
			"from": [16.5, 10.75, 2.25],
			"to": [16.75, 10.875, 2.75],
			"rotation": {"angle": 0, "axis": "x", "origin": [16.625, 8.875, 2.5]},
			"faces": {
				"east": {"uv": [0, 0, 1, 1], "texture": "#0"},
				"west": {"uv": [0, 0, 1, 1], "texture": "#0"},
				"up": {"uv": [0, 0, 1, 1], "texture": "#0"},
				"down": {"uv": [0, 0, 1, 1], "texture": "#0"}
			}
		},
		{
			"from": [16.5, 7.75, 2.25],
			"to": [16.75, 7.875, 2.75],
			"rotation": {"angle": 0, "axis": "x", "origin": [16.625, 5.875, 2.5]},
			"faces": {
				"east": {"uv": [0, 0, 1, 1], "texture": "#0"},
				"west": {"uv": [0, 0, 1, 1], "texture": "#0"},
				"up": {"uv": [0, 0, 1, 1], "texture": "#0"},
				"down": {"uv": [0, 0, 1, 1], "texture": "#0"}
			}
		},
		{
			"from": [16.5, 4.75, 2.25],
			"to": [16.75, 4.875, 2.75],
			"rotation": {"angle": 0, "axis": "x", "origin": [16.625, 2.875, 2.5]},
			"faces": {
				"east": {"uv": [0, 0, 1, 1], "texture": "#0"},
				"west": {"uv": [0, 0, 1, 1], "texture": "#0"},
				"up": {"uv": [0, 0, 1, 1], "texture": "#0"},
				"down": {"uv": [0, 0, 1, 1], "texture": "#0"}
			}
		},
		{
			"from": [16.875, 10.625, 2.375],
			"to": [17, 11.625, 2.625],
			"rotation": {"angle": 0, "axis": "x", "origin": [16.625, 8.875, 2.5]},
			"faces": {
				"north": {"uv": [0, 0, 1, 1], "texture": "#0"},
				"east": {"uv": [0, 0, 1, 1], "texture": "#0"},
				"south": {"uv": [0, 0, 1, 1], "texture": "#0"},
				"west": {"uv": [0, 0, 1, 1], "texture": "#0"},
				"up": {"uv": [0, 0, 1, 1], "texture": "#0"},
				"down": {"uv": [0, 0, 1, 1], "texture": "#0"}
			}
		},
		{
			"from": [16.875, 7.625, 2.375],
			"to": [17, 8.625, 2.625],
			"rotation": {"angle": 0, "axis": "x", "origin": [16.625, 5.875, 2.5]},
			"faces": {
				"north": {"uv": [0, 0, 1, 1], "texture": "#0"},
				"east": {"uv": [0, 0, 1, 1], "texture": "#0"},
				"south": {"uv": [0, 0, 1, 1], "texture": "#0"},
				"west": {"uv": [0, 0, 1, 1], "texture": "#0"},
				"up": {"uv": [0, 0, 1, 1], "texture": "#0"},
				"down": {"uv": [0, 0, 1, 1], "texture": "#0"}
			}
		},
		{
			"from": [16.875, 4.625, 2.375],
			"to": [17, 5.625, 2.625],
			"rotation": {"angle": 0, "axis": "x", "origin": [16.625, 2.875, 2.5]},
			"faces": {
				"north": {"uv": [0, 0, 1, 1], "texture": "#0"},
				"east": {"uv": [0, 0, 1, 1], "texture": "#0"},
				"south": {"uv": [0, 0, 1, 1], "texture": "#0"},
				"west": {"uv": [0, 0, 1, 1], "texture": "#0"},
				"up": {"uv": [0, 0, 1, 1], "texture": "#0"},
				"down": {"uv": [0, 0, 1, 1], "texture": "#0"}
			}
		},
		{
			"from": [16.875, 6.125, 2.375],
			"to": [17, 7.125, 2.625],
			"rotation": {"angle": 0, "axis": "x", "origin": [16.625, 4.375, 2.5]},
			"faces": {
				"north": {"uv": [0, 0, 1, 1], "texture": "#0"},
				"east": {"uv": [0, 0, 1, 1], "texture": "#0"},
				"south": {"uv": [0, 0, 1, 1], "texture": "#0"},
				"west": {"uv": [0, 0, 1, 1], "texture": "#0"},
				"up": {"uv": [0, 0, 1, 1], "texture": "#0"},
				"down": {"uv": [0, 0, 1, 1], "texture": "#0"}
			}
		},
		{
			"from": [16.875, 3.125, 2.375],
			"to": [17, 4.125, 2.625],
			"rotation": {"angle": 0, "axis": "x", "origin": [16.625, 1.375, 2.5]},
			"faces": {
				"north": {"uv": [0, 0, 1, 1], "texture": "#0"},
				"east": {"uv": [0, 0, 1, 1], "texture": "#0"},
				"south": {"uv": [0, 0, 1, 1], "texture": "#0"},
				"west": {"uv": [0, 0, 1, 1], "texture": "#0"},
				"up": {"uv": [0, 0, 1, 1], "texture": "#0"},
				"down": {"uv": [0, 0, 1, 1], "texture": "#0"}
			}
		},
		{
			"from": [16.375, 10.625, 2.375],
			"to": [16.875, 10.75, 2.625],
			"rotation": {"angle": 0, "axis": "x", "origin": [16.625, 8.875, 2.5]},
			"faces": {
				"north": {"uv": [0, 0, 1, 1], "texture": "#0"},
				"south": {"uv": [0, 0, 1, 1], "texture": "#0"},
				"up": {"uv": [0, 0, 1, 1], "texture": "#0"},
				"down": {"uv": [0, 0, 1, 1], "texture": "#0"}
			}
		},
		{
			"from": [16.375, 7.625, 2.375],
			"to": [16.875, 7.75, 2.625],
			"rotation": {"angle": 0, "axis": "x", "origin": [16.625, 5.875, 2.5]},
			"faces": {
				"north": {"uv": [0, 0, 1, 1], "texture": "#0"},
				"south": {"uv": [0, 0, 1, 1], "texture": "#0"},
				"up": {"uv": [0, 0, 1, 1], "texture": "#0"},
				"down": {"uv": [0, 0, 1, 1], "texture": "#0"}
			}
		},
		{
			"from": [16.375, 4.625, 2.375],
			"to": [16.875, 4.75, 2.625],
			"rotation": {"angle": 0, "axis": "x", "origin": [16.625, 2.875, 2.5]},
			"faces": {
				"north": {"uv": [0, 0, 1, 1], "texture": "#0"},
				"south": {"uv": [0, 0, 1, 1], "texture": "#0"},
				"up": {"uv": [0, 0, 1, 1], "texture": "#0"},
				"down": {"uv": [0, 0, 1, 1], "texture": "#0"}
			}
		},
		{
			"from": [16.375, 6.125, 2.375],
			"to": [16.875, 6.25, 2.625],
			"rotation": {"angle": 0, "axis": "x", "origin": [16.625, 4.375, 2.5]},
			"faces": {
				"north": {"uv": [0, 0, 1, 1], "texture": "#0"},
				"south": {"uv": [0, 0, 1, 1], "texture": "#0"},
				"up": {"uv": [0, 0, 1, 1], "texture": "#0"},
				"down": {"uv": [0, 0, 1, 1], "texture": "#0"}
			}
		},
		{
			"from": [16.375, 3.125, 2.375],
			"to": [16.875, 3.25, 2.625],
			"rotation": {"angle": 0, "axis": "x", "origin": [16.625, 1.375, 2.5]},
			"faces": {
				"north": {"uv": [0, 0, 1, 1], "texture": "#0"},
				"south": {"uv": [0, 0, 1, 1], "texture": "#0"},
				"up": {"uv": [0, 0, 1, 1], "texture": "#0"},
				"down": {"uv": [0, 0, 1, 1], "texture": "#0"}
			}
		},
		{
			"from": [16.875, 9.125, 2.375],
			"to": [17, 10.125, 2.625],
			"rotation": {"angle": 0, "axis": "x", "origin": [16.625, 8.875, 2.5]},
			"faces": {
				"north": {"uv": [0, 0, 1, 1], "texture": "#0"},
				"east": {"uv": [0, 0, 1, 1], "texture": "#0"},
				"south": {"uv": [0, 0, 1, 1], "texture": "#0"},
				"west": {"uv": [0, 0, 1, 1], "texture": "#0"},
				"up": {"uv": [0, 0, 1, 1], "texture": "#0"},
				"down": {"uv": [0, 0, 1, 1], "texture": "#0"}
			}
		},
		{
			"from": [16.375, 10, 2.375],
			"to": [16.875, 10.125, 2.625],
			"rotation": {"angle": 0, "axis": "x", "origin": [16.625, 8.875, 2.5]},
			"faces": {
				"north": {"uv": [0, 0, 1, 1], "texture": "#0"},
				"south": {"uv": [0, 0, 1, 1], "texture": "#0"},
				"up": {"uv": [0, 0, 1, 1], "texture": "#0"},
				"down": {"uv": [0, 0, 1, 1], "texture": "#0"}
			}
		},
		{
			"from": [16.375, 9.125, 2.375],
			"to": [16.875, 9.25, 2.625],
			"rotation": {"angle": 0, "axis": "x", "origin": [16.625, 8, 2.5]},
			"faces": {
				"north": {"uv": [0, 0, 1, 1], "texture": "#0"},
				"south": {"uv": [0, 0, 1, 1], "texture": "#0"},
				"up": {"uv": [0, 0, 1, 1], "texture": "#0"},
				"down": {"uv": [0, 0, 1, 1], "texture": "#0"}
			}
		},
		{
			"from": [16.25, 9.125, 2.375],
			"to": [16.375, 10.125, 2.625],
			"rotation": {"angle": 0, "axis": "x", "origin": [16.625, 8.875, 2.5]},
			"faces": {
				"north": {"uv": [0, 0, 1, 1], "texture": "#0"},
				"east": {"uv": [0, 0, 1, 1], "texture": "#0"},
				"south": {"uv": [0, 0, 1, 1], "texture": "#0"},
				"west": {"uv": [0, 0, 1, 1], "texture": "#0"},
				"up": {"uv": [0, 0, 1, 1], "texture": "#0"},
				"down": {"uv": [0, 0, 1, 1], "texture": "#0"}
			}
		},
		{
			"from": [16.5, 9.875, 2.25],
			"to": [16.75, 10, 2.75],
			"rotation": {"angle": 0, "axis": "x", "origin": [16.625, 8.875, 2.5]},
			"faces": {
				"east": {"uv": [0, 0, 1, 1], "texture": "#0"},
				"west": {"uv": [0, 0, 1, 1], "texture": "#0"},
				"up": {"uv": [0, 0, 1, 1], "texture": "#0"},
				"down": {"uv": [0, 0, 1, 1], "texture": "#0"}
			}
		},
		{
			"from": [16.5, 6.875, 2.25],
			"to": [16.75, 7, 2.75],
			"rotation": {"angle": 0, "axis": "x", "origin": [16.625, 5.875, 2.5]},
			"faces": {
				"east": {"uv": [0, 0, 1, 1], "texture": "#0"},
				"west": {"uv": [0, 0, 1, 1], "texture": "#0"},
				"up": {"uv": [0, 0, 1, 1], "texture": "#0"},
				"down": {"uv": [0, 0, 1, 1], "texture": "#0"}
			}
		},
		{
			"from": [16.5, 3.875, 2.25],
			"to": [16.75, 4, 2.75],
			"rotation": {"angle": 0, "axis": "x", "origin": [16.625, 2.875, 2.5]},
			"faces": {
				"east": {"uv": [0, 0, 1, 1], "texture": "#0"},
				"west": {"uv": [0, 0, 1, 1], "texture": "#0"},
				"up": {"uv": [0, 0, 1, 1], "texture": "#0"},
				"down": {"uv": [0, 0, 1, 1], "texture": "#0"}
			}
		},
		{
			"from": [16.5, 9.875, 2.125],
			"to": [16.75, 10.875, 2.25],
			"rotation": {"angle": 0, "axis": "x", "origin": [16.625, 8.875, 2.5]},
			"faces": {
				"north": {"uv": [0, 0, 1, 1], "texture": "#0"},
				"east": {"uv": [0, 0, 1, 1], "texture": "#0"},
				"south": {"uv": [0, 0, 1, 1], "texture": "#0"},
				"west": {"uv": [0, 0, 1, 1], "texture": "#0"},
				"up": {"uv": [0, 0, 1, 1], "texture": "#0"},
				"down": {"uv": [0, 0, 1, 1], "texture": "#0"}
			}
		},
		{
			"from": [16.5, 6.875, 2.125],
			"to": [16.75, 7.875, 2.25],
			"rotation": {"angle": 0, "axis": "x", "origin": [16.625, 5.875, 2.5]},
			"faces": {
				"north": {"uv": [0, 0, 1, 1], "texture": "#0"},
				"east": {"uv": [0, 0, 1, 1], "texture": "#0"},
				"south": {"uv": [0, 0, 1, 1], "texture": "#0"},
				"west": {"uv": [0, 0, 1, 1], "texture": "#0"},
				"up": {"uv": [0, 0, 1, 1], "texture": "#0"},
				"down": {"uv": [0, 0, 1, 1], "texture": "#0"}
			}
		},
		{
			"from": [16.5, 3.875, 2.125],
			"to": [16.75, 4.875, 2.25],
			"rotation": {"angle": 0, "axis": "x", "origin": [16.625, 2.875, 2.5]},
			"faces": {
				"north": {"uv": [0, 0, 1, 1], "texture": "#0"},
				"east": {"uv": [0, 0, 1, 1], "texture": "#0"},
				"south": {"uv": [0, 0, 1, 1], "texture": "#0"},
				"west": {"uv": [0, 0, 1, 1], "texture": "#0"},
				"up": {"uv": [0, 0, 1, 1], "texture": "#0"},
				"down": {"uv": [0, 0, 1, 1], "texture": "#0"}
			}
		},
		{
			"from": [16.25, 10.625, 2.375],
			"to": [16.375, 11.625, 2.625],
			"rotation": {"angle": 0, "axis": "x", "origin": [16.625, 8.875, 2.5]},
			"faces": {
				"north": {"uv": [0, 0, 1, 1], "texture": "#0"},
				"east": {"uv": [0, 0, 1, 1], "texture": "#0"},
				"south": {"uv": [0, 0, 1, 1], "texture": "#0"},
				"west": {"uv": [0, 0, 1, 1], "texture": "#0"},
				"up": {"uv": [0, 0, 1, 1], "texture": "#0"},
				"down": {"uv": [0, 0, 1, 1], "texture": "#0"}
			}
		},
		{
			"from": [16.25, 7.625, 2.375],
			"to": [16.375, 8.625, 2.625],
			"rotation": {"angle": 0, "axis": "x", "origin": [16.625, 5.875, 2.5]},
			"faces": {
				"north": {"uv": [0, 0, 1, 1], "texture": "#0"},
				"east": {"uv": [0, 0, 1, 1], "texture": "#0"},
				"south": {"uv": [0, 0, 1, 1], "texture": "#0"},
				"west": {"uv": [0, 0, 1, 1], "texture": "#0"},
				"up": {"uv": [0, 0, 1, 1], "texture": "#0"},
				"down": {"uv": [0, 0, 1, 1], "texture": "#0"}
			}
		},
		{
			"from": [16.25, 4.625, 2.375],
			"to": [16.375, 5.625, 2.625],
			"rotation": {"angle": 0, "axis": "x", "origin": [16.625, 2.875, 2.5]},
			"faces": {
				"north": {"uv": [0, 0, 1, 1], "texture": "#0"},
				"east": {"uv": [0, 0, 1, 1], "texture": "#0"},
				"south": {"uv": [0, 0, 1, 1], "texture": "#0"},
				"west": {"uv": [0, 0, 1, 1], "texture": "#0"},
				"up": {"uv": [0, 0, 1, 1], "texture": "#0"},
				"down": {"uv": [0, 0, 1, 1], "texture": "#0"}
			}
		},
		{
			"from": [16.25, 6.125, 2.375],
			"to": [16.375, 7.125, 2.625],
			"rotation": {"angle": 0, "axis": "x", "origin": [16.625, 4.375, 2.5]},
			"faces": {
				"north": {"uv": [0, 0, 1, 1], "texture": "#0"},
				"east": {"uv": [0, 0, 1, 1], "texture": "#0"},
				"south": {"uv": [0, 0, 1, 1], "texture": "#0"},
				"west": {"uv": [0, 0, 1, 1], "texture": "#0"},
				"up": {"uv": [0, 0, 1, 1], "texture": "#0"},
				"down": {"uv": [0, 0, 1, 1], "texture": "#0"}
			}
		},
		{
			"from": [16.25, 3.125, 2.375],
			"to": [16.375, 4.125, 2.625],
			"rotation": {"angle": 0, "axis": "x", "origin": [16.625, 1.375, 2.5]},
			"faces": {
				"north": {"uv": [0, 0, 1, 1], "texture": "#0"},
				"east": {"uv": [0, 0, 1, 1], "texture": "#0"},
				"south": {"uv": [0, 0, 1, 1], "texture": "#0"},
				"west": {"uv": [0, 0, 1, 1], "texture": "#0"},
				"up": {"uv": [0, 0, 1, 1], "texture": "#0"},
				"down": {"uv": [0, 0, 1, 1], "texture": "#0"}
			}
		},
		{
			"from": [16.5, 11.375, 2.75],
			"to": [16.75, 12.375, 2.875],
			"rotation": {"angle": 0, "axis": "x", "origin": [16.625, 8.875, 2.5]},
			"faces": {
				"north": {"uv": [0, 0, 1, 1], "texture": "#0"},
				"east": {"uv": [0, 0, 1, 1], "texture": "#0"},
				"south": {"uv": [0, 0, 1, 1], "texture": "#0"},
				"west": {"uv": [0, 0, 1, 1], "texture": "#0"},
				"up": {"uv": [0, 0, 1, 1], "texture": "#0"},
				"down": {"uv": [0, 0, 1, 1], "texture": "#0"}
			}
		},
		{
			"from": [16.5, 8.375, 2.75],
			"to": [16.75, 9.375, 2.875],
			"rotation": {"angle": 0, "axis": "x", "origin": [16.625, 5.875, 2.5]},
			"faces": {
				"north": {"uv": [0, 0, 1, 1], "texture": "#0"},
				"east": {"uv": [0, 0, 1, 1], "texture": "#0"},
				"south": {"uv": [0, 0, 1, 1], "texture": "#0"},
				"west": {"uv": [0, 0, 1, 1], "texture": "#0"},
				"up": {"uv": [0, 0, 1, 1], "texture": "#0"},
				"down": {"uv": [0, 0, 1, 1], "texture": "#0"}
			}
		},
		{
			"from": [16.5, 5.375, 2.75],
			"to": [16.75, 6.375, 2.875],
			"rotation": {"angle": 0, "axis": "x", "origin": [16.625, 2.875, 2.5]},
			"faces": {
				"north": {"uv": [0, 0, 1, 1], "texture": "#0"},
				"east": {"uv": [0, 0, 1, 1], "texture": "#0"},
				"south": {"uv": [0, 0, 1, 1], "texture": "#0"},
				"west": {"uv": [0, 0, 1, 1], "texture": "#0"},
				"up": {"uv": [0, 0, 1, 1], "texture": "#0"},
				"down": {"uv": [0, 0, 1, 1], "texture": "#0"}
			}
		},
		{
			"from": [16.5, 11.375, 2.25],
			"to": [16.75, 11.5, 2.75],
			"rotation": {"angle": 0, "axis": "x", "origin": [16.625, 8.875, 2.5]},
			"faces": {
				"east": {"uv": [0, 0, 1, 1], "texture": "#0"},
				"west": {"uv": [0, 0, 1, 1], "texture": "#0"},
				"up": {"uv": [0, 0, 1, 1], "texture": "#0"},
				"down": {"uv": [0, 0, 1, 1], "texture": "#0"}
			}
		},
		{
			"from": [16.5, 8.375, 2.25],
			"to": [16.75, 8.5, 2.75],
			"rotation": {"angle": 0, "axis": "x", "origin": [16.625, 5.875, 2.5]},
			"faces": {
				"east": {"uv": [0, 0, 1, 1], "texture": "#0"},
				"west": {"uv": [0, 0, 1, 1], "texture": "#0"},
				"up": {"uv": [0, 0, 1, 1], "texture": "#0"},
				"down": {"uv": [0, 0, 1, 1], "texture": "#0"}
			}
		},
		{
			"from": [16.5, 5.375, 2.25],
			"to": [16.75, 5.5, 2.75],
			"rotation": {"angle": 0, "axis": "x", "origin": [16.625, 2.875, 2.5]},
			"faces": {
				"east": {"uv": [0, 0, 1, 1], "texture": "#0"},
				"west": {"uv": [0, 0, 1, 1], "texture": "#0"},
				"up": {"uv": [0, 0, 1, 1], "texture": "#0"},
				"down": {"uv": [0, 0, 1, 1], "texture": "#0"}
			}
		},
		{
			"from": [16.375, 11.5, 2.375],
			"to": [16.875, 11.625, 2.625],
			"rotation": {"angle": 0, "axis": "x", "origin": [16.625, 8.875, 2.5]},
			"faces": {
				"north": {"uv": [0, 0, 1, 1], "texture": "#0"},
				"south": {"uv": [0, 0, 1, 1], "texture": "#0"},
				"up": {"uv": [0, 0, 1, 1], "texture": "#0"},
				"down": {"uv": [0, 0, 1, 1], "texture": "#0"}
			}
		},
		{
			"from": [16.375, 8.5, 2.375],
			"to": [16.875, 8.625, 2.625],
			"rotation": {"angle": 0, "axis": "x", "origin": [16.625, 5.875, 2.5]},
			"faces": {
				"north": {"uv": [0, 0, 1, 1], "texture": "#0"},
				"south": {"uv": [0, 0, 1, 1], "texture": "#0"},
				"up": {"uv": [0, 0, 1, 1], "texture": "#0"},
				"down": {"uv": [0, 0, 1, 1], "texture": "#0"}
			}
		},
		{
			"from": [16.375, 5.5, 2.375],
			"to": [16.875, 5.625, 2.625],
			"rotation": {"angle": 0, "axis": "x", "origin": [16.625, 2.875, 2.5]},
			"faces": {
				"north": {"uv": [0, 0, 1, 1], "texture": "#0"},
				"south": {"uv": [0, 0, 1, 1], "texture": "#0"},
				"up": {"uv": [0, 0, 1, 1], "texture": "#0"},
				"down": {"uv": [0, 0, 1, 1], "texture": "#0"}
			}
		},
		{
			"from": [16.375, 7, 2.375],
			"to": [16.875, 7.125, 2.625],
			"rotation": {"angle": 0, "axis": "x", "origin": [16.625, 4.375, 2.5]},
			"faces": {
				"north": {"uv": [0, 0, 1, 1], "texture": "#0"},
				"south": {"uv": [0, 0, 1, 1], "texture": "#0"},
				"up": {"uv": [0, 0, 1, 1], "texture": "#0"},
				"down": {"uv": [0, 0, 1, 1], "texture": "#0"}
			}
		},
		{
			"from": [16.375, 4, 2.375],
			"to": [16.875, 4.125, 2.625],
			"rotation": {"angle": 0, "axis": "x", "origin": [16.625, 1.375, 2.5]},
			"faces": {
				"north": {"uv": [0, 0, 1, 1], "texture": "#0"},
				"south": {"uv": [0, 0, 1, 1], "texture": "#0"},
				"up": {"uv": [0, 0, 1, 1], "texture": "#0"},
				"down": {"uv": [0, 0, 1, 1], "texture": "#0"}
			}
		},
		{
			"from": [16.5, 11.375, 2.125],
			"to": [16.75, 12.375, 2.25],
			"rotation": {"angle": 0, "axis": "x", "origin": [16.625, 8.875, 2.5]},
			"faces": {
				"north": {"uv": [0, 0, 1, 1], "texture": "#0"},
				"east": {"uv": [0, 0, 1, 1], "texture": "#0"},
				"south": {"uv": [0, 0, 1, 1], "texture": "#0"},
				"west": {"uv": [0, 0, 1, 1], "texture": "#0"},
				"up": {"uv": [0, 0, 1, 1], "texture": "#0"},
				"down": {"uv": [0, 0, 1, 1], "texture": "#0"}
			}
		},
		{
			"from": [16.5, 8.375, 2.125],
			"to": [16.75, 9.375, 2.25],
			"rotation": {"angle": 0, "axis": "x", "origin": [16.625, 5.875, 2.5]},
			"faces": {
				"north": {"uv": [0, 0, 1, 1], "texture": "#0"},
				"east": {"uv": [0, 0, 1, 1], "texture": "#0"},
				"south": {"uv": [0, 0, 1, 1], "texture": "#0"},
				"west": {"uv": [0, 0, 1, 1], "texture": "#0"},
				"up": {"uv": [0, 0, 1, 1], "texture": "#0"},
				"down": {"uv": [0, 0, 1, 1], "texture": "#0"}
			}
		},
		{
			"from": [16.5, 5.375, 2.125],
			"to": [16.75, 6.375, 2.25],
			"rotation": {"angle": 0, "axis": "x", "origin": [16.625, 2.875, 2.5]},
			"faces": {
				"north": {"uv": [0, 0, 1, 1], "texture": "#0"},
				"east": {"uv": [0, 0, 1, 1], "texture": "#0"},
				"south": {"uv": [0, 0, 1, 1], "texture": "#0"},
				"west": {"uv": [0, 0, 1, 1], "texture": "#0"},
				"up": {"uv": [0, 0, 1, 1], "texture": "#0"},
				"down": {"uv": [0, 0, 1, 1], "texture": "#0"}
			}
		},
		{
			"from": [16.5, 2.375, 2.125],
			"to": [16.75, 3.375, 2.25],
			"rotation": {"angle": 0, "axis": "x", "origin": [16.625, -0.125, 2.5]},
			"faces": {
				"north": {"uv": [0, 0, 1, 1], "texture": "#0"},
				"east": {"uv": [0, 0, 1, 1], "texture": "#0"},
				"south": {"uv": [0, 0, 1, 1], "texture": "#0"},
				"west": {"uv": [0, 0, 1, 1], "texture": "#0"},
				"up": {"uv": [0, 0, 1, 1], "texture": "#0"}
			}
		},
		{
			"from": [16.875, 12.125, 2.375],
			"to": [17, 13.125, 2.625],
			"rotation": {"angle": 0, "axis": "x", "origin": [16.625, 8.875, 2.5]},
			"faces": {
				"north": {"uv": [0, 0, 1, 1], "texture": "#0"},
				"east": {"uv": [0, 0, 1, 1], "texture": "#0"},
				"south": {"uv": [0, 0, 1, 1], "texture": "#0"},
				"west": {"uv": [0, 0, 1, 1], "texture": "#0"},
				"down": {"uv": [0, 0, 1, 1], "texture": "#0"}
			}
		},
		{
			"from": [16.375, 12.125, 2.375],
			"to": [16.875, 12.25, 2.625],
			"rotation": {"angle": 0, "axis": "x", "origin": [16.625, 8.875, 2.5]},
			"faces": {
				"north": {"uv": [0, 0, 1, 1], "texture": "#0"},
				"south": {"uv": [0, 0, 1, 1], "texture": "#0"},
				"up": {"uv": [0, 0, 1, 1], "texture": "#0"},
				"down": {"uv": [0, 0, 1, 1], "texture": "#0"}
			}
		},
		{
			"from": [16.5, 12.25, 2.25],
			"to": [16.75, 12.375, 2.75],
			"rotation": {"angle": 0, "axis": "x", "origin": [16.625, 8.875, 2.5]},
			"faces": {
				"east": {"uv": [0, 0, 1, 1], "texture": "#0"},
				"west": {"uv": [0, 0, 1, 1], "texture": "#0"},
				"up": {"uv": [0, 0, 1, 1], "texture": "#0"},
				"down": {"uv": [0, 0, 1, 1], "texture": "#0"}
			}
		},
		{
			"from": [16.5, 9.25, 2.25],
			"to": [16.75, 9.375, 2.75],
			"rotation": {"angle": 0, "axis": "x", "origin": [16.625, 5.875, 2.5]},
			"faces": {
				"east": {"uv": [0, 0, 1, 1], "texture": "#0"},
				"west": {"uv": [0, 0, 1, 1], "texture": "#0"},
				"up": {"uv": [0, 0, 1, 1], "texture": "#0"},
				"down": {"uv": [0, 0, 1, 1], "texture": "#0"}
			}
		},
		{
			"from": [16.5, 6.25, 2.25],
			"to": [16.75, 6.375, 2.75],
			"rotation": {"angle": 0, "axis": "x", "origin": [16.625, 2.875, 2.5]},
			"faces": {
				"east": {"uv": [0, 0, 1, 1], "texture": "#0"},
				"west": {"uv": [0, 0, 1, 1], "texture": "#0"},
				"up": {"uv": [0, 0, 1, 1], "texture": "#0"},
				"down": {"uv": [0, 0, 1, 1], "texture": "#0"}
			}
		},
		{
			"from": [16.5, 3.25, 2.25],
			"to": [16.75, 3.375, 2.75],
			"rotation": {"angle": 0, "axis": "x", "origin": [16.625, -0.125, 2.5]},
			"faces": {
				"east": {"uv": [0, 0, 1, 1], "texture": "#0"},
				"south": {"uv": [0, 0, 1, 1], "texture": "#0"},
				"west": {"uv": [0, 0, 1, 1], "texture": "#0"},
				"up": {"uv": [0, 0, 1, 1], "texture": "#0"},
				"down": {"uv": [0, 0, 1, 1], "texture": "#0"}
			}
		},
		{
			"from": [16.25, 12.125, 2.375],
			"to": [16.375, 13.125, 2.625],
			"rotation": {"angle": 0, "axis": "x", "origin": [16.625, 8.875, 2.5]},
			"faces": {
				"north": {"uv": [0, 0, 1, 1], "texture": "#0"},
				"east": {"uv": [0, 0, 1, 1], "texture": "#0"},
				"south": {"uv": [0, 0, 1, 1], "texture": "#0"},
				"west": {"uv": [0, 0, 1, 1], "texture": "#0"},
				"down": {"uv": [0, 0, 1, 1], "texture": "#0"}
			}
		},
		{
			"from": [18, -4, 5],
			"to": [19, 16, 6],
			"rotation": {"angle": 0, "axis": "y", "origin": [10.5, 4, 13.5]},
			"faces": {
				"north": {"uv": [7, 0, 5, 16], "texture": "#0"},
				"east": {"uv": [14, 0, 12, 16], "texture": "#0"},
				"south": {"uv": [4, 0, 2, 16], "texture": "#0"},
				"west": {"uv": [14, 0, 12, 16], "texture": "#0"}
			}
		},
		{
			"from": [15.72283, 19.59776, 6.25],
			"to": [15.72783, 22.84776, 8.75],
			"rotation": {"angle": -22.5, "axis": "z", "origin": [16.5, 21, 7.5]},
			"faces": {
				"north": {"uv": [13.25, 1.875, 13.938, 2.625], "texture": "#5"},
				"east": {"uv": [16, 16, 0, 0], "rotation": 180, "texture": "#5"},
				"south": {"uv": [13.25, 1.875, 13.938, 2.625], "texture": "#5"},
				"west": {"uv": [16, 16, 0, 0], "rotation": 180, "texture": "#5"},
				"up": {"uv": [13.25, 1.875, 13.938, 2.625], "rotation": 90, "texture": "#5"},
				"down": {"uv": [13.25, 1.875, 13.938, 2.625], "rotation": 270, "texture": "#5"}
			}
		},
		{
			"from": [14.57478, 13.25, -0.6194],
			"to": [14.57978, 15.75, 2.6306],
			"rotation": {"angle": -22.5, "axis": "y", "origin": [16.5, 16.5, 4]},
			"faces": {
				"north": {"uv": [13.25, 1.875, 13.938, 2.625], "rotation": 270, "texture": "#5"},
				"east": {"uv": [16, 16, 0, 0], "rotation": 270, "texture": "#5"},
				"south": {"uv": [13.25, 1.875, 13.938, 2.625], "rotation": 270, "texture": "#5"},
				"west": {"uv": [16, 16, 0, 0], "rotation": 90, "texture": "#5"},
				"up": {"uv": [13.25, 1.875, 13.938, 2.625], "texture": "#5"},
				"down": {"uv": [13.25, 1.875, 13.938, 2.625], "rotation": 180, "texture": "#5"}
			}
		},
		{
			"from": [15.25, 19.59776, 8.27217],
			"to": [17.75, 22.84776, 8.27717],
			"rotation": {"angle": -22.5, "axis": "x", "origin": [16.5, 21, 7.5]},
			"faces": {
				"north": {"uv": [0, 0, 16, 16], "texture": "#5"},
				"east": {"uv": [13.938, 2.625, 13.25, 1.875], "rotation": 180, "texture": "#5"},
				"south": {"uv": [0, 0, 16, 16], "texture": "#5"},
				"west": {"uv": [13.938, 2.625, 13.25, 1.875], "rotation": 180, "texture": "#5"},
				"up": {"uv": [13.938, 2.625, 13.25, 1.875], "rotation": 180, "texture": "#5"},
				"down": {"uv": [13.938, 2.625, 13.25, 1.875], "rotation": 180, "texture": "#5"}
			}
		},
		{
			"from": [15.25, 16.57246, -1.38477],
			"to": [17.75, 16.57746, 1.86523],
			"rotation": {"angle": -22.5, "axis": "x", "origin": [16.5, 16.5, 4]},
			"faces": {
				"north": {"uv": [13.938, 2.625, 13.25, 1.875], "texture": "#5"},
				"east": {"uv": [13.938, 2.625, 13.25, 1.875], "rotation": 270, "texture": "#5"},
				"south": {"uv": [13.938, 2.625, 13.25, 1.875], "rotation": 180, "texture": "#5"},
				"west": {"uv": [13.938, 2.625, 13.25, 1.875], "rotation": 90, "texture": "#5"},
				"up": {"uv": [0, 0, 16, 16], "texture": "#5"},
				"down": {"uv": [0, 0, 16, 16], "rotation": 180, "texture": "#5"}
			}
		},
		{
			"from": [15.25, 19.59776, 6.72283],
			"to": [17.75, 22.84776, 6.72783],
			"rotation": {"angle": 22.5, "axis": "x", "origin": [16.5, 21, 7.5]},
			"faces": {
				"north": {"uv": [16, 0, 0, 16], "texture": "#5"},
				"east": {"uv": [13.25, 2.625, 13.938, 1.875], "rotation": 180, "texture": "#5"},
				"south": {"uv": [16, 0, 0, 16], "texture": "#5"},
				"west": {"uv": [13.25, 2.625, 13.938, 1.875], "rotation": 180, "texture": "#5"},
				"up": {"uv": [13.938, 1.875, 13.25, 2.625], "rotation": 180, "texture": "#5"},
				"down": {"uv": [13.938, 1.875, 13.25, 2.625], "rotation": 180, "texture": "#5"}
			}
		},
		{
			"from": [15.25, 12.72702, 0.14597],
			"to": [17.75, 12.73202, 3.39597],
			"rotation": {"angle": 22.5, "axis": "x", "origin": [16.5, 16.5, 4]},
			"faces": {
				"north": {"uv": [13.938, 1.875, 13.25, 2.625], "texture": "#5"},
				"east": {"uv": [13.25, 2.625, 13.938, 1.875], "rotation": 270, "texture": "#5"},
				"south": {"uv": [13.938, 1.875, 13.25, 2.625], "rotation": 180, "texture": "#5"},
				"west": {"uv": [13.25, 2.625, 13.938, 1.875], "rotation": 90, "texture": "#5"},
				"up": {"uv": [16, 0, 0, 16], "texture": "#5"},
				"down": {"uv": [16, 0, 0, 16], "rotation": 180, "texture": "#5"}
			}
		},
		{
			"from": [17.27216, 19.59776, 6.25],
			"to": [17.27716, 22.84776, 8.75],
			"rotation": {"angle": 22.5, "axis": "z", "origin": [16.5, 21, 7.5]},
			"faces": {
				"north": {"uv": [13.938, 1.875, 13.25, 2.625], "texture": "#5"},
				"east": {"uv": [0, 16, 16, 0], "rotation": 180, "texture": "#5"},
				"south": {"uv": [13.938, 1.875, 13.25, 2.625], "texture": "#5"},
				"west": {"uv": [0, 16, 16, 0], "rotation": 180, "texture": "#5"},
				"up": {"uv": [13.25, 2.625, 13.938, 1.875], "rotation": 90, "texture": "#5"},
				"down": {"uv": [13.25, 2.625, 13.938, 1.875], "rotation": 270, "texture": "#5"}
			}
		},
		{
			"from": [18.42021, 13.25, -0.6194],
			"to": [18.42521, 15.75, 2.6306],
			"rotation": {"angle": 22.5, "axis": "y", "origin": [16.5, 16.5, 4]},
			"faces": {
				"north": {"uv": [13.25, 2.625, 13.938, 1.875], "rotation": 270, "texture": "#5"},
				"east": {"uv": [0, 16, 16, 0], "rotation": 270, "texture": "#5"},
				"south": {"uv": [13.25, 2.625, 13.938, 1.875], "rotation": 270, "texture": "#5"},
				"west": {"uv": [0, 16, 16, 0], "rotation": 90, "texture": "#5"},
				"up": {"uv": [13.938, 1.875, 13.25, 2.625], "texture": "#5"},
				"down": {"uv": [13.938, 1.875, 13.25, 2.625], "rotation": 180, "texture": "#5"}
			}
		},
		{
			"from": [18, -4, 9],
			"to": [19, 16, 10],
			"rotation": {"angle": 0, "axis": "y", "origin": [10.5, 4, 17.5]},
			"faces": {
				"north": {"uv": [7, 0, 5, 16], "texture": "#0"},
				"east": {"uv": [14, 0, 12, 16], "texture": "#0"},
				"south": {"uv": [4, 0, 2, 16], "texture": "#0"},
				"west": {"uv": [14, 0, 12, 16], "texture": "#0"}
			}
		},
		{
			"from": [15, -4, 6],
			"to": [18, 16, 9],
			"rotation": {"angle": 0, "axis": "y", "origin": [9, 4, 14.5]},
			"faces": {
				"north": {"uv": [11, 0, 7, 16], "texture": "#6"},
				"east": {"uv": [14, 0, 10, 16], "texture": "#6"},
				"south": {"uv": [6, 0, 2, 16], "texture": "#6"},
				"west": {"uv": [14, 0, 10, 16], "texture": "#6"},
				"down": {"uv": [13, 8, 9, 12], "texture": "#6"}
			}
		},
		{
			"from": [14, 16, 5],
			"to": [19, 18, 10],
			"rotation": {"angle": 0, "axis": "y", "origin": [27.5, 12, 14]},
			"faces": {
				"north": {"uv": [0, 8, 16, 16], "texture": "#2"},
				"east": {"uv": [0, 8, 16, 16], "texture": "#2"},
				"south": {"uv": [0, 8, 16, 16], "texture": "#2"},
				"west": {"uv": [0, 8, 16, 16], "texture": "#2"},
				"up": {"uv": [0, 0, 16, 16], "rotation": 180, "texture": "#3"}
			}
		},
		{
			"from": [14.5, 18, 5.5],
			"to": [18.5, 19, 9.5],
			"rotation": {"angle": 0, "axis": "y", "origin": [9, 7, 14.5]},
			"faces": {
				"north": {"uv": [15, 8, 8, 10], "texture": "#6"},
				"east": {"uv": [11, 8, 4, 10], "texture": "#6"},
				"south": {"uv": [11, 8, 4, 10], "texture": "#6"},
				"west": {"uv": [15, 1, 8, 3], "texture": "#6"},
				"up": {"uv": [10, 2, 6, 6], "texture": "#6"}
			}
		},
		{
			"from": [14.5, 12.5, 3],
			"to": [18.5, 16.5, 4],
			"rotation": {"angle": 0, "axis": "y", "origin": [16.5, 16.5, 4]},
			"faces": {
				"north": {"uv": [10, 2, 6, 6], "rotation": 180, "texture": "#6"},
				"east": {"uv": [11, 8, 4, 10], "rotation": 90, "texture": "#6"},
				"west": {"uv": [15, 1, 8, 3], "rotation": 270, "texture": "#6"},
				"up": {"uv": [11, 8, 4, 10], "texture": "#6"},
				"down": {"uv": [15, 8, 8, 10], "rotation": 180, "texture": "#6"}
			}
		},
		{
			"from": [15, 19, 6],
			"to": [18, 20, 9],
			"rotation": {"angle": 0, "axis": "y", "origin": [9, 8, 14.5]},
			"faces": {
				"north": {"uv": [7, 6, 2, 8], "texture": "#6"},
				"east": {"uv": [11, 10, 6, 12], "texture": "#6"},
				"south": {"uv": [12, 5, 7, 7], "texture": "#6"},
				"west": {"uv": [7, 12, 2, 14], "texture": "#6"},
				"up": {"uv": [13, 4, 10, 7], "texture": "#6"}
			}
		},
		{
			"from": [15, 13, 2],
			"to": [18, 16, 3],
			"rotation": {"angle": 0, "axis": "y", "origin": [16.5, 16.5, 4]},
			"faces": {
				"north": {"uv": [13, 4, 10, 7], "rotation": 180, "texture": "#6"},
				"east": {"uv": [11, 10, 6, 12], "rotation": 90, "texture": "#6"},
				"west": {"uv": [7, 12, 2, 14], "rotation": 270, "texture": "#6"},
				"up": {"uv": [12, 5, 7, 7], "texture": "#6"},
				"down": {"uv": [7, 6, 2, 8], "rotation": 180, "texture": "#6"}
			}
		},
		{
			"from": [15, 1, 4.5],
			"to": [18, 4, 8.5],
			"rotation": {"angle": 45, "axis": "x", "origin": [16.5, 4, 3]},
			"faces": {
				"north": {"uv": [12, 8, 7, 13], "texture": "#6"},
				"east": {"uv": [14, 10, 8, 15], "texture": "#6"},
				"west": {"uv": [9, 5, 3, 10], "texture": "#6"},
				"up": {"uv": [12, 2, 6, 7], "texture": "#6"},
				"down": {"uv": [13, 9, 7, 14], "texture": "#6"}
			}
		},
		{
			"from": [15.5, 1.5, 0.75],
			"to": [17.5, 3.5, 3],
			"rotation": {"angle": -22.5, "axis": "x", "origin": [16.5, 5, 3]},
			"faces": {
				"north": {"uv": [8, 4, 4, 9], "rotation": 90, "texture": "#6"},
				"east": {"uv": [11, 1, 7, 6], "rotation": 90, "texture": "#6"},
				"south": {"uv": [7, 1, 3, 6], "rotation": 90, "texture": "#6"},
				"west": {"uv": [7, 1, 3, 6], "rotation": 90, "texture": "#6"},
				"up": {"uv": [13, 7, 9, 12], "rotation": 90, "texture": "#6"}
			}
		},
		{
			"from": [14, -4, 4],
			"to": [19, 1, 6],
			"rotation": {"angle": 0, "axis": "x", "origin": [16.625, 1, 8.5]},
			"faces": {
				"north": {"uv": [0, 0, 16, 16], "texture": "#3"},
				"east": {"uv": [0, 8, 16, 16], "rotation": 90, "texture": "#2"},
				"west": {"uv": [0, 8, 16, 16], "rotation": 270, "texture": "#2"},
				"up": {"uv": [0, 8, 16, 16], "texture": "#2"},
				"down": {"uv": [0, 8, 16, 16], "rotation": 180, "texture": "#2"}
			}
		},
		{
			"from": [14, -4, 9],
			"to": [19, 1, 11],
			"rotation": {"angle": 0, "axis": "x", "origin": [16.625, 1, 6.5]},
			"faces": {
				"east": {"uv": [0, 8, 16, 16], "rotation": 90, "texture": "#2"},
				"south": {"uv": [0, 0, 16, 16], "rotation": 180, "texture": "#3"},
				"west": {"uv": [0, 8, 16, 16], "rotation": 270, "texture": "#2"},
				"up": {"uv": [0, 8, 16, 16], "texture": "#2"},
				"down": {"uv": [0, 8, 16, 16], "rotation": 180, "texture": "#2"}
			}
		},
		{
			"from": [13, -4, 5],
			"to": [15, 1, 10],
			"rotation": {"angle": 0, "axis": "x", "origin": [17.5, 1, 7.625]},
			"faces": {
				"north": {"uv": [0, 8, 16, 16], "rotation": 270, "texture": "#2"},
				"south": {"uv": [0, 8, 16, 16], "rotation": 90, "texture": "#2"},
				"west": {"uv": [0, 0, 16, 16], "rotation": 180, "texture": "#3"},
				"up": {"uv": [0, 8, 16, 16], "rotation": 90, "texture": "#2"},
				"down": {"uv": [0, 8, 16, 16], "rotation": 90, "texture": "#2"}
			}
		},
		{
			"from": [18, -4, 5],
			"to": [20, 1, 10],
			"rotation": {"angle": 0, "axis": "x", "origin": [15.5, 1, 7.625]},
			"faces": {
				"north": {"uv": [0, 8, 16, 16], "rotation": 270, "texture": "#2"},
				"east": {"uv": [0, 0, 16, 16], "texture": "#3"},
				"south": {"uv": [0, 8, 16, 16], "rotation": 90, "texture": "#2"},
				"up": {"uv": [0, 8, 16, 16], "rotation": 90, "texture": "#2"},
				"down": {"uv": [0, 8, 16, 16], "rotation": 90, "texture": "#2"}
			}
		},
		{
			"from": [14, 12, 9],
			"to": [19, 17, 11],
			"rotation": {"angle": 0, "axis": "x", "origin": [16.625, 17, 6.5]},
			"faces": {
				"east": {"uv": [0, 8, 16, 16], "rotation": 90, "texture": "#2"},
				"south": {"uv": [0, 0, 16, 16], "rotation": 180, "texture": "#3"},
				"west": {"uv": [0, 8, 16, 16], "rotation": 270, "texture": "#2"},
				"up": {"uv": [0, 8, 16, 16], "texture": "#2"},
				"down": {"uv": [0, 8, 16, 16], "rotation": 180, "texture": "#2"}
			}
		},
		{
			"from": [14, 12, 4],
			"to": [19, 17, 6],
			"rotation": {"angle": 0, "axis": "x", "origin": [16.625, 17, 8.5]},
			"faces": {
				"north": {"uv": [0, 0, 16, 16], "texture": "#3"},
				"east": {"uv": [0, 8, 16, 16], "rotation": 90, "texture": "#2"},
				"west": {"uv": [0, 8, 16, 16], "rotation": 270, "texture": "#2"},
				"up": {"uv": [0, 8, 16, 16], "texture": "#2"},
				"down": {"uv": [0, 8, 16, 16], "rotation": 180, "texture": "#2"}
			}
		},
		{
			"from": [18, 12, 5],
			"to": [20, 17, 10],
			"rotation": {"angle": 0, "axis": "x", "origin": [15.5, 17, 7.625]},
			"faces": {
				"north": {"uv": [0, 8, 16, 16], "rotation": 270, "texture": "#2"},
				"east": {"uv": [0, 0, 16, 16], "texture": "#3"},
				"south": {"uv": [0, 8, 16, 16], "rotation": 90, "texture": "#2"},
				"up": {"uv": [0, 8, 16, 16], "rotation": 90, "texture": "#2"},
				"down": {"uv": [0, 8, 16, 16], "rotation": 90, "texture": "#2"}
			}
		},
		{
			"from": [13, 12, 5],
			"to": [15, 17, 10],
			"rotation": {"angle": 0, "axis": "x", "origin": [17.5, 17, 7.625]},
			"faces": {
				"north": {"uv": [0, 8, 16, 16], "rotation": 270, "texture": "#2"},
				"south": {"uv": [0, 8, 16, 16], "rotation": 90, "texture": "#2"},
				"west": {"uv": [0, 0, 16, 16], "rotation": 180, "texture": "#3"},
				"up": {"uv": [0, 8, 16, 16], "rotation": 90, "texture": "#2"},
				"down": {"uv": [0, 8, 16, 16], "rotation": 90, "texture": "#2"}
			}
		},
		{
			"from": [14, -4, 5],
			"to": [15, 16, 6],
			"rotation": {"angle": 0, "axis": "y", "origin": [6.5, 4, 13.5]},
			"faces": {
				"north": {"uv": [10, 0, 8, 16], "texture": "#0"},
				"east": {"uv": [15, 0, 13, 16], "texture": "#0"},
				"south": {"uv": [8, 0, 6, 16], "texture": "#0"},
				"west": {"uv": [7, 0, 5, 16], "texture": "#0"}
			}
		},
		{
			"from": [14, -4, 9],
			"to": [15, 16, 10],
			"rotation": {"angle": 0, "axis": "y", "origin": [6.5, 4, 17.5]},
			"faces": {
				"north": {"uv": [10, 0, 8, 16], "texture": "#0"},
				"east": {"uv": [15, 0, 13, 16], "texture": "#0"},
				"south": {"uv": [8, 0, 6, 16], "texture": "#0"},
				"west": {"uv": [7, 0, 5, 16], "texture": "#0"}
			}
		},
		{
			"from": [-0.75, 9.875, 2.75],
			"to": [-0.5, 10.875, 2.875],
			"rotation": {"angle": 0, "axis": "x", "origin": [-0.625, 8.875, 2.5]},
			"faces": {
				"north": {"uv": [1, 0, 0, 1], "texture": "#0"},
				"east": {"uv": [1, 0, 0, 1], "texture": "#0"},
				"south": {"uv": [1, 0, 0, 1], "texture": "#0"},
				"west": {"uv": [1, 0, 0, 1], "texture": "#0"},
				"up": {"uv": [1, 0, 0, 1], "texture": "#0"},
				"down": {"uv": [1, 0, 0, 1], "texture": "#0"}
			}
		},
		{
			"from": [-0.75, 6.875, 2.75],
			"to": [-0.5, 7.875, 2.875],
			"rotation": {"angle": 0, "axis": "x", "origin": [-0.625, 5.875, 2.5]},
			"faces": {
				"north": {"uv": [1, 0, 0, 1], "texture": "#0"},
				"east": {"uv": [1, 0, 0, 1], "texture": "#0"},
				"south": {"uv": [1, 0, 0, 1], "texture": "#0"},
				"west": {"uv": [1, 0, 0, 1], "texture": "#0"},
				"up": {"uv": [1, 0, 0, 1], "texture": "#0"},
				"down": {"uv": [1, 0, 0, 1], "texture": "#0"}
			}
		},
		{
			"from": [-0.75, 3.875, 2.75],
			"to": [-0.5, 4.875, 2.875],
			"rotation": {"angle": 0, "axis": "x", "origin": [-0.625, 2.875, 2.5]},
			"faces": {
				"north": {"uv": [1, 0, 0, 1], "texture": "#0"},
				"east": {"uv": [1, 0, 0, 1], "texture": "#0"},
				"south": {"uv": [1, 0, 0, 1], "texture": "#0"},
				"west": {"uv": [1, 0, 0, 1], "texture": "#0"},
				"up": {"uv": [1, 0, 0, 1], "texture": "#0"},
				"down": {"uv": [1, 0, 0, 1], "texture": "#0"}
			}
		},
		{
			"from": [-0.75, 10.75, 2.25],
			"to": [-0.5, 10.875, 2.75],
			"rotation": {"angle": 0, "axis": "x", "origin": [-0.625, 8.875, 2.5]},
			"faces": {
				"east": {"uv": [1, 0, 0, 1], "texture": "#0"},
				"west": {"uv": [1, 0, 0, 1], "texture": "#0"},
				"up": {"uv": [1, 0, 0, 1], "texture": "#0"},
				"down": {"uv": [1, 0, 0, 1], "texture": "#0"}
			}
		},
		{
			"from": [-0.75, 7.75, 2.25],
			"to": [-0.5, 7.875, 2.75],
			"rotation": {"angle": 0, "axis": "x", "origin": [-0.625, 5.875, 2.5]},
			"faces": {
				"east": {"uv": [1, 0, 0, 1], "texture": "#0"},
				"west": {"uv": [1, 0, 0, 1], "texture": "#0"},
				"up": {"uv": [1, 0, 0, 1], "texture": "#0"},
				"down": {"uv": [1, 0, 0, 1], "texture": "#0"}
			}
		},
		{
			"from": [-0.75, 4.75, 2.25],
			"to": [-0.5, 4.875, 2.75],
			"rotation": {"angle": 0, "axis": "x", "origin": [-0.625, 2.875, 2.5]},
			"faces": {
				"east": {"uv": [1, 0, 0, 1], "texture": "#0"},
				"west": {"uv": [1, 0, 0, 1], "texture": "#0"},
				"up": {"uv": [1, 0, 0, 1], "texture": "#0"},
				"down": {"uv": [1, 0, 0, 1], "texture": "#0"}
			}
		},
		{
			"from": [-1, 10.625, 2.375],
			"to": [-0.875, 11.625, 2.625],
			"rotation": {"angle": 0, "axis": "x", "origin": [-0.625, 8.875, 2.5]},
			"faces": {
				"north": {"uv": [1, 0, 0, 1], "texture": "#0"},
				"east": {"uv": [1, 0, 0, 1], "texture": "#0"},
				"south": {"uv": [1, 0, 0, 1], "texture": "#0"},
				"west": {"uv": [1, 0, 0, 1], "texture": "#0"},
				"up": {"uv": [1, 0, 0, 1], "texture": "#0"},
				"down": {"uv": [1, 0, 0, 1], "texture": "#0"}
			}
		},
		{
			"from": [-1, 7.625, 2.375],
			"to": [-0.875, 8.625, 2.625],
			"rotation": {"angle": 0, "axis": "x", "origin": [-0.625, 5.875, 2.5]},
			"faces": {
				"north": {"uv": [1, 0, 0, 1], "texture": "#0"},
				"east": {"uv": [1, 0, 0, 1], "texture": "#0"},
				"south": {"uv": [1, 0, 0, 1], "texture": "#0"},
				"west": {"uv": [1, 0, 0, 1], "texture": "#0"},
				"up": {"uv": [1, 0, 0, 1], "texture": "#0"},
				"down": {"uv": [1, 0, 0, 1], "texture": "#0"}
			}
		},
		{
			"from": [-1, 4.625, 2.375],
			"to": [-0.875, 5.625, 2.625],
			"rotation": {"angle": 0, "axis": "x", "origin": [-0.625, 2.875, 2.5]},
			"faces": {
				"north": {"uv": [1, 0, 0, 1], "texture": "#0"},
				"east": {"uv": [1, 0, 0, 1], "texture": "#0"},
				"south": {"uv": [1, 0, 0, 1], "texture": "#0"},
				"west": {"uv": [1, 0, 0, 1], "texture": "#0"},
				"up": {"uv": [1, 0, 0, 1], "texture": "#0"},
				"down": {"uv": [1, 0, 0, 1], "texture": "#0"}
			}
		},
		{
			"from": [-1, 6.125, 2.375],
			"to": [-0.875, 7.125, 2.625],
			"rotation": {"angle": 0, "axis": "x", "origin": [-0.625, 4.375, 2.5]},
			"faces": {
				"north": {"uv": [1, 0, 0, 1], "texture": "#0"},
				"east": {"uv": [1, 0, 0, 1], "texture": "#0"},
				"south": {"uv": [1, 0, 0, 1], "texture": "#0"},
				"west": {"uv": [1, 0, 0, 1], "texture": "#0"},
				"up": {"uv": [1, 0, 0, 1], "texture": "#0"},
				"down": {"uv": [1, 0, 0, 1], "texture": "#0"}
			}
		},
		{
			"from": [-1, 3.125, 2.375],
			"to": [-0.875, 4.125, 2.625],
			"rotation": {"angle": 0, "axis": "x", "origin": [-0.625, 1.375, 2.5]},
			"faces": {
				"north": {"uv": [1, 0, 0, 1], "texture": "#0"},
				"east": {"uv": [1, 0, 0, 1], "texture": "#0"},
				"south": {"uv": [1, 0, 0, 1], "texture": "#0"},
				"west": {"uv": [1, 0, 0, 1], "texture": "#0"},
				"up": {"uv": [1, 0, 0, 1], "texture": "#0"},
				"down": {"uv": [1, 0, 0, 1], "texture": "#0"}
			}
		},
		{
			"from": [-0.875, 10.625, 2.375],
			"to": [-0.375, 10.75, 2.625],
			"rotation": {"angle": 0, "axis": "x", "origin": [-0.625, 8.875, 2.5]},
			"faces": {
				"north": {"uv": [1, 0, 0, 1], "texture": "#0"},
				"south": {"uv": [1, 0, 0, 1], "texture": "#0"},
				"up": {"uv": [1, 0, 0, 1], "texture": "#0"},
				"down": {"uv": [1, 0, 0, 1], "texture": "#0"}
			}
		},
		{
			"from": [-0.875, 7.625, 2.375],
			"to": [-0.375, 7.75, 2.625],
			"rotation": {"angle": 0, "axis": "x", "origin": [-0.625, 5.875, 2.5]},
			"faces": {
				"north": {"uv": [1, 0, 0, 1], "texture": "#0"},
				"south": {"uv": [1, 0, 0, 1], "texture": "#0"},
				"up": {"uv": [1, 0, 0, 1], "texture": "#0"},
				"down": {"uv": [1, 0, 0, 1], "texture": "#0"}
			}
		},
		{
			"from": [-0.875, 4.625, 2.375],
			"to": [-0.375, 4.75, 2.625],
			"rotation": {"angle": 0, "axis": "x", "origin": [-0.625, 2.875, 2.5]},
			"faces": {
				"north": {"uv": [1, 0, 0, 1], "texture": "#0"},
				"south": {"uv": [1, 0, 0, 1], "texture": "#0"},
				"up": {"uv": [1, 0, 0, 1], "texture": "#0"},
				"down": {"uv": [1, 0, 0, 1], "texture": "#0"}
			}
		},
		{
			"from": [-0.875, 6.125, 2.375],
			"to": [-0.375, 6.25, 2.625],
			"rotation": {"angle": 0, "axis": "x", "origin": [-0.625, 4.375, 2.5]},
			"faces": {
				"north": {"uv": [1, 0, 0, 1], "texture": "#0"},
				"south": {"uv": [1, 0, 0, 1], "texture": "#0"},
				"up": {"uv": [1, 0, 0, 1], "texture": "#0"},
				"down": {"uv": [1, 0, 0, 1], "texture": "#0"}
			}
		},
		{
			"from": [-0.875, 3.125, 2.375],
			"to": [-0.375, 3.25, 2.625],
			"rotation": {"angle": 0, "axis": "x", "origin": [-0.625, 1.375, 2.5]},
			"faces": {
				"north": {"uv": [1, 0, 0, 1], "texture": "#0"},
				"south": {"uv": [1, 0, 0, 1], "texture": "#0"},
				"up": {"uv": [1, 0, 0, 1], "texture": "#0"},
				"down": {"uv": [1, 0, 0, 1], "texture": "#0"}
			}
		},
		{
			"from": [-1, 9.125, 2.375],
			"to": [-0.875, 10.125, 2.625],
			"rotation": {"angle": 0, "axis": "x", "origin": [-0.625, 8.875, 2.5]},
			"faces": {
				"north": {"uv": [1, 0, 0, 1], "texture": "#0"},
				"east": {"uv": [1, 0, 0, 1], "texture": "#0"},
				"south": {"uv": [1, 0, 0, 1], "texture": "#0"},
				"west": {"uv": [1, 0, 0, 1], "texture": "#0"},
				"up": {"uv": [1, 0, 0, 1], "texture": "#0"},
				"down": {"uv": [1, 0, 0, 1], "texture": "#0"}
			}
		},
		{
			"from": [-0.875, 10, 2.375],
			"to": [-0.375, 10.125, 2.625],
			"rotation": {"angle": 0, "axis": "x", "origin": [-0.625, 8.875, 2.5]},
			"faces": {
				"north": {"uv": [1, 0, 0, 1], "texture": "#0"},
				"south": {"uv": [1, 0, 0, 1], "texture": "#0"},
				"up": {"uv": [1, 0, 0, 1], "texture": "#0"},
				"down": {"uv": [1, 0, 0, 1], "texture": "#0"}
			}
		},
		{
			"from": [-0.875, 9.125, 2.375],
			"to": [-0.375, 9.25, 2.625],
			"rotation": {"angle": 0, "axis": "x", "origin": [-0.625, 8, 2.5]},
			"faces": {
				"north": {"uv": [1, 0, 0, 1], "texture": "#0"},
				"south": {"uv": [1, 0, 0, 1], "texture": "#0"},
				"up": {"uv": [1, 0, 0, 1], "texture": "#0"},
				"down": {"uv": [1, 0, 0, 1], "texture": "#0"}
			}
		},
		{
			"from": [-0.375, 9.125, 2.375],
			"to": [-0.25, 10.125, 2.625],
			"rotation": {"angle": 0, "axis": "x", "origin": [-0.625, 8.875, 2.5]},
			"faces": {
				"north": {"uv": [1, 0, 0, 1], "texture": "#0"},
				"east": {"uv": [1, 0, 0, 1], "texture": "#0"},
				"south": {"uv": [1, 0, 0, 1], "texture": "#0"},
				"west": {"uv": [1, 0, 0, 1], "texture": "#0"},
				"up": {"uv": [1, 0, 0, 1], "texture": "#0"},
				"down": {"uv": [1, 0, 0, 1], "texture": "#0"}
			}
		},
		{
			"from": [-0.75, 9.875, 2.25],
			"to": [-0.5, 10, 2.75],
			"rotation": {"angle": 0, "axis": "x", "origin": [-0.625, 8.875, 2.5]},
			"faces": {
				"east": {"uv": [1, 0, 0, 1], "texture": "#0"},
				"west": {"uv": [1, 0, 0, 1], "texture": "#0"},
				"up": {"uv": [1, 0, 0, 1], "texture": "#0"},
				"down": {"uv": [1, 0, 0, 1], "texture": "#0"}
			}
		},
		{
			"from": [-0.75, 6.875, 2.25],
			"to": [-0.5, 7, 2.75],
			"rotation": {"angle": 0, "axis": "x", "origin": [-0.625, 5.875, 2.5]},
			"faces": {
				"east": {"uv": [1, 0, 0, 1], "texture": "#0"},
				"west": {"uv": [1, 0, 0, 1], "texture": "#0"},
				"up": {"uv": [1, 0, 0, 1], "texture": "#0"},
				"down": {"uv": [1, 0, 0, 1], "texture": "#0"}
			}
		},
		{
			"from": [-0.75, 3.875, 2.25],
			"to": [-0.5, 4, 2.75],
			"rotation": {"angle": 0, "axis": "x", "origin": [-0.625, 2.875, 2.5]},
			"faces": {
				"east": {"uv": [1, 0, 0, 1], "texture": "#0"},
				"west": {"uv": [1, 0, 0, 1], "texture": "#0"},
				"up": {"uv": [1, 0, 0, 1], "texture": "#0"},
				"down": {"uv": [1, 0, 0, 1], "texture": "#0"}
			}
		},
		{
			"from": [-0.75, 9.875, 2.125],
			"to": [-0.5, 10.875, 2.25],
			"rotation": {"angle": 0, "axis": "x", "origin": [-0.625, 8.875, 2.5]},
			"faces": {
				"north": {"uv": [1, 0, 0, 1], "texture": "#0"},
				"east": {"uv": [1, 0, 0, 1], "texture": "#0"},
				"south": {"uv": [1, 0, 0, 1], "texture": "#0"},
				"west": {"uv": [1, 0, 0, 1], "texture": "#0"},
				"up": {"uv": [1, 0, 0, 1], "texture": "#0"},
				"down": {"uv": [1, 0, 0, 1], "texture": "#0"}
			}
		},
		{
			"from": [-0.75, 6.875, 2.125],
			"to": [-0.5, 7.875, 2.25],
			"rotation": {"angle": 0, "axis": "x", "origin": [-0.625, 5.875, 2.5]},
			"faces": {
				"north": {"uv": [1, 0, 0, 1], "texture": "#0"},
				"east": {"uv": [1, 0, 0, 1], "texture": "#0"},
				"south": {"uv": [1, 0, 0, 1], "texture": "#0"},
				"west": {"uv": [1, 0, 0, 1], "texture": "#0"},
				"up": {"uv": [1, 0, 0, 1], "texture": "#0"},
				"down": {"uv": [1, 0, 0, 1], "texture": "#0"}
			}
		},
		{
			"from": [-0.75, 3.875, 2.125],
			"to": [-0.5, 4.875, 2.25],
			"rotation": {"angle": 0, "axis": "x", "origin": [-0.625, 2.875, 2.5]},
			"faces": {
				"north": {"uv": [1, 0, 0, 1], "texture": "#0"},
				"east": {"uv": [1, 0, 0, 1], "texture": "#0"},
				"south": {"uv": [1, 0, 0, 1], "texture": "#0"},
				"west": {"uv": [1, 0, 0, 1], "texture": "#0"},
				"up": {"uv": [1, 0, 0, 1], "texture": "#0"},
				"down": {"uv": [1, 0, 0, 1], "texture": "#0"}
			}
		},
		{
			"from": [-0.375, 10.625, 2.375],
			"to": [-0.25, 11.625, 2.625],
			"rotation": {"angle": 0, "axis": "x", "origin": [-0.625, 8.875, 2.5]},
			"faces": {
				"north": {"uv": [1, 0, 0, 1], "texture": "#0"},
				"east": {"uv": [1, 0, 0, 1], "texture": "#0"},
				"south": {"uv": [1, 0, 0, 1], "texture": "#0"},
				"west": {"uv": [1, 0, 0, 1], "texture": "#0"},
				"up": {"uv": [1, 0, 0, 1], "texture": "#0"},
				"down": {"uv": [1, 0, 0, 1], "texture": "#0"}
			}
		},
		{
			"from": [-0.375, 7.625, 2.375],
			"to": [-0.25, 8.625, 2.625],
			"rotation": {"angle": 0, "axis": "x", "origin": [-0.625, 5.875, 2.5]},
			"faces": {
				"north": {"uv": [1, 0, 0, 1], "texture": "#0"},
				"east": {"uv": [1, 0, 0, 1], "texture": "#0"},
				"south": {"uv": [1, 0, 0, 1], "texture": "#0"},
				"west": {"uv": [1, 0, 0, 1], "texture": "#0"},
				"up": {"uv": [1, 0, 0, 1], "texture": "#0"},
				"down": {"uv": [1, 0, 0, 1], "texture": "#0"}
			}
		},
		{
			"from": [-0.375, 4.625, 2.375],
			"to": [-0.25, 5.625, 2.625],
			"rotation": {"angle": 0, "axis": "x", "origin": [-0.625, 2.875, 2.5]},
			"faces": {
				"north": {"uv": [1, 0, 0, 1], "texture": "#0"},
				"east": {"uv": [1, 0, 0, 1], "texture": "#0"},
				"south": {"uv": [1, 0, 0, 1], "texture": "#0"},
				"west": {"uv": [1, 0, 0, 1], "texture": "#0"},
				"up": {"uv": [1, 0, 0, 1], "texture": "#0"},
				"down": {"uv": [1, 0, 0, 1], "texture": "#0"}
			}
		},
		{
			"from": [-0.375, 6.125, 2.375],
			"to": [-0.25, 7.125, 2.625],
			"rotation": {"angle": 0, "axis": "x", "origin": [-0.625, 4.375, 2.5]},
			"faces": {
				"north": {"uv": [1, 0, 0, 1], "texture": "#0"},
				"east": {"uv": [1, 0, 0, 1], "texture": "#0"},
				"south": {"uv": [1, 0, 0, 1], "texture": "#0"},
				"west": {"uv": [1, 0, 0, 1], "texture": "#0"},
				"up": {"uv": [1, 0, 0, 1], "texture": "#0"},
				"down": {"uv": [1, 0, 0, 1], "texture": "#0"}
			}
		},
		{
			"from": [-0.375, 3.125, 2.375],
			"to": [-0.25, 4.125, 2.625],
			"rotation": {"angle": 0, "axis": "x", "origin": [-0.625, 1.375, 2.5]},
			"faces": {
				"north": {"uv": [1, 0, 0, 1], "texture": "#0"},
				"east": {"uv": [1, 0, 0, 1], "texture": "#0"},
				"south": {"uv": [1, 0, 0, 1], "texture": "#0"},
				"west": {"uv": [1, 0, 0, 1], "texture": "#0"},
				"up": {"uv": [1, 0, 0, 1], "texture": "#0"},
				"down": {"uv": [1, 0, 0, 1], "texture": "#0"}
			}
		},
		{
			"from": [-0.75, 11.375, 2.75],
			"to": [-0.5, 12.375, 2.875],
			"rotation": {"angle": 0, "axis": "x", "origin": [-0.625, 8.875, 2.5]},
			"faces": {
				"north": {"uv": [1, 0, 0, 1], "texture": "#0"},
				"east": {"uv": [1, 0, 0, 1], "texture": "#0"},
				"south": {"uv": [1, 0, 0, 1], "texture": "#0"},
				"west": {"uv": [1, 0, 0, 1], "texture": "#0"},
				"up": {"uv": [1, 0, 0, 1], "texture": "#0"},
				"down": {"uv": [1, 0, 0, 1], "texture": "#0"}
			}
		},
		{
			"from": [-0.75, 8.375, 2.75],
			"to": [-0.5, 9.375, 2.875],
			"rotation": {"angle": 0, "axis": "x", "origin": [-0.625, 5.875, 2.5]},
			"faces": {
				"north": {"uv": [1, 0, 0, 1], "texture": "#0"},
				"east": {"uv": [1, 0, 0, 1], "texture": "#0"},
				"south": {"uv": [1, 0, 0, 1], "texture": "#0"},
				"west": {"uv": [1, 0, 0, 1], "texture": "#0"},
				"up": {"uv": [1, 0, 0, 1], "texture": "#0"},
				"down": {"uv": [1, 0, 0, 1], "texture": "#0"}
			}
		},
		{
			"from": [-0.75, 5.375, 2.75],
			"to": [-0.5, 6.375, 2.875],
			"rotation": {"angle": 0, "axis": "x", "origin": [-0.625, 2.875, 2.5]},
			"faces": {
				"north": {"uv": [1, 0, 0, 1], "texture": "#0"},
				"east": {"uv": [1, 0, 0, 1], "texture": "#0"},
				"south": {"uv": [1, 0, 0, 1], "texture": "#0"},
				"west": {"uv": [1, 0, 0, 1], "texture": "#0"},
				"up": {"uv": [1, 0, 0, 1], "texture": "#0"},
				"down": {"uv": [1, 0, 0, 1], "texture": "#0"}
			}
		},
		{
			"from": [-0.75, 11.375, 2.25],
			"to": [-0.5, 11.5, 2.75],
			"rotation": {"angle": 0, "axis": "x", "origin": [-0.625, 8.875, 2.5]},
			"faces": {
				"east": {"uv": [1, 0, 0, 1], "texture": "#0"},
				"west": {"uv": [1, 0, 0, 1], "texture": "#0"},
				"up": {"uv": [1, 0, 0, 1], "texture": "#0"},
				"down": {"uv": [1, 0, 0, 1], "texture": "#0"}
			}
		},
		{
			"from": [-0.75, 8.375, 2.25],
			"to": [-0.5, 8.5, 2.75],
			"rotation": {"angle": 0, "axis": "x", "origin": [-0.625, 5.875, 2.5]},
			"faces": {
				"east": {"uv": [1, 0, 0, 1], "texture": "#0"},
				"west": {"uv": [1, 0, 0, 1], "texture": "#0"},
				"up": {"uv": [1, 0, 0, 1], "texture": "#0"},
				"down": {"uv": [1, 0, 0, 1], "texture": "#0"}
			}
		},
		{
			"from": [-0.75, 5.375, 2.25],
			"to": [-0.5, 5.5, 2.75],
			"rotation": {"angle": 0, "axis": "x", "origin": [-0.625, 2.875, 2.5]},
			"faces": {
				"east": {"uv": [1, 0, 0, 1], "texture": "#0"},
				"west": {"uv": [1, 0, 0, 1], "texture": "#0"},
				"up": {"uv": [1, 0, 0, 1], "texture": "#0"},
				"down": {"uv": [1, 0, 0, 1], "texture": "#0"}
			}
		},
		{
			"from": [-0.875, 11.5, 2.375],
			"to": [-0.375, 11.625, 2.625],
			"rotation": {"angle": 0, "axis": "x", "origin": [-0.625, 8.875, 2.5]},
			"faces": {
				"north": {"uv": [1, 0, 0, 1], "texture": "#0"},
				"south": {"uv": [1, 0, 0, 1], "texture": "#0"},
				"up": {"uv": [1, 0, 0, 1], "texture": "#0"},
				"down": {"uv": [1, 0, 0, 1], "texture": "#0"}
			}
		},
		{
			"from": [-0.875, 8.5, 2.375],
			"to": [-0.375, 8.625, 2.625],
			"rotation": {"angle": 0, "axis": "x", "origin": [-0.625, 5.875, 2.5]},
			"faces": {
				"north": {"uv": [1, 0, 0, 1], "texture": "#0"},
				"south": {"uv": [1, 0, 0, 1], "texture": "#0"},
				"up": {"uv": [1, 0, 0, 1], "texture": "#0"},
				"down": {"uv": [1, 0, 0, 1], "texture": "#0"}
			}
		},
		{
			"from": [-0.875, 5.5, 2.375],
			"to": [-0.375, 5.625, 2.625],
			"rotation": {"angle": 0, "axis": "x", "origin": [-0.625, 2.875, 2.5]},
			"faces": {
				"north": {"uv": [1, 0, 0, 1], "texture": "#0"},
				"south": {"uv": [1, 0, 0, 1], "texture": "#0"},
				"up": {"uv": [1, 0, 0, 1], "texture": "#0"},
				"down": {"uv": [1, 0, 0, 1], "texture": "#0"}
			}
		},
		{
			"from": [-0.875, 7, 2.375],
			"to": [-0.375, 7.125, 2.625],
			"rotation": {"angle": 0, "axis": "x", "origin": [-0.625, 4.375, 2.5]},
			"faces": {
				"north": {"uv": [1, 0, 0, 1], "texture": "#0"},
				"south": {"uv": [1, 0, 0, 1], "texture": "#0"},
				"up": {"uv": [1, 0, 0, 1], "texture": "#0"},
				"down": {"uv": [1, 0, 0, 1], "texture": "#0"}
			}
		},
		{
			"from": [-0.875, 4, 2.375],
			"to": [-0.375, 4.125, 2.625],
			"rotation": {"angle": 0, "axis": "x", "origin": [-0.625, 1.375, 2.5]},
			"faces": {
				"north": {"uv": [1, 0, 0, 1], "texture": "#0"},
				"south": {"uv": [1, 0, 0, 1], "texture": "#0"},
				"up": {"uv": [1, 0, 0, 1], "texture": "#0"},
				"down": {"uv": [1, 0, 0, 1], "texture": "#0"}
			}
		},
		{
			"from": [-0.75, 11.375, 2.125],
			"to": [-0.5, 12.375, 2.25],
			"rotation": {"angle": 0, "axis": "x", "origin": [-0.625, 8.875, 2.5]},
			"faces": {
				"north": {"uv": [1, 0, 0, 1], "texture": "#0"},
				"east": {"uv": [1, 0, 0, 1], "texture": "#0"},
				"south": {"uv": [1, 0, 0, 1], "texture": "#0"},
				"west": {"uv": [1, 0, 0, 1], "texture": "#0"},
				"up": {"uv": [1, 0, 0, 1], "texture": "#0"},
				"down": {"uv": [1, 0, 0, 1], "texture": "#0"}
			}
		},
		{
			"from": [-0.75, 8.375, 2.125],
			"to": [-0.5, 9.375, 2.25],
			"rotation": {"angle": 0, "axis": "x", "origin": [-0.625, 5.875, 2.5]},
			"faces": {
				"north": {"uv": [1, 0, 0, 1], "texture": "#0"},
				"east": {"uv": [1, 0, 0, 1], "texture": "#0"},
				"south": {"uv": [1, 0, 0, 1], "texture": "#0"},
				"west": {"uv": [1, 0, 0, 1], "texture": "#0"},
				"up": {"uv": [1, 0, 0, 1], "texture": "#0"},
				"down": {"uv": [1, 0, 0, 1], "texture": "#0"}
			}
		},
		{
			"from": [-0.75, 5.375, 2.125],
			"to": [-0.5, 6.375, 2.25],
			"rotation": {"angle": 0, "axis": "x", "origin": [-0.625, 2.875, 2.5]},
			"faces": {
				"north": {"uv": [1, 0, 0, 1], "texture": "#0"},
				"east": {"uv": [1, 0, 0, 1], "texture": "#0"},
				"south": {"uv": [1, 0, 0, 1], "texture": "#0"},
				"west": {"uv": [1, 0, 0, 1], "texture": "#0"},
				"up": {"uv": [1, 0, 0, 1], "texture": "#0"},
				"down": {"uv": [1, 0, 0, 1], "texture": "#0"}
			}
		},
		{
			"from": [-0.75, 2.375, 2.125],
			"to": [-0.5, 3.375, 2.25],
			"rotation": {"angle": 0, "axis": "x", "origin": [-0.625, -0.125, 2.5]},
			"faces": {
				"north": {"uv": [1, 0, 0, 1], "texture": "#0"},
				"east": {"uv": [1, 0, 0, 1], "texture": "#0"},
				"south": {"uv": [1, 0, 0, 1], "texture": "#0"},
				"west": {"uv": [1, 0, 0, 1], "texture": "#0"},
				"up": {"uv": [1, 0, 0, 1], "texture": "#0"}
			}
		},
		{
			"from": [-1, 12.125, 2.375],
			"to": [-0.875, 13.125, 2.625],
			"rotation": {"angle": 0, "axis": "x", "origin": [-0.625, 8.875, 2.5]},
			"faces": {
				"north": {"uv": [1, 0, 0, 1], "texture": "#0"},
				"east": {"uv": [1, 0, 0, 1], "texture": "#0"},
				"south": {"uv": [1, 0, 0, 1], "texture": "#0"},
				"west": {"uv": [1, 0, 0, 1], "texture": "#0"},
				"down": {"uv": [1, 0, 0, 1], "texture": "#0"}
			}
		},
		{
			"from": [-0.875, 12.125, 2.375],
			"to": [-0.375, 12.25, 2.625],
			"rotation": {"angle": 0, "axis": "x", "origin": [-0.625, 8.875, 2.5]},
			"faces": {
				"north": {"uv": [1, 0, 0, 1], "texture": "#0"},
				"south": {"uv": [1, 0, 0, 1], "texture": "#0"},
				"up": {"uv": [1, 0, 0, 1], "texture": "#0"},
				"down": {"uv": [1, 0, 0, 1], "texture": "#0"}
			}
		},
		{
			"from": [-0.75, 12.25, 2.25],
			"to": [-0.5, 12.375, 2.75],
			"rotation": {"angle": 0, "axis": "x", "origin": [-0.625, 8.875, 2.5]},
			"faces": {
				"east": {"uv": [1, 0, 0, 1], "texture": "#0"},
				"west": {"uv": [1, 0, 0, 1], "texture": "#0"},
				"up": {"uv": [1, 0, 0, 1], "texture": "#0"},
				"down": {"uv": [1, 0, 0, 1], "texture": "#0"}
			}
		},
		{
			"from": [-0.75, 9.25, 2.25],
			"to": [-0.5, 9.375, 2.75],
			"rotation": {"angle": 0, "axis": "x", "origin": [-0.625, 5.875, 2.5]},
			"faces": {
				"east": {"uv": [1, 0, 0, 1], "texture": "#0"},
				"west": {"uv": [1, 0, 0, 1], "texture": "#0"},
				"up": {"uv": [1, 0, 0, 1], "texture": "#0"},
				"down": {"uv": [1, 0, 0, 1], "texture": "#0"}
			}
		},
		{
			"from": [-0.75, 6.25, 2.25],
			"to": [-0.5, 6.375, 2.75],
			"rotation": {"angle": 0, "axis": "x", "origin": [-0.625, 2.875, 2.5]},
			"faces": {
				"east": {"uv": [1, 0, 0, 1], "texture": "#0"},
				"west": {"uv": [1, 0, 0, 1], "texture": "#0"},
				"up": {"uv": [1, 0, 0, 1], "texture": "#0"},
				"down": {"uv": [1, 0, 0, 1], "texture": "#0"}
			}
		},
		{
			"from": [-0.75, 3.25, 2.25],
			"to": [-0.5, 3.375, 2.75],
			"rotation": {"angle": 0, "axis": "x", "origin": [-0.625, -0.125, 2.5]},
			"faces": {
				"east": {"uv": [1, 0, 0, 1], "texture": "#0"},
				"south": {"uv": [1, 0, 0, 1], "texture": "#0"},
				"west": {"uv": [1, 0, 0, 1], "texture": "#0"},
				"up": {"uv": [1, 0, 0, 1], "texture": "#0"},
				"down": {"uv": [1, 0, 0, 1], "texture": "#0"}
			}
		},
		{
			"from": [-0.375, 12.125, 2.375],
			"to": [-0.25, 13.125, 2.625],
			"rotation": {"angle": 0, "axis": "x", "origin": [-0.625, 8.875, 2.5]},
			"faces": {
				"north": {"uv": [1, 0, 0, 1], "texture": "#0"},
				"east": {"uv": [1, 0, 0, 1], "texture": "#0"},
				"south": {"uv": [1, 0, 0, 1], "texture": "#0"},
				"west": {"uv": [1, 0, 0, 1], "texture": "#0"},
				"down": {"uv": [1, 0, 0, 1], "texture": "#0"}
			}
		},
		{
			"from": [-3, -4, 5],
			"to": [-2, 16, 6],
			"rotation": {"angle": 0, "axis": "y", "origin": [5.5, 4, 13.5]},
			"faces": {
				"north": {"uv": [5, 0, 7, 16], "texture": "#0"},
				"east": {"uv": [12, 0, 14, 16], "texture": "#0"},
				"south": {"uv": [2, 0, 4, 16], "texture": "#0"},
				"west": {"uv": [12, 0, 14, 16], "texture": "#0"}
			}
		},
		{
			"from": [0.27217, 19.59776, 6.25],
			"to": [0.27717, 22.84776, 8.75],
			"rotation": {"angle": 22.5, "axis": "z", "origin": [-0.5, 21, 7.5]},
			"faces": {
				"north": {"uv": [13.938, 1.875, 13.25, 2.625], "texture": "#5"},
				"east": {"uv": [0, 16, 16, 0], "rotation": 180, "texture": "#5"},
				"south": {"uv": [13.938, 1.875, 13.25, 2.625], "texture": "#5"},
				"west": {"uv": [0, 16, 16, 0], "rotation": 180, "texture": "#5"},
				"up": {"uv": [13.25, 2.625, 13.938, 1.875], "rotation": 90, "texture": "#5"},
				"down": {"uv": [13.25, 2.625, 13.938, 1.875], "rotation": 270, "texture": "#5"}
			}
		},
		{
			"from": [1.42022, 13.25, -0.6194],
			"to": [1.42522, 15.75, 2.6306],
			"rotation": {"angle": 22.5, "axis": "y", "origin": [-0.5, 16.5, 4]},
			"faces": {
				"north": {"uv": [13.25, 2.625, 13.938, 1.875], "rotation": 270, "texture": "#5"},
				"east": {"uv": [16, 0, 0, 16], "rotation": 90, "texture": "#5"},
				"south": {"uv": [13.25, 2.625, 13.938, 1.875], "rotation": 270, "texture": "#5"},
				"west": {"uv": [16, 0, 0, 16], "rotation": 270, "texture": "#5"},
				"up": {"uv": [13.938, 1.875, 13.25, 2.625], "texture": "#5"},
				"down": {"uv": [13.938, 1.875, 13.25, 2.625], "rotation": 180, "texture": "#5"}
			}
		},
		{
			"from": [-1.75, 19.59776, 8.27217],
			"to": [0.75, 22.84776, 8.27717],
			"rotation": {"angle": -22.5, "axis": "x", "origin": [-0.5, 21, 7.5]},
			"faces": {
				"north": {"uv": [16, 0, 0, 16], "texture": "#5"},
				"east": {"uv": [13.25, 2.625, 13.938, 1.875], "rotation": 180, "texture": "#5"},
				"south": {"uv": [16, 0, 0, 16], "texture": "#5"},
				"west": {"uv": [13.25, 2.625, 13.938, 1.875], "rotation": 180, "texture": "#5"},
				"up": {"uv": [13.25, 2.625, 13.938, 1.875], "rotation": 180, "texture": "#5"},
				"down": {"uv": [13.25, 2.625, 13.938, 1.875], "rotation": 180, "texture": "#5"}
			}
		},
		{
			"from": [-1.75, 16.57246, -1.38477],
			"to": [0.75, 16.57746, 1.86523],
			"rotation": {"angle": -22.5, "axis": "x", "origin": [-0.5, 16.5, 4]},
			"faces": {
				"north": {"uv": [13.25, 2.625, 13.938, 1.875], "texture": "#5"},
				"east": {"uv": [13.938, 1.875, 13.25, 2.625], "rotation": 90, "texture": "#5"},
				"south": {"uv": [13.25, 2.625, 13.938, 1.875], "rotation": 180, "texture": "#5"},
				"west": {"uv": [13.938, 1.875, 13.25, 2.625], "rotation": 270, "texture": "#5"},
				"up": {"uv": [16, 0, 0, 16], "texture": "#5"},
				"down": {"uv": [16, 0, 0, 16], "rotation": 180, "texture": "#5"}
			}
		},
		{
			"from": [-1.75, 19.59776, 6.72283],
			"to": [0.75, 22.84776, 6.72783],
			"rotation": {"angle": 22.5, "axis": "x", "origin": [-0.5, 21, 7.5]},
			"faces": {
				"north": {"uv": [0, 0, 16, 16], "texture": "#5"},
				"east": {"uv": [13.938, 2.625, 13.25, 1.875], "rotation": 180, "texture": "#5"},
				"south": {"uv": [0, 0, 16, 16], "texture": "#5"},
				"west": {"uv": [13.938, 2.625, 13.25, 1.875], "rotation": 180, "texture": "#5"},
				"up": {"uv": [13.25, 1.875, 13.938, 2.625], "rotation": 180, "texture": "#5"},
				"down": {"uv": [13.25, 1.875, 13.938, 2.625], "rotation": 180, "texture": "#5"}
			}
		},
		{
			"from": [-1.75, 12.72702, 0.14597],
			"to": [0.75, 12.73202, 3.39597],
			"rotation": {"angle": 22.5, "axis": "x", "origin": [-0.5, 16.5, 4]},
			"faces": {
				"north": {"uv": [13.25, 1.875, 13.938, 2.625], "texture": "#5"},
				"east": {"uv": [13.25, 1.875, 13.938, 2.625], "rotation": 90, "texture": "#5"},
				"south": {"uv": [13.25, 1.875, 13.938, 2.625], "rotation": 180, "texture": "#5"},
				"west": {"uv": [13.25, 1.875, 13.938, 2.625], "rotation": 270, "texture": "#5"},
				"up": {"uv": [0, 0, 16, 16], "texture": "#5"},
				"down": {"uv": [0, 0, 16, 16], "rotation": 180, "texture": "#5"}
			}
		},
		{
			"from": [-1.27716, 19.59776, 6.25],
			"to": [-1.27216, 22.84776, 8.75],
			"rotation": {"angle": -22.5, "axis": "z", "origin": [-0.5, 21, 7.5]},
			"faces": {
				"north": {"uv": [13.25, 1.875, 13.938, 2.625], "texture": "#5"},
				"east": {"uv": [16, 16, 0, 0], "rotation": 180, "texture": "#5"},
				"south": {"uv": [13.25, 1.875, 13.938, 2.625], "texture": "#5"},
				"west": {"uv": [16, 16, 0, 0], "rotation": 180, "texture": "#5"},
				"up": {"uv": [13.25, 1.875, 13.938, 2.625], "rotation": 90, "texture": "#5"},
				"down": {"uv": [13.25, 1.875, 13.938, 2.625], "rotation": 270, "texture": "#5"}
			}
		},
		{
			"from": [-2.42521, 13.25, -0.6194],
			"to": [-2.42021, 15.75, 2.6306],
			"rotation": {"angle": -22.5, "axis": "y", "origin": [-0.5, 16.5, 4]},
			"faces": {
				"north": {"uv": [13.25, 1.875, 13.938, 2.625], "rotation": 270, "texture": "#5"},
				"east": {"uv": [0, 0, 16, 16], "rotation": 90, "texture": "#5"},
				"south": {"uv": [13.25, 1.875, 13.938, 2.625], "rotation": 270, "texture": "#5"},
				"west": {"uv": [0, 0, 16, 16], "rotation": 270, "texture": "#5"},
				"up": {"uv": [13.25, 1.875, 13.938, 2.625], "texture": "#5"},
				"down": {"uv": [13.25, 1.875, 13.938, 2.625], "rotation": 180, "texture": "#5"}
			}
		},
		{
			"from": [-3, -4, 9],
			"to": [-2, 16, 10],
			"rotation": {"angle": 0, "axis": "y", "origin": [5.5, 4, 17.5]},
			"faces": {
				"north": {"uv": [5, 0, 7, 16], "texture": "#0"},
				"east": {"uv": [12, 0, 14, 16], "texture": "#0"},
				"south": {"uv": [2, 0, 4, 16], "texture": "#0"},
				"west": {"uv": [12, 0, 14, 16], "texture": "#0"}
			}
		},
		{
			"from": [-2, -4, 6],
			"to": [1, 16, 9],
			"rotation": {"angle": 0, "axis": "y", "origin": [7, 4, 14.5]},
			"faces": {
				"north": {"uv": [7, 0, 11, 16], "texture": "#6"},
				"east": {"uv": [10, 0, 14, 16], "texture": "#6"},
				"south": {"uv": [2, 0, 6, 16], "texture": "#6"},
				"west": {"uv": [10, 0, 14, 16], "texture": "#6"},
				"down": {"uv": [9, 8, 13, 12], "texture": "#6"}
			}
		},
		{
			"from": [-3, 16, 5],
			"to": [2, 18, 10],
			"rotation": {"angle": 0, "axis": "y", "origin": [-11.5, 12, 14]},
			"faces": {
				"north": {"uv": [16, 8, 0, 16], "texture": "#2"},
				"east": {"uv": [16, 8, 0, 16], "texture": "#2"},
				"south": {"uv": [16, 8, 0, 16], "texture": "#2"},
				"west": {"uv": [16, 8, 0, 16], "texture": "#2"},
				"up": {"uv": [16, 0, 0, 16], "rotation": 180, "texture": "#3"}
			}
		},
		{
			"from": [-2.5, 18, 5.5],
			"to": [1.5, 19, 9.5],
			"rotation": {"angle": 0, "axis": "y", "origin": [7, 7, 14.5]},
			"faces": {
				"north": {"uv": [8, 8, 15, 10], "texture": "#6"},
				"east": {"uv": [8, 1, 15, 3], "texture": "#6"},
				"south": {"uv": [4, 8, 11, 10], "texture": "#6"},
				"west": {"uv": [4, 8, 11, 10], "texture": "#6"},
				"up": {"uv": [6, 2, 10, 6], "texture": "#6"}
			}
		},
		{
			"from": [-2.5, 12.5, 3],
			"to": [1.5, 16.5, 4],
			"rotation": {"angle": 0, "axis": "y", "origin": [-0.5, 16.5, 4]},
			"faces": {
				"north": {"uv": [6, 2, 10, 6], "rotation": 180, "texture": "#6"},
				"east": {"uv": [15, 3, 8, 1], "rotation": 270, "texture": "#6"},
				"west": {"uv": [11, 10, 4, 8], "rotation": 90, "texture": "#6"},
				"up": {"uv": [4, 8, 11, 10], "texture": "#6"},
				"down": {"uv": [8, 8, 15, 10], "rotation": 180, "texture": "#6"}
			}
		},
		{
			"from": [-2, 19, 6],
			"to": [1, 20, 9],
			"rotation": {"angle": 0, "axis": "y", "origin": [7, 8, 14.5]},
			"faces": {
				"north": {"uv": [2, 6, 7, 8], "texture": "#6"},
				"east": {"uv": [2, 12, 7, 14], "texture": "#6"},
				"south": {"uv": [7, 5, 12, 7], "texture": "#6"},
				"west": {"uv": [6, 10, 11, 12], "texture": "#6"},
				"up": {"uv": [10, 4, 13, 7], "texture": "#6"}
			}
		},
		{
			"from": [-2, 13, 2],
			"to": [1, 16, 3],
			"rotation": {"angle": 0, "axis": "y", "origin": [-0.5, 16.5, 4]},
			"faces": {
				"north": {"uv": [10, 4, 13, 7], "rotation": 180, "texture": "#6"},
				"east": {"uv": [7, 14, 2, 12], "rotation": 270, "texture": "#6"},
				"west": {"uv": [11, 12, 6, 10], "rotation": 90, "texture": "#6"},
				"up": {"uv": [7, 5, 12, 7], "texture": "#6"},
				"down": {"uv": [2, 6, 7, 8], "rotation": 180, "texture": "#6"}
			}
		},
		{
			"from": [-2, 1, 4.5],
			"to": [1, 4, 8.5],
			"rotation": {"angle": 45, "axis": "x", "origin": [-0.5, 4, 3]},
			"faces": {
				"north": {"uv": [7, 8, 12, 13], "texture": "#6"},
				"east": {"uv": [3, 5, 9, 10], "texture": "#6"},
				"west": {"uv": [8, 10, 14, 15], "texture": "#6"},
				"up": {"uv": [6, 2, 12, 7], "texture": "#6"},
				"down": {"uv": [7, 9, 13, 14], "texture": "#6"}
			}
		},
		{
			"from": [-1.5, 1.5, 0.75],
			"to": [0.5, 3.5, 3],
			"rotation": {"angle": -22.5, "axis": "x", "origin": [-0.5, 5, 3]},
			"faces": {
				"north": {"uv": [8, 9, 4, 4], "rotation": 90, "texture": "#6"},
				"east": {"uv": [7, 6, 3, 1], "rotation": 90, "texture": "#6"},
				"south": {"uv": [7, 6, 3, 1], "rotation": 90, "texture": "#6"},
				"west": {"uv": [11, 6, 7, 1], "rotation": 90, "texture": "#6"},
				"up": {"uv": [13, 12, 9, 7], "rotation": 90, "texture": "#6"}
			}
		},
		{
			"from": [-3, -4, 4],
			"to": [2, 1, 6],
			"rotation": {"angle": 0, "axis": "x", "origin": [-0.625, 1, 8.5]},
			"faces": {
				"north": {"uv": [16, 0, 0, 16], "texture": "#3"},
				"east": {"uv": [0, 16, 16, 8], "rotation": 270, "texture": "#2"},
				"west": {"uv": [0, 16, 16, 8], "rotation": 90, "texture": "#2"},
				"up": {"uv": [16, 8, 0, 16], "texture": "#2"},
				"down": {"uv": [16, 8, 0, 16], "rotation": 180, "texture": "#2"}
			}
		},
		{
			"from": [-3, -4, 9],
			"to": [2, 1, 11],
			"rotation": {"angle": 0, "axis": "x", "origin": [-0.625, 1, 6.5]},
			"faces": {
				"east": {"uv": [0, 16, 16, 8], "rotation": 270, "texture": "#2"},
				"south": {"uv": [16, 0, 0, 16], "rotation": 180, "texture": "#3"},
				"west": {"uv": [0, 16, 16, 8], "rotation": 90, "texture": "#2"},
				"up": {"uv": [16, 8, 0, 16], "texture": "#2"},
				"down": {"uv": [16, 8, 0, 16], "rotation": 180, "texture": "#2"}
			}
		},
		{
			"from": [1, -4, 5],
			"to": [3, 1, 10],
			"rotation": {"angle": 0, "axis": "x", "origin": [-1.5, 1, 7.625]},
			"faces": {
				"north": {"uv": [0, 16, 16, 8], "rotation": 270, "texture": "#2"},
				"east": {"uv": [16, 0, 0, 16], "rotation": 180, "texture": "#3"},
				"south": {"uv": [0, 16, 16, 8], "rotation": 90, "texture": "#2"},
				"up": {"uv": [0, 16, 16, 8], "rotation": 90, "texture": "#2"},
				"down": {"uv": [0, 16, 16, 8], "rotation": 90, "texture": "#2"}
			}
		},
		{
			"from": [-4, -4, 5],
			"to": [-2, 1, 10],
			"rotation": {"angle": 0, "axis": "x", "origin": [0.5, 1, 7.625]},
			"faces": {
				"north": {"uv": [0, 16, 16, 8], "rotation": 270, "texture": "#2"},
				"south": {"uv": [0, 16, 16, 8], "rotation": 90, "texture": "#2"},
				"west": {"uv": [16, 0, 0, 16], "texture": "#3"},
				"up": {"uv": [0, 16, 16, 8], "rotation": 90, "texture": "#2"},
				"down": {"uv": [0, 16, 16, 8], "rotation": 90, "texture": "#2"}
			}
		},
		{
			"from": [-3, 12, 9],
			"to": [2, 17, 11],
			"rotation": {"angle": 0, "axis": "x", "origin": [-0.625, 17, 6.5]},
			"faces": {
				"east": {"uv": [0, 16, 16, 8], "rotation": 270, "texture": "#2"},
				"south": {"uv": [16, 0, 0, 16], "rotation": 180, "texture": "#3"},
				"west": {"uv": [0, 16, 16, 8], "rotation": 90, "texture": "#2"},
				"up": {"uv": [16, 8, 0, 16], "texture": "#2"},
				"down": {"uv": [16, 8, 0, 16], "rotation": 180, "texture": "#2"}
			}
		},
		{
			"from": [-3, 12, 4],
			"to": [2, 17, 6],
			"rotation": {"angle": 0, "axis": "x", "origin": [-0.625, 17, 8.5]},
			"faces": {
				"north": {"uv": [16, 0, 0, 16], "texture": "#3"},
				"east": {"uv": [0, 16, 16, 8], "rotation": 270, "texture": "#2"},
				"west": {"uv": [0, 16, 16, 8], "rotation": 90, "texture": "#2"},
				"up": {"uv": [16, 8, 0, 16], "texture": "#2"},
				"down": {"uv": [16, 8, 0, 16], "rotation": 180, "texture": "#2"}
			}
		},
		{
			"from": [-4, 12, 5],
			"to": [-2, 17, 10],
			"rotation": {"angle": 0, "axis": "x", "origin": [0.5, 17, 7.625]},
			"faces": {
				"north": {"uv": [0, 16, 16, 8], "rotation": 270, "texture": "#2"},
				"south": {"uv": [0, 16, 16, 8], "rotation": 90, "texture": "#2"},
				"west": {"uv": [16, 0, 0, 16], "texture": "#3"},
				"up": {"uv": [0, 16, 16, 8], "rotation": 90, "texture": "#2"},
				"down": {"uv": [0, 16, 16, 8], "rotation": 90, "texture": "#2"}
			}
		},
		{
			"from": [1, 12, 5],
			"to": [3, 17, 10],
			"rotation": {"angle": 0, "axis": "x", "origin": [-1.5, 17, 7.625]},
			"faces": {
				"north": {"uv": [0, 16, 16, 8], "rotation": 270, "texture": "#2"},
				"east": {"uv": [16, 0, 0, 16], "rotation": 180, "texture": "#3"},
				"south": {"uv": [0, 16, 16, 8], "rotation": 90, "texture": "#2"},
				"up": {"uv": [0, 16, 16, 8], "rotation": 90, "texture": "#2"},
				"down": {"uv": [0, 16, 16, 8], "rotation": 90, "texture": "#2"}
			}
		},
		{
			"from": [1, -4, 5],
			"to": [2, 16, 6],
			"rotation": {"angle": 0, "axis": "y", "origin": [9.5, 4, 13.5]},
			"faces": {
				"north": {"uv": [8, 0, 10, 16], "texture": "#0"},
				"east": {"uv": [5, 0, 7, 16], "texture": "#0"},
				"south": {"uv": [6, 0, 8, 16], "texture": "#0"},
				"west": {"uv": [13, 0, 15, 16], "texture": "#0"}
			}
		},
		{
			"from": [1, -4, 9],
			"to": [2, 16, 10],
			"rotation": {"angle": 0, "axis": "y", "origin": [9.5, 4, 17.5]},
			"faces": {
				"north": {"uv": [8, 0, 10, 16], "texture": "#0"},
				"east": {"uv": [5, 0, 7, 16], "texture": "#0"},
				"south": {"uv": [6, 0, 8, 16], "texture": "#0"},
				"west": {"uv": [13, 0, 15, 16], "texture": "#0"}
			}
		}
	],
	"display": {
		"head": {
			"translation": [0, -13.25, 6.5],
			"scale": [2.5, 2.5, 2.5]
		}
	},
	"groups": [0, 1, 2, 3,
		{
			"name": "pillar_1",
			"origin": [3.5, 4, 17.5],
			"children": [
				{
					"name": "chain",
					"origin": [13.625, 8.875, 2.5],
					"children": [4, 5, 6, 7, 8, 9, 10, 11, 12, 13, 14, 15, 16, 17, 18, 19, 20, 21, 22, 23, 24, 25, 26, 27, 28, 29, 30, 31, 32, 33, 34, 35, 36, 37, 38, 39, 40, 41, 42, 43, 44, 45, 46, 47, 48, 49, 50, 51, 52, 53, 54, 55, 56]
				}, 57, 58, 59, 60, 61, 62, 63, 64, 65, 66, 67, 68, 69, 70, 71, 72, 73, 74, 75, 76, 77, 78, 79, 80, 81, 82, 83, 84]
		},
		{
			"name": "pillar_1",
			"origin": [3.5, 4, 17.5],
			"children": [
				{
					"name": "chain",
					"origin": [13.625, 8.875, 2.5],
					"children": [85, 86, 87, 88, 89, 90, 91, 92, 93, 94, 95, 96, 97, 98, 99, 100, 101, 102, 103, 104, 105, 106, 107, 108, 109, 110, 111, 112, 113, 114, 115, 116, 117, 118, 119, 120, 121, 122, 123, 124, 125, 126, 127, 128, 129, 130, 131, 132, 133, 134, 135, 136, 137]
				}, 138, 139, 140, 141, 142, 143, 144, 145, 146, 147, 148, 149, 150, 151, 152, 153, 154, 155, 156, 157, 158, 159, 160, 161, 162, 163, 164, 165]
		}
	]
}