{
	"credit": "Made by MadstonMagic, using Cubik Pro & Blockbench",
	"textures": {
		"0": "block/gold_block",
		"2": "block/smooth_stone_slab_side",
		"3": "block/smooth_stone",
		"5": "custom/iron_spike",
		"6": "block/anvil",
		"7": "block/cobblestone",
		"particle": "block/gold_block"
	},
	"elements": [
		{
			"from": [-3, 1, 7],
			"to": [11.5, 12, 8],
			"rotation": {"angle": 0, "axis": "y", "origin": [0, 4, 14.5]},
			"faces": {
				"north": {"uv": [16, 2, 0, 14], "texture": "#7"},
				"south": {"uv": [16, 2, 0, 14], "texture": "#7"},
				"west": {"uv": [6, 2, 2, 13], "texture": "#7"},
				"up": {"uv": [10, 2, 6, 6], "texture": "#7"},
				"down": {"uv": [13, 8, 9, 12], "texture": "#7"}
			}
		},
		{
			"from": [3, 1, 6],
			"to": [6, 12, 9],
			"rotation": {"angle": 0, "axis": "y", "origin": [-3, 4, 14.5]},
			"faces": {
				"north": {"uv": [11, 5, 7, 16], "texture": "#6"},
				"east": {"uv": [4, 0, 0, 11], "texture": "#6"},
				"south": {"uv": [15, 1, 11, 12], "texture": "#6"},
				"west": {"uv": [6, 2, 2, 13], "texture": "#6"}
			}
		},
		{
			"from": [-0.5, 12, 6],
			"to": [9.5, 16.5, 9],
			"rotation": {"angle": 0, "axis": "y", "origin": [-3, 4, 14.5]},
			"faces": {
				"north": {"uv": [16, 0, 0, 7], "texture": "#0"},
				"south": {"uv": [16, 0, 0, 7], "texture": "#0"},
				"west": {"uv": [10, 0, 8, 16], "texture": "#0"},
				"up": {"uv": [16, 5, 0, 10], "texture": "#0"},
				"down": {"uv": [16, 7, 0, 12], "texture": "#0"}
			}
		},
		{
			"from": [-0.5, -3.5, 6],
			"to": [9.5, 1, 9],
			"rotation": {"angle": 0, "axis": "y", "origin": [-3, -11.5, 14.5]},
			"faces": {
				"north": {"uv": [16, 9, 0, 16], "texture": "#0"},
				"south": {"uv": [16, 9, 0, 16], "texture": "#0"},
				"west": {"uv": [10, 0, 8, 16], "texture": "#0"},
				"up": {"uv": [16, 5, 0, 10], "texture": "#0"},
				"down": {"uv": [16, 7, 0, 12], "rotation": 180, "texture": "#0"}
			}
		},
		{
			"from": [13, 9.875, 2.75],
			"to": [13.25, 10.875, 2.875],
			"rotation": {"angle": 0, "axis": "x", "origin": [13.125, 8.875, 2.5]},
			"faces": {
				"north": {"uv": [0, 0, 1, 1], "texture": "#0"},
				"east": {"uv": [0, 0, 1, 1], "texture": "#0"},
				"south": {"uv": [0, 0, 1, 1], "texture": "#0"},
				"west": {"uv": [0, 0, 1, 1], "texture": "#0"},
				"up": {"uv": [0, 0, 1, 1], "texture": "#0"},
				"down": {"uv": [0, 0, 1, 1], "texture": "#0"}
			}
		},
		{
			"from": [13, 6.875, 2.75],
			"to": [13.25, 7.875, 2.875],
			"rotation": {"angle": 0, "axis": "x", "origin": [13.125, 5.875, 2.5]},
			"faces": {
				"north": {"uv": [0, 0, 1, 1], "texture": "#0"},
				"east": {"uv": [0, 0, 1, 1], "texture": "#0"},
				"south": {"uv": [0, 0, 1, 1], "texture": "#0"},
				"west": {"uv": [0, 0, 1, 1], "texture": "#0"},
				"up": {"uv": [0, 0, 1, 1], "texture": "#0"},
				"down": {"uv": [0, 0, 1, 1], "texture": "#0"}
			}
		},
		{
			"from": [13, 3.875, 2.75],
			"to": [13.25, 4.875, 2.875],
			"rotation": {"angle": 0, "axis": "x", "origin": [13.125, 2.875, 2.5]},
			"faces": {
				"north": {"uv": [0, 0, 1, 1], "texture": "#0"},
				"east": {"uv": [0, 0, 1, 1], "texture": "#0"},
				"south": {"uv": [0, 0, 1, 1], "texture": "#0"},
				"west": {"uv": [0, 0, 1, 1], "texture": "#0"},
				"up": {"uv": [0, 0, 1, 1], "texture": "#0"},
				"down": {"uv": [0, 0, 1, 1], "texture": "#0"}
			}
		},
		{
			"from": [13, 10.75, 2.25],
			"to": [13.25, 10.875, 2.75],
			"rotation": {"angle": 0, "axis": "x", "origin": [13.125, 8.875, 2.5]},
			"faces": {
				"east": {"uv": [0, 0, 1, 1], "texture": "#0"},
				"west": {"uv": [0, 0, 1, 1], "texture": "#0"},
				"up": {"uv": [0, 0, 1, 1], "texture": "#0"},
				"down": {"uv": [0, 0, 1, 1], "texture": "#0"}
			}
		},
		{
			"from": [13, 7.75, 2.25],
			"to": [13.25, 7.875, 2.75],
			"rotation": {"angle": 0, "axis": "x", "origin": [13.125, 5.875, 2.5]},
			"faces": {
				"east": {"uv": [0, 0, 1, 1], "texture": "#0"},
				"west": {"uv": [0, 0, 1, 1], "texture": "#0"},
				"up": {"uv": [0, 0, 1, 1], "texture": "#0"},
				"down": {"uv": [0, 0, 1, 1], "texture": "#0"}
			}
		},
		{
			"from": [13, 4.75, 2.25],
			"to": [13.25, 4.875, 2.75],
			"rotation": {"angle": 0, "axis": "x", "origin": [13.125, 2.875, 2.5]},
			"faces": {
				"east": {"uv": [0, 0, 1, 1], "texture": "#0"},
				"west": {"uv": [0, 0, 1, 1], "texture": "#0"},
				"up": {"uv": [0, 0, 1, 1], "texture": "#0"},
				"down": {"uv": [0, 0, 1, 1], "texture": "#0"}
			}
		},
		{
			"from": [13.375, 10.625, 2.375],
			"to": [13.5, 11.625, 2.625],
			"rotation": {"angle": 0, "axis": "x", "origin": [13.125, 8.875, 2.5]},
			"faces": {
				"north": {"uv": [0, 0, 1, 1], "texture": "#0"},
				"east": {"uv": [0, 0, 1, 1], "texture": "#0"},
				"south": {"uv": [0, 0, 1, 1], "texture": "#0"},
				"west": {"uv": [0, 0, 1, 1], "texture": "#0"},
				"up": {"uv": [0, 0, 1, 1], "texture": "#0"},
				"down": {"uv": [0, 0, 1, 1], "texture": "#0"}
			}
		},
		{
			"from": [13.375, 7.625, 2.375],
			"to": [13.5, 8.625, 2.625],
			"rotation": {"angle": 0, "axis": "x", "origin": [13.125, 5.875, 2.5]},
			"faces": {
				"north": {"uv": [0, 0, 1, 1], "texture": "#0"},
				"east": {"uv": [0, 0, 1, 1], "texture": "#0"},
				"south": {"uv": [0, 0, 1, 1], "texture": "#0"},
				"west": {"uv": [0, 0, 1, 1], "texture": "#0"},
				"up": {"uv": [0, 0, 1, 1], "texture": "#0"},
				"down": {"uv": [0, 0, 1, 1], "texture": "#0"}
			}
		},
		{
			"from": [13.375, 4.625, 2.375],
			"to": [13.5, 5.625, 2.625],
			"rotation": {"angle": 0, "axis": "x", "origin": [13.125, 2.875, 2.5]},
			"faces": {
				"north": {"uv": [0, 0, 1, 1], "texture": "#0"},
				"east": {"uv": [0, 0, 1, 1], "texture": "#0"},
				"south": {"uv": [0, 0, 1, 1], "texture": "#0"},
				"west": {"uv": [0, 0, 1, 1], "texture": "#0"},
				"up": {"uv": [0, 0, 1, 1], "texture": "#0"},
				"down": {"uv": [0, 0, 1, 1], "texture": "#0"}
			}
		},
		{
			"from": [13.375, 6.125, 2.375],
			"to": [13.5, 7.125, 2.625],
			"rotation": {"angle": 0, "axis": "x", "origin": [13.125, 4.375, 2.5]},
			"faces": {
				"north": {"uv": [0, 0, 1, 1], "texture": "#0"},
				"east": {"uv": [0, 0, 1, 1], "texture": "#0"},
				"south": {"uv": [0, 0, 1, 1], "texture": "#0"},
				"west": {"uv": [0, 0, 1, 1], "texture": "#0"},
				"up": {"uv": [0, 0, 1, 1], "texture": "#0"},
				"down": {"uv": [0, 0, 1, 1], "texture": "#0"}
			}
		},
		{
			"from": [13.375, 3.125, 2.375],
			"to": [13.5, 4.125, 2.625],
			"rotation": {"angle": 0, "axis": "x", "origin": [13.125, 1.375, 2.5]},
			"faces": {
				"north": {"uv": [0, 0, 1, 1], "texture": "#0"},
				"east": {"uv": [0, 0, 1, 1], "texture": "#0"},
				"south": {"uv": [0, 0, 1, 1], "texture": "#0"},
				"west": {"uv": [0, 0, 1, 1], "texture": "#0"},
				"up": {"uv": [0, 0, 1, 1], "texture": "#0"},
				"down": {"uv": [0, 0, 1, 1], "texture": "#0"}
			}
		},
		{
			"from": [12.875, 10.625, 2.375],
			"to": [13.375, 10.75, 2.625],
			"rotation": {"angle": 0, "axis": "x", "origin": [13.125, 8.875, 2.5]},
			"faces": {
				"north": {"uv": [0, 0, 1, 1], "texture": "#0"},
				"south": {"uv": [0, 0, 1, 1], "texture": "#0"},
				"up": {"uv": [0, 0, 1, 1], "texture": "#0"},
				"down": {"uv": [0, 0, 1, 1], "texture": "#0"}
			}
		},
		{
			"from": [12.875, 7.625, 2.375],
			"to": [13.375, 7.75, 2.625],
			"rotation": {"angle": 0, "axis": "x", "origin": [13.125, 5.875, 2.5]},
			"faces": {
				"north": {"uv": [0, 0, 1, 1], "texture": "#0"},
				"south": {"uv": [0, 0, 1, 1], "texture": "#0"},
				"up": {"uv": [0, 0, 1, 1], "texture": "#0"},
				"down": {"uv": [0, 0, 1, 1], "texture": "#0"}
			}
		},
		{
			"from": [12.875, 4.625, 2.375],
			"to": [13.375, 4.75, 2.625],
			"rotation": {"angle": 0, "axis": "x", "origin": [13.125, 2.875, 2.5]},
			"faces": {
				"north": {"uv": [0, 0, 1, 1], "texture": "#0"},
				"south": {"uv": [0, 0, 1, 1], "texture": "#0"},
				"up": {"uv": [0, 0, 1, 1], "texture": "#0"},
				"down": {"uv": [0, 0, 1, 1], "texture": "#0"}
			}
		},
		{
			"from": [12.875, 6.125, 2.375],
			"to": [13.375, 6.25, 2.625],
			"rotation": {"angle": 0, "axis": "x", "origin": [13.125, 4.375, 2.5]},
			"faces": {
				"north": {"uv": [0, 0, 1, 1], "texture": "#0"},
				"south": {"uv": [0, 0, 1, 1], "texture": "#0"},
				"up": {"uv": [0, 0, 1, 1], "texture": "#0"},
				"down": {"uv": [0, 0, 1, 1], "texture": "#0"}
			}
		},
		{
			"from": [12.875, 3.125, 2.375],
			"to": [13.375, 3.25, 2.625],
			"rotation": {"angle": 0, "axis": "x", "origin": [13.125, 1.375, 2.5]},
			"faces": {
				"north": {"uv": [0, 0, 1, 1], "texture": "#0"},
				"south": {"uv": [0, 0, 1, 1], "texture": "#0"},
				"up": {"uv": [0, 0, 1, 1], "texture": "#0"},
				"down": {"uv": [0, 0, 1, 1], "texture": "#0"}
			}
		},
		{
			"from": [13.375, 9.125, 2.375],
			"to": [13.5, 10.125, 2.625],
			"rotation": {"angle": 0, "axis": "x", "origin": [13.125, 8.875, 2.5]},
			"faces": {
				"north": {"uv": [0, 0, 1, 1], "texture": "#0"},
				"east": {"uv": [0, 0, 1, 1], "texture": "#0"},
				"south": {"uv": [0, 0, 1, 1], "texture": "#0"},
				"west": {"uv": [0, 0, 1, 1], "texture": "#0"},
				"up": {"uv": [0, 0, 1, 1], "texture": "#0"},
				"down": {"uv": [0, 0, 1, 1], "texture": "#0"}
			}
		},
		{
			"from": [12.875, 10, 2.375],
			"to": [13.375, 10.125, 2.625],
			"rotation": {"angle": 0, "axis": "x", "origin": [13.125, 8.875, 2.5]},
			"faces": {
				"north": {"uv": [0, 0, 1, 1], "texture": "#0"},
				"south": {"uv": [0, 0, 1, 1], "texture": "#0"},
				"up": {"uv": [0, 0, 1, 1], "texture": "#0"},
				"down": {"uv": [0, 0, 1, 1], "texture": "#0"}
			}
		},
		{
			"from": [12.875, 9.125, 2.375],
			"to": [13.375, 9.25, 2.625],
			"rotation": {"angle": 0, "axis": "x", "origin": [13.125, 8, 2.5]},
			"faces": {
				"north": {"uv": [0, 0, 1, 1], "texture": "#0"},
				"south": {"uv": [0, 0, 1, 1], "texture": "#0"},
				"up": {"uv": [0, 0, 1, 1], "texture": "#0"},
				"down": {"uv": [0, 0, 1, 1], "texture": "#0"}
			}
		},
		{
			"from": [12.75, 9.125, 2.375],
			"to": [12.875, 10.125, 2.625],
			"rotation": {"angle": 0, "axis": "x", "origin": [13.125, 8.875, 2.5]},
			"faces": {
				"north": {"uv": [0, 0, 1, 1], "texture": "#0"},
				"east": {"uv": [0, 0, 1, 1], "texture": "#0"},
				"south": {"uv": [0, 0, 1, 1], "texture": "#0"},
				"west": {"uv": [0, 0, 1, 1], "texture": "#0"},
				"up": {"uv": [0, 0, 1, 1], "texture": "#0"},
				"down": {"uv": [0, 0, 1, 1], "texture": "#0"}
			}
		},
		{
			"from": [13, 9.875, 2.25],
			"to": [13.25, 10, 2.75],
			"rotation": {"angle": 0, "axis": "x", "origin": [13.125, 8.875, 2.5]},
			"faces": {
				"east": {"uv": [0, 0, 1, 1], "texture": "#0"},
				"west": {"uv": [0, 0, 1, 1], "texture": "#0"},
				"up": {"uv": [0, 0, 1, 1], "texture": "#0"},
				"down": {"uv": [0, 0, 1, 1], "texture": "#0"}
			}
		},
		{
			"from": [13, 6.875, 2.25],
			"to": [13.25, 7, 2.75],
			"rotation": {"angle": 0, "axis": "x", "origin": [13.125, 5.875, 2.5]},
			"faces": {
				"east": {"uv": [0, 0, 1, 1], "texture": "#0"},
				"west": {"uv": [0, 0, 1, 1], "texture": "#0"},
				"up": {"uv": [0, 0, 1, 1], "texture": "#0"},
				"down": {"uv": [0, 0, 1, 1], "texture": "#0"}
			}
		},
		{
			"from": [13, 3.875, 2.25],
			"to": [13.25, 4, 2.75],
			"rotation": {"angle": 0, "axis": "x", "origin": [13.125, 2.875, 2.5]},
			"faces": {
				"east": {"uv": [0, 0, 1, 1], "texture": "#0"},
				"west": {"uv": [0, 0, 1, 1], "texture": "#0"},
				"up": {"uv": [0, 0, 1, 1], "texture": "#0"},
				"down": {"uv": [0, 0, 1, 1], "texture": "#0"}
			}
		},
		{
			"from": [13, 9.875, 2.125],
			"to": [13.25, 10.875, 2.25],
			"rotation": {"angle": 0, "axis": "x", "origin": [13.125, 8.875, 2.5]},
			"faces": {
				"north": {"uv": [0, 0, 1, 1], "texture": "#0"},
				"east": {"uv": [0, 0, 1, 1], "texture": "#0"},
				"south": {"uv": [0, 0, 1, 1], "texture": "#0"},
				"west": {"uv": [0, 0, 1, 1], "texture": "#0"},
				"up": {"uv": [0, 0, 1, 1], "texture": "#0"},
				"down": {"uv": [0, 0, 1, 1], "texture": "#0"}
			}
		},
		{
			"from": [13, 6.875, 2.125],
			"to": [13.25, 7.875, 2.25],
			"rotation": {"angle": 0, "axis": "x", "origin": [13.125, 5.875, 2.5]},
			"faces": {
				"north": {"uv": [0, 0, 1, 1], "texture": "#0"},
				"east": {"uv": [0, 0, 1, 1], "texture": "#0"},
				"south": {"uv": [0, 0, 1, 1], "texture": "#0"},
				"west": {"uv": [0, 0, 1, 1], "texture": "#0"},
				"up": {"uv": [0, 0, 1, 1], "texture": "#0"},
				"down": {"uv": [0, 0, 1, 1], "texture": "#0"}
			}
		},
		{
			"from": [13, 3.875, 2.125],
			"to": [13.25, 4.875, 2.25],
			"rotation": {"angle": 0, "axis": "x", "origin": [13.125, 2.875, 2.5]},
			"faces": {
				"north": {"uv": [0, 0, 1, 1], "texture": "#0"},
				"east": {"uv": [0, 0, 1, 1], "texture": "#0"},
				"south": {"uv": [0, 0, 1, 1], "texture": "#0"},
				"west": {"uv": [0, 0, 1, 1], "texture": "#0"},
				"up": {"uv": [0, 0, 1, 1], "texture": "#0"},
				"down": {"uv": [0, 0, 1, 1], "texture": "#0"}
			}
		},
		{
			"from": [12.75, 10.625, 2.375],
			"to": [12.875, 11.625, 2.625],
			"rotation": {"angle": 0, "axis": "x", "origin": [13.125, 8.875, 2.5]},
			"faces": {
				"north": {"uv": [0, 0, 1, 1], "texture": "#0"},
				"east": {"uv": [0, 0, 1, 1], "texture": "#0"},
				"south": {"uv": [0, 0, 1, 1], "texture": "#0"},
				"west": {"uv": [0, 0, 1, 1], "texture": "#0"},
				"up": {"uv": [0, 0, 1, 1], "texture": "#0"},
				"down": {"uv": [0, 0, 1, 1], "texture": "#0"}
			}
		},
		{
			"from": [12.75, 7.625, 2.375],
			"to": [12.875, 8.625, 2.625],
			"rotation": {"angle": 0, "axis": "x", "origin": [13.125, 5.875, 2.5]},
			"faces": {
				"north": {"uv": [0, 0, 1, 1], "texture": "#0"},
				"east": {"uv": [0, 0, 1, 1], "texture": "#0"},
				"south": {"uv": [0, 0, 1, 1], "texture": "#0"},
				"west": {"uv": [0, 0, 1, 1], "texture": "#0"},
				"up": {"uv": [0, 0, 1, 1], "texture": "#0"},
				"down": {"uv": [0, 0, 1, 1], "texture": "#0"}
			}
		},
		{
			"from": [12.75, 4.625, 2.375],
			"to": [12.875, 5.625, 2.625],
			"rotation": {"angle": 0, "axis": "x", "origin": [13.125, 2.875, 2.5]},
			"faces": {
				"north": {"uv": [0, 0, 1, 1], "texture": "#0"},
				"east": {"uv": [0, 0, 1, 1], "texture": "#0"},
				"south": {"uv": [0, 0, 1, 1], "texture": "#0"},
				"west": {"uv": [0, 0, 1, 1], "texture": "#0"},
				"up": {"uv": [0, 0, 1, 1], "texture": "#0"},
				"down": {"uv": [0, 0, 1, 1], "texture": "#0"}
			}
		},
		{
			"from": [12.75, 6.125, 2.375],
			"to": [12.875, 7.125, 2.625],
			"rotation": {"angle": 0, "axis": "x", "origin": [13.125, 4.375, 2.5]},
			"faces": {
				"north": {"uv": [0, 0, 1, 1], "texture": "#0"},
				"east": {"uv": [0, 0, 1, 1], "texture": "#0"},
				"south": {"uv": [0, 0, 1, 1], "texture": "#0"},
				"west": {"uv": [0, 0, 1, 1], "texture": "#0"},
				"up": {"uv": [0, 0, 1, 1], "texture": "#0"},
				"down": {"uv": [0, 0, 1, 1], "texture": "#0"}
			}
		},
		{
			"from": [12.75, 3.125, 2.375],
			"to": [12.875, 4.125, 2.625],
			"rotation": {"angle": 0, "axis": "x", "origin": [13.125, 1.375, 2.5]},
			"faces": {
				"north": {"uv": [0, 0, 1, 1], "texture": "#0"},
				"east": {"uv": [0, 0, 1, 1], "texture": "#0"},
				"south": {"uv": [0, 0, 1, 1], "texture": "#0"},
				"west": {"uv": [0, 0, 1, 1], "texture": "#0"},
				"up": {"uv": [0, 0, 1, 1], "texture": "#0"},
				"down": {"uv": [0, 0, 1, 1], "texture": "#0"}
			}
		},
		{
			"from": [13, 11.375, 2.75],
			"to": [13.25, 12.375, 2.875],
			"rotation": {"angle": 0, "axis": "x", "origin": [13.125, 8.875, 2.5]},
			"faces": {
				"north": {"uv": [0, 0, 1, 1], "texture": "#0"},
				"east": {"uv": [0, 0, 1, 1], "texture": "#0"},
				"south": {"uv": [0, 0, 1, 1], "texture": "#0"},
				"west": {"uv": [0, 0, 1, 1], "texture": "#0"},
				"up": {"uv": [0, 0, 1, 1], "texture": "#0"},
				"down": {"uv": [0, 0, 1, 1], "texture": "#0"}
			}
		},
		{
			"from": [13, 8.375, 2.75],
			"to": [13.25, 9.375, 2.875],
			"rotation": {"angle": 0, "axis": "x", "origin": [13.125, 5.875, 2.5]},
			"faces": {
				"north": {"uv": [0, 0, 1, 1], "texture": "#0"},
				"east": {"uv": [0, 0, 1, 1], "texture": "#0"},
				"south": {"uv": [0, 0, 1, 1], "texture": "#0"},
				"west": {"uv": [0, 0, 1, 1], "texture": "#0"},
				"up": {"uv": [0, 0, 1, 1], "texture": "#0"},
				"down": {"uv": [0, 0, 1, 1], "texture": "#0"}
			}
		},
		{
			"from": [13, 5.375, 2.75],
			"to": [13.25, 6.375, 2.875],
			"rotation": {"angle": 0, "axis": "x", "origin": [13.125, 2.875, 2.5]},
			"faces": {
				"north": {"uv": [0, 0, 1, 1], "texture": "#0"},
				"east": {"uv": [0, 0, 1, 1], "texture": "#0"},
				"south": {"uv": [0, 0, 1, 1], "texture": "#0"},
				"west": {"uv": [0, 0, 1, 1], "texture": "#0"},
				"up": {"uv": [0, 0, 1, 1], "texture": "#0"},
				"down": {"uv": [0, 0, 1, 1], "texture": "#0"}
			}
		},
		{
			"from": [13, 11.375, 2.25],
			"to": [13.25, 11.5, 2.75],
			"rotation": {"angle": 0, "axis": "x", "origin": [13.125, 8.875, 2.5]},
			"faces": {
				"east": {"uv": [0, 0, 1, 1], "texture": "#0"},
				"west": {"uv": [0, 0, 1, 1], "texture": "#0"},
				"up": {"uv": [0, 0, 1, 1], "texture": "#0"},
				"down": {"uv": [0, 0, 1, 1], "texture": "#0"}
			}
		},
		{
			"from": [13, 8.375, 2.25],
			"to": [13.25, 8.5, 2.75],
			"rotation": {"angle": 0, "axis": "x", "origin": [13.125, 5.875, 2.5]},
			"faces": {
				"east": {"uv": [0, 0, 1, 1], "texture": "#0"},
				"west": {"uv": [0, 0, 1, 1], "texture": "#0"},
				"up": {"uv": [0, 0, 1, 1], "texture": "#0"},
				"down": {"uv": [0, 0, 1, 1], "texture": "#0"}
			}
		},
		{
			"from": [13, 5.375, 2.25],
			"to": [13.25, 5.5, 2.75],
			"rotation": {"angle": 0, "axis": "x", "origin": [13.125, 2.875, 2.5]},
			"faces": {
				"east": {"uv": [0, 0, 1, 1], "texture": "#0"},
				"west": {"uv": [0, 0, 1, 1], "texture": "#0"},
				"up": {"uv": [0, 0, 1, 1], "texture": "#0"},
				"down": {"uv": [0, 0, 1, 1], "texture": "#0"}
			}
		},
		{
			"from": [12.875, 11.5, 2.375],
			"to": [13.375, 11.625, 2.625],
			"rotation": {"angle": 0, "axis": "x", "origin": [13.125, 8.875, 2.5]},
			"faces": {
				"north": {"uv": [0, 0, 1, 1], "texture": "#0"},
				"south": {"uv": [0, 0, 1, 1], "texture": "#0"},
				"up": {"uv": [0, 0, 1, 1], "texture": "#0"},
				"down": {"uv": [0, 0, 1, 1], "texture": "#0"}
			}
		},
		{
			"from": [12.875, 8.5, 2.375],
			"to": [13.375, 8.625, 2.625],
			"rotation": {"angle": 0, "axis": "x", "origin": [13.125, 5.875, 2.5]},
			"faces": {
				"north": {"uv": [0, 0, 1, 1], "texture": "#0"},
				"south": {"uv": [0, 0, 1, 1], "texture": "#0"},
				"up": {"uv": [0, 0, 1, 1], "texture": "#0"},
				"down": {"uv": [0, 0, 1, 1], "texture": "#0"}
			}
		},
		{
			"from": [12.875, 5.5, 2.375],
			"to": [13.375, 5.625, 2.625],
			"rotation": {"angle": 0, "axis": "x", "origin": [13.125, 2.875, 2.5]},
			"faces": {
				"north": {"uv": [0, 0, 1, 1], "texture": "#0"},
				"south": {"uv": [0, 0, 1, 1], "texture": "#0"},
				"up": {"uv": [0, 0, 1, 1], "texture": "#0"},
				"down": {"uv": [0, 0, 1, 1], "texture": "#0"}
			}
		},
		{
			"from": [12.875, 7, 2.375],
			"to": [13.375, 7.125, 2.625],
			"rotation": {"angle": 0, "axis": "x", "origin": [13.125, 4.375, 2.5]},
			"faces": {
				"north": {"uv": [0, 0, 1, 1], "texture": "#0"},
				"south": {"uv": [0, 0, 1, 1], "texture": "#0"},
				"up": {"uv": [0, 0, 1, 1], "texture": "#0"},
				"down": {"uv": [0, 0, 1, 1], "texture": "#0"}
			}
		},
		{
			"from": [12.875, 4, 2.375],
			"to": [13.375, 4.125, 2.625],
			"rotation": {"angle": 0, "axis": "x", "origin": [13.125, 1.375, 2.5]},
			"faces": {
				"north": {"uv": [0, 0, 1, 1], "texture": "#0"},
				"south": {"uv": [0, 0, 1, 1], "texture": "#0"},
				"up": {"uv": [0, 0, 1, 1], "texture": "#0"},
				"down": {"uv": [0, 0, 1, 1], "texture": "#0"}
			}
		},
		{
			"from": [13, 11.375, 2.125],
			"to": [13.25, 12.375, 2.25],
			"rotation": {"angle": 0, "axis": "x", "origin": [13.125, 8.875, 2.5]},
			"faces": {
				"north": {"uv": [0, 0, 1, 1], "texture": "#0"},
				"east": {"uv": [0, 0, 1, 1], "texture": "#0"},
				"south": {"uv": [0, 0, 1, 1], "texture": "#0"},
				"west": {"uv": [0, 0, 1, 1], "texture": "#0"},
				"up": {"uv": [0, 0, 1, 1], "texture": "#0"},
				"down": {"uv": [0, 0, 1, 1], "texture": "#0"}
			}
		},
		{
			"from": [13, 8.375, 2.125],
			"to": [13.25, 9.375, 2.25],
			"rotation": {"angle": 0, "axis": "x", "origin": [13.125, 5.875, 2.5]},
			"faces": {
				"north": {"uv": [0, 0, 1, 1], "texture": "#0"},
				"east": {"uv": [0, 0, 1, 1], "texture": "#0"},
				"south": {"uv": [0, 0, 1, 1], "texture": "#0"},
				"west": {"uv": [0, 0, 1, 1], "texture": "#0"},
				"up": {"uv": [0, 0, 1, 1], "texture": "#0"},
				"down": {"uv": [0, 0, 1, 1], "texture": "#0"}
			}
		},
		{
			"from": [13, 5.375, 2.125],
			"to": [13.25, 6.375, 2.25],
			"rotation": {"angle": 0, "axis": "x", "origin": [13.125, 2.875, 2.5]},
			"faces": {
				"north": {"uv": [0, 0, 1, 1], "texture": "#0"},
				"east": {"uv": [0, 0, 1, 1], "texture": "#0"},
				"south": {"uv": [0, 0, 1, 1], "texture": "#0"},
				"west": {"uv": [0, 0, 1, 1], "texture": "#0"},
				"up": {"uv": [0, 0, 1, 1], "texture": "#0"},
				"down": {"uv": [0, 0, 1, 1], "texture": "#0"}
			}
		},
		{
			"from": [13, 2.375, 2.125],
			"to": [13.25, 3.375, 2.25],
			"rotation": {"angle": 0, "axis": "x", "origin": [13.125, -0.125, 2.5]},
			"faces": {
				"north": {"uv": [0, 0, 1, 1], "texture": "#0"},
				"east": {"uv": [0, 0, 1, 1], "texture": "#0"},
				"south": {"uv": [0, 0, 1, 1], "texture": "#0"},
				"west": {"uv": [0, 0, 1, 1], "texture": "#0"},
				"up": {"uv": [0, 0, 1, 1], "texture": "#0"}
			}
		},
		{
			"from": [13.375, 12.125, 2.375],
			"to": [13.5, 13.125, 2.625],
			"rotation": {"angle": 0, "axis": "x", "origin": [13.125, 8.875, 2.5]},
			"faces": {
				"north": {"uv": [0, 0, 1, 1], "texture": "#0"},
				"east": {"uv": [0, 0, 1, 1], "texture": "#0"},
				"south": {"uv": [0, 0, 1, 1], "texture": "#0"},
				"west": {"uv": [0, 0, 1, 1], "texture": "#0"},
				"down": {"uv": [0, 0, 1, 1], "texture": "#0"}
			}
		},
		{
			"from": [12.875, 12.125, 2.375],
			"to": [13.375, 12.25, 2.625],
			"rotation": {"angle": 0, "axis": "x", "origin": [13.125, 8.875, 2.5]},
			"faces": {
				"north": {"uv": [0, 0, 1, 1], "texture": "#0"},
				"south": {"uv": [0, 0, 1, 1], "texture": "#0"},
				"up": {"uv": [0, 0, 1, 1], "texture": "#0"},
				"down": {"uv": [0, 0, 1, 1], "texture": "#0"}
			}
		},
		{
			"from": [13, 12.25, 2.25],
			"to": [13.25, 12.375, 2.75],
			"rotation": {"angle": 0, "axis": "x", "origin": [13.125, 8.875, 2.5]},
			"faces": {
				"east": {"uv": [0, 0, 1, 1], "texture": "#0"},
				"west": {"uv": [0, 0, 1, 1], "texture": "#0"},
				"up": {"uv": [0, 0, 1, 1], "texture": "#0"},
				"down": {"uv": [0, 0, 1, 1], "texture": "#0"}
			}
		},
		{
			"from": [13, 9.25, 2.25],
			"to": [13.25, 9.375, 2.75],
			"rotation": {"angle": 0, "axis": "x", "origin": [13.125, 5.875, 2.5]},
			"faces": {
				"east": {"uv": [0, 0, 1, 1], "texture": "#0"},
				"west": {"uv": [0, 0, 1, 1], "texture": "#0"},
				"up": {"uv": [0, 0, 1, 1], "texture": "#0"},
				"down": {"uv": [0, 0, 1, 1], "texture": "#0"}
			}
		},
		{
			"from": [13, 6.25, 2.25],
			"to": [13.25, 6.375, 2.75],
			"rotation": {"angle": 0, "axis": "x", "origin": [13.125, 2.875, 2.5]},
			"faces": {
				"east": {"uv": [0, 0, 1, 1], "texture": "#0"},
				"west": {"uv": [0, 0, 1, 1], "texture": "#0"},
				"up": {"uv": [0, 0, 1, 1], "texture": "#0"},
				"down": {"uv": [0, 0, 1, 1], "texture": "#0"}
			}
		},
		{
			"from": [13, 3.25, 2.25],
			"to": [13.25, 3.375, 2.75],
			"rotation": {"angle": 0, "axis": "x", "origin": [13.125, -0.125, 2.5]},
			"faces": {
				"east": {"uv": [0, 0, 1, 1], "texture": "#0"},
				"south": {"uv": [0, 0, 1, 1], "texture": "#0"},
				"west": {"uv": [0, 0, 1, 1], "texture": "#0"},
				"up": {"uv": [0, 0, 1, 1], "texture": "#0"},
				"down": {"uv": [0, 0, 1, 1], "texture": "#0"}
			}
		},
		{
			"from": [12.75, 12.125, 2.375],
			"to": [12.875, 13.125, 2.625],
			"rotation": {"angle": 0, "axis": "x", "origin": [13.125, 8.875, 2.5]},
			"faces": {
				"north": {"uv": [0, 0, 1, 1], "texture": "#0"},
				"east": {"uv": [0, 0, 1, 1], "texture": "#0"},
				"south": {"uv": [0, 0, 1, 1], "texture": "#0"},
				"west": {"uv": [0, 0, 1, 1], "texture": "#0"},
				"down": {"uv": [0, 0, 1, 1], "texture": "#0"}
			}
		},
		{
			"from": [14.5, -4, 5],
			"to": [15.5, 16, 6],
			"rotation": {"angle": 0, "axis": "y", "origin": [7, 4, 13.5]},
			"faces": {
				"north": {"uv": [7, 0, 5, 16], "texture": "#0"},
				"east": {"uv": [14, 0, 12, 16], "texture": "#0"},
				"south": {"uv": [4, 0, 2, 16], "texture": "#0"},
				"west": {"uv": [14, 0, 12, 16], "texture": "#0"}
			}
		},
		{
			"from": [12.22283, 19.59776, 6.25],
			"to": [12.22783, 22.84776, 8.75],
			"rotation": {"angle": -22.5, "axis": "z", "origin": [13, 21, 7.5]},
			"faces": {
				"north": {"uv": [13.25, 1.875, 13.938, 2.625], "texture": "#5"},
				"east": {"uv": [16, 16, 0, 0], "rotation": 180, "texture": "#5"},
				"south": {"uv": [13.25, 1.875, 13.938, 2.625], "texture": "#5"},
				"west": {"uv": [16, 16, 0, 0], "rotation": 180, "texture": "#5"},
				"up": {"uv": [13.25, 1.875, 13.938, 2.625], "rotation": 90, "texture": "#5"},
				"down": {"uv": [13.25, 1.875, 13.938, 2.625], "rotation": 270, "texture": "#5"}
			}
		},
		{
			"from": [11.07478, 13.25, -0.6194],
			"to": [11.07978, 15.75, 2.6306],
			"rotation": {"angle": -22.5, "axis": "y", "origin": [13, 16.5, 4]},
			"faces": {
				"north": {"uv": [13.25, 1.875, 13.938, 2.625], "rotation": 270, "texture": "#5"},
				"east": {"uv": [16, 16, 0, 0], "rotation": 270, "texture": "#5"},
				"south": {"uv": [13.25, 1.875, 13.938, 2.625], "rotation": 270, "texture": "#5"},
				"west": {"uv": [16, 16, 0, 0], "rotation": 90, "texture": "#5"},
				"up": {"uv": [13.25, 1.875, 13.938, 2.625], "texture": "#5"},
				"down": {"uv": [13.25, 1.875, 13.938, 2.625], "rotation": 180, "texture": "#5"}
			}
		},
		{
			"from": [11.75, 19.59776, 8.27217],
			"to": [14.25, 22.84776, 8.27717],
			"rotation": {"angle": -22.5, "axis": "x", "origin": [13, 21, 7.5]},
			"faces": {
				"north": {"uv": [0, 0, 16, 16], "texture": "#5"},
				"east": {"uv": [13.938, 2.625, 13.25, 1.875], "rotation": 180, "texture": "#5"},
				"south": {"uv": [0, 0, 16, 16], "texture": "#5"},
				"west": {"uv": [13.938, 2.625, 13.25, 1.875], "rotation": 180, "texture": "#5"},
				"up": {"uv": [13.938, 2.625, 13.25, 1.875], "rotation": 180, "texture": "#5"},
				"down": {"uv": [13.938, 2.625, 13.25, 1.875], "rotation": 180, "texture": "#5"}
			}
		},
		{
			"from": [11.75, 16.57246, -1.38477],
			"to": [14.25, 16.57746, 1.86523],
			"rotation": {"angle": -22.5, "axis": "x", "origin": [13, 16.5, 4]},
			"faces": {
				"north": {"uv": [13.938, 2.625, 13.25, 1.875], "texture": "#5"},
				"east": {"uv": [13.938, 2.625, 13.25, 1.875], "rotation": 270, "texture": "#5"},
				"south": {"uv": [13.938, 2.625, 13.25, 1.875], "rotation": 180, "texture": "#5"},
				"west": {"uv": [13.938, 2.625, 13.25, 1.875], "rotation": 90, "texture": "#5"},
				"up": {"uv": [0, 0, 16, 16], "texture": "#5"},
				"down": {"uv": [0, 0, 16, 16], "rotation": 180, "texture": "#5"}
			}
		},
		{
			"from": [11.75, 19.59776, 6.72283],
			"to": [14.25, 22.84776, 6.72783],
			"rotation": {"angle": 22.5, "axis": "x", "origin": [13, 21, 7.5]},
			"faces": {
				"north": {"uv": [16, 0, 0, 16], "texture": "#5"},
				"east": {"uv": [13.25, 2.625, 13.938, 1.875], "rotation": 180, "texture": "#5"},
				"south": {"uv": [16, 0, 0, 16], "texture": "#5"},
				"west": {"uv": [13.25, 2.625, 13.938, 1.875], "rotation": 180, "texture": "#5"},
				"up": {"uv": [13.938, 1.875, 13.25, 2.625], "rotation": 180, "texture": "#5"},
				"down": {"uv": [13.938, 1.875, 13.25, 2.625], "rotation": 180, "texture": "#5"}
			}
		},
		{
			"from": [11.75, 12.72702, 0.14597],
			"to": [14.25, 12.73202, 3.39597],
			"rotation": {"angle": 22.5, "axis": "x", "origin": [13, 16.5, 4]},
			"faces": {
				"north": {"uv": [13.938, 1.875, 13.25, 2.625], "texture": "#5"},
				"east": {"uv": [13.25, 2.625, 13.938, 1.875], "rotation": 270, "texture": "#5"},
				"south": {"uv": [13.938, 1.875, 13.25, 2.625], "rotation": 180, "texture": "#5"},
				"west": {"uv": [13.25, 2.625, 13.938, 1.875], "rotation": 90, "texture": "#5"},
				"up": {"uv": [16, 0, 0, 16], "texture": "#5"},
				"down": {"uv": [16, 0, 0, 16], "rotation": 180, "texture": "#5"}
			}
		},
		{
			"from": [13.77216, 19.59776, 6.25],
			"to": [13.77716, 22.84776, 8.75],
			"rotation": {"angle": 22.5, "axis": "z", "origin": [13, 21, 7.5]},
			"faces": {
				"north": {"uv": [13.938, 1.875, 13.25, 2.625], "texture": "#5"},
				"east": {"uv": [0, 16, 16, 0], "rotation": 180, "texture": "#5"},
				"south": {"uv": [13.938, 1.875, 13.25, 2.625], "texture": "#5"},
				"west": {"uv": [0, 16, 16, 0], "rotation": 180, "texture": "#5"},
				"up": {"uv": [13.25, 2.625, 13.938, 1.875], "rotation": 90, "texture": "#5"},
				"down": {"uv": [13.25, 2.625, 13.938, 1.875], "rotation": 270, "texture": "#5"}
			}
		},
		{
			"from": [14.92021, 13.25, -0.6194],
			"to": [14.92521, 15.75, 2.6306],
			"rotation": {"angle": 22.5, "axis": "y", "origin": [13, 16.5, 4]},
			"faces": {
				"north": {"uv": [13.25, 2.625, 13.938, 1.875], "rotation": 270, "texture": "#5"},
				"east": {"uv": [0, 16, 16, 0], "rotation": 270, "texture": "#5"},
				"south": {"uv": [13.25, 2.625, 13.938, 1.875], "rotation": 270, "texture": "#5"},
				"west": {"uv": [0, 16, 16, 0], "rotation": 90, "texture": "#5"},
				"up": {"uv": [13.938, 1.875, 13.25, 2.625], "texture": "#5"},
				"down": {"uv": [13.938, 1.875, 13.25, 2.625], "rotation": 180, "texture": "#5"}
			}
		},
		{
			"from": [14.5, -4, 9],
			"to": [15.5, 16, 10],
			"rotation": {"angle": 0, "axis": "y", "origin": [7, 4, 17.5]},
			"faces": {
				"north": {"uv": [7, 0, 5, 16], "texture": "#0"},
				"east": {"uv": [14, 0, 12, 16], "texture": "#0"},
				"south": {"uv": [4, 0, 2, 16], "texture": "#0"},
				"west": {"uv": [14, 0, 12, 16], "texture": "#0"}
			}
		},
		{
			"from": [11.5, -4, 6],
			"to": [14.5, 16, 9],
			"rotation": {"angle": 0, "axis": "y", "origin": [5.5, 4, 14.5]},
			"faces": {
				"north": {"uv": [11, 0, 7, 16], "texture": "#6"},
				"east": {"uv": [14, 0, 10, 16], "texture": "#6"},
				"south": {"uv": [6, 0, 2, 16], "texture": "#6"},
				"west": {"uv": [14, 0, 10, 16], "texture": "#6"},
				"down": {"uv": [13, 8, 9, 12], "texture": "#6"}
			}
		},
		{
			"from": [10.5, 16, 5],
			"to": [15.5, 18, 10],
			"rotation": {"angle": 0, "axis": "y", "origin": [24, 12, 14]},
			"faces": {
				"north": {"uv": [0, 8, 16, 16], "texture": "#2"},
				"east": {"uv": [0, 8, 16, 16], "texture": "#2"},
				"south": {"uv": [0, 8, 16, 16], "texture": "#2"},
				"west": {"uv": [0, 8, 16, 16], "texture": "#2"},
				"up": {"uv": [0, 0, 16, 16], "rotation": 180, "texture": "#3"}
			}
		},
		{
			"from": [11, 18, 5.5],
			"to": [15, 19, 9.5],
			"rotation": {"angle": 0, "axis": "y", "origin": [5.5, 7, 14.5]},
			"faces": {
				"north": {"uv": [15, 8, 8, 10], "texture": "#6"},
				"east": {"uv": [11, 8, 4, 10], "texture": "#6"},
				"south": {"uv": [11, 8, 4, 10], "texture": "#6"},
				"west": {"uv": [15, 1, 8, 3], "texture": "#6"},
				"up": {"uv": [10, 2, 6, 6], "texture": "#6"}
			}
		},
		{
			"from": [11, 12.5, 3],
			"to": [15, 16.5, 4],
			"rotation": {"angle": 0, "axis": "y", "origin": [13, 16.5, 4]},
			"faces": {
				"north": {"uv": [10, 2, 6, 6], "rotation": 180, "texture": "#6"},
				"east": {"uv": [11, 8, 4, 10], "rotation": 90, "texture": "#6"},
				"west": {"uv": [15, 1, 8, 3], "rotation": 270, "texture": "#6"},
				"up": {"uv": [11, 8, 4, 10], "texture": "#6"},
				"down": {"uv": [15, 8, 8, 10], "rotation": 180, "texture": "#6"}
			}
		},
		{
			"from": [11.5, 19, 6],
			"to": [14.5, 20, 9],
			"rotation": {"angle": 0, "axis": "y", "origin": [5.5, 8, 14.5]},
			"faces": {
				"north": {"uv": [7, 6, 2, 8], "texture": "#6"},
				"east": {"uv": [11, 10, 6, 12], "texture": "#6"},
				"south": {"uv": [12, 5, 7, 7], "texture": "#6"},
				"west": {"uv": [7, 12, 2, 14], "texture": "#6"},
				"up": {"uv": [13, 4, 10, 7], "texture": "#6"}
			}
		},
		{
			"from": [11.5, 13, 2],
			"to": [14.5, 16, 3],
			"rotation": {"angle": 0, "axis": "y", "origin": [13, 16.5, 4]},
			"faces": {
				"north": {"uv": [13, 4, 10, 7], "rotation": 180, "texture": "#6"},
				"east": {"uv": [11, 10, 6, 12], "rotation": 90, "texture": "#6"},
				"west": {"uv": [7, 12, 2, 14], "rotation": 270, "texture": "#6"},
				"up": {"uv": [12, 5, 7, 7], "texture": "#6"},
				"down": {"uv": [7, 6, 2, 8], "rotation": 180, "texture": "#6"}
			}
		},
		{
			"from": [11.5, 1, 4.5],
			"to": [14.5, 4, 8.5],
			"rotation": {"angle": 45, "axis": "x", "origin": [13, 4, 3]},
			"faces": {
				"north": {"uv": [12, 8, 7, 13], "texture": "#6"},
				"east": {"uv": [14, 10, 8, 15], "texture": "#6"},
				"west": {"uv": [9, 5, 3, 10], "texture": "#6"},
				"up": {"uv": [12, 2, 6, 7], "texture": "#6"},
				"down": {"uv": [13, 9, 7, 14], "texture": "#6"}
			}
		},
		{
			"from": [12, 1.5, 0.75],
			"to": [14, 3.5, 3],
			"rotation": {"angle": -22.5, "axis": "x", "origin": [13, 5, 3]},
			"faces": {
				"north": {"uv": [8, 4, 4, 9], "rotation": 90, "texture": "#6"},
				"east": {"uv": [11, 1, 7, 6], "rotation": 90, "texture": "#6"},
				"south": {"uv": [7, 1, 3, 6], "rotation": 90, "texture": "#6"},
				"west": {"uv": [7, 1, 3, 6], "rotation": 90, "texture": "#6"},
				"up": {"uv": [13, 7, 9, 12], "rotation": 90, "texture": "#6"}
			}
		},
		{
			"from": [10.5, -4, 4],
			"to": [15.5, 1, 6],
			"rotation": {"angle": 0, "axis": "x", "origin": [13.125, 1, 8.5]},
			"faces": {
				"north": {"uv": [0, 0, 16, 16], "texture": "#3"},
				"east": {"uv": [0, 8, 16, 16], "rotation": 90, "texture": "#2"},
				"west": {"uv": [0, 8, 16, 16], "rotation": 270, "texture": "#2"},
				"up": {"uv": [0, 8, 16, 16], "texture": "#2"},
				"down": {"uv": [0, 8, 16, 16], "rotation": 180, "texture": "#2"}
			}
		},
		{
			"from": [10.5, -4, 9],
			"to": [15.5, 1, 11],
			"rotation": {"angle": 0, "axis": "x", "origin": [13.125, 1, 6.5]},
			"faces": {
				"east": {"uv": [0, 8, 16, 16], "rotation": 90, "texture": "#2"},
				"south": {"uv": [0, 0, 16, 16], "rotation": 180, "texture": "#3"},
				"west": {"uv": [0, 8, 16, 16], "rotation": 270, "texture": "#2"},
				"up": {"uv": [0, 8, 16, 16], "texture": "#2"},
				"down": {"uv": [0, 8, 16, 16], "rotation": 180, "texture": "#2"}
			}
		},
		{
			"from": [9.5, -4, 5],
			"to": [11.5, 1, 10],
			"rotation": {"angle": 0, "axis": "x", "origin": [14, 1, 7.625]},
			"faces": {
				"north": {"uv": [0, 8, 16, 16], "rotation": 270, "texture": "#2"},
				"south": {"uv": [0, 8, 16, 16], "rotation": 90, "texture": "#2"},
				"west": {"uv": [0, 0, 16, 16], "rotation": 180, "texture": "#3"},
				"up": {"uv": [0, 8, 16, 16], "rotation": 90, "texture": "#2"},
				"down": {"uv": [0, 8, 16, 16], "rotation": 90, "texture": "#2"}
			}
		},
		{
			"from": [14.5, -4, 5],
			"to": [16.5, 1, 10],
			"rotation": {"angle": 0, "axis": "x", "origin": [12, 1, 7.625]},
			"faces": {
				"north": {"uv": [0, 8, 16, 16], "rotation": 270, "texture": "#2"},
				"east": {"uv": [0, 0, 16, 16], "texture": "#3"},
				"south": {"uv": [0, 8, 16, 16], "rotation": 90, "texture": "#2"},
				"up": {"uv": [0, 8, 16, 16], "rotation": 90, "texture": "#2"},
				"down": {"uv": [0, 8, 16, 16], "rotation": 90, "texture": "#2"}
			}
		},
		{
			"from": [10.5, 12, 9],
			"to": [15.5, 17, 11],
			"rotation": {"angle": 0, "axis": "x", "origin": [13.125, 17, 6.5]},
			"faces": {
				"east": {"uv": [0, 8, 16, 16], "rotation": 90, "texture": "#2"},
				"south": {"uv": [0, 0, 16, 16], "rotation": 180, "texture": "#3"},
				"west": {"uv": [0, 8, 16, 16], "rotation": 270, "texture": "#2"},
				"up": {"uv": [0, 8, 16, 16], "texture": "#2"},
				"down": {"uv": [0, 8, 16, 16], "rotation": 180, "texture": "#2"}
			}
		},
		{
			"from": [10.5, 12, 4],
			"to": [15.5, 17, 6],
			"rotation": {"angle": 0, "axis": "x", "origin": [13.125, 17, 8.5]},
			"faces": {
				"north": {"uv": [0, 0, 16, 16], "texture": "#3"},
				"east": {"uv": [0, 8, 16, 16], "rotation": 90, "texture": "#2"},
				"west": {"uv": [0, 8, 16, 16], "rotation": 270, "texture": "#2"},
				"up": {"uv": [0, 8, 16, 16], "texture": "#2"},
				"down": {"uv": [0, 8, 16, 16], "rotation": 180, "texture": "#2"}
			}
		},
		{
			"from": [14.5, 12, 5],
			"to": [16.5, 17, 10],
			"rotation": {"angle": 0, "axis": "x", "origin": [12, 17, 7.625]},
			"faces": {
				"north": {"uv": [0, 8, 16, 16], "rotation": 270, "texture": "#2"},
				"east": {"uv": [0, 0, 16, 16], "texture": "#3"},
				"south": {"uv": [0, 8, 16, 16], "rotation": 90, "texture": "#2"},
				"up": {"uv": [0, 8, 16, 16], "rotation": 90, "texture": "#2"},
				"down": {"uv": [0, 8, 16, 16], "rotation": 90, "texture": "#2"}
			}
		},
		{
			"from": [9.5, 12, 5],
			"to": [11.5, 17, 10],
			"rotation": {"angle": 0, "axis": "x", "origin": [14, 17, 7.625]},
			"faces": {
				"north": {"uv": [0, 8, 16, 16], "rotation": 270, "texture": "#2"},
				"south": {"uv": [0, 8, 16, 16], "rotation": 90, "texture": "#2"},
				"west": {"uv": [0, 0, 16, 16], "rotation": 180, "texture": "#3"},
				"up": {"uv": [0, 8, 16, 16], "rotation": 90, "texture": "#2"},
				"down": {"uv": [0, 8, 16, 16], "rotation": 90, "texture": "#2"}
			}
		},
		{
			"from": [10.5, -4, 5],
			"to": [11.5, 16, 6],
			"rotation": {"angle": 0, "axis": "y", "origin": [3, 4, 13.5]},
			"faces": {
				"north": {"uv": [10, 0, 8, 16], "texture": "#0"},
				"east": {"uv": [15, 0, 13, 16], "texture": "#0"},
				"south": {"uv": [8, 0, 6, 16], "texture": "#0"},
				"west": {"uv": [7, 0, 5, 16], "texture": "#0"}
			}
		},
		{
			"from": [10.5, -4, 9],
			"to": [11.5, 16, 10],
			"rotation": {"angle": 0, "axis": "y", "origin": [3, 4, 17.5]},
			"faces": {
				"north": {"uv": [10, 0, 8, 16], "texture": "#0"},
				"east": {"uv": [15, 0, 13, 16], "texture": "#0"},
				"south": {"uv": [8, 0, 6, 16], "texture": "#0"},
				"west": {"uv": [7, 0, 5, 16], "texture": "#0"}
			}
		}
	],
	"display": {
		"head": {
			"translation": [0.12, -13.25, 6.5],
			"scale": [2.5, 2.5, 2.5]
		}
	},
	"groups": [0, 1, 2, 3,
		{
			"name": "pillar_1",
			"origin": [3.5, 4, 17.5],
			"children": [
				{
					"name": "chain",
					"origin": [13.625, 8.875, 2.5],
					"children": [4, 5, 6, 7, 8, 9, 10, 11, 12, 13, 14, 15, 16, 17, 18, 19, 20, 21, 22, 23, 24, 25, 26, 27, 28, 29, 30, 31, 32, 33, 34, 35, 36, 37, 38, 39, 40, 41, 42, 43, 44, 45, 46, 47, 48, 49, 50, 51, 52, 53, 54, 55, 56]
				}, 57, 58, 59, 60, 61, 62, 63, 64, 65, 66, 67, 68, 69, 70, 71, 72, 73, 74, 75, 76, 77, 78, 79, 80, 81, 82, 83, 84]
		}
	]
}