{
	"credit": "Made by MadstonMagic, using Cubik Pro & Blockbench",
	"textures": {
		"0": "block/emerald_block",
		"2": "block/stone_bricks",
		"5": "custom/emerald_spike",
		"6": "block/anvil",
		"7": "block/chiseled_stone_bricks",
		"8": "custom/iron_spike",
		"particle": "block/emerald_block"
	},
	"elements": [
		{
			"from": [13.45746, 2.75, 1.80448],
			"to": [13.46246, 5.25, 5.05448],
			"rotation": {"angle": -22.5, "axis": "y", "origin": [15, 5.5, 5.5]},
			"faces": {
				"north": {"uv": [13.25, 1.875, 13.938, 2.625], "rotation": 270, "texture": "#5"},
				"east": {"uv": [16, 16, 0, 0], "rotation": 270, "texture": "#5"},
				"south": {"uv": [13.25, 1.875, 13.938, 2.625], "rotation": 270, "texture": "#5"},
				"west": {"uv": [16, 16, 0, 0], "rotation": 90, "texture": "#5"},
				"up": {"uv": [13.25, 1.875, 13.938, 2.625], "texture": "#5"},
				"down": {"uv": [13.25, 1.875, 13.938, 2.625], "rotation": 180, "texture": "#5"}
			}
		},
		{
			"from": [13.45746, 14.75, 1.80448],
			"to": [13.46246, 17.25, 5.05448],
			"rotation": {"angle": -22.5, "axis": "y", "origin": [15, 17.5, 5.5]},
			"faces": {
				"north": {"uv": [13.25, 1.875, 13.938, 2.625], "rotation": 270, "texture": "#5"},
				"east": {"uv": [16, 16, 0, 0], "rotation": 270, "texture": "#5"},
				"south": {"uv": [13.25, 1.875, 13.938, 2.625], "rotation": 270, "texture": "#5"},
				"west": {"uv": [16, 16, 0, 0], "rotation": 90, "texture": "#5"},
				"up": {"uv": [13.25, 1.875, 13.938, 2.625], "texture": "#5"},
				"down": {"uv": [13.25, 1.875, 13.938, 2.625], "rotation": 180, "texture": "#5"}
			}
		},
		{
			"from": [17.85832, 27.32091, 6.25],
			"to": [17.86332, 30.57091, 8.75],
			"rotation": {"angle": -22.5, "axis": "z", "origin": [15, 37.5, 6]},
			"faces": {
				"north": {"uv": [13.25, 1.875, 13.938, 2.625], "texture": "#5"},
				"east": {"uv": [16, 16, 0, 0], "rotation": 180, "texture": "#5"},
				"south": {"uv": [13.25, 1.875, 13.938, 2.625], "texture": "#5"},
				"west": {"uv": [16, 16, 0, 0], "rotation": 180, "texture": "#5"},
				"up": {"uv": [13.25, 1.875, 13.938, 2.625], "rotation": 90, "texture": "#5"},
				"down": {"uv": [13.25, 1.875, 13.938, 2.625], "rotation": 270, "texture": "#5"}
			}
		},
		{
			"from": [3.85832, 27.32091, 6.25],
			"to": [3.86332, 30.57091, 8.75],
			"rotation": {"angle": -22.5, "axis": "z", "origin": [1, 37.5, 6]},
			"faces": {
				"north": {"uv": [13.25, 1.875, 13.938, 2.625], "texture": "#5"},
				"east": {"uv": [16, 16, 0, 0], "rotation": 180, "texture": "#5"},
				"south": {"uv": [13.25, 1.875, 13.938, 2.625], "texture": "#5"},
				"west": {"uv": [16, 16, 0, 0], "rotation": 180, "texture": "#5"},
				"up": {"uv": [13.25, 1.875, 13.938, 2.625], "rotation": 90, "texture": "#5"},
				"down": {"uv": [13.25, 1.875, 13.938, 2.625], "rotation": 270, "texture": "#5"}
			}
		},
		{
			"from": [13.75, 5.65172, 1.23046],
			"to": [16.25, 5.65672, 4.48046],
			"rotation": {"angle": -22.5, "axis": "x", "origin": [15, 5.5, 5.5]},
			"faces": {
				"north": {"uv": [13.938, 2.625, 13.25, 1.875], "texture": "#5"},
				"east": {"uv": [13.938, 2.625, 13.25, 1.875], "rotation": 270, "texture": "#5"},
				"south": {"uv": [13.938, 2.625, 13.25, 1.875], "rotation": 180, "texture": "#5"},
				"west": {"uv": [13.938, 2.625, 13.25, 1.875], "rotation": 90, "texture": "#5"},
				"up": {"uv": [0, 0, 16, 16], "texture": "#5"},
				"down": {"uv": [0, 0, 16, 16], "rotation": 180, "texture": "#5"}
			}
		},
		{
			"from": [13.75, 17.65172, 1.23046],
			"to": [16.25, 17.65672, 4.48046],
			"rotation": {"angle": -22.5, "axis": "x", "origin": [15, 17.5, 5.5]},
			"faces": {
				"north": {"uv": [13.938, 2.625, 13.25, 1.875], "texture": "#5"},
				"east": {"uv": [13.938, 2.625, 13.25, 1.875], "rotation": 270, "texture": "#5"},
				"south": {"uv": [13.938, 2.625, 13.25, 1.875], "rotation": 180, "texture": "#5"},
				"west": {"uv": [13.938, 2.625, 13.25, 1.875], "rotation": 90, "texture": "#5"},
				"up": {"uv": [0, 0, 16, 16], "texture": "#5"},
				"down": {"uv": [0, 0, 16, 16], "rotation": 180, "texture": "#5"}
			}
		},
		{
			"from": [13.75, 26.74688, 4.5225],
			"to": [16.25, 29.99688, 4.5275],
			"rotation": {"angle": -22.5, "axis": "x", "origin": [15, 37.5, 6]},
			"faces": {
				"north": {"uv": [0, 0, 16, 16], "texture": "#5"},
				"east": {"uv": [13.938, 2.625, 13.25, 1.875], "rotation": 180, "texture": "#5"},
				"south": {"uv": [0, 0, 16, 16], "texture": "#5"},
				"west": {"uv": [13.938, 2.625, 13.25, 1.875], "rotation": 180, "texture": "#5"},
				"up": {"uv": [13.938, 2.625, 13.25, 1.875], "rotation": 180, "texture": "#5"},
				"down": {"uv": [13.938, 2.625, 13.25, 1.875], "rotation": 180, "texture": "#5"}
			}
		},
		{
			"from": [-0.25, 26.74688, 4.5225],
			"to": [2.25, 29.99688, 4.5275],
			"rotation": {"angle": -22.5, "axis": "x", "origin": [1, 37.5, 6]},
			"faces": {
				"north": {"uv": [0, 0, 16, 16], "texture": "#5"},
				"east": {"uv": [13.938, 2.625, 13.25, 1.875], "rotation": 180, "texture": "#5"},
				"south": {"uv": [0, 0, 16, 16], "texture": "#5"},
				"west": {"uv": [13.938, 2.625, 13.25, 1.875], "rotation": 180, "texture": "#5"},
				"up": {"uv": [13.938, 2.625, 13.25, 1.875], "rotation": 180, "texture": "#5"},
				"down": {"uv": [13.938, 2.625, 13.25, 1.875], "rotation": 180, "texture": "#5"}
			}
		},
		{
			"from": [13.75, 2.57164, 2.37851],
			"to": [16.25, 2.57664, 5.62851],
			"rotation": {"angle": 22.5, "axis": "x", "origin": [15, 5.5, 5.5]},
			"faces": {
				"north": {"uv": [13.938, 1.875, 13.25, 2.625], "texture": "#5"},
				"east": {"uv": [13.25, 2.625, 13.938, 1.875], "rotation": 270, "texture": "#5"},
				"south": {"uv": [13.938, 1.875, 13.25, 2.625], "rotation": 180, "texture": "#5"},
				"west": {"uv": [13.25, 2.625, 13.938, 1.875], "rotation": 90, "texture": "#5"},
				"up": {"uv": [16, 0, 0, 16], "texture": "#5"},
				"down": {"uv": [16, 0, 0, 16], "rotation": 180, "texture": "#5"}
			}
		},
		{
			"from": [13.75, 14.57164, 2.37851],
			"to": [16.25, 14.57664, 5.62851],
			"rotation": {"angle": 22.5, "axis": "x", "origin": [15, 17.5, 5.5]},
			"faces": {
				"north": {"uv": [13.938, 1.875, 13.25, 2.625], "texture": "#5"},
				"east": {"uv": [13.25, 2.625, 13.938, 1.875], "rotation": 270, "texture": "#5"},
				"south": {"uv": [13.938, 1.875, 13.25, 2.625], "rotation": 180, "texture": "#5"},
				"west": {"uv": [13.25, 2.625, 13.938, 1.875], "rotation": 90, "texture": "#5"},
				"up": {"uv": [16, 0, 0, 16], "texture": "#5"},
				"down": {"uv": [16, 0, 0, 16], "rotation": 180, "texture": "#5"}
			}
		},
		{
			"from": [13.75, 27.89493, 10.24414],
			"to": [16.25, 31.14493, 10.24914],
			"rotation": {"angle": 22.5, "axis": "x", "origin": [15, 37.5, 6]},
			"faces": {
				"north": {"uv": [16, 0, 0, 16], "texture": "#5"},
				"east": {"uv": [13.25, 2.625, 13.938, 1.875], "rotation": 180, "texture": "#5"},
				"south": {"uv": [16, 0, 0, 16], "texture": "#5"},
				"west": {"uv": [13.25, 2.625, 13.938, 1.875], "rotation": 180, "texture": "#5"},
				"up": {"uv": [13.938, 1.875, 13.25, 2.625], "rotation": 180, "texture": "#5"},
				"down": {"uv": [13.938, 1.875, 13.25, 2.625], "rotation": 180, "texture": "#5"}
			}
		},
		{
			"from": [-0.25, 27.89493, 10.24414],
			"to": [2.25, 31.14493, 10.24914],
			"rotation": {"angle": 22.5, "axis": "x", "origin": [1, 37.5, 6]},
			"faces": {
				"north": {"uv": [16, 0, 0, 16], "texture": "#5"},
				"east": {"uv": [13.25, 2.625, 13.938, 1.875], "rotation": 180, "texture": "#5"},
				"south": {"uv": [16, 0, 0, 16], "texture": "#5"},
				"west": {"uv": [13.25, 2.625, 13.938, 1.875], "rotation": 180, "texture": "#5"},
				"up": {"uv": [13.938, 1.875, 13.25, 2.625], "rotation": 180, "texture": "#5"},
				"down": {"uv": [13.938, 1.875, 13.25, 2.625], "rotation": 180, "texture": "#5"}
			}
		},
		{
			"from": [16.53753, 2.75, 1.80448],
			"to": [16.54253, 5.25, 5.05448],
			"rotation": {"angle": 22.5, "axis": "y", "origin": [15, 5.5, 5.5]},
			"faces": {
				"north": {"uv": [13.25, 2.625, 13.938, 1.875], "rotation": 270, "texture": "#5"},
				"east": {"uv": [0, 16, 16, 0], "rotation": 270, "texture": "#5"},
				"south": {"uv": [13.25, 2.625, 13.938, 1.875], "rotation": 270, "texture": "#5"},
				"west": {"uv": [0, 16, 16, 0], "rotation": 90, "texture": "#5"},
				"up": {"uv": [13.938, 1.875, 13.25, 2.625], "texture": "#5"},
				"down": {"uv": [13.938, 1.875, 13.25, 2.625], "rotation": 180, "texture": "#5"}
			}
		},
		{
			"from": [16.53753, 14.75, 1.80448],
			"to": [16.54253, 17.25, 5.05448],
			"rotation": {"angle": 22.5, "axis": "y", "origin": [15, 17.5, 5.5]},
			"faces": {
				"north": {"uv": [13.25, 2.625, 13.938, 1.875], "rotation": 270, "texture": "#5"},
				"east": {"uv": [0, 16, 16, 0], "rotation": 270, "texture": "#5"},
				"south": {"uv": [13.25, 2.625, 13.938, 1.875], "rotation": 270, "texture": "#5"},
				"west": {"uv": [0, 16, 16, 0], "rotation": 90, "texture": "#5"},
				"up": {"uv": [13.938, 1.875, 13.25, 2.625], "texture": "#5"},
				"down": {"uv": [13.938, 1.875, 13.25, 2.625], "rotation": 180, "texture": "#5"}
			}
		},
		{
			"from": [12.13667, 27.32091, 6.25],
			"to": [12.14167, 30.57091, 8.75],
			"rotation": {"angle": 22.5, "axis": "z", "origin": [15, 37.5, 6]},
			"faces": {
				"north": {"uv": [13.938, 1.875, 13.25, 2.625], "texture": "#5"},
				"east": {"uv": [0, 16, 16, 0], "rotation": 180, "texture": "#5"},
				"south": {"uv": [13.938, 1.875, 13.25, 2.625], "texture": "#5"},
				"west": {"uv": [0, 16, 16, 0], "rotation": 180, "texture": "#5"},
				"up": {"uv": [13.25, 2.625, 13.938, 1.875], "rotation": 90, "texture": "#5"},
				"down": {"uv": [13.25, 2.625, 13.938, 1.875], "rotation": 270, "texture": "#5"}
			}
		},
		{
			"from": [-1.86333, 27.32091, 6.25],
			"to": [-1.85833, 30.57091, 8.75],
			"rotation": {"angle": 22.5, "axis": "z", "origin": [1, 37.5, 6]},
			"faces": {
				"north": {"uv": [13.938, 1.875, 13.25, 2.625], "texture": "#5"},
				"east": {"uv": [0, 16, 16, 0], "rotation": 180, "texture": "#5"},
				"south": {"uv": [13.938, 1.875, 13.25, 2.625], "texture": "#5"},
				"west": {"uv": [0, 16, 16, 0], "rotation": 180, "texture": "#5"},
				"up": {"uv": [13.25, 2.625, 13.938, 1.875], "rotation": 90, "texture": "#5"},
				"down": {"uv": [13.25, 2.625, 13.938, 1.875], "rotation": 270, "texture": "#5"}
			}
		},
		{
			"from": [12.5, 0.5, 5],
			"to": [17.5, 1.5, 10],
			"rotation": {"angle": 0, "axis": "y", "origin": [7.5, -10.5, 14]},
			"faces": {
				"north": {"uv": [15, 9, 6, 11], "texture": "#6"},
				"east": {"uv": [11, 6, 2, 8], "texture": "#6"},
				"south": {"uv": [14, 4, 5, 6], "texture": "#6"},
				"west": {"uv": [14, 10, 5, 12], "texture": "#6"},
				"up": {"uv": [13, 5, 7, 11], "texture": "#6"}
			}
		},
		{
			"from": [12.5, 18.5, 5],
			"to": [17.5, 19.5, 10],
			"rotation": {"angle": 0, "axis": "y", "origin": [7.5, 7.5, 14]},
			"faces": {
				"north": {"uv": [15, 9, 6, 11], "texture": "#6"},
				"east": {"uv": [11, 6, 2, 8], "texture": "#6"},
				"south": {"uv": [14, 4, 5, 6], "texture": "#6"},
				"west": {"uv": [14, 10, 5, 12], "texture": "#6"},
				"down": {"uv": [9, 9, 3, 15], "texture": "#6"}
			}
		},
		{
			"from": [13.5, 21.5, 6],
			"to": [16.5, 27, 9],
			"rotation": {"angle": 0, "axis": "y", "origin": [7.5, 10.5, 14]},
			"faces": {
				"north": {"uv": [12, 6, 7, 14], "texture": "#6"},
				"east": {"uv": [9, 4, 4, 12], "texture": "#6"},
				"south": {"uv": [16, 1, 11, 9], "texture": "#6"},
				"west": {"uv": [7, 1, 2, 9], "texture": "#6"},
				"up": {"uv": [12, 6, 7, 11], "texture": "#6"}
			}
		},
		{
			"from": [-0.5, 21.5, 6],
			"to": [2.5, 27, 9],
			"rotation": {"angle": 0, "axis": "y", "origin": [-6.5, 10.5, 14]},
			"faces": {
				"north": {"uv": [8, 2, 3, 10], "texture": "#6"},
				"east": {"uv": [15, 1, 10, 9], "texture": "#6"},
				"south": {"uv": [11, 6, 6, 14], "texture": "#6"},
				"west": {"uv": [13, 6, 8, 14], "texture": "#6"},
				"up": {"uv": [12, 6, 7, 11], "texture": "#6"}
			}
		},
		{
			"from": [12.5, 20.5, 5],
			"to": [17.5, 21.5, 10],
			"rotation": {"angle": 0, "axis": "y", "origin": [7.5, 9.5, 14]},
			"faces": {
				"north": {"uv": [2, 12, 14, 14], "texture": "#0"},
				"east": {"uv": [2, 12, 14, 14], "texture": "#0"},
				"south": {"uv": [2, 12, 14, 14], "texture": "#0"},
				"west": {"uv": [2, 12, 14, 14], "texture": "#0"},
				"up": {"uv": [2, 2, 14, 14], "texture": "#0"}
			}
		},
		{
			"from": [2.5, 25, 7],
			"to": [13.5, 26, 8],
			"rotation": {"angle": 0, "axis": "y", "origin": [7.5, 14, 14]},
			"faces": {
				"north": {"uv": [0, 4, 16, 6], "texture": "#0"},
				"south": {"uv": [0, 4, 16, 6], "texture": "#0"},
				"up": {"uv": [0, 7, 16, 9], "texture": "#0"},
				"down": {"uv": [0, 6, 16, 8], "texture": "#0"}
			}
		},
		{
			"from": [2.5, 22.5, 7],
			"to": [13.5, 23.5, 8],
			"rotation": {"angle": 0, "axis": "y", "origin": [7.5, 11.5, 14]},
			"faces": {
				"north": {"uv": [0, 7, 16, 9], "texture": "#0"},
				"south": {"uv": [0, 7, 16, 9], "texture": "#0"},
				"up": {"uv": [0, 6, 16, 8], "texture": "#0"},
				"down": {"uv": [0, 7, 16, 9], "texture": "#0"}
			}
		},
		{
			"from": [2.5, 20, 7],
			"to": [13.5, 21, 8],
			"rotation": {"angle": 0, "axis": "y", "origin": [7.5, 9, 14]},
			"faces": {
				"north": {"uv": [0, 10, 16, 12], "texture": "#0"},
				"south": {"uv": [0, 10, 16, 12], "texture": "#0"},
				"up": {"uv": [0, 8, 16, 10], "texture": "#0"},
				"down": {"uv": [0, 9, 16, 11], "texture": "#0"}
			}
		},
		{
			"from": [12.5, -0.5, 4.5],
			"to": [17.5, 0.5, 10.5],
			"rotation": {"angle": 0, "axis": "y", "origin": [7.5, -11.5, 14]},
			"faces": {
				"north": {"uv": [11, 7, 2, 9], "texture": "#6"},
				"east": {"uv": [15, 8, 4, 10], "texture": "#6"},
				"south": {"uv": [12, 11, 3, 13], "texture": "#6"},
				"west": {"uv": [14, 4, 3, 6], "texture": "#6"},
				"up": {"uv": [15, 1, 7, 12], "texture": "#6"},
				"down": {"uv": [11, 3, 3, 14], "texture": "#6"}
			}
		},
		{
			"from": [12.5, 19.5, 4.5],
			"to": [17.5, 20.5, 10.5],
			"rotation": {"angle": 0, "axis": "y", "origin": [7.5, 8.5, 14]},
			"faces": {
				"north": {"uv": [11, 7, 2, 9], "texture": "#6"},
				"east": {"uv": [15, 8, 4, 10], "texture": "#6"},
				"south": {"uv": [12, 11, 3, 13], "texture": "#6"},
				"west": {"uv": [14, 4, 3, 6], "texture": "#6"},
				"up": {"uv": [15, 1, 7, 12], "texture": "#6"},
				"down": {"uv": [11, 3, 3, 14], "texture": "#6"}
			}
		},
		{
			"from": [12, -0.5, 5],
			"to": [18, 0.5, 10],
			"rotation": {"angle": 0, "axis": "y", "origin": [15, 0.5, 7.5]},
			"faces": {
				"north": {"uv": [14, 4, 3, 6], "texture": "#6"},
				"east": {"uv": [11, 7, 2, 9], "texture": "#6"},
				"south": {"uv": [15, 8, 4, 10], "texture": "#6"},
				"west": {"uv": [12, 11, 3, 13], "texture": "#6"},
				"up": {"uv": [12, 4, 4, 15], "rotation": 90, "texture": "#6"},
				"down": {"uv": [15, 0, 7, 11], "rotation": 270, "texture": "#6"}
			}
		},
		{
			"from": [12, 19.5, 5],
			"to": [18, 20.5, 10],
			"rotation": {"angle": 0, "axis": "y", "origin": [15, 20.5, 7.5]},
			"faces": {
				"north": {"uv": [14, 4, 3, 6], "texture": "#6"},
				"east": {"uv": [11, 7, 2, 9], "texture": "#6"},
				"south": {"uv": [15, 8, 4, 10], "texture": "#6"},
				"west": {"uv": [12, 11, 3, 13], "texture": "#6"},
				"up": {"uv": [12, 4, 4, 15], "rotation": 90, "texture": "#6"},
				"down": {"uv": [15, 0, 7, 11], "rotation": 270, "texture": "#6"}
			}
		},
		{
			"from": [13, 1.5, 5.5],
			"to": [17, 7.5, 9.5],
			"rotation": {"angle": 0, "axis": "y", "origin": [7.5, 3, 14]},
			"faces": {
				"north": {"uv": [14, 7, 8, 16], "texture": "#2"},
				"east": {"uv": [12, 7, 6, 16], "texture": "#2"},
				"south": {"uv": [7, 7, 1, 16], "texture": "#2"},
				"west": {"uv": [12, 7, 6, 16], "texture": "#2"}
			}
		},
		{
			"from": [13, 12.5, 5.5],
			"to": [17, 18.5, 9.5],
			"rotation": {"angle": 0, "axis": "y", "origin": [7.5, 15, 14]},
			"faces": {
				"north": {"uv": [10, 0, 4, 9], "texture": "#2"},
				"east": {"uv": [6, 0, 0, 9], "texture": "#2"},
				"south": {"uv": [8, 0, 2, 9], "texture": "#2"},
				"west": {"uv": [6, 0, 0, 9], "texture": "#2"}
			}
		},
		{
			"from": [12.5, 7.5, 5],
			"to": [17.5, 12.5, 10],
			"rotation": {"angle": 0, "axis": "y", "origin": [7.5, 9, 14]},
			"faces": {
				"north": {"uv": [0, 0, 16, 16], "texture": "#7"},
				"east": {"uv": [0, 0, 16, 16], "texture": "#7"},
				"south": {"uv": [0, 0, 16, 16], "texture": "#7"},
				"west": {"uv": [0, 0, 16, 16], "texture": "#7"},
				"up": {"uv": [0, 0, 16, 16], "texture": "#7"},
				"down": {"uv": [0, 0, 16, 16], "texture": "#7"}
			}
		},
		{
			"from": [13.5, 8.5, 4.5],
			"to": [16.5, 11.5, 7.5],
			"rotation": {"angle": 0, "axis": "y", "origin": [7.5, 9, 13.5]},
			"faces": {
				"north": {"uv": [3, 3, 13, 13], "texture": "#0"},
				"east": {"uv": [3, 3, 13, 13], "texture": "#0"},
				"west": {"uv": [3, 3, 13, 13], "texture": "#0"},
				"up": {"uv": [3, 3, 13, 13], "texture": "#0"},
				"down": {"uv": [3, 3, 13, 13], "texture": "#0"}
			}
		},
		{
			"from": [13.5, 8.5, 7.5],
			"to": [16.5, 11.5, 10.5],
			"rotation": {"angle": 0, "axis": "y", "origin": [7.5, 9, 16.5]},
			"faces": {
				"east": {"uv": [3, 3, 13, 13], "texture": "#0"},
				"south": {"uv": [0, 0, 16, 16], "texture": "#0"},
				"west": {"uv": [3, 3, 13, 13], "texture": "#0"},
				"up": {"uv": [3, 3, 13, 13], "texture": "#0"},
				"down": {"uv": [3, 3, 13, 13], "texture": "#0"}
			}
		},
		{
			"from": [15, 8.5, 6],
			"to": [18, 11.5, 9],
			"rotation": {"angle": 0, "axis": "y", "origin": [9, 9, 15]},
			"faces": {
				"north": {"uv": [3, 3, 13, 13], "texture": "#0"},
				"east": {"uv": [3, 3, 13, 13], "texture": "#0"},
				"south": {"uv": [0, 0, 16, 16], "texture": "#0"},
				"up": {"uv": [3, 3, 13, 13], "texture": "#0"},
				"down": {"uv": [3, 3, 13, 13], "texture": "#0"}
			}
		},
		{
			"from": [12, 8.5, 6],
			"to": [15, 11.5, 9],
			"rotation": {"angle": 0, "axis": "y", "origin": [6, 9, 15]},
			"faces": {
				"north": {"uv": [3, 3, 13, 13], "texture": "#0"},
				"south": {"uv": [0, 0, 16, 16], "texture": "#0"},
				"west": {"uv": [3, 3, 13, 13], "texture": "#0"},
				"up": {"uv": [3, 3, 13, 13], "texture": "#0"},
				"down": {"uv": [3, 3, 13, 13], "texture": "#0"}
			}
		},
		{
			"from": [13.5, 2.5, 4.5],
			"to": [16.5, 5.5, 5.5],
			"rotation": {"angle": 0, "axis": "y", "origin": [15, 5.5, 5.5]},
			"faces": {
				"north": {"uv": [13, 4, 10, 7], "rotation": 180, "texture": "#6"},
				"east": {"uv": [11, 10, 6, 12], "rotation": 90, "texture": "#6"},
				"west": {"uv": [7, 12, 2, 14], "rotation": 270, "texture": "#6"},
				"up": {"uv": [12, 5, 7, 7], "texture": "#6"},
				"down": {"uv": [7, 6, 2, 8], "rotation": 180, "texture": "#6"}
			}
		},
		{
			"from": [13.5, 14.5, 4.5],
			"to": [16.5, 17.5, 5.5],
			"rotation": {"angle": 0, "axis": "y", "origin": [15, 17.5, 5.5]},
			"faces": {
				"north": {"uv": [13, 4, 10, 7], "rotation": 180, "texture": "#6"},
				"east": {"uv": [11, 10, 6, 12], "rotation": 90, "texture": "#6"},
				"west": {"uv": [7, 12, 2, 14], "rotation": 270, "texture": "#6"},
				"up": {"uv": [12, 5, 7, 7], "texture": "#6"},
				"down": {"uv": [7, 6, 2, 8], "rotation": 180, "texture": "#6"}
			}
		},
		{
			"from": [12, 13.5, 4.5],
			"to": [13, 18.5, 10.5],
			"rotation": {"angle": 0, "axis": "y", "origin": [4, 16, 13.5]},
			"faces": {
				"north": {"uv": [7, 2, 10, 14], "texture": "#0"},
				"east": {"uv": [0, 0, 16, 16], "texture": "#0"},
				"south": {"uv": [5, 2, 8, 14], "texture": "#0"},
				"west": {"uv": [0, 0, 16, 16], "texture": "#0"},
				"up": {"uv": [5, 0, 8, 12], "texture": "#0"},
				"down": {"uv": [8, 4, 11, 16], "texture": "#0"}
			}
		},
		{
			"from": [12, 1.5, 4.5],
			"to": [13, 6.5, 10.5],
			"rotation": {"angle": 0, "axis": "y", "origin": [4, 4, 13.5]},
			"faces": {
				"north": {"uv": [7, 2, 10, 14], "texture": "#0"},
				"east": {"uv": [0, 0, 16, 16], "texture": "#0"},
				"south": {"uv": [5, 2, 8, 14], "texture": "#0"},
				"west": {"uv": [0, 0, 16, 16], "texture": "#0"},
				"up": {"uv": [5, 0, 8, 12], "texture": "#0"},
				"down": {"uv": [8, 4, 11, 16], "texture": "#0"}
			}
		},
		{
			"from": [13.45746, 8.75, 1.80448],
			"to": [13.46246, 11.25, 5.05448],
			"rotation": {"angle": -22.5, "axis": "y", "origin": [15, 11.5, 5.5]},
			"faces": {
				"north": {"uv": [13.25, 1.875, 13.938, 2.625], "rotation": 270, "texture": "#8"},
				"east": {"uv": [16, 16, 0, 0], "rotation": 270, "texture": "#8"},
				"south": {"uv": [13.25, 1.875, 13.938, 2.625], "rotation": 270, "texture": "#8"},
				"west": {"uv": [16, 16, 0, 0], "rotation": 90, "texture": "#8"},
				"up": {"uv": [13.25, 1.875, 13.938, 2.625], "texture": "#8"},
				"down": {"uv": [13.25, 1.875, 13.938, 2.625], "rotation": 180, "texture": "#8"}
			}
		},
		{
			"from": [13.75, 11.65172, 1.23046],
			"to": [16.25, 11.65672, 4.48046],
			"rotation": {"angle": -22.5, "axis": "x", "origin": [15, 11.5, 5.5]},
			"faces": {
				"north": {"uv": [13.938, 2.625, 13.25, 1.875], "texture": "#8"},
				"east": {"uv": [13.938, 2.625, 13.25, 1.875], "rotation": 270, "texture": "#8"},
				"south": {"uv": [13.938, 2.625, 13.25, 1.875], "rotation": 180, "texture": "#8"},
				"west": {"uv": [13.938, 2.625, 13.25, 1.875], "rotation": 90, "texture": "#8"},
				"up": {"uv": [0, 0, 16, 16], "texture": "#8"},
				"down": {"uv": [0, 0, 16, 16], "rotation": 180, "texture": "#8"}
			}
		},
		{
			"from": [16.53753, 8.75, 1.80448],
			"to": [16.54253, 11.25, 5.05448],
			"rotation": {"angle": 22.5, "axis": "y", "origin": [15, 11.5, 5.5]},
			"faces": {
				"north": {"uv": [13.25, 2.625, 13.938, 1.875], "rotation": 270, "texture": "#8"},
				"east": {"uv": [0, 16, 16, 0], "rotation": 270, "texture": "#8"},
				"south": {"uv": [13.25, 2.625, 13.938, 1.875], "rotation": 270, "texture": "#8"},
				"west": {"uv": [0, 16, 16, 0], "rotation": 90, "texture": "#8"},
				"up": {"uv": [13.938, 1.875, 13.25, 2.625], "texture": "#8"},
				"down": {"uv": [13.938, 1.875, 13.25, 2.625], "rotation": 180, "texture": "#8"}
			}
		},
		{
			"from": [13.75, 8.57164, 2.37851],
			"to": [16.25, 8.57664, 5.62851],
			"rotation": {"angle": 22.5, "axis": "x", "origin": [15, 11.5, 5.5]},
			"faces": {
				"north": {"uv": [13.938, 1.875, 13.25, 2.625], "texture": "#8"},
				"east": {"uv": [13.25, 2.625, 13.938, 1.875], "rotation": 270, "texture": "#8"},
				"south": {"uv": [13.938, 1.875, 13.25, 2.625], "rotation": 180, "texture": "#8"},
				"west": {"uv": [13.25, 2.625, 13.938, 1.875], "rotation": 90, "texture": "#8"},
				"up": {"uv": [16, 0, 0, 16], "texture": "#8"},
				"down": {"uv": [16, 0, 0, 16], "rotation": 180, "texture": "#8"}
			}
		},
		{
			"from": [-0.54254, 2.75, 1.80448],
			"to": [-0.53754, 5.25, 5.05448],
			"rotation": {"angle": -22.5, "axis": "y", "origin": [1, 5.5, 5.5]},
			"faces": {
				"north": {"uv": [13.25, 1.875, 13.938, 2.625], "rotation": 270, "texture": "#5"},
				"east": {"uv": [16, 16, 0, 0], "rotation": 270, "texture": "#5"},
				"south": {"uv": [13.25, 1.875, 13.938, 2.625], "rotation": 270, "texture": "#5"},
				"west": {"uv": [16, 16, 0, 0], "rotation": 90, "texture": "#5"},
				"up": {"uv": [13.25, 1.875, 13.938, 2.625], "texture": "#5"},
				"down": {"uv": [13.25, 1.875, 13.938, 2.625], "rotation": 180, "texture": "#5"}
			}
		},
		{
			"from": [-0.54254, 14.75, 1.80448],
			"to": [-0.53754, 17.25, 5.05448],
			"rotation": {"angle": -22.5, "axis": "y", "origin": [1, 17.5, 5.5]},
			"faces": {
				"north": {"uv": [13.25, 1.875, 13.938, 2.625], "rotation": 270, "texture": "#5"},
				"east": {"uv": [16, 16, 0, 0], "rotation": 270, "texture": "#5"},
				"south": {"uv": [13.25, 1.875, 13.938, 2.625], "rotation": 270, "texture": "#5"},
				"west": {"uv": [16, 16, 0, 0], "rotation": 90, "texture": "#5"},
				"up": {"uv": [13.25, 1.875, 13.938, 2.625], "texture": "#5"},
				"down": {"uv": [13.25, 1.875, 13.938, 2.625], "rotation": 180, "texture": "#5"}
			}
		},
		{
			"from": [-0.54254, 8.75, 1.80448],
			"to": [-0.53754, 11.25, 5.05448],
			"rotation": {"angle": -22.5, "axis": "y", "origin": [1, 11.5, 5.5]},
			"faces": {
				"north": {"uv": [13.25, 1.875, 13.938, 2.625], "rotation": 270, "texture": "#8"},
				"east": {"uv": [16, 16, 0, 0], "rotation": 270, "texture": "#8"},
				"south": {"uv": [13.25, 1.875, 13.938, 2.625], "rotation": 270, "texture": "#8"},
				"west": {"uv": [16, 16, 0, 0], "rotation": 90, "texture": "#8"},
				"up": {"uv": [13.25, 1.875, 13.938, 2.625], "texture": "#8"},
				"down": {"uv": [13.25, 1.875, 13.938, 2.625], "rotation": 180, "texture": "#8"}
			}
		},
		{
			"from": [-0.25, 5.65172, 1.23046],
			"to": [2.25, 5.65672, 4.48046],
			"rotation": {"angle": -22.5, "axis": "x", "origin": [1, 5.5, 5.5]},
			"faces": {
				"north": {"uv": [13.938, 2.625, 13.25, 1.875], "texture": "#5"},
				"east": {"uv": [13.938, 2.625, 13.25, 1.875], "rotation": 270, "texture": "#5"},
				"south": {"uv": [13.938, 2.625, 13.25, 1.875], "rotation": 180, "texture": "#5"},
				"west": {"uv": [13.938, 2.625, 13.25, 1.875], "rotation": 90, "texture": "#5"},
				"up": {"uv": [0, 0, 16, 16], "texture": "#5"},
				"down": {"uv": [0, 0, 16, 16], "rotation": 180, "texture": "#5"}
			}
		},
		{
			"from": [-0.25, 17.65172, 1.23046],
			"to": [2.25, 17.65672, 4.48046],
			"rotation": {"angle": -22.5, "axis": "x", "origin": [1, 17.5, 5.5]},
			"faces": {
				"north": {"uv": [13.938, 2.625, 13.25, 1.875], "texture": "#5"},
				"east": {"uv": [13.938, 2.625, 13.25, 1.875], "rotation": 270, "texture": "#5"},
				"south": {"uv": [13.938, 2.625, 13.25, 1.875], "rotation": 180, "texture": "#5"},
				"west": {"uv": [13.938, 2.625, 13.25, 1.875], "rotation": 90, "texture": "#5"},
				"up": {"uv": [0, 0, 16, 16], "texture": "#5"},
				"down": {"uv": [0, 0, 16, 16], "rotation": 180, "texture": "#5"}
			}
		},
		{
			"from": [-0.25, 11.65172, 1.23046],
			"to": [2.25, 11.65672, 4.48046],
			"rotation": {"angle": -22.5, "axis": "x", "origin": [1, 11.5, 5.5]},
			"faces": {
				"north": {"uv": [13.938, 2.625, 13.25, 1.875], "texture": "#8"},
				"east": {"uv": [13.938, 2.625, 13.25, 1.875], "rotation": 270, "texture": "#8"},
				"south": {"uv": [13.938, 2.625, 13.25, 1.875], "rotation": 180, "texture": "#8"},
				"west": {"uv": [13.938, 2.625, 13.25, 1.875], "rotation": 90, "texture": "#8"},
				"up": {"uv": [0, 0, 16, 16], "texture": "#8"},
				"down": {"uv": [0, 0, 16, 16], "rotation": 180, "texture": "#8"}
			}
		},
		{
			"from": [-0.25, 2.57164, 2.37851],
			"to": [2.25, 2.57664, 5.62851],
			"rotation": {"angle": 22.5, "axis": "x", "origin": [1, 5.5, 5.5]},
			"faces": {
				"north": {"uv": [13.938, 1.875, 13.25, 2.625], "texture": "#5"},
				"east": {"uv": [13.25, 2.625, 13.938, 1.875], "rotation": 270, "texture": "#5"},
				"south": {"uv": [13.938, 1.875, 13.25, 2.625], "rotation": 180, "texture": "#5"},
				"west": {"uv": [13.25, 2.625, 13.938, 1.875], "rotation": 90, "texture": "#5"},
				"up": {"uv": [16, 0, 0, 16], "texture": "#5"},
				"down": {"uv": [16, 0, 0, 16], "rotation": 180, "texture": "#5"}
			}
		},
		{
			"from": [-0.25, 14.57164, 2.37851],
			"to": [2.25, 14.57664, 5.62851],
			"rotation": {"angle": 22.5, "axis": "x", "origin": [1, 17.5, 5.5]},
			"faces": {
				"north": {"uv": [13.938, 1.875, 13.25, 2.625], "texture": "#5"},
				"east": {"uv": [13.25, 2.625, 13.938, 1.875], "rotation": 270, "texture": "#5"},
				"south": {"uv": [13.938, 1.875, 13.25, 2.625], "rotation": 180, "texture": "#5"},
				"west": {"uv": [13.25, 2.625, 13.938, 1.875], "rotation": 90, "texture": "#5"},
				"up": {"uv": [16, 0, 0, 16], "texture": "#5"},
				"down": {"uv": [16, 0, 0, 16], "rotation": 180, "texture": "#5"}
			}
		},
		{
			"from": [-0.25, 8.57164, 2.37851],
			"to": [2.25, 8.57664, 5.62851],
			"rotation": {"angle": 22.5, "axis": "x", "origin": [1, 11.5, 5.5]},
			"faces": {
				"north": {"uv": [13.938, 1.875, 13.25, 2.625], "texture": "#8"},
				"east": {"uv": [13.25, 2.625, 13.938, 1.875], "rotation": 270, "texture": "#8"},
				"south": {"uv": [13.938, 1.875, 13.25, 2.625], "rotation": 180, "texture": "#8"},
				"west": {"uv": [13.25, 2.625, 13.938, 1.875], "rotation": 90, "texture": "#8"},
				"up": {"uv": [16, 0, 0, 16], "texture": "#8"},
				"down": {"uv": [16, 0, 0, 16], "rotation": 180, "texture": "#8"}
			}
		},
		{
			"from": [2.53753, 2.75, 1.80448],
			"to": [2.54253, 5.25, 5.05448],
			"rotation": {"angle": 22.5, "axis": "y", "origin": [1, 5.5, 5.5]},
			"faces": {
				"north": {"uv": [13.25, 2.625, 13.938, 1.875], "rotation": 270, "texture": "#5"},
				"east": {"uv": [0, 16, 16, 0], "rotation": 270, "texture": "#5"},
				"south": {"uv": [13.25, 2.625, 13.938, 1.875], "rotation": 270, "texture": "#5"},
				"west": {"uv": [0, 16, 16, 0], "rotation": 90, "texture": "#5"},
				"up": {"uv": [13.938, 1.875, 13.25, 2.625], "texture": "#5"},
				"down": {"uv": [13.938, 1.875, 13.25, 2.625], "rotation": 180, "texture": "#5"}
			}
		},
		{
			"from": [2.53753, 14.75, 1.80448],
			"to": [2.54253, 17.25, 5.05448],
			"rotation": {"angle": 22.5, "axis": "y", "origin": [1, 17.5, 5.5]},
			"faces": {
				"north": {"uv": [13.25, 2.625, 13.938, 1.875], "rotation": 270, "texture": "#5"},
				"east": {"uv": [0, 16, 16, 0], "rotation": 270, "texture": "#5"},
				"south": {"uv": [13.25, 2.625, 13.938, 1.875], "rotation": 270, "texture": "#5"},
				"west": {"uv": [0, 16, 16, 0], "rotation": 90, "texture": "#5"},
				"up": {"uv": [13.938, 1.875, 13.25, 2.625], "texture": "#5"},
				"down": {"uv": [13.938, 1.875, 13.25, 2.625], "rotation": 180, "texture": "#5"}
			}
		},
		{
			"from": [2.53753, 8.75, 1.80448],
			"to": [2.54253, 11.25, 5.05448],
			"rotation": {"angle": 22.5, "axis": "y", "origin": [1, 11.5, 5.5]},
			"faces": {
				"north": {"uv": [13.25, 2.625, 13.938, 1.875], "rotation": 270, "texture": "#8"},
				"east": {"uv": [0, 16, 16, 0], "rotation": 270, "texture": "#8"},
				"south": {"uv": [13.25, 2.625, 13.938, 1.875], "rotation": 270, "texture": "#8"},
				"west": {"uv": [0, 16, 16, 0], "rotation": 90, "texture": "#8"},
				"up": {"uv": [13.938, 1.875, 13.25, 2.625], "texture": "#8"},
				"down": {"uv": [13.938, 1.875, 13.25, 2.625], "rotation": 180, "texture": "#8"}
			}
		},
		{
			"from": [-1.5, 0.5, 5],
			"to": [3.5, 1.5, 10],
			"rotation": {"angle": 0, "axis": "y", "origin": [-6.5, -10.5, 14]},
			"faces": {
				"north": {"uv": [15, 9, 6, 11], "texture": "#6"},
				"east": {"uv": [11, 6, 2, 8], "texture": "#6"},
				"south": {"uv": [14, 4, 5, 6], "texture": "#6"},
				"west": {"uv": [14, 10, 5, 12], "texture": "#6"},
				"up": {"uv": [13, 5, 7, 11], "texture": "#6"}
			}
		},
		{
			"from": [-1.5, 18.5, 5],
			"to": [3.5, 19.5, 10],
			"rotation": {"angle": 0, "axis": "y", "origin": [-6.5, 7.5, 14]},
			"faces": {
				"north": {"uv": [15, 9, 6, 11], "texture": "#6"},
				"east": {"uv": [11, 6, 2, 8], "texture": "#6"},
				"south": {"uv": [14, 4, 5, 6], "texture": "#6"},
				"west": {"uv": [14, 10, 5, 12], "texture": "#6"},
				"down": {"uv": [9, 9, 3, 15], "texture": "#6"}
			}
		},
		{
			"from": [-1.5, -0.5, 4.5],
			"to": [3.5, 0.5, 10.5],
			"rotation": {"angle": 0, "axis": "y", "origin": [-6.5, -11.5, 14]},
			"faces": {
				"north": {"uv": [11, 7, 2, 9], "texture": "#6"},
				"east": {"uv": [15, 8, 4, 10], "texture": "#6"},
				"south": {"uv": [12, 11, 3, 13], "texture": "#6"},
				"west": {"uv": [14, 4, 3, 6], "texture": "#6"},
				"up": {"uv": [15, 1, 7, 12], "texture": "#6"},
				"down": {"uv": [11, 3, 3, 14], "texture": "#6"}
			}
		},
		{
			"from": [-1.5, 19.5, 4.5],
			"to": [3.5, 20.5, 10.5],
			"rotation": {"angle": 0, "axis": "y", "origin": [-6.5, 8.5, 14]},
			"faces": {
				"north": {"uv": [11, 7, 2, 9], "texture": "#6"},
				"east": {"uv": [15, 8, 4, 10], "texture": "#6"},
				"south": {"uv": [12, 11, 3, 13], "texture": "#6"},
				"west": {"uv": [14, 4, 3, 6], "texture": "#6"},
				"up": {"uv": [15, 1, 7, 12], "texture": "#6"},
				"down": {"uv": [11, 3, 3, 14], "texture": "#6"}
			}
		},
		{
			"from": [-2, -0.5, 5],
			"to": [4, 0.5, 10],
			"rotation": {"angle": 0, "axis": "y", "origin": [1, 0.5, 7.5]},
			"faces": {
				"north": {"uv": [14, 4, 3, 6], "texture": "#6"},
				"east": {"uv": [11, 7, 2, 9], "texture": "#6"},
				"south": {"uv": [15, 8, 4, 10], "texture": "#6"},
				"west": {"uv": [12, 11, 3, 13], "texture": "#6"},
				"up": {"uv": [12, 4, 4, 15], "rotation": 90, "texture": "#6"},
				"down": {"uv": [15, 0, 7, 11], "rotation": 270, "texture": "#6"}
			}
		},
		{
			"from": [-2, 19.5, 5],
			"to": [4, 20.5, 10],
			"rotation": {"angle": 0, "axis": "y", "origin": [1, 20.5, 7.5]},
			"faces": {
				"north": {"uv": [14, 4, 3, 6], "texture": "#6"},
				"east": {"uv": [11, 7, 2, 9], "texture": "#6"},
				"south": {"uv": [15, 8, 4, 10], "texture": "#6"},
				"west": {"uv": [12, 11, 3, 13], "texture": "#6"},
				"up": {"uv": [12, 4, 4, 15], "rotation": 90, "texture": "#6"},
				"down": {"uv": [15, 0, 7, 11], "rotation": 270, "texture": "#6"}
			}
		},
		{
			"from": [-1, 1.5, 5.5],
			"to": [3, 7.5, 9.5],
			"rotation": {"angle": 0, "axis": "y", "origin": [-6.5, 3, 14]},
			"faces": {
				"north": {"uv": [14, 7, 8, 16], "texture": "#2"},
				"east": {"uv": [12, 7, 6, 16], "texture": "#2"},
				"south": {"uv": [7, 7, 1, 16], "texture": "#2"},
				"west": {"uv": [12, 7, 6, 16], "texture": "#2"}
			}
		},
		{
			"from": [-1, 12.5, 5.5],
			"to": [3, 18.5, 9.5],
			"rotation": {"angle": 0, "axis": "y", "origin": [-6.5, 15, 14]},
			"faces": {
				"north": {"uv": [10, 0, 4, 9], "texture": "#2"},
				"east": {"uv": [6, 0, 0, 9], "texture": "#2"},
				"south": {"uv": [8, 0, 2, 9], "texture": "#2"},
				"west": {"uv": [6, 0, 0, 9], "texture": "#2"}
			}
		},
		{
			"from": [-1.5, 7.5, 5],
			"to": [3.5, 12.5, 10],
			"rotation": {"angle": 0, "axis": "y", "origin": [-6.5, 9, 14]},
			"faces": {
				"north": {"uv": [0, 0, 16, 16], "texture": "#7"},
				"east": {"uv": [0, 0, 16, 16], "texture": "#7"},
				"south": {"uv": [0, 0, 16, 16], "texture": "#7"},
				"west": {"uv": [0, 0, 16, 16], "texture": "#7"},
				"up": {"uv": [0, 0, 16, 16], "texture": "#7"},
				"down": {"uv": [0, 0, 16, 16], "texture": "#7"}
			}
		},
		{
			"from": [-0.5, 8.5, 4.5],
			"to": [2.5, 11.5, 7.5],
			"rotation": {"angle": 0, "axis": "y", "origin": [-6.5, 9, 13.5]},
			"faces": {
				"north": {"uv": [3, 3, 13, 13], "texture": "#0"},
				"east": {"uv": [3, 3, 13, 13], "texture": "#0"},
				"west": {"uv": [3, 3, 13, 13], "texture": "#0"},
				"up": {"uv": [3, 3, 13, 13], "texture": "#0"},
				"down": {"uv": [3, 3, 13, 13], "texture": "#0"}
			}
		},
		{
			"from": [3, 13.5, 4.5],
			"to": [4, 18.5, 10.5],
			"rotation": {"angle": 0, "axis": "y", "origin": [-5, 16, 13.5]},
			"faces": {
				"north": {"uv": [7, 2, 10, 14], "texture": "#0"},
				"east": {"uv": [0, 0, 16, 16], "texture": "#0"},
				"south": {"uv": [5, 2, 8, 14], "texture": "#0"},
				"west": {"uv": [0, 0, 16, 16], "texture": "#0"},
				"up": {"uv": [5, 0, 8, 12], "texture": "#0"},
				"down": {"uv": [8, 4, 11, 16], "texture": "#0"}
			}
		},
		{
			"from": [3, 1.5, 4.5],
			"to": [4, 6.5, 10.5],
			"rotation": {"angle": 0, "axis": "y", "origin": [-5, 4, 13.5]},
			"faces": {
				"north": {"uv": [7, 2, 10, 14], "texture": "#0"},
				"east": {"uv": [0, 0, 16, 16], "texture": "#0"},
				"south": {"uv": [5, 2, 8, 14], "texture": "#0"},
				"west": {"uv": [0, 0, 16, 16], "texture": "#0"},
				"up": {"uv": [5, 0, 8, 12], "texture": "#0"},
				"down": {"uv": [8, 4, 11, 16], "texture": "#0"}
			}
		},
		{
			"from": [-0.5, 8.5, 7.5],
			"to": [2.5, 11.5, 10.5],
			"rotation": {"angle": 0, "axis": "y", "origin": [-6.5, 9, 16.5]},
			"faces": {
				"east": {"uv": [3, 3, 13, 13], "texture": "#0"},
				"south": {"uv": [0, 0, 16, 16], "texture": "#0"},
				"west": {"uv": [3, 3, 13, 13], "texture": "#0"},
				"up": {"uv": [3, 3, 13, 13], "texture": "#0"},
				"down": {"uv": [3, 3, 13, 13], "texture": "#0"}
			}
		},
		{
			"from": [1, 8.5, 6],
			"to": [4, 11.5, 9],
			"rotation": {"angle": 0, "axis": "y", "origin": [-5, 9, 15]},
			"faces": {
				"north": {"uv": [3, 3, 13, 13], "texture": "#0"},
				"east": {"uv": [3, 3, 13, 13], "texture": "#0"},
				"south": {"uv": [0, 0, 16, 16], "texture": "#0"},
				"up": {"uv": [3, 3, 13, 13], "texture": "#0"},
				"down": {"uv": [3, 3, 13, 13], "texture": "#0"}
			}
		},
		{
			"from": [-2, 8.5, 6],
			"to": [1, 11.5, 9],
			"rotation": {"angle": 0, "axis": "y", "origin": [-8, 9, 15]},
			"faces": {
				"north": {"uv": [3, 3, 13, 13], "texture": "#0"},
				"south": {"uv": [0, 0, 16, 16], "texture": "#0"},
				"west": {"uv": [3, 3, 13, 13], "texture": "#0"},
				"up": {"uv": [3, 3, 13, 13], "texture": "#0"},
				"down": {"uv": [3, 3, 13, 13], "texture": "#0"}
			}
		},
		{
			"from": [-0.5, 2.5, 4.5],
			"to": [2.5, 5.5, 5.5],
			"rotation": {"angle": 0, "axis": "y", "origin": [1, 5.5, 5.5]},
			"faces": {
				"north": {"uv": [13, 4, 10, 7], "rotation": 180, "texture": "#6"},
				"east": {"uv": [11, 10, 6, 12], "rotation": 90, "texture": "#6"},
				"west": {"uv": [7, 12, 2, 14], "rotation": 270, "texture": "#6"},
				"up": {"uv": [12, 5, 7, 7], "texture": "#6"},
				"down": {"uv": [7, 6, 2, 8], "rotation": 180, "texture": "#6"}
			}
		},
		{
			"from": [-0.5, 14.5, 4.5],
			"to": [2.5, 17.5, 5.5],
			"rotation": {"angle": 0, "axis": "y", "origin": [1, 17.5, 5.5]},
			"faces": {
				"north": {"uv": [13, 4, 10, 7], "rotation": 180, "texture": "#6"},
				"east": {"uv": [11, 10, 6, 12], "rotation": 90, "texture": "#6"},
				"west": {"uv": [7, 12, 2, 14], "rotation": 270, "texture": "#6"},
				"up": {"uv": [12, 5, 7, 7], "texture": "#6"},
				"down": {"uv": [7, 6, 2, 8], "rotation": 180, "texture": "#6"}
			}
		},
		{
			"from": [-1.5, 20.5, 5],
			"to": [3.5, 21.5, 10],
			"rotation": {"angle": 0, "axis": "y", "origin": [-6.5, 9.5, 14]},
			"faces": {
				"north": {"uv": [2, 12, 14, 14], "texture": "#0"},
				"east": {"uv": [2, 12, 14, 14], "texture": "#0"},
				"south": {"uv": [2, 12, 14, 14], "texture": "#0"},
				"west": {"uv": [2, 12, 14, 14], "texture": "#0"},
				"up": {"uv": [2, 2, 14, 14], "texture": "#0"}
			}
		},
		{
			"from": [5, 15, 5],
			"to": [7, 17, 7.5],
			"rotation": {"angle": 0, "axis": "y", "origin": [-2, 15.5, 13.5]},
			"faces": {
				"north": {"uv": [3, 3, 13, 13], "texture": "#0"},
				"east": {"uv": [3, 3, 13, 13], "texture": "#0"},
				"west": {"uv": [3, 3, 13, 13], "texture": "#0"},
				"up": {"uv": [3, 3, 13, 13], "texture": "#0"},
				"down": {"uv": [3, 3, 13, 13], "texture": "#0"}
			}
		},
		{
			"from": [5, 3, 5],
			"to": [7, 5, 7.5],
			"rotation": {"angle": 0, "axis": "y", "origin": [-2, 3.5, 13.5]},
			"faces": {
				"north": {"uv": [3, 3, 13, 13], "texture": "#0"},
				"east": {"uv": [3, 3, 13, 13], "texture": "#0"},
				"west": {"uv": [3, 3, 13, 13], "texture": "#0"},
				"up": {"uv": [3, 3, 13, 13], "texture": "#0"},
				"down": {"uv": [3, 3, 13, 13], "texture": "#0"}
			}
		},
		{
			"from": [8.5, 3, 5],
			"to": [10.5, 5, 7.5],
			"rotation": {"angle": 0, "axis": "y", "origin": [1.5, 3.5, 13.5]},
			"faces": {
				"north": {"uv": [3, 3, 13, 13], "texture": "#0"},
				"east": {"uv": [3, 3, 13, 13], "texture": "#0"},
				"west": {"uv": [3, 3, 13, 13], "texture": "#0"},
				"up": {"uv": [3, 3, 13, 13], "texture": "#0"},
				"down": {"uv": [3, 3, 13, 13], "texture": "#0"}
			}
		},
		{
			"from": [4, 2, 5.5],
			"to": [12, 6, 9.5],
			"rotation": {"angle": 0, "axis": "y", "origin": [-4.5, 3, 14]},
			"faces": {
				"north": {"uv": [16, 0, 0, 8], "texture": "#2"},
				"south": {"uv": [16, 8, 0, 16], "texture": "#2"},
				"up": {"uv": [16, 4, 0, 12], "texture": "#2"},
				"down": {"uv": [16, 4, 0, 12], "texture": "#2"}
			}
		},
		{
			"from": [8.5, 6, 6.5],
			"to": [9.5, 14, 8.5],
			"rotation": {"angle": 0, "axis": "y", "origin": [-0.5, 8, 14]},
			"faces": {
				"north": {"uv": [11, 0, 14, 16], "texture": "#6"},
				"east": {"uv": [9, 0, 16, 16], "texture": "#6"},
				"south": {"uv": [7, 0, 10, 16], "texture": "#6"},
				"west": {"uv": [4, 0, 11, 16], "texture": "#6"}
			}
		},
		{
			"from": [10.5, 6, 6.5],
			"to": [11.5, 14, 8.5],
			"rotation": {"angle": 0, "axis": "y", "origin": [1.5, 8, 14]},
			"faces": {
				"north": {"uv": [9, 0, 12, 16], "texture": "#6"},
				"east": {"uv": [5, 0, 12, 16], "texture": "#6"},
				"south": {"uv": [11, 0, 14, 16], "texture": "#6"},
				"west": {"uv": [1, 0, 8, 16], "texture": "#6"}
			}
		},
		{
			"from": [6.5, 6, 6.5],
			"to": [7.5, 14, 8.5],
			"rotation": {"angle": 0, "axis": "y", "origin": [-2.5, 8, 14]},
			"faces": {
				"north": {"uv": [5, 0, 8, 16], "texture": "#6"},
				"east": {"uv": [4, 0, 11, 16], "texture": "#6"},
				"south": {"uv": [9, 0, 12, 16], "texture": "#6"},
				"west": {"uv": [0, 0, 7, 16], "texture": "#6"}
			}
		},
		{
			"from": [4.5, 6, 6.5],
			"to": [5.5, 14, 8.5],
			"rotation": {"angle": 0, "axis": "y", "origin": [-4.5, 8, 14]},
			"faces": {
				"north": {"uv": [7, 0, 10, 16], "texture": "#6"},
				"east": {"uv": [5, 0, 12, 16], "texture": "#6"},
				"south": {"uv": [11, 0, 14, 16], "texture": "#6"},
				"west": {"uv": [0, 0, 7, 16], "texture": "#6"}
			}
		},
		{
			"from": [4, 14, 5.5],
			"to": [12, 18, 9.5],
			"rotation": {"angle": 0, "axis": "y", "origin": [-4.5, 15, 14]},
			"faces": {
				"north": {"uv": [16, 0, 0, 8], "texture": "#2"},
				"south": {"uv": [16, 8, 0, 16], "texture": "#2"},
				"up": {"uv": [16, 4, 0, 12], "texture": "#2"},
				"down": {"uv": [16, 4, 0, 12], "texture": "#2"}
			}
		},
		{
			"from": [8.5, 15, 5],
			"to": [10.5, 17, 7.5],
			"rotation": {"angle": 0, "axis": "y", "origin": [1.5, 15.5, 13.5]},
			"faces": {
				"north": {"uv": [3, 3, 13, 13], "texture": "#0"},
				"east": {"uv": [3, 3, 13, 13], "texture": "#0"},
				"west": {"uv": [3, 3, 13, 13], "texture": "#0"},
				"up": {"uv": [3, 3, 13, 13], "texture": "#0"},
				"down": {"uv": [3, 3, 13, 13], "texture": "#0"}
			}
		}
	],
	"display": {
		"head": {
			"translation": [0, -22, 2],
			"scale": [2.5, 2.5, 2.5]
		}
	},
	"groups": [
		{
			"name": "pillar_left",
			"origin": [3.5, 4, 17.5],
			"children": [0, 1, 2, 3, 4, 5, 6, 7, 8, 9, 10, 11, 12, 13, 14, 15, 16, 17, 18, 19, 20, 21, 22, 23, 24, 25, 26, 27, 28, 29, 30, 31, 32, 33, 34, 35, 36, 37, 38, 39, 40, 41, 42]
		},
		{
			"name": "pillar_right",
			"origin": [3.5, 4, 17.5],
			"children": [43, 44, 45, 46, 47, 48, 49, 50, 51, 52, 53, 54, 55, 56, 57, 58, 59, 60, 61, 62, 63, 64, 65, 66, 67, 68, 69, 70, 71, 72]
		}, 73, 74, 75, 76, 77, 78, 79, 80, 81, 82]
}