{
	"credit": "Made by MadstonMagic, using Cubik Pro & Blockbench",
	"textures": {
		"0": "block/emerald_block",
		"2": "block/stone_bricks",
		"5": "custom/emerald_spike",
		"6": "block/anvil",
		"7": "block/chiseled_stone_bricks",
		"8": "custom/iron_spike",
		"particle": "block/emerald_block"
	},
	"elements": [
		{
			"from": [9.03754, 2.75, 1.80448],
			"to": [9.04254, 5.25, 5.05448],
			"rotation": {"angle": 22.5, "axis": "y", "origin": [7.5, 5.5, 5.5]},
			"faces": {
				"north": {"uv": [13.25, 2.625, 13.938, 1.875], "rotation": 270, "texture": "#5"},
				"east": {"uv": [16, 0, 0, 16], "rotation": 90, "texture": "#5"},
				"south": {"uv": [13.25, 2.625, 13.938, 1.875], "rotation": 270, "texture": "#5"},
				"west": {"uv": [16, 0, 0, 16], "rotation": 270, "texture": "#5"},
				"up": {"uv": [13.938, 1.875, 13.25, 2.625], "texture": "#5"},
				"down": {"uv": [13.938, 1.875, 13.25, 2.625], "rotation": 180, "texture": "#5"}
			}
		},
		{
			"from": [9.03754, 14.75, 1.80448],
			"to": [9.04254, 17.25, 5.05448],
			"rotation": {"angle": 22.5, "axis": "y", "origin": [7.5, 17.5, 5.5]},
			"faces": {
				"north": {"uv": [13.25, 2.625, 13.938, 1.875], "rotation": 270, "texture": "#5"},
				"east": {"uv": [16, 0, 0, 16], "rotation": 90, "texture": "#5"},
				"south": {"uv": [13.25, 2.625, 13.938, 1.875], "rotation": 270, "texture": "#5"},
				"west": {"uv": [16, 0, 0, 16], "rotation": 270, "texture": "#5"},
				"up": {"uv": [13.938, 1.875, 13.25, 2.625], "texture": "#5"},
				"down": {"uv": [13.938, 1.875, 13.25, 2.625], "rotation": 180, "texture": "#5"}
			}
		},
		{
			"from": [4.63668, 27.32091, 6.25],
			"to": [4.64168, 30.57091, 8.75],
			"rotation": {"angle": 22.5, "axis": "z", "origin": [7.5, 37.5, 6]},
			"faces": {
				"north": {"uv": [13.938, 1.875, 13.25, 2.625], "texture": "#5"},
				"east": {"uv": [0, 16, 16, 0], "rotation": 180, "texture": "#5"},
				"south": {"uv": [13.938, 1.875, 13.25, 2.625], "texture": "#5"},
				"west": {"uv": [0, 16, 16, 0], "rotation": 180, "texture": "#5"},
				"up": {"uv": [13.25, 2.625, 13.938, 1.875], "rotation": 90, "texture": "#5"},
				"down": {"uv": [13.25, 2.625, 13.938, 1.875], "rotation": 270, "texture": "#5"}
			}
		},
		{
			"from": [6.25, 5.65172, 1.23046],
			"to": [8.75, 5.65672, 4.48046],
			"rotation": {"angle": -22.5, "axis": "x", "origin": [7.5, 5.5, 5.5]},
			"faces": {
				"north": {"uv": [13.25, 2.625, 13.938, 1.875], "texture": "#5"},
				"east": {"uv": [13.938, 1.875, 13.25, 2.625], "rotation": 90, "texture": "#5"},
				"south": {"uv": [13.25, 2.625, 13.938, 1.875], "rotation": 180, "texture": "#5"},
				"west": {"uv": [13.938, 1.875, 13.25, 2.625], "rotation": 270, "texture": "#5"},
				"up": {"uv": [16, 0, 0, 16], "texture": "#5"},
				"down": {"uv": [16, 0, 0, 16], "rotation": 180, "texture": "#5"}
			}
		},
		{
			"from": [6.25, 17.65172, 1.23046],
			"to": [8.75, 17.65672, 4.48046],
			"rotation": {"angle": -22.5, "axis": "x", "origin": [7.5, 17.5, 5.5]},
			"faces": {
				"north": {"uv": [13.25, 2.625, 13.938, 1.875], "texture": "#5"},
				"east": {"uv": [13.938, 1.875, 13.25, 2.625], "rotation": 90, "texture": "#5"},
				"south": {"uv": [13.25, 2.625, 13.938, 1.875], "rotation": 180, "texture": "#5"},
				"west": {"uv": [13.938, 1.875, 13.25, 2.625], "rotation": 270, "texture": "#5"},
				"up": {"uv": [16, 0, 0, 16], "texture": "#5"},
				"down": {"uv": [16, 0, 0, 16], "rotation": 180, "texture": "#5"}
			}
		},
		{
			"from": [6.25, 26.74688, 4.5225],
			"to": [8.75, 29.99688, 4.5275],
			"rotation": {"angle": -22.5, "axis": "x", "origin": [7.5, 37.5, 6]},
			"faces": {
				"north": {"uv": [16, 0, 0, 16], "texture": "#5"},
				"east": {"uv": [13.25, 2.625, 13.938, 1.875], "rotation": 180, "texture": "#5"},
				"south": {"uv": [16, 0, 0, 16], "texture": "#5"},
				"west": {"uv": [13.25, 2.625, 13.938, 1.875], "rotation": 180, "texture": "#5"},
				"up": {"uv": [13.25, 2.625, 13.938, 1.875], "rotation": 180, "texture": "#5"},
				"down": {"uv": [13.25, 2.625, 13.938, 1.875], "rotation": 180, "texture": "#5"}
			}
		},
		{
			"from": [6.25, 2.57164, 2.37851],
			"to": [8.75, 2.57664, 5.62851],
			"rotation": {"angle": 22.5, "axis": "x", "origin": [7.5, 5.5, 5.5]},
			"faces": {
				"north": {"uv": [13.25, 1.875, 13.938, 2.625], "texture": "#5"},
				"east": {"uv": [13.25, 1.875, 13.938, 2.625], "rotation": 90, "texture": "#5"},
				"south": {"uv": [13.25, 1.875, 13.938, 2.625], "rotation": 180, "texture": "#5"},
				"west": {"uv": [13.25, 1.875, 13.938, 2.625], "rotation": 270, "texture": "#5"},
				"up": {"uv": [0, 0, 16, 16], "texture": "#5"},
				"down": {"uv": [0, 0, 16, 16], "rotation": 180, "texture": "#5"}
			}
		},
		{
			"from": [6.25, 14.57164, 2.37851],
			"to": [8.75, 14.57664, 5.62851],
			"rotation": {"angle": 22.5, "axis": "x", "origin": [7.5, 17.5, 5.5]},
			"faces": {
				"north": {"uv": [13.25, 1.875, 13.938, 2.625], "texture": "#5"},
				"east": {"uv": [13.25, 1.875, 13.938, 2.625], "rotation": 90, "texture": "#5"},
				"south": {"uv": [13.25, 1.875, 13.938, 2.625], "rotation": 180, "texture": "#5"},
				"west": {"uv": [13.25, 1.875, 13.938, 2.625], "rotation": 270, "texture": "#5"},
				"up": {"uv": [0, 0, 16, 16], "texture": "#5"},
				"down": {"uv": [0, 0, 16, 16], "rotation": 180, "texture": "#5"}
			}
		},
		{
			"from": [6.25, 27.89493, 10.24414],
			"to": [8.75, 31.14493, 10.24914],
			"rotation": {"angle": 22.5, "axis": "x", "origin": [7.5, 37.5, 6]},
			"faces": {
				"north": {"uv": [0, 0, 16, 16], "texture": "#5"},
				"east": {"uv": [13.938, 2.625, 13.25, 1.875], "rotation": 180, "texture": "#5"},
				"south": {"uv": [0, 0, 16, 16], "texture": "#5"},
				"west": {"uv": [13.938, 2.625, 13.25, 1.875], "rotation": 180, "texture": "#5"},
				"up": {"uv": [13.25, 1.875, 13.938, 2.625], "rotation": 180, "texture": "#5"},
				"down": {"uv": [13.25, 1.875, 13.938, 2.625], "rotation": 180, "texture": "#5"}
			}
		},
		{
			"from": [5.95747, 2.75, 1.80448],
			"to": [5.96247, 5.25, 5.05448],
			"rotation": {"angle": -22.5, "axis": "y", "origin": [7.5, 5.5, 5.5]},
			"faces": {
				"north": {"uv": [13.25, 1.875, 13.938, 2.625], "rotation": 270, "texture": "#5"},
				"east": {"uv": [0, 0, 16, 16], "rotation": 90, "texture": "#5"},
				"south": {"uv": [13.25, 1.875, 13.938, 2.625], "rotation": 270, "texture": "#5"},
				"west": {"uv": [0, 0, 16, 16], "rotation": 270, "texture": "#5"},
				"up": {"uv": [13.25, 1.875, 13.938, 2.625], "texture": "#5"},
				"down": {"uv": [13.25, 1.875, 13.938, 2.625], "rotation": 180, "texture": "#5"}
			}
		},
		{
			"from": [5.95747, 14.75, 1.80448],
			"to": [5.96247, 17.25, 5.05448],
			"rotation": {"angle": -22.5, "axis": "y", "origin": [7.5, 17.5, 5.5]},
			"faces": {
				"north": {"uv": [13.25, 1.875, 13.938, 2.625], "rotation": 270, "texture": "#5"},
				"east": {"uv": [0, 0, 16, 16], "rotation": 90, "texture": "#5"},
				"south": {"uv": [13.25, 1.875, 13.938, 2.625], "rotation": 270, "texture": "#5"},
				"west": {"uv": [0, 0, 16, 16], "rotation": 270, "texture": "#5"},
				"up": {"uv": [13.25, 1.875, 13.938, 2.625], "texture": "#5"},
				"down": {"uv": [13.25, 1.875, 13.938, 2.625], "rotation": 180, "texture": "#5"}
			}
		},
		{
			"from": [10.35833, 27.32091, 6.25],
			"to": [10.36333, 30.57091, 8.75],
			"rotation": {"angle": -22.5, "axis": "z", "origin": [7.5, 37.5, 6]},
			"faces": {
				"north": {"uv": [13.25, 1.875, 13.938, 2.625], "texture": "#5"},
				"east": {"uv": [16, 16, 0, 0], "rotation": 180, "texture": "#5"},
				"south": {"uv": [13.25, 1.875, 13.938, 2.625], "texture": "#5"},
				"west": {"uv": [16, 16, 0, 0], "rotation": 180, "texture": "#5"},
				"up": {"uv": [13.25, 1.875, 13.938, 2.625], "rotation": 90, "texture": "#5"},
				"down": {"uv": [13.25, 1.875, 13.938, 2.625], "rotation": 270, "texture": "#5"}
			}
		},
		{
			"from": [5, 0.5, 5],
			"to": [10, 1.5, 10],
			"rotation": {"angle": 0, "axis": "y", "origin": [15, -10.5, 14]},
			"faces": {
				"north": {"uv": [6, 9, 15, 11], "texture": "#6"},
				"east": {"uv": [5, 10, 14, 12], "texture": "#6"},
				"south": {"uv": [5, 4, 14, 6], "texture": "#6"},
				"west": {"uv": [2, 6, 11, 8], "texture": "#6"},
				"up": {"uv": [7, 5, 13, 11], "texture": "#6"}
			}
		},
		{
			"from": [5, 18.5, 5],
			"to": [10, 19.5, 10],
			"rotation": {"angle": 0, "axis": "y", "origin": [15, 7.5, 14]},
			"faces": {
				"north": {"uv": [6, 9, 15, 11], "texture": "#6"},
				"east": {"uv": [5, 10, 14, 12], "texture": "#6"},
				"south": {"uv": [5, 4, 14, 6], "texture": "#6"},
				"west": {"uv": [2, 6, 11, 8], "texture": "#6"},
				"down": {"uv": [3, 9, 9, 15], "texture": "#6"}
			}
		},
		{
			"from": [6, 21.5, 6],
			"to": [9, 27, 9],
			"rotation": {"angle": 0, "axis": "y", "origin": [15, 10.5, 14]},
			"faces": {
				"north": {"uv": [7, 6, 12, 14], "texture": "#6"},
				"east": {"uv": [2, 1, 7, 9], "texture": "#6"},
				"south": {"uv": [11, 1, 16, 9], "texture": "#6"},
				"west": {"uv": [4, 4, 9, 12], "texture": "#6"},
				"up": {"uv": [7, 6, 12, 11], "texture": "#6"}
			}
		},
		{
			"from": [5, 20.5, 5],
			"to": [10, 21.5, 10],
			"rotation": {"angle": 0, "axis": "y", "origin": [15, 9.5, 14]},
			"faces": {
				"north": {"uv": [14, 12, 2, 14], "texture": "#0"},
				"east": {"uv": [14, 12, 2, 14], "texture": "#0"},
				"south": {"uv": [14, 12, 2, 14], "texture": "#0"},
				"west": {"uv": [14, 12, 2, 14], "texture": "#0"},
				"up": {"uv": [14, 2, 2, 14], "texture": "#0"}
			}
		},
		{
			"from": [5, -0.5, 4.5],
			"to": [10, 0.5, 10.5],
			"rotation": {"angle": 0, "axis": "y", "origin": [15, -11.5, 14]},
			"faces": {
				"north": {"uv": [2, 7, 11, 9], "texture": "#6"},
				"east": {"uv": [3, 4, 14, 6], "texture": "#6"},
				"south": {"uv": [3, 11, 12, 13], "texture": "#6"},
				"west": {"uv": [4, 8, 15, 10], "texture": "#6"},
				"up": {"uv": [7, 1, 15, 12], "texture": "#6"},
				"down": {"uv": [3, 3, 11, 14], "texture": "#6"}
			}
		},
		{
			"from": [5, 19.5, 4.5],
			"to": [10, 20.5, 10.5],
			"rotation": {"angle": 0, "axis": "y", "origin": [15, 8.5, 14]},
			"faces": {
				"north": {"uv": [2, 7, 11, 9], "texture": "#6"},
				"east": {"uv": [3, 4, 14, 6], "texture": "#6"},
				"south": {"uv": [3, 11, 12, 13], "texture": "#6"},
				"west": {"uv": [4, 8, 15, 10], "texture": "#6"},
				"up": {"uv": [7, 1, 15, 12], "texture": "#6"},
				"down": {"uv": [3, 3, 11, 14], "texture": "#6"}
			}
		},
		{
			"from": [4.5, -0.5, 5],
			"to": [10.5, 0.5, 10],
			"rotation": {"angle": 0, "axis": "y", "origin": [7.5, 0.5, 7.5]},
			"faces": {
				"north": {"uv": [3, 4, 14, 6], "texture": "#6"},
				"east": {"uv": [3, 11, 12, 13], "texture": "#6"},
				"south": {"uv": [4, 8, 15, 10], "texture": "#6"},
				"west": {"uv": [2, 7, 11, 9], "texture": "#6"},
				"up": {"uv": [12, 15, 4, 4], "rotation": 90, "texture": "#6"},
				"down": {"uv": [15, 11, 7, 0], "rotation": 270, "texture": "#6"}
			}
		},
		{
			"from": [4.5, 19.5, 5],
			"to": [10.5, 20.5, 10],
			"rotation": {"angle": 0, "axis": "y", "origin": [7.5, 20.5, 7.5]},
			"faces": {
				"north": {"uv": [3, 4, 14, 6], "texture": "#6"},
				"east": {"uv": [3, 11, 12, 13], "texture": "#6"},
				"south": {"uv": [4, 8, 15, 10], "texture": "#6"},
				"west": {"uv": [2, 7, 11, 9], "texture": "#6"},
				"up": {"uv": [12, 15, 4, 4], "rotation": 90, "texture": "#6"},
				"down": {"uv": [15, 11, 7, 0], "rotation": 270, "texture": "#6"}
			}
		},
		{
			"from": [5.5, 1.5, 5.5],
			"to": [9.5, 7.5, 9.5],
			"rotation": {"angle": 0, "axis": "y", "origin": [15, 3, 14]},
			"faces": {
				"north": {"uv": [8, 7, 14, 16], "texture": "#2"},
				"east": {"uv": [6, 7, 12, 16], "texture": "#2"},
				"south": {"uv": [1, 7, 7, 16], "texture": "#2"},
				"west": {"uv": [6, 7, 12, 16], "texture": "#2"}
			}
		},
		{
			"from": [5.5, 12.5, 5.5],
			"to": [9.5, 18.5, 9.5],
			"rotation": {"angle": 0, "axis": "y", "origin": [15, 15, 14]},
			"faces": {
				"north": {"uv": [4, 0, 10, 9], "texture": "#2"},
				"east": {"uv": [0, 0, 6, 9], "texture": "#2"},
				"south": {"uv": [2, 0, 8, 9], "texture": "#2"},
				"west": {"uv": [0, 0, 6, 9], "texture": "#2"}
			}
		},
		{
			"from": [5, 7.5, 5],
			"to": [10, 12.5, 10],
			"rotation": {"angle": 0, "axis": "y", "origin": [15, 9, 14]},
			"faces": {
				"north": {"uv": [16, 0, 0, 16], "texture": "#7"},
				"east": {"uv": [16, 0, 0, 16], "texture": "#7"},
				"south": {"uv": [16, 0, 0, 16], "texture": "#7"},
				"west": {"uv": [16, 0, 0, 16], "texture": "#7"},
				"up": {"uv": [16, 0, 0, 16], "texture": "#7"},
				"down": {"uv": [16, 0, 0, 16], "texture": "#7"}
			}
		},
		{
			"from": [6, 8.5, 4.5],
			"to": [9, 11.5, 7.5],
			"rotation": {"angle": 0, "axis": "y", "origin": [15, 9, 13.5]},
			"faces": {
				"north": {"uv": [13, 3, 3, 13], "texture": "#0"},
				"east": {"uv": [13, 3, 3, 13], "texture": "#0"},
				"west": {"uv": [13, 3, 3, 13], "texture": "#0"},
				"up": {"uv": [13, 3, 3, 13], "texture": "#0"},
				"down": {"uv": [13, 3, 3, 13], "texture": "#0"}
			}
		},
		{
			"from": [6, 8.5, 7.5],
			"to": [9, 11.5, 10.5],
			"rotation": {"angle": 0, "axis": "y", "origin": [15, 9, 16.5]},
			"faces": {
				"east": {"uv": [13, 3, 3, 13], "texture": "#0"},
				"south": {"uv": [16, 0, 0, 16], "texture": "#0"},
				"west": {"uv": [13, 3, 3, 13], "texture": "#0"},
				"up": {"uv": [13, 3, 3, 13], "texture": "#0"},
				"down": {"uv": [13, 3, 3, 13], "texture": "#0"}
			}
		},
		{
			"from": [4.5, 8.5, 6],
			"to": [7.5, 11.5, 9],
			"rotation": {"angle": 0, "axis": "y", "origin": [13.5, 9, 15]},
			"faces": {
				"north": {"uv": [13, 3, 3, 13], "texture": "#0"},
				"south": {"uv": [16, 0, 0, 16], "texture": "#0"},
				"west": {"uv": [13, 3, 3, 13], "texture": "#0"},
				"up": {"uv": [13, 3, 3, 13], "texture": "#0"},
				"down": {"uv": [13, 3, 3, 13], "texture": "#0"}
			}
		},
		{
			"from": [7.5, 8.5, 6],
			"to": [10.5, 11.5, 9],
			"rotation": {"angle": 0, "axis": "y", "origin": [16.5, 9, 15]},
			"faces": {
				"north": {"uv": [13, 3, 3, 13], "texture": "#0"},
				"east": {"uv": [13, 3, 3, 13], "texture": "#0"},
				"south": {"uv": [16, 0, 0, 16], "texture": "#0"},
				"up": {"uv": [13, 3, 3, 13], "texture": "#0"},
				"down": {"uv": [13, 3, 3, 13], "texture": "#0"}
			}
		},
		{
			"from": [6, 2.5, 4.5],
			"to": [9, 5.5, 5.5],
			"rotation": {"angle": 0, "axis": "y", "origin": [7.5, 5.5, 5.5]},
			"faces": {
				"north": {"uv": [10, 4, 13, 7], "rotation": 180, "texture": "#6"},
				"east": {"uv": [7, 14, 2, 12], "rotation": 270, "texture": "#6"},
				"west": {"uv": [11, 12, 6, 10], "rotation": 90, "texture": "#6"},
				"up": {"uv": [7, 5, 12, 7], "texture": "#6"},
				"down": {"uv": [2, 6, 7, 8], "rotation": 180, "texture": "#6"}
			}
		},
		{
			"from": [6, 14.5, 4.5],
			"to": [9, 17.5, 5.5],
			"rotation": {"angle": 0, "axis": "y", "origin": [7.5, 17.5, 5.5]},
			"faces": {
				"north": {"uv": [10, 4, 13, 7], "rotation": 180, "texture": "#6"},
				"east": {"uv": [7, 14, 2, 12], "rotation": 270, "texture": "#6"},
				"west": {"uv": [11, 12, 6, 10], "rotation": 90, "texture": "#6"},
				"up": {"uv": [7, 5, 12, 7], "texture": "#6"},
				"down": {"uv": [2, 6, 7, 8], "rotation": 180, "texture": "#6"}
			}
		},
		{
			"from": [9.5, 13.5, 4.5],
			"to": [10.5, 18.5, 10.5],
			"rotation": {"angle": 0, "axis": "y", "origin": [18.5, 16, 13.5]},
			"faces": {
				"north": {"uv": [10, 2, 7, 14], "texture": "#0"},
				"east": {"uv": [16, 0, 0, 16], "texture": "#0"},
				"south": {"uv": [8, 2, 5, 14], "texture": "#0"},
				"west": {"uv": [16, 0, 0, 16], "texture": "#0"},
				"up": {"uv": [8, 0, 5, 12], "texture": "#0"},
				"down": {"uv": [11, 4, 8, 16], "texture": "#0"}
			}
		},
		{
			"from": [9.5, 1.5, 4.5],
			"to": [10.5, 6.5, 10.5],
			"rotation": {"angle": 0, "axis": "y", "origin": [18.5, 4, 13.5]},
			"faces": {
				"north": {"uv": [10, 2, 7, 14], "texture": "#0"},
				"east": {"uv": [16, 0, 0, 16], "texture": "#0"},
				"south": {"uv": [8, 2, 5, 14], "texture": "#0"},
				"west": {"uv": [16, 0, 0, 16], "texture": "#0"},
				"up": {"uv": [8, 0, 5, 12], "texture": "#0"},
				"down": {"uv": [11, 4, 8, 16], "texture": "#0"}
			}
		},
		{
			"from": [9.03754, 8.75, 1.80448],
			"to": [9.04254, 11.25, 5.05448],
			"rotation": {"angle": 22.5, "axis": "y", "origin": [7.5, 11.5, 5.5]},
			"faces": {
				"north": {"uv": [13.25, 2.625, 13.938, 1.875], "rotation": 270, "texture": "#8"},
				"east": {"uv": [16, 0, 0, 16], "rotation": 90, "texture": "#8"},
				"south": {"uv": [13.25, 2.625, 13.938, 1.875], "rotation": 270, "texture": "#8"},
				"west": {"uv": [16, 0, 0, 16], "rotation": 270, "texture": "#8"},
				"up": {"uv": [13.938, 1.875, 13.25, 2.625], "texture": "#8"},
				"down": {"uv": [13.938, 1.875, 13.25, 2.625], "rotation": 180, "texture": "#8"}
			}
		},
		{
			"from": [6.25, 11.65172, 1.23046],
			"to": [8.75, 11.65672, 4.48046],
			"rotation": {"angle": -22.5, "axis": "x", "origin": [7.5, 11.5, 5.5]},
			"faces": {
				"north": {"uv": [13.25, 2.625, 13.938, 1.875], "texture": "#8"},
				"east": {"uv": [13.938, 1.875, 13.25, 2.625], "rotation": 90, "texture": "#8"},
				"south": {"uv": [13.25, 2.625, 13.938, 1.875], "rotation": 180, "texture": "#8"},
				"west": {"uv": [13.938, 1.875, 13.25, 2.625], "rotation": 270, "texture": "#8"},
				"up": {"uv": [16, 0, 0, 16], "texture": "#8"},
				"down": {"uv": [16, 0, 0, 16], "rotation": 180, "texture": "#8"}
			}
		},
		{
			"from": [5.95747, 8.75, 1.80448],
			"to": [5.96247, 11.25, 5.05448],
			"rotation": {"angle": -22.5, "axis": "y", "origin": [7.5, 11.5, 5.5]},
			"faces": {
				"north": {"uv": [13.25, 1.875, 13.938, 2.625], "rotation": 270, "texture": "#8"},
				"east": {"uv": [0, 0, 16, 16], "rotation": 90, "texture": "#8"},
				"south": {"uv": [13.25, 1.875, 13.938, 2.625], "rotation": 270, "texture": "#8"},
				"west": {"uv": [0, 0, 16, 16], "rotation": 270, "texture": "#8"},
				"up": {"uv": [13.25, 1.875, 13.938, 2.625], "texture": "#8"},
				"down": {"uv": [13.25, 1.875, 13.938, 2.625], "rotation": 180, "texture": "#8"}
			}
		},
		{
			"from": [6.25, 8.57164, 2.37851],
			"to": [8.75, 8.57664, 5.62851],
			"rotation": {"angle": 22.5, "axis": "x", "origin": [7.5, 11.5, 5.5]},
			"faces": {
				"north": {"uv": [13.25, 1.875, 13.938, 2.625], "texture": "#8"},
				"east": {"uv": [13.25, 1.875, 13.938, 2.625], "rotation": 90, "texture": "#8"},
				"south": {"uv": [13.25, 1.875, 13.938, 2.625], "rotation": 180, "texture": "#8"},
				"west": {"uv": [13.25, 1.875, 13.938, 2.625], "rotation": 270, "texture": "#8"},
				"up": {"uv": [0, 0, 16, 16], "texture": "#8"},
				"down": {"uv": [0, 0, 16, 16], "rotation": 180, "texture": "#8"}
			}
		},
		{
			"from": [18.5, 13.5, 4.5],
			"to": [19.5, 18.5, 10.5],
			"rotation": {"angle": 0, "axis": "y", "origin": [27.5, 16, 13.5]},
			"faces": {
				"north": {"uv": [10, 2, 7, 14], "texture": "#0"},
				"east": {"uv": [16, 0, 0, 16], "texture": "#0"},
				"south": {"uv": [8, 2, 5, 14], "texture": "#0"},
				"west": {"uv": [16, 0, 0, 16], "texture": "#0"},
				"up": {"uv": [8, 0, 5, 12], "texture": "#0"},
				"down": {"uv": [11, 4, 8, 16], "texture": "#0"}
			}
		},
		{
			"from": [18.5, 1.5, 4.5],
			"to": [19.5, 6.5, 10.5],
			"rotation": {"angle": 0, "axis": "y", "origin": [27.5, 4, 13.5]},
			"faces": {
				"north": {"uv": [10, 2, 7, 14], "texture": "#0"},
				"east": {"uv": [16, 0, 0, 16], "texture": "#0"},
				"south": {"uv": [8, 2, 5, 14], "texture": "#0"},
				"west": {"uv": [16, 0, 0, 16], "texture": "#0"},
				"up": {"uv": [8, 0, 5, 12], "texture": "#0"},
				"down": {"uv": [11, 4, 8, 16], "texture": "#0"}
			}
		},
		{
			"from": [15.5, 15, 5],
			"to": [17.5, 17, 7.5],
			"rotation": {"angle": 0, "axis": "y", "origin": [24.5, 15.5, 13.5]},
			"faces": {
				"north": {"uv": [13, 3, 3, 13], "texture": "#0"},
				"east": {"uv": [13, 3, 3, 13], "texture": "#0"},
				"west": {"uv": [13, 3, 3, 13], "texture": "#0"},
				"up": {"uv": [13, 3, 3, 13], "texture": "#0"},
				"down": {"uv": [13, 3, 3, 13], "texture": "#0"}
			}
		},
		{
			"from": [15.5, 3, 5],
			"to": [17.5, 5, 7.5],
			"rotation": {"angle": 0, "axis": "y", "origin": [24.5, 3.5, 13.5]},
			"faces": {
				"north": {"uv": [13, 3, 3, 13], "texture": "#0"},
				"east": {"uv": [13, 3, 3, 13], "texture": "#0"},
				"west": {"uv": [13, 3, 3, 13], "texture": "#0"},
				"up": {"uv": [13, 3, 3, 13], "texture": "#0"},
				"down": {"uv": [13, 3, 3, 13], "texture": "#0"}
			}
		},
		{
			"from": [12, 3, 5],
			"to": [14, 5, 7.5],
			"rotation": {"angle": 0, "axis": "y", "origin": [21, 3.5, 13.5]},
			"faces": {
				"north": {"uv": [13, 3, 3, 13], "texture": "#0"},
				"east": {"uv": [13, 3, 3, 13], "texture": "#0"},
				"west": {"uv": [13, 3, 3, 13], "texture": "#0"},
				"up": {"uv": [13, 3, 3, 13], "texture": "#0"},
				"down": {"uv": [13, 3, 3, 13], "texture": "#0"}
			}
		},
		{
			"from": [10.5, 2, 5.5],
			"to": [18.5, 6, 9.5],
			"rotation": {"angle": 0, "axis": "y", "origin": [27, 3, 14]},
			"faces": {
				"north": {"uv": [0, 0, 16, 8], "texture": "#2"},
				"south": {"uv": [0, 8, 16, 16], "texture": "#2"},
				"up": {"uv": [0, 4, 16, 12], "texture": "#2"},
				"down": {"uv": [0, 4, 16, 12], "texture": "#2"}
			}
		},
		{
			"from": [13, 6, 6.5],
			"to": [14, 14, 8.5],
			"rotation": {"angle": 0, "axis": "y", "origin": [23, 8, 14]},
			"faces": {
				"north": {"uv": [14, 0, 11, 16], "texture": "#6"},
				"east": {"uv": [11, 0, 4, 16], "texture": "#6"},
				"south": {"uv": [10, 0, 7, 16], "texture": "#6"},
				"west": {"uv": [16, 0, 9, 16], "texture": "#6"}
			}
		},
		{
			"from": [11, 6, 6.5],
			"to": [12, 14, 8.5],
			"rotation": {"angle": 0, "axis": "y", "origin": [21, 8, 14]},
			"faces": {
				"north": {"uv": [12, 0, 9, 16], "texture": "#6"},
				"east": {"uv": [8, 0, 1, 16], "texture": "#6"},
				"south": {"uv": [14, 0, 11, 16], "texture": "#6"},
				"west": {"uv": [12, 0, 5, 16], "texture": "#6"}
			}
		},
		{
			"from": [15, 6, 6.5],
			"to": [16, 14, 8.5],
			"rotation": {"angle": 0, "axis": "y", "origin": [25, 8, 14]},
			"faces": {
				"north": {"uv": [8, 0, 5, 16], "texture": "#6"},
				"east": {"uv": [7, 0, 0, 16], "texture": "#6"},
				"south": {"uv": [12, 0, 9, 16], "texture": "#6"},
				"west": {"uv": [11, 0, 4, 16], "texture": "#6"}
			}
		},
		{
			"from": [17, 6, 6.5],
			"to": [18, 14, 8.5],
			"rotation": {"angle": 0, "axis": "y", "origin": [27, 8, 14]},
			"faces": {
				"north": {"uv": [10, 0, 7, 16], "texture": "#6"},
				"east": {"uv": [7, 0, 0, 16], "texture": "#6"},
				"south": {"uv": [14, 0, 11, 16], "texture": "#6"},
				"west": {"uv": [12, 0, 5, 16], "texture": "#6"}
			}
		},
		{
			"from": [10.5, 14, 5.5],
			"to": [18.5, 18, 9.5],
			"rotation": {"angle": 0, "axis": "y", "origin": [27, 15, 14]},
			"faces": {
				"north": {"uv": [0, 0, 16, 8], "texture": "#2"},
				"south": {"uv": [0, 8, 16, 16], "texture": "#2"},
				"up": {"uv": [0, 4, 16, 12], "texture": "#2"},
				"down": {"uv": [0, 4, 16, 12], "texture": "#2"}
			}
		},
		{
			"from": [12, 15, 5],
			"to": [14, 17, 7.5],
			"rotation": {"angle": 0, "axis": "y", "origin": [21, 15.5, 13.5]},
			"faces": {
				"north": {"uv": [13, 3, 3, 13], "texture": "#0"},
				"east": {"uv": [13, 3, 3, 13], "texture": "#0"},
				"west": {"uv": [13, 3, 3, 13], "texture": "#0"},
				"up": {"uv": [13, 3, 3, 13], "texture": "#0"},
				"down": {"uv": [13, 3, 3, 13], "texture": "#0"}
			}
		},
		{
			"from": [9, 20, 7],
			"to": [20, 21, 8],
			"rotation": {"angle": 0, "axis": "y", "origin": [15, 9, 14]},
			"faces": {
				"north": {"uv": [16, 10, 0, 12], "texture": "#0"},
				"east": {"uv": [14, 12, 2, 14], "texture": "#0"},
				"south": {"uv": [16, 10, 0, 12], "texture": "#0"},
				"up": {"uv": [16, 8, 0, 10], "texture": "#0"},
				"down": {"uv": [16, 9, 0, 11], "texture": "#0"}
			}
		},
		{
			"from": [9, 22.5, 7],
			"to": [20, 23.5, 8],
			"rotation": {"angle": 0, "axis": "y", "origin": [15, 11.5, 14]},
			"faces": {
				"north": {"uv": [16, 7, 0, 9], "texture": "#0"},
				"east": {"uv": [14, 12, 2, 14], "texture": "#0"},
				"south": {"uv": [16, 7, 0, 9], "texture": "#0"},
				"up": {"uv": [16, 6, 0, 8], "texture": "#0"},
				"down": {"uv": [16, 7, 0, 9], "texture": "#0"}
			}
		},
		{
			"from": [9, 25, 7],
			"to": [20, 26, 8],
			"rotation": {"angle": 0, "axis": "y", "origin": [15, 14, 14]},
			"faces": {
				"north": {"uv": [16, 4, 0, 6], "texture": "#0"},
				"east": {"uv": [14, 12, 2, 14], "texture": "#0"},
				"south": {"uv": [16, 4, 0, 6], "texture": "#0"},
				"up": {"uv": [16, 7, 0, 9], "texture": "#0"},
				"down": {"uv": [16, 6, 0, 8], "texture": "#0"}
			}
		}
	],
	"display": {
		"head": {
			"translation": [-0.05, -22, 2],
			"scale": [2.5, 2.5, 2.5]
		}
	},
	"groups": [
		{
			"name": "pillar_left",
			"origin": [3.5, 4, 17.5],
			"children": [0, 1, 2, 3, 4, 5, 6, 7, 8, 9, 10, 11, 12, 13, 14, 15, 16, 17, 18, 19, 20, 21, 22, 23, 24, 25, 26, 27, 28, 29, 30, 31, 32, 33, 34]
		},
		{
			"name": "pillar_right",
			"origin": [3.5, 4, 17.5],
			"children": [35, 36]
		}, 37, 38, 39, 40, 41, 42, 43, 44, 45, 46, 47, 48, 49]
}