{
	"credit": "Made by MadstonMagic, using Cubik Pro & Blockbench",
	"textures": {
		"0": "block/stone",
		"1": "block/oak_log",
		"2": "block/iron_block",
		"4": "block/anvil",
		"5": "block/spruce_planks",
		"6": "block/red_glazed_terracotta",
		"7": "custom/mobs/iron_golem",
		"8": "towers/iron_golem_lvl_1",
		"particle": "block/stone"
	},
	"elements": [
		{
			"from": [-1.625, -1.9375, -1.625],
			"to": [17.875, -0.4375, 17.875],
			"rotation": {"angle": 0, "axis": "y", "origin": [7.875, 7, 7.625]},
			"faces": {
				"north": {"uv": [4, 0, 0.1875, 0.5625], "texture": "#8"},
				"east": {"uv": [4, 0, 0.1875, 0.5625], "texture": "#8"},
				"south": {"uv": [4, 0, 0.1875, 0.5625], "texture": "#8"},
				"west": {"uv": [4, 0, 0.1875, 0.5625], "texture": "#8"},
				"up": {"uv": [4, 0, 0.1875, 4], "texture": "#8"},
				"down": {"uv": [4, 0, 0.1875, 4], "texture": "#8"}
			}
		},
		{
			"from": [-1.625, -0.4375, -1.625],
			"to": [1.875, 3.0625, 1.875],
			"rotation": {"angle": 0, "axis": "y", "origin": [7.875, 8.5, 7.625]},
			"faces": {
				"north": {"uv": [0, 0, 16, 16], "rotation": 180, "texture": "#0"},
				"east": {"uv": [0, 0, 16, 16], "rotation": 180, "texture": "#0"},
				"south": {"uv": [0, 0, 16, 16], "rotation": 180, "texture": "#0"},
				"west": {"uv": [0, 0, 16, 16], "rotation": 180, "texture": "#0"},
				"up": {"uv": [0, 0, 16, 16], "rotation": 180, "texture": "#0"}
			}
		},
		{
			"from": [-1.625, -0.4375, 14.875],
			"to": [1.375, 2.5625, 17.875],
			"rotation": {"angle": 0, "axis": "y", "origin": [7.875, 8.5, 9.125]},
			"faces": {
				"north": {"uv": [16, 0, 0, 16], "rotation": 180, "texture": "#0"},
				"east": {"uv": [16, 0, 0, 16], "rotation": 180, "texture": "#0"},
				"south": {"uv": [16, 0, 0, 16], "rotation": 180, "texture": "#0"},
				"west": {"uv": [16, 0, 0, 16], "rotation": 180, "texture": "#0"},
				"up": {"uv": [0, 16, 16, 0], "rotation": 180, "texture": "#0"}
			}
		},
		{
			"from": [-0.625, -0.4375, 1.875],
			"to": [1.875, 2.0625, 4.375],
			"rotation": {"angle": 0, "axis": "y", "origin": [7.875, 8.5, 10.125]},
			"faces": {
				"east": {"uv": [0, 0, 16, 16], "rotation": 180, "texture": "#0"},
				"south": {"uv": [0, 0, 16, 16], "rotation": 180, "texture": "#0"},
				"west": {"uv": [0, 0, 16, 16], "rotation": 180, "texture": "#0"},
				"up": {"uv": [0, 0, 16, 16], "rotation": 180, "texture": "#0"}
			}
		},
		{
			"from": [-1.625, -0.4375, 12.375],
			"to": [0.875, 2.0625, 14.875],
			"rotation": {"angle": 0, "axis": "y", "origin": [6.875, 8.5, 6.625]},
			"faces": {
				"north": {"uv": [16, 0, 0, 16], "rotation": 180, "texture": "#0"},
				"east": {"uv": [16, 0, 0, 16], "rotation": 180, "texture": "#0"},
				"west": {"uv": [16, 0, 0, 16], "rotation": 180, "texture": "#0"},
				"up": {"uv": [0, 16, 16, 0], "rotation": 180, "texture": "#0"}
			}
		},
		{
			"from": [14.625, -0.4375, 0.375],
			"to": [17.125, 2.0625, 2.875],
			"rotation": {"angle": 0, "axis": "y", "origin": [8.625, 8.5, 8.625]},
			"faces": {
				"north": {"uv": [16, 0, 0, 16], "rotation": 180, "texture": "#0"},
				"east": {"uv": [16, 0, 0, 16], "rotation": 180, "texture": "#0"},
				"south": {"uv": [16, 0, 0, 16], "rotation": 180, "texture": "#0"},
				"west": {"uv": [16, 0, 0, 16], "rotation": 180, "texture": "#0"},
				"up": {"uv": [16, 0, 0, 16], "rotation": 180, "texture": "#0"}
			}
		},
		{
			"from": [15.125, -0.4375, 10.125],
			"to": [17.625, 2.0625, 12.625],
			"rotation": {"angle": 0, "axis": "y", "origin": [9.125, 8.5, 18.375]},
			"faces": {
				"north": {"uv": [16, 0, 0, 16], "rotation": 180, "texture": "#0"},
				"east": {"uv": [16, 0, 0, 16], "rotation": 180, "texture": "#0"},
				"south": {"uv": [16, 0, 0, 16], "rotation": 180, "texture": "#0"},
				"west": {"uv": [16, 0, 0, 16], "rotation": 180, "texture": "#0"},
				"up": {"uv": [16, 0, 0, 16], "rotation": 180, "texture": "#0"}
			}
		},
		{
			"from": [15.375, 2.0625, 10.375],
			"to": [17.375, 4.0625, 12.375],
			"rotation": {"angle": -22.5, "axis": "x", "origin": [15.375, 2.0625, 12.375]},
			"faces": {
				"north": {"uv": [16, 2, 5.5, 10], "rotation": 180, "texture": "#0"},
				"east": {"uv": [10.5, 8, 0, 16], "rotation": 180, "texture": "#0"},
				"south": {"uv": [16, 4, 5.5, 12], "rotation": 180, "texture": "#0"},
				"west": {"uv": [10.5, 0, 0, 8], "rotation": 180, "texture": "#0"},
				"up": {"uv": [0, 0, 10, 10], "rotation": 180, "texture": "#0"}
			}
		},
		{
			"from": [15.625, 4.1875, 10.625],
			"to": [17, 6.0625, 12.125],
			"rotation": {"angle": -45, "axis": "x", "origin": [15.375, 3.0625, 12.375]},
			"faces": {
				"north": {"uv": [14, 3, 7, 11], "rotation": 180, "texture": "#0"},
				"east": {"uv": [10, 5.5, 3, 13.5], "rotation": 180, "texture": "#0"},
				"south": {"uv": [7, 7, 0, 15], "rotation": 180, "texture": "#0"},
				"west": {"uv": [9.5, 2, 2.5, 10], "rotation": 180, "texture": "#0"},
				"up": {"uv": [0, 0, 10, 10], "rotation": 180, "texture": "#0"}
			}
		},
		{
			"from": [15.625, -1.4375, 9],
			"to": [17, 1.4375, 10.5],
			"rotation": {"angle": 22.5, "axis": "x", "origin": [15.375, -1.5625, 10.75]},
			"faces": {
				"north": {"uv": [9.5, 2, 2.5, 13], "rotation": 180, "texture": "#0"},
				"east": {"uv": [9.5, 2, 2.5, 13], "rotation": 180, "texture": "#0"},
				"west": {"uv": [9.5, 2, 2.5, 13], "rotation": 180, "texture": "#0"}
			}
		},
		{
			"from": [15.5, -4.6875, 14.125],
			"to": [17.25, -1.1875, 18.625],
			"rotation": {"angle": 22.5, "axis": "x", "origin": [8.75, 6.25, 23.25]},
			"faces": {
				"east": {"uv": [16, 0, 0, 14], "texture": "#0"},
				"south": {"uv": [10, 0, 0, 6], "texture": "#0"},
				"west": {"uv": [16, 2, 0, 16], "texture": "#0"},
				"up": {"uv": [8, 0, 0, 16], "texture": "#0"},
				"down": {"uv": [8, 0, 0, 16], "texture": "#0"}
			}
		},
		{
			"from": [0.875, -0.9375, -0.125],
			"to": [3.375, 1.5625, 2.375],
			"rotation": {"angle": 0, "axis": "y", "origin": [9.375, 8, 8.125]},
			"faces": {
				"north": {"uv": [0, 0, 16, 16], "rotation": 180, "texture": "#0"},
				"east": {"uv": [0, 0, 16, 16], "rotation": 180, "texture": "#0"},
				"south": {"uv": [0, 0, 16, 16], "rotation": 180, "texture": "#0"},
				"up": {"uv": [0, 0, 16, 16], "rotation": 180, "texture": "#0"}
			}
		},
		{
			"from": [13.625, -0.9375, -1.125],
			"to": [16.125, 1.5625, 1.375],
			"rotation": {"angle": 0, "axis": "y", "origin": [7.625, 8, 7.125]},
			"faces": {
				"north": {"uv": [16, 0, 0, 16], "rotation": 180, "texture": "#0"},
				"east": {"uv": [16, 0, 0, 16], "rotation": 180, "texture": "#0"},
				"south": {"uv": [16, 0, 0, 16], "rotation": 180, "texture": "#0"},
				"west": {"uv": [16, 0, 0, 16], "rotation": 180, "texture": "#0"},
				"up": {"uv": [16, 0, 0, 16], "rotation": 180, "texture": "#0"}
			}
		},
		{
			"from": [15, -0.4375, 13.625],
			"to": [17.5, 2.0625, 16.125],
			"rotation": {"angle": 0, "axis": "y", "origin": [9, 8.5, 7.875]},
			"faces": {
				"north": {"uv": [0, 0, 16, 16], "rotation": 180, "texture": "#0"},
				"east": {"uv": [0, 0, 16, 16], "rotation": 180, "texture": "#0"},
				"south": {"uv": [0, 0, 16, 16], "rotation": 180, "texture": "#0"},
				"west": {"uv": [0, 0, 16, 16], "rotation": 180, "texture": "#0"},
				"up": {"uv": [16, 16, 0, 0], "rotation": 180, "texture": "#0"}
			}
		},
		{
			"from": [1.875, -0.4375, -1.625],
			"to": [5.375, 1.0625, 0.875],
			"rotation": {"angle": 0, "axis": "y", "origin": [11.375, 7.5, 6.625]},
			"faces": {
				"north": {"uv": [0, 0, 16, 10], "rotation": 180, "texture": "#0"},
				"east": {"uv": [0, 0, 11.5, 10], "rotation": 180, "texture": "#0"},
				"south": {"uv": [0, 0, 16, 10], "rotation": 180, "texture": "#0"},
				"up": {"uv": [0, 0, 16, 11.5], "rotation": 180, "texture": "#0"}
			}
		},
		{
			"from": [14.375, -0.4375, -1.625],
			"to": [17.875, 1.0625, 0.875],
			"rotation": {"angle": 0, "axis": "y", "origin": [8.375, 7.5, 6.625]},
			"faces": {
				"north": {"uv": [16, 0, 0, 10], "rotation": 180, "texture": "#0"},
				"east": {"uv": [11.5, 0, 0, 10], "rotation": 180, "texture": "#0"},
				"south": {"uv": [16, 0, 0, 10], "rotation": 180, "texture": "#0"},
				"west": {"uv": [11.5, 0, 0, 10], "rotation": 180, "texture": "#0"},
				"up": {"uv": [16, 0, 0, 11.5], "rotation": 180, "texture": "#0"}
			}
		},
		{
			"from": [14.375, -0.4375, 15.375],
			"to": [17.875, 1.0625, 17.875],
			"rotation": {"angle": 0, "axis": "y", "origin": [8.375, 7.5, 9.625]},
			"faces": {
				"north": {"uv": [0, 0, 16, 10], "rotation": 180, "texture": "#0"},
				"east": {"uv": [0, 0, 11.5, 10], "rotation": 180, "texture": "#0"},
				"south": {"uv": [0, 0, 16, 10], "rotation": 180, "texture": "#0"},
				"west": {"uv": [0, 0, 11.5, 10], "rotation": 180, "texture": "#0"},
				"up": {"uv": [16, 11.5, 0, 0], "rotation": 180, "texture": "#0"}
			}
		},
		{
			"from": [2.25, -0.5, 3.5],
			"to": [3.25, 0.25, 16],
			"rotation": {"angle": 0, "axis": "y", "origin": [10, 7.5, 8]},
			"faces": {
				"north": {"uv": [0, 0, 4, 1.5], "texture": "#1"},
				"east": {"uv": [1.5, 0, 4, 16], "rotation": 90, "texture": "#1"},
				"west": {"uv": [0, 0, 2, 16], "rotation": 90, "texture": "#1"},
				"up": {"uv": [0, 0, 3, 16], "texture": "#1"}
			}
		},
		{
			"from": [1.5, 7, 15],
			"to": [4, 10, 17],
			"rotation": {"angle": 0, "axis": "y", "origin": [10, 7.5, 10.5]},
			"faces": {
				"north": {"uv": [0, 9, 7, 16], "texture": "#1"},
				"east": {"uv": [9, 4, 14, 11], "texture": "#1"},
				"south": {"uv": [5.5, 9, 12.5, 16], "texture": "#1"},
				"west": {"uv": [3.5, 4, 8.5, 11], "texture": "#1"},
				"up": {"uv": [3.5, 4, 8.5, 11], "texture": "#1"},
				"down": {"uv": [8.5, 6.5, 13.5, 13.5], "texture": "#1"}
			}
		},
		{
			"from": [2, 16, 14.875],
			"to": [3.5, 19, 16.25],
			"rotation": {"angle": -45, "axis": "x", "origin": [4, 10, 17]},
			"faces": {
				"north": {"uv": [0, 9, 4, 16], "texture": "#1"},
				"east": {"uv": [9, 4, 13, 11], "texture": "#1"},
				"south": {"uv": [5, 4, 9, 11], "texture": "#1"},
				"west": {"uv": [4.5, 3, 8.5, 10], "texture": "#1"},
				"up": {"uv": [7.5, 2.5, 12.5, 6.5], "texture": "#1"},
				"down": {"uv": [4.5, 6, 9.5, 10], "texture": "#1"}
			}
		},
		{
			"from": [2.25, 1, 15.5],
			"to": [3.25, 8.625, 16.25],
			"rotation": {"angle": 22.5, "axis": "x", "origin": [10, 7.5, 10.5]},
			"faces": {
				"north": {"uv": [1.5, 0, 3.5, 16], "texture": "#1"},
				"east": {"uv": [2.5, 0, 4, 16], "texture": "#1"},
				"south": {"uv": [5, 0, 7, 16], "texture": "#1"},
				"west": {"uv": [0, 0, 1.5, 16], "texture": "#1"}
			}
		},
		{
			"from": [2, 9.5, 15.5],
			"to": [3.5, 19.5, 16.5],
			"rotation": {"angle": 0, "axis": "y", "origin": [10, 17.5, 10.5]},
			"faces": {
				"north": {"uv": [0, 0, 3.5, 16], "texture": "#1"},
				"east": {"uv": [1.5, 0, 3.5, 16], "texture": "#1"},
				"south": {"uv": [7, 0, 10.5, 16], "texture": "#1"},
				"west": {"uv": [0, 0, 2, 16], "texture": "#1"}
			}
		},
		{
			"from": [2, 19.5, 2],
			"to": [3.5, 20.5, 16.5],
			"rotation": {"angle": 0, "axis": "x", "origin": [2, 19.5, 16.5]},
			"faces": {
				"north": {"uv": [0, 0, 4.5, 2.5], "rotation": 180, "texture": "#1"},
				"east": {"uv": [1.5, 0, 3.5, 16], "rotation": 270, "texture": "#1"},
				"south": {"uv": [0, 0, 4.5, 2.5], "texture": "#1"},
				"west": {"uv": [0, 0, 2, 16], "rotation": 90, "texture": "#1"},
				"up": {"uv": [0, 0, 3.5, 16], "rotation": 180, "texture": "#1"},
				"down": {"uv": [7, 0, 10.5, 16], "texture": "#1"}
			}
		},
		{
			"from": [2.25, 8.75, 15.5],
			"to": [3.25, 24, 16.5],
			"rotation": {"angle": -45, "axis": "x", "origin": [2, 8.75, 15.5]},
			"faces": {
				"north": {"uv": [11, 0, 13, 16], "texture": "#2"},
				"east": {"uv": [0, 7.5, 16, 9.5], "rotation": 90, "texture": "#2"},
				"south": {"uv": [3, 0, 5, 16], "rotation": 180, "texture": "#2"},
				"west": {"uv": [0, 2.5, 16, 4.5], "rotation": 270, "texture": "#2"}
			}
		},
		{
			"from": [2, -0.5, 15.5],
			"to": [3.5, 9.5, 16.5],
			"rotation": {"angle": 0, "axis": "y", "origin": [10, 7.5, 10.5]},
			"faces": {
				"north": {"uv": [0, 0, 3.5, 16], "texture": "#1"},
				"east": {"uv": [1.5, 0, 3.5, 16], "texture": "#1"},
				"south": {"uv": [7, 0, 10.5, 16], "texture": "#1"},
				"west": {"uv": [0, 0, 2, 16], "texture": "#1"}
			}
		},
		{
			"from": [3.25, -0.5, 12.5],
			"to": [3.75, 0.25, 14.375],
			"rotation": {"angle": 0, "axis": "y", "origin": [10, 7.5, 8]},
			"faces": {
				"north": {"uv": [0, 0, 2.5, 4], "texture": "#1"},
				"east": {"uv": [0, 5.5, 8, 9.5], "texture": "#1"},
				"south": {"uv": [5, 0, 7.5, 4], "texture": "#1"},
				"up": {"uv": [0, 0, 8, 4], "rotation": 90, "texture": "#1"}
			}
		},
		{
			"from": [1.75, -0.5, 12.5],
			"to": [2.25, 0.25, 14.375],
			"rotation": {"angle": 0, "axis": "y", "origin": [-4.5, 7.5, 8]},
			"faces": {
				"north": {"uv": [2.5, 0, 0, 4], "texture": "#1"},
				"south": {"uv": [7.5, 0, 5, 4], "texture": "#1"},
				"west": {"uv": [8, 5.5, 0, 9.5], "texture": "#1"},
				"up": {"uv": [0, 4, 8, 0], "rotation": 90, "texture": "#1"}
			}
		},
		{
			"from": [3.5, 0.25, 12.5],
			"to": [3.75, 1.125, 14.375],
			"rotation": {"angle": 0, "axis": "y", "origin": [10, 7.5, 8]},
			"faces": {
				"north": {"uv": [0, 0, 1.5, 4], "texture": "#1"},
				"east": {"uv": [0, 0, 8, 4], "texture": "#1"},
				"south": {"uv": [6.5, 0, 8, 4], "texture": "#1"},
				"west": {"uv": [8, 0, 16, 4], "texture": "#1"},
				"up": {"uv": [0, 0, 1.5, 5.5], "texture": "#1"}
			}
		},
		{
			"from": [1.75, 0.25, 12.5],
			"to": [2, 1.125, 14.375],
			"rotation": {"angle": 0, "axis": "y", "origin": [-4.5, 7.5, 8]},
			"faces": {
				"north": {"uv": [1.5, 0, 0, 4], "texture": "#1"},
				"east": {"uv": [16, 0, 8, 4], "texture": "#1"},
				"south": {"uv": [8, 0, 6.5, 4], "texture": "#1"},
				"west": {"uv": [8, 0, 0, 4], "texture": "#1"},
				"up": {"uv": [1.5, 0, 0, 5.5], "texture": "#1"}
			}
		},
		{
			"from": [1.625, 0.375, 13.25],
			"to": [3.875, 0.875, 13.75],
			"rotation": {"angle": 0, "axis": "y", "origin": [8.25, 7.625, 8.125]},
			"faces": {
				"north": {"uv": [1, 0, 7, 1], "texture": "#4"},
				"east": {"uv": [0, 0, 2, 2], "texture": "#4"},
				"south": {"uv": [1, 0, 7, 1], "texture": "#4"},
				"west": {"uv": [0, 0, 2, 2], "texture": "#4"},
				"up": {"uv": [1, 0, 7, 1], "texture": "#4"},
				"down": {"uv": [1, 0, 7, 1], "texture": "#4"}
			}
		},
		{
			"from": [1.25, 9, 15.625],
			"to": [4.25, 9.75, 16.375],
			"rotation": {"angle": 0, "axis": "y", "origin": [8.25, 16.5, 10.625]},
			"faces": {
				"north": {"uv": [3.5, 5, 13.5, 7.5], "texture": "#4"},
				"east": {"uv": [5, 6, 7.5, 8.5], "texture": "#4"},
				"south": {"uv": [3, 9, 13, 11.5], "texture": "#4"},
				"west": {"uv": [9, 9.5, 11.5, 12], "texture": "#4"},
				"up": {"uv": [3.5, 5.5, 13.5, 8], "texture": "#4"},
				"down": {"uv": [1.5, 8.5, 11.5, 11], "texture": "#4"}
			}
		},
		{
			"from": [1.75, 13.875, 10.25],
			"to": [3.75, 14.625, 11],
			"rotation": {"angle": 0, "axis": "y", "origin": [8.25, 16.5, 10.625]},
			"faces": {
				"north": {"uv": [3.5, 5, 13.5, 7.5], "texture": "#4"},
				"east": {"uv": [5, 6, 7.5, 8.5], "texture": "#4"},
				"south": {"uv": [3, 9, 13, 11.5], "texture": "#4"},
				"west": {"uv": [9, 9.5, 11.5, 12], "texture": "#4"},
				"up": {"uv": [3.5, 5.5, 13.5, 8], "texture": "#4"},
				"down": {"uv": [1.5, 8.5, 11.5, 11], "texture": "#4"}
			}
		},
		{
			"from": [1.25, 7.25, 15.625],
			"to": [4.25, 8, 16.375],
			"rotation": {"angle": 0, "axis": "y", "origin": [8.25, 14.75, 10.625]},
			"faces": {
				"north": {"uv": [3.5, 5, 13.5, 7.5], "texture": "#4"},
				"east": {"uv": [5, 6, 7.5, 8.5], "texture": "#4"},
				"south": {"uv": [3, 9, 13, 11.5], "texture": "#4"},
				"west": {"uv": [9, 9.5, 11.5, 12], "texture": "#4"},
				"up": {"uv": [3.5, 5.5, 13.5, 8], "texture": "#4"},
				"down": {"uv": [1.5, 8.5, 11.5, 11], "texture": "#4"}
			}
		},
		{
			"from": [1.5, -0.5, 15],
			"to": [4, 1, 17],
			"rotation": {"angle": 0, "axis": "y", "origin": [10, -1.5, 10.5]},
			"faces": {
				"north": {"uv": [5.5, 9, 12.5, 12.5], "texture": "#1"},
				"east": {"uv": [8, 6, 13, 9], "texture": "#1"},
				"south": {"uv": [5.5, 9, 12.5, 12.5], "texture": "#1"},
				"west": {"uv": [3.5, 4, 8.5, 7], "texture": "#1"},
				"up": {"uv": [3.5, 4, 8.5, 11], "texture": "#1"}
			}
		},
		{
			"from": [12.75, -0.5, 3.5],
			"to": [13.75, 0.25, 16],
			"rotation": {"angle": 0, "axis": "y", "origin": [6, 7.5, 8]},
			"faces": {
				"north": {"uv": [4, 0, 0, 1.5], "texture": "#1"},
				"east": {"uv": [0, 16, 2, 0], "rotation": 90, "texture": "#1"},
				"west": {"uv": [1.5, 16, 4, 0], "rotation": 90, "texture": "#1"},
				"up": {"uv": [3, 0, 0, 16], "texture": "#1"}
			}
		},
		{
			"from": [12, 7, 15],
			"to": [14.5, 10, 17],
			"rotation": {"angle": 0, "axis": "y", "origin": [6, 7.5, 10.5]},
			"faces": {
				"north": {"uv": [7, 9, 0, 16], "texture": "#1"},
				"east": {"uv": [8.5, 4, 3.5, 11], "texture": "#1"},
				"south": {"uv": [12.5, 9, 5.5, 16], "texture": "#1"},
				"west": {"uv": [14, 4, 9, 11], "texture": "#1"},
				"up": {"uv": [8.5, 4, 3.5, 11], "texture": "#1"},
				"down": {"uv": [13.5, 6.5, 8.5, 13.5], "texture": "#1"}
			}
		},
		{
			"from": [12, -0.5, 15],
			"to": [14.5, 1, 17],
			"rotation": {"angle": 0, "axis": "y", "origin": [6, -1.5, 10.5]},
			"faces": {
				"north": {"uv": [12.5, 9, 5.5, 12.5], "texture": "#1"},
				"east": {"uv": [8.5, 4, 3.5, 7], "texture": "#1"},
				"south": {"uv": [12.5, 9, 5.5, 12.5], "texture": "#1"},
				"west": {"uv": [13, 6, 8, 9], "texture": "#1"},
				"up": {"uv": [8.5, 4, 3.5, 11], "texture": "#1"}
			}
		},
		{
			"from": [12.5, 16, 14.875],
			"to": [14, 19, 16.25],
			"rotation": {"angle": -45, "axis": "x", "origin": [12, 10, 17]},
			"faces": {
				"north": {"uv": [4, 9, 0, 16], "texture": "#1"},
				"east": {"uv": [8.5, 3, 4.5, 10], "texture": "#1"},
				"south": {"uv": [9, 4, 5, 11], "texture": "#1"},
				"west": {"uv": [13, 4, 9, 11], "texture": "#1"},
				"up": {"uv": [12.5, 2.5, 7.5, 6.5], "texture": "#1"},
				"down": {"uv": [9.5, 6, 4.5, 10], "texture": "#1"}
			}
		},
		{
			"from": [12.75, 1, 15.5],
			"to": [13.75, 8.625, 16.25],
			"rotation": {"angle": 22.5, "axis": "x", "origin": [6, 7.5, 10.5]},
			"faces": {
				"north": {"uv": [3.5, 0, 1.5, 16], "texture": "#1"},
				"east": {"uv": [1.5, 0, 0, 16], "texture": "#1"},
				"south": {"uv": [7, 0, 5, 16], "texture": "#1"},
				"west": {"uv": [4, 0, 2.5, 16], "texture": "#1"}
			}
		},
		{
			"from": [12.5, 9.5, 15.5],
			"to": [14, 19.5, 16.5],
			"rotation": {"angle": 0, "axis": "y", "origin": [6, 17.5, 10.5]},
			"faces": {
				"north": {"uv": [3.5, 0, 0, 16], "texture": "#1"},
				"east": {"uv": [2, 0, 0, 16], "texture": "#1"},
				"south": {"uv": [10.5, 0, 7, 16], "texture": "#1"},
				"west": {"uv": [3.5, 0, 1.5, 16], "texture": "#1"}
			}
		},
		{
			"from": [12.5, 19.5, 2],
			"to": [14, 20.5, 16.5],
			"rotation": {"angle": 0, "axis": "x", "origin": [14, 19.5, 16.5]},
			"faces": {
				"north": {"uv": [4.5, 0, 0, 2.5], "rotation": 180, "texture": "#1"},
				"east": {"uv": [0, 16, 2, 0], "rotation": 90, "texture": "#1"},
				"south": {"uv": [4.5, 0, 0, 2.5], "texture": "#1"},
				"west": {"uv": [1.5, 16, 3.5, 0], "rotation": 270, "texture": "#1"},
				"up": {"uv": [3.5, 0, 0, 16], "rotation": 180, "texture": "#1"},
				"down": {"uv": [10.5, 0, 7, 16], "texture": "#1"}
			}
		},
		{
			"from": [12.75, 8.75, 15.5],
			"to": [13.75, 24, 16.5],
			"rotation": {"angle": -45, "axis": "x", "origin": [14, 8.75, 15.5]},
			"faces": {
				"north": {"uv": [13, 0, 11, 16], "texture": "#2"},
				"east": {"uv": [0, 4.5, 16, 2.5], "rotation": 270, "texture": "#2"},
				"south": {"uv": [5, 0, 3, 16], "rotation": 180, "texture": "#2"},
				"west": {"uv": [0, 9.5, 16, 7.5], "rotation": 90, "texture": "#2"}
			}
		},
		{
			"from": [12.5, -0.5, 15.5],
			"to": [14, 9.5, 16.5],
			"rotation": {"angle": 0, "axis": "y", "origin": [6, 7.5, 10.5]},
			"faces": {
				"north": {"uv": [3.5, 0, 0, 16], "texture": "#1"},
				"east": {"uv": [2, 0, 0, 16], "texture": "#1"},
				"south": {"uv": [10.5, 0, 7, 16], "texture": "#1"},
				"west": {"uv": [3.5, 0, 1.5, 16], "texture": "#1"}
			}
		},
		{
			"from": [12.25, -0.5, 12.5],
			"to": [12.75, 0.25, 14.375],
			"rotation": {"angle": 0, "axis": "y", "origin": [6, 7.5, 8]},
			"faces": {
				"north": {"uv": [2.5, 0, 0, 4], "texture": "#1"},
				"south": {"uv": [7.5, 0, 5, 4], "texture": "#1"},
				"west": {"uv": [8, 5.5, 0, 9.5], "texture": "#1"},
				"up": {"uv": [0, 4, 8, 0], "rotation": 90, "texture": "#1"}
			}
		},
		{
			"from": [13.75, -0.5, 12.5],
			"to": [14.25, 0.25, 14.375],
			"rotation": {"angle": 0, "axis": "y", "origin": [20.5, 7.5, 8]},
			"faces": {
				"north": {"uv": [0, 0, 2.5, 4], "texture": "#1"},
				"east": {"uv": [0, 5.5, 8, 9.5], "texture": "#1"},
				"south": {"uv": [5, 0, 7.5, 4], "texture": "#1"},
				"up": {"uv": [0, 0, 8, 4], "rotation": 90, "texture": "#1"}
			}
		},
		{
			"from": [12.25, 0.25, 12.5],
			"to": [12.5, 1.125, 14.375],
			"rotation": {"angle": 0, "axis": "y", "origin": [6, 7.5, 8]},
			"faces": {
				"north": {"uv": [1.5, 0, 0, 4], "texture": "#1"},
				"east": {"uv": [16, 0, 8, 4], "texture": "#1"},
				"south": {"uv": [8, 0, 6.5, 4], "texture": "#1"},
				"west": {"uv": [8, 0, 0, 4], "texture": "#1"},
				"up": {"uv": [1.5, 0, 0, 5.5], "texture": "#1"}
			}
		},
		{
			"from": [14, 0.25, 12.5],
			"to": [14.25, 1.125, 14.375],
			"rotation": {"angle": 0, "axis": "y", "origin": [20.5, 7.5, 8]},
			"faces": {
				"north": {"uv": [0, 0, 1.5, 4], "texture": "#1"},
				"east": {"uv": [0, 0, 8, 4], "texture": "#1"},
				"south": {"uv": [6.5, 0, 8, 4], "texture": "#1"},
				"west": {"uv": [8, 0, 16, 4], "texture": "#1"},
				"up": {"uv": [0, 0, 1.5, 5.5], "texture": "#1"}
			}
		},
		{
			"from": [12.125, 0.375, 13.25],
			"to": [14.375, 0.875, 13.75],
			"rotation": {"angle": 0, "axis": "y", "origin": [7.75, 7.625, 8.125]},
			"faces": {
				"north": {"uv": [7, 0, 1, 1], "texture": "#4"},
				"east": {"uv": [2, 0, 0, 2], "texture": "#4"},
				"south": {"uv": [7, 0, 1, 1], "texture": "#4"},
				"west": {"uv": [2, 0, 0, 2], "texture": "#4"},
				"up": {"uv": [7, 0, 1, 1], "texture": "#4"},
				"down": {"uv": [7, 0, 1, 1], "texture": "#4"}
			}
		},
		{
			"from": [11.75, 9, 15.625],
			"to": [14.75, 9.75, 16.375],
			"rotation": {"angle": 0, "axis": "y", "origin": [7.75, 16.5, 10.625]},
			"faces": {
				"north": {"uv": [13.5, 5, 3.5, 7.5], "texture": "#4"},
				"east": {"uv": [11.5, 9.5, 9, 12], "texture": "#4"},
				"south": {"uv": [13, 9, 3, 11.5], "texture": "#4"},
				"west": {"uv": [7.5, 6, 5, 8.5], "texture": "#4"},
				"up": {"uv": [13.5, 5.5, 3.5, 8], "texture": "#4"},
				"down": {"uv": [11.5, 8.5, 1.5, 11], "texture": "#4"}
			}
		},
		{
			"from": [12.25, 13.875, 10.25],
			"to": [14.25, 14.625, 11],
			"rotation": {"angle": 0, "axis": "y", "origin": [7.75, 16.5, 10.625]},
			"faces": {
				"north": {"uv": [13.5, 5, 3.5, 7.5], "texture": "#4"},
				"east": {"uv": [11.5, 9.5, 9, 12], "texture": "#4"},
				"south": {"uv": [13, 9, 3, 11.5], "texture": "#4"},
				"west": {"uv": [7.5, 6, 5, 8.5], "texture": "#4"},
				"up": {"uv": [13.5, 5.5, 3.5, 8], "texture": "#4"},
				"down": {"uv": [11.5, 8.5, 1.5, 11], "texture": "#4"}
			}
		},
		{
			"from": [11.75, 7.25, 15.625],
			"to": [14.75, 8, 16.375],
			"rotation": {"angle": 0, "axis": "y", "origin": [7.75, 14.75, 10.625]},
			"faces": {
				"north": {"uv": [13.5, 5, 3.5, 7.5], "texture": "#4"},
				"east": {"uv": [11.5, 9.5, 9, 12], "texture": "#4"},
				"south": {"uv": [13, 9, 3, 11.5], "texture": "#4"},
				"west": {"uv": [7.5, 6, 5, 8.5], "texture": "#4"},
				"up": {"uv": [13.5, 5.5, 3.5, 8], "texture": "#4"},
				"down": {"uv": [11.5, 8.5, 1.5, 11], "texture": "#4"}
			}
		},
		{
			"from": [2.875, 2.375, 15.501],
			"to": [3.75, 8, 16.501],
			"rotation": {"angle": 45, "axis": "z", "origin": [4, 8, 15.5]},
			"faces": {
				"north": {"uv": [9, 0, 12, 16], "texture": "#1"},
				"east": {"uv": [5, 0, 8, 16], "texture": "#1"},
				"south": {"uv": [5, 0, 8, 16], "texture": "#1"},
				"west": {"uv": [11.5, 0, 14.5, 16], "texture": "#1"}
			}
		},
		{
			"from": [2.875, -0.5, 15.5],
			"to": [3.75, 5.125, 16.5],
			"rotation": {"angle": -45, "axis": "z", "origin": [4, -0.5, 15.5]},
			"faces": {
				"north": {"uv": [9, 16, 12, 0], "texture": "#1"},
				"east": {"uv": [5, 16, 8, 0], "texture": "#1"},
				"south": {"uv": [5, 16, 8, 0], "texture": "#1"},
				"west": {"uv": [11.5, 16, 14.5, 0], "texture": "#1"}
			}
		},
		{
			"from": [6.5, 2.5, 15],
			"to": [9.5, 5, 17],
			"rotation": {"angle": 0, "axis": "z", "origin": [6, 7.5, 10.5]},
			"faces": {
				"north": {"uv": [7, 9, 0, 16], "rotation": 270, "texture": "#1"},
				"east": {"uv": [8.5, 4, 3.5, 11], "rotation": 90, "texture": "#1"},
				"south": {"uv": [12.5, 9, 5.5, 16], "rotation": 90, "texture": "#1"},
				"west": {"uv": [13.5, 6.5, 8.5, 13.5], "rotation": 90, "texture": "#1"},
				"up": {"uv": [14, 4, 9, 11], "rotation": 90, "texture": "#1"},
				"down": {"uv": [8.5, 4, 3.5, 11], "rotation": 90, "texture": "#1"}
			}
		},
		{
			"from": [8.5, 3.375, 14.75],
			"to": [9.25, 4.125, 17.25],
			"rotation": {"angle": 0, "axis": "x", "origin": [8, 3.5, 16]},
			"faces": {
				"north": {"uv": [7.5, 6, 5, 8.5], "rotation": 270, "texture": "#4"},
				"east": {"uv": [13.5, 5.5, 3.5, 8], "rotation": 180, "texture": "#4"},
				"south": {"uv": [11.5, 9.5, 9, 12], "rotation": 90, "texture": "#4"},
				"west": {"uv": [11.5, 8.5, 1.5, 11], "texture": "#4"},
				"up": {"uv": [13, 9, 3, 11.5], "rotation": 90, "texture": "#4"},
				"down": {"uv": [13.5, 5, 3.5, 7.5], "rotation": 90, "texture": "#4"}
			}
		},
		{
			"from": [8.5, 2.25, 15.625],
			"to": [9.25, 5.25, 16.375],
			"rotation": {"angle": 0, "axis": "z", "origin": [6, 7.5, 10.5]},
			"faces": {
				"north": {"uv": [13.5, 5, 3.5, 7.5], "rotation": 270, "texture": "#4"},
				"east": {"uv": [13.5, 5.5, 3.5, 8], "rotation": 90, "texture": "#4"},
				"south": {"uv": [13, 9, 3, 11.5], "rotation": 90, "texture": "#4"},
				"west": {"uv": [11.5, 8.5, 1.5, 11], "rotation": 90, "texture": "#4"},
				"up": {"uv": [7.5, 6, 5, 8.5], "rotation": 90, "texture": "#4"},
				"down": {"uv": [11.5, 9.5, 9, 12], "rotation": 90, "texture": "#4"}
			}
		},
		{
			"from": [6.75, 2.25, 15.625],
			"to": [7.5, 5.25, 16.375],
			"rotation": {"angle": 0, "axis": "z", "origin": [6, 7.5, 10.5]},
			"faces": {
				"north": {"uv": [13.5, 5, 3.5, 7.5], "rotation": 270, "texture": "#4"},
				"east": {"uv": [13.5, 5.5, 3.5, 8], "rotation": 90, "texture": "#4"},
				"south": {"uv": [13, 9, 3, 11.5], "rotation": 90, "texture": "#4"},
				"west": {"uv": [11.5, 8.5, 1.5, 11], "rotation": 90, "texture": "#4"},
				"up": {"uv": [7.5, 6, 5, 8.5], "rotation": 90, "texture": "#4"},
				"down": {"uv": [11.5, 9.5, 9, 12], "rotation": 90, "texture": "#4"}
			}
		},
		{
			"from": [6.75, 3.375, 14.75],
			"to": [7.5, 4.125, 17.25],
			"rotation": {"angle": 0, "axis": "x", "origin": [8, 3.5, 16]},
			"faces": {
				"north": {"uv": [7.5, 6, 5, 8.5], "rotation": 270, "texture": "#4"},
				"east": {"uv": [13.5, 5.5, 3.5, 8], "rotation": 180, "texture": "#4"},
				"south": {"uv": [11.5, 9.5, 9, 12], "rotation": 90, "texture": "#4"},
				"west": {"uv": [11.5, 8.5, 1.5, 11], "texture": "#4"},
				"up": {"uv": [13, 9, 3, 11.5], "rotation": 90, "texture": "#4"},
				"down": {"uv": [13.5, 5, 3.5, 7.5], "rotation": 90, "texture": "#4"}
			}
		},
		{
			"from": [12.25, -0.5, 15.5],
			"to": [13.125, 5.125, 16.5],
			"rotation": {"angle": 45, "axis": "z", "origin": [12, -0.5, 15.5]},
			"faces": {
				"north": {"uv": [12, 16, 9, 0], "texture": "#1"},
				"east": {"uv": [14.5, 16, 11.5, 0], "texture": "#1"},
				"south": {"uv": [8, 16, 5, 0], "texture": "#1"},
				"west": {"uv": [8, 16, 5, 0], "texture": "#1"}
			}
		},
		{
			"from": [12.25, 2.375, 15.501],
			"to": [13.125, 8, 16.501],
			"rotation": {"angle": -45, "axis": "z", "origin": [12, 8, 15.5]},
			"faces": {
				"north": {"uv": [12, 0, 9, 16], "texture": "#1"},
				"east": {"uv": [14.5, 0, 11.5, 16], "texture": "#1"},
				"south": {"uv": [8, 0, 5, 16], "texture": "#1"},
				"west": {"uv": [8, 0, 5, 16], "texture": "#1"}
			}
		},
		{
			"name": "hammer",
			"from": [-1.375, 3.05469, -0.25],
			"to": [2.125, 3.55469, 0.25],
			"rotation": {"angle": 45, "axis": "y", "origin": [0.9375, 3.33594, 0.1875]},
			"faces": {
				"north": {"uv": [0, 11, 16, 16], "texture": "#5"},
				"east": {"uv": [0, 11, 5, 16], "rotation": 90, "texture": "#5"},
				"south": {"uv": [0, 11, 16, 16], "texture": "#5"},
				"west": {"uv": [0, 11, 5, 16], "rotation": 90, "texture": "#5"},
				"up": {"uv": [0, 11, 16, 16], "texture": "#5"},
				"down": {"uv": [0, 11, 16, 16], "rotation": 180, "texture": "#5"}
			}
		},
		{
			"name": "hammer",
			"from": [1.125, 3.05469, -0.5],
			"to": [1.875, 3.67969, 1.25],
			"rotation": {"angle": 45, "axis": "y", "origin": [0.9375, 3.33594, 0.1875]},
			"faces": {
				"north": {"uv": [9, 8, 12, 9.5], "texture": "#2"},
				"east": {"uv": [7, 11, 12, 12.5], "texture": "#2"},
				"south": {"uv": [6, 6, 9, 7.5], "texture": "#2"},
				"west": {"uv": [6, 6, 11, 7.5], "texture": "#2"},
				"up": {"uv": [6, 6, 11, 9.5], "rotation": 270, "texture": "#2"},
				"down": {"uv": [0, 11, 16, 16], "rotation": 180, "texture": "#2"}
			}
		},
		{
			"name": "wrench",
			"from": [10.75, -0.44531, 0.375],
			"to": [11.5, 0.05469, 4],
			"rotation": {"angle": 45, "axis": "y", "origin": [11.395, -0.19218, 0.18324]},
			"faces": {
				"east": {"uv": [0.5, 8.5, 1, 9], "rotation": 270, "texture": "#6"},
				"south": {"uv": [0.5, 8.5, 1, 9], "rotation": 270, "texture": "#6"},
				"west": {"uv": [0.5, 8.5, 1, 9], "rotation": 270, "texture": "#6"},
				"up": {"uv": [0.5, 8.5, 1, 9], "rotation": 270, "texture": "#6"},
				"down": {"uv": [0.5, 8.5, 1, 9], "rotation": 270, "texture": "#6"}
			}
		},
		{
			"name": "wrench",
			"from": [10.5, -0.44531, -0.5],
			"to": [11.5, 0.05469, 0.375],
			"rotation": {"angle": 45, "axis": "y", "origin": [11.395, -0.19218, 0.18324]},
			"faces": {
				"north": {"uv": [0.5, 8.5, 1, 9], "rotation": 270, "texture": "#6"},
				"west": {"uv": [0.5, 8.5, 1, 9], "rotation": 270, "texture": "#6"},
				"up": {"uv": [0.5, 8.5, 1, 9], "rotation": 270, "texture": "#6"},
				"down": {"uv": [0.5, 8.5, 1, 9], "rotation": 270, "texture": "#6"}
			}
		},
		{
			"name": "wrench",
			"from": [11.2297, -0.4454, 0.7085],
			"to": [12.1047, 0.0546, 1.0835],
			"rotation": {"angle": -22.5, "axis": "y", "origin": [11.395, -0.19218, 0.18324]},
			"faces": {
				"south": {"uv": [0.5, 8.5, 1, 9], "rotation": 270, "texture": "#6"},
				"up": {"uv": [0.5, 8.5, 1, 9], "rotation": 180, "texture": "#6"},
				"down": {"uv": [0.5, 8.5, 1, 9], "texture": "#6"}
			}
		},
		{
			"name": "wrench",
			"from": [11.5, -0.44531, -0.5],
			"to": [12, 0.05469, 0.375],
			"rotation": {"angle": 45, "axis": "y", "origin": [11.395, -0.19218, 0.18324]},
			"faces": {
				"north": {"uv": [0.5, 8.5, 1, 9], "rotation": 270, "texture": "#6"},
				"east": {"uv": [0.5, 8.5, 1, 9], "rotation": 270, "texture": "#6"},
				"up": {"uv": [0.5, 8.5, 1, 9], "rotation": 270, "texture": "#6"},
				"down": {"uv": [0.5, 8.5, 1, 9], "rotation": 270, "texture": "#6"}
			}
		},
		{
			"name": "wrench",
			"from": [11.5, -0.44531, 0.625],
			"to": [12, 0.05469, 0.875],
			"rotation": {"angle": 45, "axis": "y", "origin": [11.395, -0.19218, 0.18324]},
			"faces": {
				"east": {"uv": [0.5, 8.5, 1, 9], "rotation": 270, "texture": "#6"},
				"south": {"uv": [0.5, 8.5, 1, 9], "rotation": 270, "texture": "#6"},
				"up": {"uv": [0.5, 8.5, 1, 9], "rotation": 270, "texture": "#6"},
				"down": {"uv": [0.5, 8.5, 1, 9], "rotation": 270, "texture": "#6"}
			}
		},
		{
			"name": "wrench",
			"from": [11.5, -0.32031, -0.5],
			"to": [11.875, -0.07031, 1.25],
			"rotation": {"angle": 45, "axis": "y", "origin": [11.395, -0.19218, 0.18324]},
			"faces": {
				"east": {"uv": [0.5, 8.5, 1, 9], "rotation": 270, "texture": "#4"},
				"south": {"uv": [0.5, 8.5, 1, 9], "rotation": 270, "texture": "#4"},
				"up": {"uv": [0.5, 8.5, 1, 9], "rotation": 270, "texture": "#4"},
				"down": {"uv": [0.5, 8.5, 1, 9], "rotation": 270, "texture": "#4"}
			}
		},
		{
			"name": "wrench",
			"from": [10.625, -0.32031, -1.375],
			"to": [11.875, -0.07031, -1],
			"rotation": {"angle": 45, "axis": "y", "origin": [11.395, -0.19218, 0.18324]},
			"faces": {
				"north": {"uv": [0.5, 8.5, 1, 9], "rotation": 270, "texture": "#4"},
				"east": {"uv": [0.5, 8.5, 1, 9], "rotation": 270, "texture": "#4"},
				"south": {"uv": [0.5, 8.5, 1, 9], "rotation": 270, "texture": "#4"},
				"west": {"uv": [0.5, 8.5, 1, 9], "rotation": 270, "texture": "#4"},
				"up": {"uv": [0.5, 8.5, 1, 9], "rotation": 270, "texture": "#4"},
				"down": {"uv": [0.5, 8.5, 1, 9], "rotation": 270, "texture": "#4"}
			}
		},
		{
			"name": "wrench",
			"from": [10.625, -0.32031, -0.75],
			"to": [11.5, -0.07031, -0.5],
			"rotation": {"angle": 45, "axis": "y", "origin": [11.395, -0.19218, 0.18324]},
			"faces": {
				"north": {"uv": [3.5, 8, 4, 8.5], "rotation": 270, "texture": "#4"},
				"west": {"uv": [3.5, 8, 4, 8.5], "rotation": 270, "texture": "#4"},
				"up": {"uv": [3.5, 8, 4, 8.5], "rotation": 270, "texture": "#4"},
				"down": {"uv": [3.5, 8, 4, 8.5], "rotation": 270, "texture": "#4"}
			}
		},
		{
			"name": "wrench",
			"from": [11.5, -0.32031, -1],
			"to": [11.875, -0.07031, -0.5],
			"rotation": {"angle": 45, "axis": "y", "origin": [11.395, -0.19218, 0.18324]},
			"faces": {
				"east": {"uv": [0.5, 8.5, 1, 9], "rotation": 270, "texture": "#4"},
				"west": {"uv": [0.5, 8.5, 1, 9], "rotation": 270, "texture": "#4"},
				"up": {"uv": [0.5, 8.5, 1, 9], "rotation": 270, "texture": "#4"},
				"down": {"uv": [0.5, 8.5, 1, 9], "rotation": 270, "texture": "#4"}
			}
		},
		{
			"name": "wrench",
			"from": [11.5, -0.44531, 0.375],
			"to": [12.09375, 0.11719, 0.625],
			"rotation": {"angle": 45, "axis": "y", "origin": [11.395, -0.19218, 0.18324]},
			"faces": {
				"north": {"uv": [0.5, 8.5, 1, 9], "rotation": 270, "texture": "#4"},
				"east": {"uv": [0.5, 8.5, 1, 9], "rotation": 270, "texture": "#4"},
				"south": {"uv": [0.5, 8.5, 1, 9], "rotation": 270, "texture": "#4"},
				"west": {"uv": [0.5, 8.5, 1, 9], "rotation": 270, "texture": "#4"},
				"up": {"uv": [0.5, 8.5, 1, 9], "rotation": 270, "texture": "#4"},
				"down": {"uv": [0.5, 8.5, 1, 9], "rotation": 270, "texture": "#4"}
			}
		},
		{
			"from": [4.25, 8.5625, 4.875],
			"to": [11.75, 14.0625, 8.875],
			"rotation": {"angle": 0, "axis": "y", "origin": [15.25, 18, -0.875]},
			"faces": {
				"north": {"uv": [2.25, 5.375, 4.5, 6.875], "texture": "#7"},
				"east": {"uv": [2, 5.375, 0.625, 6.875], "rotation": 180, "texture": "#7"},
				"south": {"uv": [8.625, 5.375, 6.375, 6.875], "rotation": 180, "texture": "#7"},
				"west": {"uv": [6.125, 5.375, 4.75, 6.875], "rotation": 180, "texture": "#7"},
				"up": {"uv": [4.5, 3.75, 2.25, 5.125], "texture": "#7"},
				"down": {"uv": [7, 3.75, 4.75, 5.125], "texture": "#7"}
			}
		},
		{
			"from": [6.25, 14.0625, 3.875],
			"to": [9.5, 18.5625, 7.375],
			"rotation": {"angle": -22.5, "axis": "x", "origin": [9.5, 14.0625, 7.375]},
			"faces": {
				"north": {"uv": [2.625, 1.75, 1.625, 3], "texture": "#7"},
				"east": {"uv": [0.375, 1.75, 1.375, 3], "texture": "#7"},
				"south": {"uv": [4.125, 1.75, 5.125, 3], "texture": "#7"},
				"west": {"uv": [2.875, 1.75, 3.875, 3], "texture": "#7"},
				"up": {"uv": [1.625, 0.5, 2.625, 1.5], "rotation": 180, "texture": "#7"},
				"down": {"uv": [2.875, 0.5, 3.875, 1.5], "texture": "#7"}
			}
		},
		{
			"from": [7.5, 13.8125, 3.15625],
			"to": [8.25, 15.5625, 3.90625],
			"rotation": {"angle": -22.5, "axis": "x", "origin": [9.5, 14.0625, 7.40625]},
			"faces": {
				"north": {"uv": [5.125, 0.75, 4.875, 1.25], "texture": "#7"},
				"east": {"uv": [4.375, 0.75, 4.625, 1.25], "texture": "#7"},
				"south": {"uv": [6.125, 0.75, 5.875, 1.25], "texture": "#7"},
				"west": {"uv": [5.375, 0.75, 5.625, 1.25], "texture": "#7"},
				"up": {"uv": [4.875, 0.25, 5.125, 0.5], "rotation": 180, "texture": "#7"},
				"down": {"uv": [5.625, 0.25, 5.375, 0.5], "texture": "#7"}
			}
		},
		{
			"from": [6.25, 6.5625, 5.375],
			"to": [9.75, 8.5625, 8.375],
			"rotation": {"angle": 0, "axis": "y", "origin": [15.25, 10, -1.875]},
			"faces": {
				"north": {"uv": [1.625, 8.75, 2.75, 9.375], "texture": "#7"},
				"east": {"uv": [0.625, 8.75, 1.375, 9.375], "texture": "#7"},
				"south": {"uv": [4.125, 8.75, 3, 9.375], "texture": "#7"},
				"west": {"uv": [4.375, 8.75, 5.125, 9.375], "texture": "#7"},
				"down": {"uv": [3, 7.75, 4.125, 8.5], "rotation": 180, "texture": "#7"}
			}
		},
		{
			"from": [5.25, -0.3125, 5.8125],
			"to": [7.5, 6.6875, 7.875],
			"rotation": {"angle": 0, "axis": "y", "origin": [13.25, 8.125, -1.875]},
			"faces": {
				"north": {"uv": [13.875, 1.125, 13.125, 3.125], "texture": "#7"},
				"east": {"uv": [14.75, 1.125, 14.125, 3.125], "texture": "#7"},
				"south": {"uv": [15.75, 1.125, 15, 3.125], "texture": "#7"},
				"west": {"uv": [12.875, 1.125, 12.25, 3.125], "texture": "#7"},
				"up": {"uv": [13.875, 0.25, 13.125, 0.875], "texture": "#7"}
			}
		},
		{
			"from": [2.625, 1.5625, 5.875],
			"to": [4.375, 14.3125, 7.875],
			"rotation": {"angle": 0, "axis": "y", "origin": [11.125, 15, -1.875]},
			"faces": {
				"north": {"uv": [8.5, 11.25, 8, 15], "texture": "#7"},
				"east": {"uv": [7, 11.25, 7.75, 15], "texture": "#7"},
				"south": {"uv": [9.75, 11.25, 10.25, 15], "texture": "#7"},
				"west": {"uv": [9.5, 11.25, 8.75, 15], "texture": "#7"},
				"up": {"uv": [8.5, 10.25, 8, 11], "texture": "#7"},
				"down": {"uv": [10.25, 10.25, 9.75, 11], "texture": "#7"}
			}
		},
		{
			"from": [11.625, 1.5625, 5.875],
			"to": [13.375, 14.3125, 7.875],
			"rotation": {"angle": 0, "axis": "y", "origin": [4.875, 15, -1.875]},
			"faces": {
				"north": {"uv": [5.5, 11.25, 6, 15], "texture": "#7"},
				"east": {"uv": [2.75, 11.25, 3.5, 15], "texture": "#7"},
				"south": {"uv": [4.25, 11.25, 3.75, 15], "texture": "#7"},
				"west": {"uv": [5.25, 11.25, 4.5, 15], "texture": "#7"},
				"up": {"uv": [3.75, 10.25, 4.25, 11], "texture": "#7"},
				"down": {"uv": [5.5, 10.25, 6, 11], "texture": "#7"}
			}
		},
		{
			"from": [8.25, -0.3125, 5.8125],
			"to": [10.5, 6.6875, 7.875],
			"rotation": {"angle": 0, "axis": "y", "origin": [2.5, 8.125, -1.875]},
			"faces": {
				"north": {"uv": [9.125, 1.125, 9.875, 3.125], "texture": "#7"},
				"east": {"uv": [8.25, 1.125, 8.875, 3.125], "texture": "#7"},
				"south": {"uv": [11, 1.125, 11.75, 3.125], "texture": "#7"},
				"west": {"uv": [10.125, 1.125, 10.75, 3.125], "texture": "#7"},
				"up": {"uv": [9.125, 0.25, 9.875, 0.875], "rotation": 180, "texture": "#7"}
			}
		},
		{
			"from": [4.25, 13.4375, 6.25],
			"to": [4.25, 18.4375, 7.5],
			"rotation": {"angle": 22.5, "axis": "z", "origin": [4.25, 13.75, 6.875]},
			"faces": {
				"east": {"uv": [0.3125, 15, 0.5, 15.9375], "texture": "#8"},
				"west": {"uv": [0.3125, 15, 0.5, 15.9375], "texture": "#8"}
			}
		},
		{
			"from": [3.625, 13.4375, 6.875],
			"to": [4.875, 18.4375, 6.875],
			"rotation": {"angle": 22.5, "axis": "z", "origin": [4.25, 13.75, 6.875]},
			"faces": {
				"north": {"uv": [0.0625, 15, 0.25, 15.9375], "texture": "#8"},
				"south": {"uv": [0.25, 15, 0.0625, 15.9375], "texture": "#8"}
			}
		},
		{
			"from": [11.125, 13.4375, 6.875],
			"to": [12.375, 18.4375, 6.875],
			"rotation": {"angle": -22.5, "axis": "z", "origin": [11.75, 13.75, 6.875]},
			"faces": {
				"north": {"uv": [0.25, 15, 0.0625, 15.9375], "texture": "#8"},
				"south": {"uv": [0.0625, 15, 0.25, 15.9375], "texture": "#8"}
			}
		},
		{
			"from": [11.75, 13.4375, 6.25],
			"to": [11.75, 18.4375, 7.5],
			"rotation": {"angle": -22.5, "axis": "z", "origin": [11.75, 13.75, 6.875]},
			"faces": {
				"east": {"uv": [0.5, 15, 0.3125, 15.9375], "texture": "#8"},
				"west": {"uv": [0.5, 15, 0.3125, 15.9375], "texture": "#8"}
			}
		}
	],
	"display": {
		"thirdperson_righthand": {
			"rotation": [75, -145, 0],
			"translation": [0, 2.5, 0],
			"scale": [0.375, 0.375, 0.375]
		},
		"thirdperson_lefthand": {
			"rotation": [75, -145, 0],
			"translation": [0, 2.5, 0],
			"scale": [-0.375, 0.375, 0.375]
		},
		"firstperson_righthand": {
			"rotation": [0, -45, 0],
			"translation": [0, 1, -1],
			"scale": [0.3, 0.3, 0.3]
		},
		"firstperson_lefthand": {
			"rotation": [0, -45, 0],
			"translation": [0, 1, -1],
			"scale": [-0.3, 0.3, 0.3]
		},
		"ground": {
			"translation": [0, 3, 0],
			"scale": [0.25, 0.25, 0.25]
		},
		"gui": {
			"rotation": [30, 135, 0],
			"translation": [0, 0.25, 0],
			"scale": [0.45, 0.45, 0.45]
		},
		"head": {
			"translation": [-1, -32.75, -1],
			"scale": [4, 4, 4]
		},
		"fixed": {
			"rotation": [0, 90, 0],
			"translation": [0, 0, -4.25],
			"scale": [0.5, 0.5, 0.5]
		}
	},
	"groups": [
		{
			"name": "floor",
			"origin": [8, 8, 8],
			"children": [0, 1, 2, 3, 4, 5, 6, 7, 8, 9, 10, 11, 12, 13, 14, 15, 16]
		},
		{
			"name": "station",
			"origin": [11.5, 8, 8],
			"children": [
				{
					"name": "arm_left",
					"origin": [8.25, 14.75, 10.625],
					"children": [17, 18, 19, 20, 21, 22, 23, 24, 25, 26, 27, 28, 29, 30, 31, 32, 33]
				},
				{
					"name": "arm_right",
					"origin": [8.25, 14.75, 10.625],
					"children": [34, 35, 36, 37, 38, 39, 40, 41, 42, 43, 44, 45, 46, 47, 48, 49, 50]
				}, 51, 52, 53, 54, 55, 56, 57, 58, 59]
		},
		{
			"name": "surroundings",
			"origin": [7.875, 8.5, 7.625],
			"children": [60, 61, 62, 63, 64, 65, 66, 67, 68, 69, 70, 71]
		},
		{
			"name": "golem",
			"origin": [6.875, 8.5, 6.625],
			"children": [72, 73, 74, 75, 76, 77, 78, 79]
		}, 80, 81, 82, 83]
}