{
	"credit": "Made by MadstonMagic, using Cubik Pro & Blockbench",
	"textures": {
		"10": "item/egg",
		"11": "towers/chicken_lvl_1",
		"12": "block/stone_bricks",
		"13": "block/spruce_log",
		"15": "block/cobblestone",
		"16": "block/oak_planks",
		"17": "block/chiseled_stone_bricks",
		"18": "custom/stonebrick_carved_gold",
		"20": "towers/chicken_lvl_5",
		"21": "towers/chicken_lvl_2",
		"particle": "towers/chicken_lvl_1",
		"concrete_gray": "block/gray_concrete",
		"heads": "custom/heads"
	},
	"elements": [
		{
			"from": [3.125, 26.5, 10.875],
			"to": [5.125, 28.5, 12.875],
			"rotation": {"angle": 0, "axis": "y", "origin": [6.02796, 31.72742, 7.72743]},
			"faces": {
				"north": {"uv": [0, 1, 16, 16], "texture": "#12"},
				"east": {"uv": [0, 1, 16, 16], "texture": "#12"},
				"south": {"uv": [0, 1, 16, 16], "texture": "#12"},
				"west": {"uv": [0, 1, 16, 16], "texture": "#12"},
				"up": {"uv": [0, 0, 16, 16], "texture": "#12"}
			}
		},
		{
			"from": [10.875, 26.5, 10.875],
			"to": [12.875, 28.5, 12.875],
			"rotation": {"angle": 0, "axis": "y", "origin": [13.77796, 31.72742, 7.72743]},
			"faces": {
				"north": {"uv": [0, 1, 16, 16], "texture": "#12"},
				"east": {"uv": [0, 1, 16, 16], "texture": "#12"},
				"south": {"uv": [0, 1, 16, 16], "texture": "#12"},
				"west": {"uv": [0, 1, 16, 16], "texture": "#12"},
				"up": {"uv": [0, 0, 16, 16], "texture": "#12"}
			}
		},
		{
			"from": [10.875, 26.5, 3.125],
			"to": [12.875, 28.5, 5.125],
			"rotation": {"angle": 0, "axis": "y", "origin": [13.77796, 31.72742, -0.02257]},
			"faces": {
				"north": {"uv": [0, 1, 16, 16], "texture": "#12"},
				"east": {"uv": [0, 1, 16, 16], "texture": "#12"},
				"south": {"uv": [0, 1, 16, 16], "texture": "#12"},
				"west": {"uv": [0, 1, 16, 16], "texture": "#12"},
				"up": {"uv": [0, 0, 16, 16], "texture": "#12"}
			}
		},
		{
			"from": [3.125, 26.5, 3.125],
			"to": [5.125, 28.5, 5.125],
			"rotation": {"angle": 0, "axis": "y", "origin": [6.02796, 31.72742, -0.02257]},
			"faces": {
				"north": {"uv": [0, 1, 16, 16], "texture": "#12"},
				"east": {"uv": [0, 1, 16, 16], "texture": "#12"},
				"south": {"uv": [0, 1, 16, 16], "texture": "#12"},
				"west": {"uv": [0, 1, 16, 16], "texture": "#12"},
				"up": {"uv": [0, 0, 16, 16], "texture": "#12"}
			}
		},
		{
			"from": [14.46875, -5.5, 14.46875],
			"to": [15.96875, 5, 15.96875],
			"rotation": {"angle": 0, "axis": "y", "origin": [20.40296, -7.77258, 12.85243]},
			"faces": {
				"north": {"uv": [8.5, 0, 14.5, 16], "texture": "#13"},
				"east": {"uv": [2, 0, 8, 16], "texture": "#13"},
				"south": {"uv": [8.5, 0, 14.5, 16], "texture": "#13"},
				"west": {"uv": [2, 0, 8, 16], "texture": "#13"}
			}
		},
		{
			"from": [3.25, 13, 11.75],
			"to": [4.25, 22.5, 12.75],
			"rotation": {"angle": 0, "axis": "y", "origin": [21.65296, 7.22742, 9.10243]},
			"faces": {
				"north": {"uv": [8.5, 0, 14.5, 16], "texture": "#16"},
				"east": {"uv": [0, 7.5, 16, 12], "rotation": 90, "texture": "#16"},
				"south": {"uv": [0, 3.5, 16, 8], "rotation": 90, "texture": "#16"},
				"west": {"uv": [0, 7.5, 16, 12], "rotation": 90, "texture": "#16"}
			}
		},
		{
			"from": [11.75, 13, 11.75],
			"to": [12.75, 22.5, 12.75],
			"rotation": {"angle": 0, "axis": "y", "origin": [-5.65296, 7.22742, 9.10243]},
			"faces": {
				"north": {"uv": [14.5, 0, 8.5, 16], "texture": "#16"},
				"east": {"uv": [0, 12, 16, 7.5], "rotation": 90, "texture": "#16"},
				"south": {"uv": [0, 8, 16, 3.5], "rotation": 90, "texture": "#16"},
				"west": {"uv": [0, 12, 16, 7.5], "rotation": 90, "texture": "#16"}
			}
		},
		{
			"from": [3.25, 13, 3.25],
			"to": [4.25, 22.5, 4.25],
			"rotation": {"angle": 0, "axis": "y", "origin": [21.65296, 7.22742, 6.89757]},
			"faces": {
				"north": {"uv": [0, 8, 16, 3.5], "rotation": 90, "texture": "#16"},
				"east": {"uv": [0, 12, 16, 7.5], "rotation": 90, "texture": "#16"},
				"south": {"uv": [14.5, 0, 8.5, 16], "texture": "#16"},
				"west": {"uv": [0, 12, 16, 7.5], "rotation": 90, "texture": "#16"}
			}
		},
		{
			"from": [11.75, 13, 3.25],
			"to": [12.75, 22.5, 4.25],
			"rotation": {"angle": 0, "axis": "y", "origin": [-5.65296, 7.22742, 6.89757]},
			"faces": {
				"north": {"uv": [0, 3.5, 16, 8], "rotation": 90, "texture": "#16"},
				"east": {"uv": [0, 7.5, 16, 12], "rotation": 90, "texture": "#16"},
				"south": {"uv": [8.5, 0, 14.5, 16], "texture": "#16"},
				"west": {"uv": [0, 7.5, 16, 12], "rotation": 90, "texture": "#16"}
			}
		},
		{
			"from": [14.46875, -5.5, 0.03125],
			"to": [15.96875, 5, 1.53125],
			"rotation": {"angle": 0, "axis": "y", "origin": [20.40296, -7.77258, -1.64757]},
			"faces": {
				"north": {"uv": [8.5, 0, 14.5, 16], "texture": "#13"},
				"east": {"uv": [2, 0, 8, 16], "texture": "#13"},
				"south": {"uv": [8.5, 0, 14.5, 16], "texture": "#13"},
				"west": {"uv": [2, 0, 8, 16], "texture": "#13"}
			}
		},
		{
			"from": [-1.51197, 15, -1.50539],
			"to": [1.48803, 18, 1.49461],
			"rotation": {"angle": 0, "axis": "y", "origin": [-2.65954, 6.72742, -2.72743]},
			"faces": {
				"north": {"uv": [0, 0, 16, 16], "texture": "#18"},
				"east": {"uv": [0, 0, 16, 16], "texture": "#18"},
				"south": {"uv": [0, 0, 16, 16], "texture": "#18"},
				"west": {"uv": [0, 0, 16, 16], "texture": "#18"},
				"up": {"uv": [0, 0, 16, 16], "texture": "#18"},
				"down": {"uv": [0, 0, 16, 16], "texture": "#18"}
			}
		},
		{
			"from": [-1.51197, 15, 14.50539],
			"to": [1.48803, 18, 17.50539],
			"rotation": {"angle": 0, "axis": "y", "origin": [-2.65954, 6.72742, 18.72743]},
			"faces": {
				"north": {"uv": [16, 0, 0, 16], "texture": "#18"},
				"east": {"uv": [16, 0, 0, 16], "texture": "#18"},
				"south": {"uv": [16, 0, 0, 16], "texture": "#18"},
				"west": {"uv": [16, 0, 0, 16], "texture": "#18"},
				"up": {"uv": [0, 16, 16, 0], "texture": "#18"},
				"down": {"uv": [0, 16, 16, 0], "texture": "#18"}
			}
		},
		{
			"from": [14.51197, 15, -1.50539],
			"to": [17.51197, 18, 1.49461],
			"rotation": {"angle": 0, "axis": "y", "origin": [18.65954, 6.72742, -2.72743]},
			"faces": {
				"north": {"uv": [16, 0, 0, 16], "texture": "#18"},
				"east": {"uv": [16, 0, 0, 16], "texture": "#18"},
				"south": {"uv": [16, 0, 0, 16], "texture": "#18"},
				"west": {"uv": [16, 0, 0, 16], "texture": "#18"},
				"up": {"uv": [16, 0, 0, 16], "texture": "#18"},
				"down": {"uv": [16, 0, 0, 16], "texture": "#18"}
			}
		},
		{
			"from": [14.51197, 15, 14.50539],
			"to": [17.51197, 18, 17.50539],
			"rotation": {"angle": 0, "axis": "y", "origin": [18.65954, 6.72742, 18.72743]},
			"faces": {
				"north": {"uv": [0, 0, 16, 16], "texture": "#18"},
				"east": {"uv": [0, 0, 16, 16], "texture": "#18"},
				"south": {"uv": [0, 0, 16, 16], "texture": "#18"},
				"west": {"uv": [0, 0, 16, 16], "texture": "#18"},
				"up": {"uv": [16, 16, 0, 0], "texture": "#18"},
				"down": {"uv": [16, 16, 0, 0], "texture": "#18"}
			}
		},
		{
			"from": [-1.01197, 18, -1.00539],
			"to": [0.98803, 20, 0.99461],
			"rotation": {"angle": 0, "axis": "y", "origin": [-2.15954, 9.72742, -2.22743]},
			"faces": {
				"north": {"uv": [0, 0, 16, 16], "texture": "#17"},
				"east": {"uv": [0, 0, 16, 16], "texture": "#17"},
				"south": {"uv": [0, 0, 16, 16], "texture": "#17"},
				"west": {"uv": [0, 0, 16, 16], "texture": "#17"},
				"up": {"uv": [0, 0, 16, 16], "texture": "#17"}
			}
		},
		{
			"from": [11.125, 28.5, 11.125],
			"to": [12.625, 30, 12.625],
			"rotation": {"angle": 0, "axis": "y", "origin": [11.98803, 30.125, 11.38039]},
			"faces": {
				"north": {"uv": [16, 0, 0, 16], "texture": "#17"},
				"east": {"uv": [16, 0, 0, 16], "texture": "#17"},
				"south": {"uv": [16, 0, 0, 16], "texture": "#17"},
				"west": {"uv": [16, 0, 0, 16], "texture": "#17"},
				"up": {"uv": [0, 16, 16, 0], "texture": "#17"}
			}
		},
		{
			"from": [11.125, 28.5, 3.375],
			"to": [12.625, 30, 4.875],
			"rotation": {"angle": 0, "axis": "y", "origin": [11.98803, 30.125, 4.61961]},
			"faces": {
				"north": {"uv": [0, 0, 16, 16], "texture": "#17"},
				"east": {"uv": [0, 0, 16, 16], "texture": "#17"},
				"south": {"uv": [0, 0, 16, 16], "texture": "#17"},
				"west": {"uv": [0, 0, 16, 16], "texture": "#17"},
				"up": {"uv": [0, 0, 16, 16], "texture": "#17"}
			}
		},
		{
			"from": [3.375, 28.5, 11.125],
			"to": [4.875, 30, 12.625],
			"rotation": {"angle": 0, "axis": "y", "origin": [4.01197, 30.125, 11.38039]},
			"faces": {
				"north": {"uv": [0, 0, 16, 16], "texture": "#17"},
				"east": {"uv": [0, 0, 16, 16], "texture": "#17"},
				"south": {"uv": [0, 0, 16, 16], "texture": "#17"},
				"west": {"uv": [0, 0, 16, 16], "texture": "#17"},
				"up": {"uv": [16, 16, 0, 0], "texture": "#17"}
			}
		},
		{
			"from": [3.375, 28.5, 3.375],
			"to": [4.875, 30, 4.875],
			"rotation": {"angle": 0, "axis": "y", "origin": [4.01197, 30.125, 4.61961]},
			"faces": {
				"north": {"uv": [16, 0, 0, 16], "texture": "#17"},
				"east": {"uv": [16, 0, 0, 16], "texture": "#17"},
				"south": {"uv": [16, 0, 0, 16], "texture": "#17"},
				"west": {"uv": [16, 0, 0, 16], "texture": "#17"},
				"up": {"uv": [16, 0, 0, 16], "texture": "#17"}
			}
		},
		{
			"from": [-1.01197, 18, 15.00539],
			"to": [0.98803, 20, 17.00539],
			"rotation": {"angle": 0, "axis": "y", "origin": [-2.15954, 9.72742, 18.22743]},
			"faces": {
				"north": {"uv": [16, 0, 0, 16], "texture": "#17"},
				"east": {"uv": [16, 0, 0, 16], "texture": "#17"},
				"south": {"uv": [16, 0, 0, 16], "texture": "#17"},
				"west": {"uv": [16, 0, 0, 16], "texture": "#17"},
				"up": {"uv": [0, 16, 16, 0], "texture": "#17"}
			}
		},
		{
			"from": [15.01197, 18, -1.00539],
			"to": [17.01197, 20, 0.99461],
			"rotation": {"angle": 0, "axis": "y", "origin": [18.15954, 9.72742, -2.22743]},
			"faces": {
				"north": {"uv": [16, 0, 0, 16], "texture": "#17"},
				"east": {"uv": [16, 0, 0, 16], "texture": "#17"},
				"south": {"uv": [16, 0, 0, 16], "texture": "#17"},
				"west": {"uv": [16, 0, 0, 16], "texture": "#17"},
				"up": {"uv": [16, 0, 0, 16], "texture": "#17"}
			}
		},
		{
			"from": [15.01197, 18, 15.00539],
			"to": [17.01197, 20, 17.00539],
			"rotation": {"angle": 0, "axis": "y", "origin": [18.15954, 9.72742, 18.22743]},
			"faces": {
				"north": {"uv": [0, 0, 16, 16], "texture": "#17"},
				"east": {"uv": [0, 0, 16, 16], "texture": "#17"},
				"south": {"uv": [0, 0, 16, 16], "texture": "#17"},
				"west": {"uv": [0, 0, 16, 16], "texture": "#17"},
				"up": {"uv": [16, 16, 0, 0], "texture": "#17"}
			}
		},
		{
			"from": [-0.51197, 20, -0.50539],
			"to": [0.48803, 21, 0.49461],
			"rotation": {"angle": 0, "axis": "y", "origin": [-1.65954, 11.72742, -1.72743]},
			"faces": {
				"north": {"uv": [0, 7.5, 8.5, 16], "texture": "#12"},
				"east": {"uv": [0, 7.5, 8.5, 16], "texture": "#12"},
				"south": {"uv": [0, 7.5, 8.5, 16], "texture": "#12"},
				"west": {"uv": [0, 7.5, 8.5, 16], "texture": "#12"},
				"up": {"uv": [0, 8, 8, 16], "texture": "#12"}
			}
		},
		{
			"from": [11.375, 30, 11.375],
			"to": [12.375, 31, 12.375],
			"rotation": {"angle": 0, "axis": "y", "origin": [13.40954, 22.35242, 16.35243]},
			"faces": {
				"north": {"uv": [0, 7.5, 8.5, 16], "texture": "#12"},
				"east": {"uv": [0, 7.5, 8.5, 16], "texture": "#12"},
				"south": {"uv": [0, 7.5, 8.5, 16], "texture": "#12"},
				"west": {"uv": [0, 7.5, 8.5, 16], "texture": "#12"},
				"up": {"uv": [8, 16, 0, 8], "texture": "#12"}
			}
		},
		{
			"from": [11.375, 30, 3.625],
			"to": [12.375, 31, 4.625],
			"rotation": {"angle": 0, "axis": "y", "origin": [13.40954, 22.35242, -0.35243]},
			"faces": {
				"north": {"uv": [8.5, 7.5, 0, 16], "texture": "#12"},
				"east": {"uv": [8.5, 7.5, 0, 16], "texture": "#12"},
				"south": {"uv": [8.5, 7.5, 0, 16], "texture": "#12"},
				"west": {"uv": [8.5, 7.5, 0, 16], "texture": "#12"},
				"up": {"uv": [8, 8, 0, 16], "texture": "#12"}
			}
		},
		{
			"from": [3.625, 30, 11.375],
			"to": [4.625, 31, 12.375],
			"rotation": {"angle": 0, "axis": "y", "origin": [2.59046, 22.35242, 16.35243]},
			"faces": {
				"north": {"uv": [8.5, 7.5, 0, 16], "texture": "#12"},
				"east": {"uv": [8.5, 7.5, 0, 16], "texture": "#12"},
				"south": {"uv": [8.5, 7.5, 0, 16], "texture": "#12"},
				"west": {"uv": [8.5, 7.5, 0, 16], "texture": "#12"},
				"up": {"uv": [0, 16, 8, 8], "texture": "#12"}
			}
		},
		{
			"from": [3.625, 30, 3.625],
			"to": [4.625, 31, 4.625],
			"rotation": {"angle": 0, "axis": "y", "origin": [2.59046, 22.35242, -0.35243]},
			"faces": {
				"north": {"uv": [0, 7.5, 8.5, 16], "texture": "#12"},
				"east": {"uv": [0, 7.5, 8.5, 16], "texture": "#12"},
				"south": {"uv": [0, 7.5, 8.5, 16], "texture": "#12"},
				"west": {"uv": [0, 7.5, 8.5, 16], "texture": "#12"},
				"up": {"uv": [0, 8, 8, 16], "texture": "#12"}
			}
		},
		{
			"from": [-0.51197, 20, 15.50539],
			"to": [0.48803, 21, 16.50539],
			"rotation": {"angle": 0, "axis": "y", "origin": [-1.65954, 11.72742, 17.72743]},
			"faces": {
				"north": {"uv": [8.5, 7.5, 0, 16], "texture": "#12"},
				"east": {"uv": [8.5, 7.5, 0, 16], "texture": "#12"},
				"south": {"uv": [8.5, 7.5, 0, 16], "texture": "#12"},
				"west": {"uv": [8.5, 7.5, 0, 16], "texture": "#12"},
				"up": {"uv": [0, 16, 8, 8], "texture": "#12"}
			}
		},
		{
			"from": [15.51197, 20, -0.50539],
			"to": [16.51197, 21, 0.49461],
			"rotation": {"angle": 0, "axis": "y", "origin": [17.65954, 11.72742, -1.72743]},
			"faces": {
				"north": {"uv": [8.5, 7.5, 0, 16], "texture": "#12"},
				"east": {"uv": [8.5, 7.5, 0, 16], "texture": "#12"},
				"south": {"uv": [8.5, 7.5, 0, 16], "texture": "#12"},
				"west": {"uv": [8.5, 7.5, 0, 16], "texture": "#12"},
				"up": {"uv": [8, 8, 0, 16], "texture": "#12"}
			}
		},
		{
			"from": [15.51197, 20, 15.50539],
			"to": [16.51197, 21, 16.50539],
			"rotation": {"angle": 0, "axis": "y", "origin": [17.65954, 11.72742, 17.72743]},
			"faces": {
				"north": {"uv": [0, 7.5, 8.5, 16], "texture": "#12"},
				"east": {"uv": [0, 7.5, 8.5, 16], "texture": "#12"},
				"south": {"uv": [0, 7.5, 8.5, 16], "texture": "#12"},
				"west": {"uv": [0, 7.5, 8.5, 16], "texture": "#12"},
				"up": {"uv": [8, 16, 0, 8], "texture": "#12"}
			}
		},
		{
			"name": "egg",
			"from": [3.5158, 12.99004, 3.54559],
			"to": [4.7366, 13.29524, 4.76639],
			"rotation": {"angle": 45, "axis": "y", "origin": [2.04813, 12.71556, 6.37712]},
			"faces": {
				"down": {"uv": [9, 12, 9.5, 12.5], "texture": "#10"}
			}
		},
		{
			"name": "egg",
			"from": [3.2106, 13.29524, 3.24039],
			"to": [5.0418, 13.60044, 5.07159],
			"rotation": {"angle": 45, "axis": "y", "origin": [2.04813, 12.71556, 6.37712]},
			"faces": {
				"down": {"uv": [9, 12, 9.5, 12.5], "texture": "#10"}
			}
		},
		{
			"name": "egg",
			"from": [3.2106, 13.60044, 3.24039],
			"to": [5.0418, 15.12644, 5.07159],
			"rotation": {"angle": 45, "axis": "y", "origin": [2.04813, 12.71556, 6.37712]},
			"faces": {
				"north": {"uv": [6.5, 8.5, 7, 9], "texture": "#10"},
				"east": {"uv": [6.5, 8.5, 7, 9], "texture": "#10"},
				"south": {"uv": [6.5, 8.5, 7, 9], "texture": "#10"},
				"west": {"uv": [6.5, 8.5, 7, 9], "texture": "#10"},
				"up": {"uv": [6.5, 8.5, 7, 9], "rotation": 90, "texture": "#10"}
			}
		},
		{
			"name": "egg",
			"from": [3.3632, 15.12644, 3.39299],
			"to": [4.8892, 15.58424, 4.91899],
			"rotation": {"angle": 45, "axis": "y", "origin": [2.04813, 12.71556, 6.37712]},
			"faces": {
				"north": {"uv": [6.5, 8.5, 7, 9], "texture": "#10"},
				"east": {"uv": [6.5, 8.5, 7, 9], "texture": "#10"},
				"south": {"uv": [6.5, 8.5, 7, 9], "texture": "#10"},
				"west": {"uv": [6.5, 8.5, 7, 9], "texture": "#10"},
				"up": {"uv": [6.5, 8.5, 7, 9], "rotation": 90, "texture": "#10"}
			}
		},
		{
			"name": "egg",
			"from": [3.058, 13.59263, 3.39299],
			"to": [5.1944, 14.66083, 4.91899],
			"rotation": {"angle": 45, "axis": "y", "origin": [2.04813, 12.70775, 6.37712]},
			"faces": {
				"up": {"uv": [6.5, 8.5, 7, 9], "rotation": 90, "texture": "#10"},
				"down": {"uv": [6.5, 8.5, 7, 9], "rotation": 270, "texture": "#10"}
			}
		},
		{
			"name": "egg",
			"from": [3.3632, 13.60044, 3.08779],
			"to": [4.8892, 14.66864, 5.22419],
			"rotation": {"angle": 45, "axis": "y", "origin": [2.04813, 12.71556, 6.37712]},
			"faces": {
				"up": {"uv": [6.5, 8.5, 7, 9], "rotation": 180, "texture": "#10"},
				"down": {"uv": [6.5, 8.5, 7, 9], "rotation": 180, "texture": "#10"}
			}
		},
		{
			"name": "egg",
			"from": [-1.28341, 13.45944, 11.82365],
			"to": [-0.06261, 14.68024, 12.12885],
			"rotation": {"angle": 22.5, "axis": "y", "origin": [4.82699, 14.06984, 6.29905]},
			"faces": {
				"up": {"uv": [9, 12, 9.5, 12.5], "rotation": 270, "texture": "#10"},
				"down": {"uv": [9, 12, 9.5, 12.5], "rotation": 270, "texture": "#10"}
			}
		},
		{
			"name": "egg",
			"from": [-1.58861, 13.15424, 11.51845],
			"to": [0.24259, 14.98544, 11.82365],
			"rotation": {"angle": 22.5, "axis": "y", "origin": [4.82699, 14.06984, 6.29905]},
			"faces": {
				"up": {"uv": [9, 12, 9.5, 12.5], "rotation": 270, "texture": "#10"},
				"down": {"uv": [9, 12, 9.5, 12.5], "rotation": 270, "texture": "#10"}
			}
		},
		{
			"name": "egg",
			"from": [-1.58861, 13.15424, 9.99245],
			"to": [0.24259, 14.98544, 11.51845],
			"rotation": {"angle": 22.5, "axis": "y", "origin": [4.82699, 14.06984, 6.29905]},
			"faces": {
				"up": {"uv": [6.5, 8.5, 7, 9], "texture": "#10"},
				"down": {"uv": [6.5, 8.5, 7, 9], "rotation": 180, "texture": "#10"}
			}
		},
		{
			"name": "egg",
			"from": [-1.43601, 13.30684, 9.53465],
			"to": [0.08999, 14.83284, 9.99245],
			"rotation": {"angle": 22.5, "axis": "y", "origin": [4.82699, 14.06984, 6.29905]},
			"faces": {
				"up": {"uv": [6.5, 8.5, 7, 9], "texture": "#10"},
				"down": {"uv": [6.5, 8.5, 7, 9], "rotation": 180, "texture": "#10"}
			}
		},
		{
			"name": "egg",
			"from": [-1.13081, 13.61204, 9.22945],
			"to": [-0.21521, 14.52764, 9.68725],
			"rotation": {"angle": 22.5, "axis": "y", "origin": [4.82699, 14.06984, 6.29905]},
			"faces": {
				"up": {"uv": [6.5, 8.5, 7, 9], "texture": "#10"},
				"down": {"uv": [6.5, 8.5, 7, 9], "rotation": 180, "texture": "#10"}
			}
		},
		{
			"name": "egg",
			"from": [-1.74121, 13.30684, 10.45025],
			"to": [0.39519, 14.83284, 11.51845],
			"rotation": {"angle": 22.5, "axis": "y", "origin": [4.82699, 14.06984, 6.29905]},
			"faces": {
				"up": {"uv": [6.5, 8.5, 7, 9], "texture": "#10"},
				"down": {"uv": [6.5, 8.5, 7, 9], "rotation": 180, "texture": "#10"}
			}
		},
		{
			"name": "egg",
			"from": [-1.43601, 13.00164, 10.45806],
			"to": [0.08999, 15.13804, 11.52626],
			"rotation": {"angle": 22.5, "axis": "y", "origin": [4.82699, 14.06984, 6.29905]},
			"faces": {
				"north": {"uv": [6.5, 8.5, 7, 9], "texture": "#10"},
				"east": {"uv": [6.5, 8.5, 7, 9], "rotation": 90, "texture": "#10"},
				"south": {"uv": [6.5, 8.5, 7, 9], "rotation": 180, "texture": "#10"},
				"west": {"uv": [6.5, 8.5, 7, 9], "rotation": 270, "texture": "#10"},
				"up": {"uv": [6.5, 8.5, 7, 9], "texture": "#10"},
				"down": {"uv": [6.5, 8.5, 7, 9], "rotation": 180, "texture": "#10"}
			}
		},
		{
			"name": "egg",
			"from": [12.99719, 13.45944, 2.68865],
			"to": [13.30239, 14.68024, 3.90945],
			"rotation": {"angle": 22.5, "axis": "y", "origin": [14.32699, 14.06984, 3.29905]},
			"faces": {
				"up": {"uv": [9, 12, 9.5, 12.5], "rotation": 270, "texture": "#10"},
				"down": {"uv": [9, 12, 9.5, 12.5], "rotation": 270, "texture": "#10"}
			}
		},
		{
			"name": "egg",
			"from": [13.30239, 13.15424, 2.38345],
			"to": [13.60759, 14.98544, 4.21465],
			"rotation": {"angle": 22.5, "axis": "y", "origin": [14.32699, 14.06984, 3.29905]},
			"faces": {
				"up": {"uv": [9, 12, 9.5, 12.5], "rotation": 270, "texture": "#10"},
				"down": {"uv": [9, 12, 9.5, 12.5], "rotation": 270, "texture": "#10"}
			}
		},
		{
			"name": "egg",
			"from": [13.60759, 13.15424, 2.38345],
			"to": [15.13359, 14.98544, 4.21465],
			"rotation": {"angle": 22.5, "axis": "y", "origin": [14.32699, 14.06984, 3.29905]},
			"faces": {
				"up": {"uv": [6.5, 8.5, 7, 9], "rotation": 90, "texture": "#10"},
				"down": {"uv": [6.5, 8.5, 7, 9], "rotation": 90, "texture": "#10"}
			}
		},
		{
			"name": "egg",
			"from": [15.13359, 13.30684, 2.53605],
			"to": [15.59139, 14.83284, 4.06205],
			"rotation": {"angle": 22.5, "axis": "y", "origin": [14.32699, 14.06984, 3.29905]},
			"faces": {
				"up": {"uv": [6.5, 8.5, 7, 9], "rotation": 90, "texture": "#10"},
				"down": {"uv": [6.5, 8.5, 7, 9], "rotation": 90, "texture": "#10"}
			}
		},
		{
			"name": "egg",
			"from": [15.43879, 13.61204, 2.84125],
			"to": [15.89659, 14.52764, 3.75685],
			"rotation": {"angle": 22.5, "axis": "y", "origin": [14.32699, 14.06984, 3.29905]},
			"faces": {
				"up": {"uv": [6.5, 8.5, 7, 9], "rotation": 90, "texture": "#10"},
				"down": {"uv": [6.5, 8.5, 7, 9], "rotation": 90, "texture": "#10"}
			}
		},
		{
			"name": "egg",
			"from": [13.60759, 13.30684, 2.23085],
			"to": [14.67579, 14.83284, 4.36725],
			"rotation": {"angle": 22.5, "axis": "y", "origin": [14.32699, 14.06984, 3.29905]},
			"faces": {
				"up": {"uv": [6.5, 8.5, 7, 9], "rotation": 90, "texture": "#10"},
				"down": {"uv": [6.5, 8.5, 7, 9], "rotation": 90, "texture": "#10"}
			}
		},
		{
			"name": "egg",
			"from": [13.59978, 13.00164, 2.53605],
			"to": [14.66798, 15.13804, 4.06205],
			"rotation": {"angle": 22.5, "axis": "y", "origin": [14.32699, 14.06984, 3.29905]},
			"faces": {
				"north": {"uv": [6.5, 8.5, 7, 9], "rotation": 270, "texture": "#10"},
				"east": {"uv": [6.5, 8.5, 7, 9], "texture": "#10"},
				"south": {"uv": [6.5, 8.5, 7, 9], "rotation": 90, "texture": "#10"},
				"west": {"uv": [6.5, 8.5, 7, 9], "rotation": 180, "texture": "#10"},
				"up": {"uv": [6.5, 8.5, 7, 9], "rotation": 90, "texture": "#10"},
				"down": {"uv": [6.5, 8.5, 7, 9], "rotation": 90, "texture": "#10"}
			}
		},
		{
			"name": "egg",
			"from": [11.0158, 12.99004, 1.04559],
			"to": [12.2366, 13.29524, 2.26639],
			"rotation": {"angle": -22.5, "axis": "y", "origin": [11.6262, 14.31984, 1.65599]},
			"faces": {
				"down": {"uv": [9, 12, 9.5, 12.5], "texture": "#10"}
			}
		},
		{
			"name": "egg",
			"from": [10.7106, 13.29524, 0.74039],
			"to": [12.5418, 13.60044, 2.57159],
			"rotation": {"angle": -22.5, "axis": "y", "origin": [11.6262, 14.31984, 1.65599]},
			"faces": {
				"down": {"uv": [9, 12, 9.5, 12.5], "texture": "#10"}
			}
		},
		{
			"name": "egg",
			"from": [10.7106, 13.60044, 0.74039],
			"to": [12.5418, 15.12644, 2.57159],
			"rotation": {"angle": -22.5, "axis": "y", "origin": [11.6262, 14.31984, 1.65599]},
			"faces": {
				"north": {"uv": [6.5, 8.5, 7, 9], "texture": "#10"},
				"east": {"uv": [6.5, 8.5, 7, 9], "texture": "#10"},
				"south": {"uv": [6.5, 8.5, 7, 9], "texture": "#10"},
				"west": {"uv": [6.5, 8.5, 7, 9], "texture": "#10"},
				"up": {"uv": [6.5, 8.5, 7, 9], "rotation": 90, "texture": "#10"}
			}
		},
		{
			"name": "egg",
			"from": [10.8632, 15.12644, 0.89299],
			"to": [12.3892, 15.58424, 2.41899],
			"rotation": {"angle": -22.5, "axis": "y", "origin": [11.6262, 14.31984, 1.65599]},
			"faces": {
				"north": {"uv": [6.5, 8.5, 7, 9], "texture": "#10"},
				"east": {"uv": [6.5, 8.5, 7, 9], "texture": "#10"},
				"south": {"uv": [6.5, 8.5, 7, 9], "texture": "#10"},
				"west": {"uv": [6.5, 8.5, 7, 9], "texture": "#10"},
				"up": {"uv": [6.5, 8.5, 7, 9], "rotation": 90, "texture": "#10"}
			}
		},
		{
			"name": "egg",
			"from": [11.1684, 15.43164, 1.19819],
			"to": [12.084, 15.88944, 2.11379],
			"rotation": {"angle": -22.5, "axis": "y", "origin": [11.6262, 14.31984, 1.65599]},
			"faces": {
				"north": {"uv": [6.5, 8.5, 7, 9], "texture": "#10"},
				"east": {"uv": [6.5, 8.5, 7, 9], "texture": "#10"},
				"south": {"uv": [6.5, 8.5, 7, 9], "texture": "#10"},
				"west": {"uv": [6.5, 8.5, 7, 9], "texture": "#10"},
				"up": {"uv": [6.5, 8.5, 7, 9], "rotation": 90, "texture": "#10"}
			}
		},
		{
			"name": "egg",
			"from": [10.558, 13.59263, 0.89299],
			"to": [12.6944, 14.66083, 2.41899],
			"rotation": {"angle": -22.5, "axis": "y", "origin": [11.6262, 14.31203, 1.65599]},
			"faces": {
				"up": {"uv": [6.5, 8.5, 7, 9], "rotation": 90, "texture": "#10"},
				"down": {"uv": [6.5, 8.5, 7, 9], "rotation": 270, "texture": "#10"}
			}
		},
		{
			"name": "egg",
			"from": [10.8632, 13.60044, 0.58779],
			"to": [12.3892, 14.66864, 2.72419],
			"rotation": {"angle": -22.5, "axis": "y", "origin": [11.6262, 14.31984, 1.65599]},
			"faces": {
				"up": {"uv": [6.5, 8.5, 7, 9], "rotation": 180, "texture": "#10"},
				"down": {"uv": [6.5, 8.5, 7, 9], "rotation": 180, "texture": "#10"}
			}
		},
		{
			"name": "egg",
			"from": [9.0158, 26.49004, 6.04559],
			"to": [10.2366, 26.79524, 7.26639],
			"rotation": {"angle": -22.5, "axis": "y", "origin": [9.6262, 27.81984, 6.65599]},
			"faces": {
				"down": {"uv": [9, 12, 9.5, 12.5], "texture": "#10"}
			}
		},
		{
			"name": "egg",
			"from": [8.7106, 26.79524, 5.74039],
			"to": [10.5418, 27.10044, 7.57159],
			"rotation": {"angle": -22.5, "axis": "y", "origin": [9.6262, 27.81984, 6.65599]},
			"faces": {
				"north": {"uv": [9, 12, 9.5, 12.5], "texture": "#10"},
				"east": {"uv": [9, 12, 9.5, 12.5], "texture": "#10"},
				"south": {"uv": [9, 12, 9.5, 12.5], "texture": "#10"},
				"west": {"uv": [9, 12, 9.5, 12.5], "texture": "#10"},
				"down": {"uv": [9, 12, 9.5, 12.5], "texture": "#10"}
			}
		},
		{
			"name": "egg",
			"from": [8.7106, 27.10044, 5.74039],
			"to": [10.5418, 28.62644, 7.57159],
			"rotation": {"angle": -22.5, "axis": "y", "origin": [9.6262, 27.81984, 6.65599]},
			"faces": {
				"north": {"uv": [6.5, 8.5, 7, 9], "texture": "#10"},
				"east": {"uv": [6.5, 8.5, 7, 9], "texture": "#10"},
				"south": {"uv": [6.5, 8.5, 7, 9], "texture": "#10"},
				"west": {"uv": [6.5, 8.5, 7, 9], "texture": "#10"},
				"up": {"uv": [6.5, 8.5, 7, 9], "rotation": 90, "texture": "#10"}
			}
		},
		{
			"name": "egg",
			"from": [8.8632, 28.62644, 5.89299],
			"to": [10.3892, 29.08424, 7.41899],
			"rotation": {"angle": -22.5, "axis": "y", "origin": [9.6262, 27.81984, 6.65599]},
			"faces": {
				"north": {"uv": [6.5, 8.5, 7, 9], "texture": "#10"},
				"east": {"uv": [6.5, 8.5, 7, 9], "texture": "#10"},
				"south": {"uv": [6.5, 8.5, 7, 9], "texture": "#10"},
				"west": {"uv": [6.5, 8.5, 7, 9], "texture": "#10"},
				"up": {"uv": [6.5, 8.5, 7, 9], "rotation": 90, "texture": "#10"}
			}
		},
		{
			"name": "egg",
			"from": [9.1684, 28.93164, 6.19819],
			"to": [10.084, 29.38944, 7.11379],
			"rotation": {"angle": -22.5, "axis": "y", "origin": [9.6262, 27.81984, 6.65599]},
			"faces": {
				"north": {"uv": [6.5, 8.5, 7, 9], "texture": "#10"},
				"east": {"uv": [6.5, 8.5, 7, 9], "texture": "#10"},
				"south": {"uv": [6.5, 8.5, 7, 9], "texture": "#10"},
				"west": {"uv": [6.5, 8.5, 7, 9], "texture": "#10"},
				"up": {"uv": [6.5, 8.5, 7, 9], "rotation": 90, "texture": "#10"}
			}
		},
		{
			"name": "egg",
			"from": [8.558, 27.10044, 5.89299],
			"to": [10.6944, 28.16864, 7.41899],
			"rotation": {"angle": -22.5, "axis": "y", "origin": [9.6262, 27.81984, 6.65599]},
			"faces": {
				"north": {"uv": [6.5, 8.5, 7, 9], "texture": "#10"},
				"east": {"uv": [6.5, 8.5, 7, 9], "texture": "#10"},
				"south": {"uv": [6.5, 8.5, 7, 9], "texture": "#10"},
				"west": {"uv": [6.5, 8.5, 7, 9], "texture": "#10"},
				"up": {"uv": [6.5, 8.5, 7, 9], "rotation": 90, "texture": "#10"},
				"down": {"uv": [6.5, 8.5, 7, 9], "rotation": 270, "texture": "#10"}
			}
		},
		{
			"name": "egg",
			"from": [8.8632, 27.10044, 5.58779],
			"to": [10.3892, 28.16864, 7.72419],
			"rotation": {"angle": -22.5, "axis": "y", "origin": [9.6262, 27.81984, 6.65599]},
			"faces": {
				"north": {"uv": [6.5, 8.5, 7, 9], "texture": "#10"},
				"east": {"uv": [6.5, 8.5, 7, 9], "texture": "#10"},
				"south": {"uv": [6.5, 8.5, 7, 9], "texture": "#10"},
				"west": {"uv": [6.5, 8.5, 7, 9], "texture": "#10"},
				"up": {"uv": [6.5, 8.5, 7, 9], "rotation": 180, "texture": "#10"},
				"down": {"uv": [6.5, 8.5, 7, 9], "rotation": 180, "texture": "#10"}
			}
		},
		{
			"name": "egg",
			"from": [12.0158, 14.99004, 14.42059],
			"to": [13.2366, 15.29524, 15.64139],
			"rotation": {"angle": 22.5, "axis": "x", "origin": [12.82699, 16.06984, 10.17405]},
			"faces": {
				"east": {"uv": [9, 12, 9.5, 12.5], "texture": "#10"},
				"west": {"uv": [9, 12, 9.5, 12.5], "texture": "#10"}
			}
		},
		{
			"name": "egg",
			"from": [11.7106, 15.29524, 14.11539],
			"to": [13.5418, 15.60044, 15.94659],
			"rotation": {"angle": 22.5, "axis": "x", "origin": [12.82699, 16.06984, 10.17405]},
			"faces": {
				"east": {"uv": [9, 12, 9.5, 12.5], "texture": "#10"},
				"west": {"uv": [9, 12, 9.5, 12.5], "texture": "#10"}
			}
		},
		{
			"name": "egg",
			"from": [11.7106, 15.60044, 14.11539],
			"to": [13.5418, 17.12644, 15.94659],
			"rotation": {"angle": 22.5, "axis": "x", "origin": [12.82699, 16.06984, 10.17405]},
			"faces": {
				"north": {"uv": [6.5, 8.5, 7, 9], "texture": "#10"},
				"east": {"uv": [6.5, 8.5, 7, 9], "texture": "#10"},
				"west": {"uv": [6.5, 8.5, 7, 9], "texture": "#10"},
				"up": {"uv": [6.5, 8.5, 7, 9], "rotation": 90, "texture": "#10"}
			}
		},
		{
			"name": "egg",
			"from": [11.8632, 17.12644, 14.26799],
			"to": [13.3892, 17.58424, 15.79399],
			"rotation": {"angle": 22.5, "axis": "x", "origin": [12.82699, 16.06984, 10.17405]},
			"faces": {
				"north": {"uv": [6.5, 8.5, 7, 9], "texture": "#10"},
				"east": {"uv": [6.5, 8.5, 7, 9], "texture": "#10"},
				"south": {"uv": [6.5, 8.5, 7, 9], "texture": "#10"},
				"west": {"uv": [6.5, 8.5, 7, 9], "texture": "#10"},
				"up": {"uv": [6.5, 8.5, 7, 9], "rotation": 90, "texture": "#10"}
			}
		},
		{
			"name": "egg",
			"from": [12.1684, 17.43164, 14.57319],
			"to": [13.084, 17.88944, 15.48879],
			"rotation": {"angle": 22.5, "axis": "x", "origin": [12.82699, 16.06984, 10.17405]},
			"faces": {
				"north": {"uv": [6.5, 8.5, 7, 9], "texture": "#10"},
				"east": {"uv": [6.5, 8.5, 7, 9], "texture": "#10"},
				"south": {"uv": [6.5, 8.5, 7, 9], "texture": "#10"},
				"west": {"uv": [6.5, 8.5, 7, 9], "texture": "#10"},
				"up": {"uv": [6.5, 8.5, 7, 9], "rotation": 90, "texture": "#10"}
			}
		},
		{
			"name": "egg",
			"from": [11.558, 15.59263, 14.26799],
			"to": [13.6944, 16.66083, 15.79399],
			"rotation": {"angle": 22.5, "axis": "x", "origin": [12.82699, 16.06984, 10.17405]},
			"faces": {
				"north": {"uv": [6.5, 8.5, 7, 9], "texture": "#10"},
				"east": {"uv": [6.5, 8.5, 7, 9], "texture": "#10"},
				"west": {"uv": [6.5, 8.5, 7, 9], "texture": "#10"},
				"up": {"uv": [6.5, 8.5, 7, 9], "rotation": 90, "texture": "#10"}
			}
		},
		{
			"name": "egg",
			"from": [11.8632, 15.60044, 13.96279],
			"to": [13.3892, 16.66864, 16.09919],
			"rotation": {"angle": 22.5, "axis": "x", "origin": [12.82699, 16.06984, 10.17405]},
			"faces": {
				"north": {"uv": [6.5, 8.5, 7, 9], "texture": "#10"},
				"east": {"uv": [6.5, 8.5, 7, 9], "texture": "#10"},
				"west": {"uv": [6.5, 8.5, 7, 9], "texture": "#10"},
				"up": {"uv": [6.5, 8.5, 7, 9], "rotation": 180, "texture": "#10"}
			}
		},
		{
			"from": [7.125, 7.1125, 17.15625],
			"to": [8.875, 8.9875, 17.65625],
			"rotation": {"angle": 0, "axis": "x", "origin": [8, 7.75313, 17.52344]},
			"faces": {
				"north": {"uv": [7.5, 8, 11, 11.5], "rotation": 90, "texture": "#heads"},
				"east": {"uv": [2.25, 7.75, 1.75, 8.75], "texture": "#heads"},
				"south": {"uv": [0.25, 7.75, 1.25, 8.75], "texture": "#heads"},
				"west": {"uv": [1.75, 7.75, 2.25, 8.75], "texture": "#heads"},
				"up": {"uv": [1.75, 7.75, 2, 8], "rotation": 90, "texture": "#heads"},
				"down": {"uv": [2, 8.5, 2.25, 8.75], "rotation": 90, "texture": "#heads"}
			}
		},
		{
			"from": [7.125, 7.4875, 17.65625],
			"to": [8.875, 7.9875, 18.40625],
			"rotation": {"angle": 0, "axis": "x", "origin": [8, 7.75313, 17.52344]},
			"faces": {
				"east": {"uv": [1, 9.75, 1.5, 10.25], "texture": "#heads"},
				"south": {"uv": [1, 9.75, 1.5, 10.25], "texture": "#heads"},
				"west": {"uv": [1, 9.75, 1.5, 10.25], "texture": "#heads"},
				"up": {"uv": [2, 9.25, 3, 9.75], "texture": "#heads"},
				"down": {"uv": [1, 9.75, 1.5, 10.25], "texture": "#heads"}
			}
		},
		{
			"from": [7.625, 6.8625, 17.15625],
			"to": [8.375, 7.4875, 17.90625],
			"rotation": {"angle": 0, "axis": "x", "origin": [8, 7.75313, 17.52344]},
			"faces": {
				"north": {"uv": [0.25, 9.25, 0.5, 9.5], "texture": "#heads"},
				"east": {"uv": [0.25, 9.25, 0.5, 9.5], "texture": "#heads"},
				"south": {"uv": [0.25, 9.25, 0.5, 9.5], "texture": "#heads"},
				"west": {"uv": [0.25, 9.25, 0.5, 9.5], "texture": "#heads"},
				"down": {"uv": [0.25, 9.25, 0.5, 9.5], "texture": "#heads"}
			}
		},
		{
			"from": [-1, -9.5, -2.5],
			"to": [17, -6.5, 18.5],
			"rotation": {"angle": 0, "axis": "y", "origin": [8, 1, 8]},
			"faces": {
				"north": {"uv": [6.0625, 0, 12.0625, 1], "texture": "#11"},
				"east": {"uv": [0, 2.125, 7, 3.125], "texture": "#11"},
				"south": {"uv": [6.0625, 1.0625, 12.0625, 2.0625], "texture": "#11"},
				"west": {"uv": [7, 2.125, 0, 3.125], "texture": "#11"},
				"up": {"uv": [13.0625, 4.6875, 6.0625, 10.6875], "rotation": 90, "texture": "#11"}
			}
		},
		{
			"from": [-1, -8.5, -1],
			"to": [17, -5.5, 17],
			"rotation": {"angle": 0, "axis": "y", "origin": [8, -0.5, 8]},
			"faces": {
				"north": {"uv": [6, 1.0625, 0, 2.0625], "texture": "#11"},
				"east": {"uv": [0, 1.0625, 6, 2.0625], "texture": "#11"},
				"south": {"uv": [0, 0, 6, 1], "texture": "#11"},
				"west": {"uv": [6, 0, 0, 1], "texture": "#11"},
				"up": {"uv": [0, 4.6875, 6, 10.6875], "texture": "#11"}
			}
		},
		{
			"from": [-2.5, -9.5, -1],
			"to": [18.5, -6.5, 17],
			"rotation": {"angle": 0, "axis": "y", "origin": [8, 1, 8]},
			"faces": {
				"north": {"uv": [7, 2.125, 0, 3.125], "texture": "#11"},
				"east": {"uv": [6.0625, 0, 12.0625, 1], "texture": "#11"},
				"south": {"uv": [0, 2.125, 7, 3.125], "texture": "#11"},
				"west": {"uv": [6.0625, 1.0625, 12.0625, 2.0625], "texture": "#11"},
				"up": {"uv": [13.0625, 4.6875, 6.0625, 10.6875], "rotation": 180, "texture": "#11"}
			}
		},
		{
			"from": [5, -6, 16],
			"to": [10.96875, -5.375, 28],
			"rotation": {"angle": 0, "axis": "x", "origin": [8, -5.625, 16]},
			"faces": {
				"east": {"uv": [4.1875, 9.875, 4.375, 12.8125], "rotation": 270, "texture": "#21"},
				"south": {"uv": [4.1875, 9.875, 6.1875, 10.125], "texture": "#21"},
				"west": {"uv": [4.1875, 9.875, 4.375, 12.8125], "rotation": 90, "texture": "#21"},
				"up": {"uv": [4.1875, 9.875, 6.1875, 12.8125], "rotation": 180, "texture": "#21"},
				"down": {"uv": [4.1875, 9.875, 6.1875, 12.8125], "texture": "#21"}
			}
		},
		{
			"from": [10.625, -8.25, 15.5],
			"to": [12.125, -5.5, 17],
			"rotation": {"angle": -22.5, "axis": "x", "origin": [11.375, 9.5, 16.25]},
			"faces": {
				"north": {"uv": [8, 0, 2, 16], "texture": "#13"},
				"east": {"uv": [13, 9, 10.5, 16], "rotation": 180, "texture": "#13"},
				"south": {"uv": [16, 9, 10, 16], "texture": "#13"},
				"west": {"uv": [16, 0, 13.5, 16], "texture": "#13"},
				"up": {"uv": [16, 7, 10, 12], "rotation": 90, "texture": "#13"},
				"down": {"uv": [16, 7, 10, 12], "rotation": 270, "texture": "#13"}
			}
		},
		{
			"name": "chain",
			"from": [11.39077, -8.93474, 19.22656],
			"to": [11.39177, 6.06526, 19.97656],
			"rotation": {"angle": -22.5, "axis": "x", "origin": [10.34375, -0.11635, 11.125]},
			"faces": {
				"north": {"uv": [0, 0, 0, 0], "texture": "#21"},
				"east": {"uv": [0.3125, 12.1875, 0.5, 15.9375], "rotation": 180, "texture": "#21"},
				"south": {"uv": [0, 0, 0, 0], "rotation": 90, "texture": "#21"},
				"west": {"uv": [0.3125, 12.1875, 0.5, 15.9375], "rotation": 180, "texture": "#21"}
			}
		},
		{
			"name": "chain",
			"from": [11.0392, -8.93474, 19.624],
			"to": [11.7892, 6.06526, 19.625],
			"rotation": {"angle": -22.5, "axis": "x", "origin": [10.34375, -0.11635, 11.125]},
			"faces": {
				"north": {"uv": [0.0625, 12.1875, 0.25, 15.9375], "rotation": 180, "texture": "#21"},
				"east": {"uv": [0.3125, 12.875, 0.5, 15.9375], "rotation": 180, "texture": "#21"},
				"south": {"uv": [0.0625, 12.1875, 0.25, 15.9375], "rotation": 180, "texture": "#21"},
				"west": {"uv": [0.3125, 12.875, 0.5, 15.9375], "rotation": 90, "texture": "#21"}
			}
		},
		{
			"from": [10.6875, 7.5, 15.5],
			"to": [12.1875, 10.25, 17.125],
			"rotation": {"angle": -22.5, "axis": "x", "origin": [11.4375, 8.75, 16.25]},
			"faces": {
				"north": {"uv": [8, 0, 2, 16], "texture": "#13"},
				"east": {"uv": [13, 9, 10.5, 16], "rotation": 180, "texture": "#13"},
				"south": {"uv": [16, 9, 10, 16], "texture": "#13"},
				"west": {"uv": [16, 0, 13.5, 16], "texture": "#13"},
				"up": {"uv": [16, 7, 10, 12], "rotation": 90, "texture": "#13"},
				"down": {"uv": [16, 7, 10, 12], "rotation": 270, "texture": "#13"}
			}
		},
		{
			"from": [3.875, 7.5, 15.5],
			"to": [5.375, 10.25, 17.125],
			"rotation": {"angle": -22.5, "axis": "x", "origin": [4.625, 8.75, 16.25]},
			"faces": {
				"north": {"uv": [2, 0, 8, 16], "texture": "#13"},
				"east": {"uv": [13.5, 0, 16, 16], "texture": "#13"},
				"south": {"uv": [10, 9, 16, 16], "texture": "#13"},
				"west": {"uv": [10.5, 9, 13, 16], "rotation": 180, "texture": "#13"},
				"up": {"uv": [16, 12, 10, 7], "rotation": 90, "texture": "#13"},
				"down": {"uv": [16, 12, 10, 7], "rotation": 270, "texture": "#13"}
			}
		},
		{
			"name": "chain",
			"from": [4.2733, -8.93474, 19.624],
			"to": [5.0233, 6.06526, 19.625],
			"rotation": {"angle": -22.5, "axis": "x", "origin": [5.71875, -0.11635, 11.125]},
			"faces": {
				"north": {"uv": [0.0625, 12.1875, 0.25, 15.9375], "rotation": 180, "texture": "#21"},
				"east": {"uv": [0.3125, 12.875, 0.5, 15.9375], "rotation": 180, "texture": "#21"},
				"south": {"uv": [0.0625, 12.1875, 0.25, 15.9375], "rotation": 180, "texture": "#21"},
				"west": {"uv": [0.3125, 12.875, 0.5, 15.9375], "rotation": 90, "texture": "#21"}
			}
		},
		{
			"name": "chain",
			"from": [4.67073, -8.93474, 19.22656],
			"to": [4.67173, 6.06526, 19.97656],
			"rotation": {"angle": -22.5, "axis": "x", "origin": [5.71875, -0.11635, 11.125]},
			"faces": {
				"north": {"uv": [0, 0, 0, 0], "texture": "#21"},
				"east": {"uv": [0.3125, 12.1875, 0.5, 15.9375], "rotation": 180, "texture": "#21"},
				"south": {"uv": [0, 0, 0, 0], "rotation": 90, "texture": "#21"},
				"west": {"uv": [0.3125, 12.1875, 0.5, 15.9375], "rotation": 180, "texture": "#21"}
			}
		},
		{
			"from": [3.875, -8.25, 15.5],
			"to": [5.375, -5.5, 17],
			"rotation": {"angle": -22.5, "axis": "x", "origin": [4.625, 9.5, 16.25]},
			"faces": {
				"north": {"uv": [2, 0, 8, 16], "texture": "#13"},
				"east": {"uv": [13.5, 0, 16, 16], "texture": "#13"},
				"south": {"uv": [10, 9, 16, 16], "texture": "#13"},
				"west": {"uv": [10.5, 9, 13, 16], "rotation": 180, "texture": "#13"},
				"up": {"uv": [16, 12, 10, 7], "rotation": 90, "texture": "#13"},
				"down": {"uv": [16, 12, 10, 7], "rotation": 270, "texture": "#13"}
			}
		},
		{
			"name": "hexadecagon",
			"from": [3.5, -6.8125, 22.73791],
			"to": [12.5, -6.0625, 22.88709],
			"rotation": {"angle": 22.5, "axis": "x", "origin": [4, -6.4375, 22.8125]},
			"faces": {
				"north": {"uv": [0, 0, 0.5, 0.5], "texture": "#concrete_gray"},
				"east": {"uv": [0, 0, 0.5, 0.5], "texture": "#concrete_gray"},
				"south": {"uv": [0, 0, 0.5, 0.5], "texture": "#concrete_gray"},
				"west": {"uv": [0, 0, 0.5, 0.5], "texture": "#concrete_gray"},
				"up": {"uv": [0, 0, 0.5, 0.5], "texture": "#concrete_gray"},
				"down": {"uv": [0, 0, 0.5, 0.5], "texture": "#concrete_gray"}
			}
		},
		{
			"name": "hexadecagon",
			"from": [3.5, -6.51209, 22.4375],
			"to": [12.5, -6.36291, 23.1875],
			"rotation": {"angle": -45, "axis": "x", "origin": [4, -6.4375, 22.8125]},
			"faces": {
				"north": {"uv": [0, 0, 0.5, 0.5], "texture": "#concrete_gray"},
				"east": {"uv": [0, 0, 0.5, 0.5], "texture": "#concrete_gray"},
				"south": {"uv": [0, 0, 0.5, 0.5], "texture": "#concrete_gray"},
				"west": {"uv": [0, 0, 0.5, 0.5], "texture": "#concrete_gray"},
				"up": {"uv": [0, 0, 0.5, 0.5], "texture": "#concrete_gray"},
				"down": {"uv": [0, 0, 0.5, 0.5], "texture": "#concrete_gray"}
			}
		},
		{
			"name": "hexadecagon",
			"from": [3.5, -6.51209, 22.4375],
			"to": [12.5, -6.36291, 23.1875],
			"rotation": {"angle": -22.5, "axis": "x", "origin": [4, -6.4375, 22.8125]},
			"faces": {
				"north": {"uv": [0, 0, 0.5, 0.5], "texture": "#concrete_gray"},
				"east": {"uv": [0, 0, 0.5, 0.5], "texture": "#concrete_gray"},
				"south": {"uv": [0, 0, 0.5, 0.5], "texture": "#concrete_gray"},
				"west": {"uv": [0, 0, 0.5, 0.5], "texture": "#concrete_gray"},
				"up": {"uv": [0, 0, 0.5, 0.5], "texture": "#concrete_gray"},
				"down": {"uv": [0, 0, 0.5, 0.5], "texture": "#concrete_gray"}
			}
		},
		{
			"name": "hexadecagon",
			"from": [3.5, -6.51209, 22.4375],
			"to": [12.5, -6.36291, 23.1875],
			"rotation": {"angle": 0, "axis": "y", "origin": [4, -6.4375, 22.8125]},
			"faces": {
				"north": {"uv": [0, 0, 0.5, 0.5], "texture": "#concrete_gray"},
				"east": {"uv": [0, 0, 0.5, 0.5], "texture": "#concrete_gray"},
				"south": {"uv": [0, 0, 0.5, 0.5], "texture": "#concrete_gray"},
				"west": {"uv": [0, 0, 0.5, 0.5], "texture": "#concrete_gray"},
				"up": {"uv": [0, 0, 0.5, 0.5], "texture": "#concrete_gray"},
				"down": {"uv": [0, 0, 0.5, 0.5], "texture": "#concrete_gray"}
			}
		},
		{
			"name": "hexadecagon",
			"from": [3.5, -6.51209, 22.4375],
			"to": [12.5, -6.36291, 23.1875],
			"rotation": {"angle": 22.5, "axis": "x", "origin": [4, -6.4375, 22.8125]},
			"faces": {
				"north": {"uv": [0, 0, 0.5, 0.5], "texture": "#concrete_gray"},
				"east": {"uv": [0, 0, 0.5, 0.5], "texture": "#concrete_gray"},
				"south": {"uv": [0, 0, 0.5, 0.5], "texture": "#concrete_gray"},
				"west": {"uv": [0, 0, 0.5, 0.5], "texture": "#concrete_gray"},
				"up": {"uv": [0, 0, 0.5, 0.5], "texture": "#concrete_gray"},
				"down": {"uv": [0, 0, 0.5, 0.5], "texture": "#concrete_gray"}
			}
		},
		{
			"name": "hexadecagon",
			"from": [3.5, -6.51209, 22.4375],
			"to": [12.5, -6.36291, 23.1875],
			"rotation": {"angle": 45, "axis": "x", "origin": [4, -6.4375, 22.8125]},
			"faces": {
				"north": {"uv": [0, 0, 0.5, 0.5], "texture": "#concrete_gray"},
				"east": {"uv": [0, 0, 0.5, 0.5], "texture": "#concrete_gray"},
				"south": {"uv": [0, 0, 0.5, 0.5], "texture": "#concrete_gray"},
				"west": {"uv": [0, 0, 0.5, 0.5], "texture": "#concrete_gray"},
				"up": {"uv": [0, 0, 0.5, 0.5], "texture": "#concrete_gray"},
				"down": {"uv": [0, 0, 0.5, 0.5], "texture": "#concrete_gray"}
			}
		},
		{
			"name": "hexadecagon",
			"from": [3.5, -6.8125, 22.73791],
			"to": [12.5, -6.0625, 22.88709],
			"rotation": {"angle": -22.5, "axis": "x", "origin": [4, -6.4375, 22.8125]},
			"faces": {
				"north": {"uv": [0, 0, 0.5, 0.5], "texture": "#concrete_gray"},
				"east": {"uv": [0, 0, 0.5, 0.5], "texture": "#concrete_gray"},
				"south": {"uv": [0, 0, 0.5, 0.5], "texture": "#concrete_gray"},
				"west": {"uv": [0, 0, 0.5, 0.5], "texture": "#concrete_gray"},
				"up": {"uv": [0, 0, 0.5, 0.5], "texture": "#concrete_gray"},
				"down": {"uv": [0, 0, 0.5, 0.5], "texture": "#concrete_gray"}
			}
		},
		{
			"name": "hexadecagon",
			"from": [3.5, -6.8125, 22.73791],
			"to": [12.5, -6.0625, 22.88709],
			"rotation": {"angle": 0, "axis": "y", "origin": [4, -6.4375, 22.8125]},
			"faces": {
				"north": {"uv": [0, 0, 0.5, 0.5], "texture": "#concrete_gray"},
				"east": {"uv": [0, 0, 0.5, 0.5], "texture": "#concrete_gray"},
				"south": {"uv": [0, 0, 0.5, 0.5], "texture": "#concrete_gray"},
				"west": {"uv": [0, 0, 0.5, 0.5], "texture": "#concrete_gray"},
				"up": {"uv": [0, 0, 0.5, 0.5], "texture": "#concrete_gray"},
				"down": {"uv": [0, 0, 0.5, 0.5], "texture": "#concrete_gray"}
			}
		},
		{
			"name": "base_pos",
			"from": [0.25, -5.5, 0.25],
			"to": [15.75, 6.5, 15.75],
			"rotation": {"angle": 0, "axis": "y", "origin": [-0.90954, -5.77258, -0.72743]},
			"faces": {
				"north": {"uv": [16, 13, 12, 16], "texture": "#20"},
				"east": {"uv": [16, 13, 12, 16], "texture": "#20"},
				"south": {"uv": [16, 9.9375, 12, 12.9375], "texture": "#20"},
				"west": {"uv": [16, 13, 12, 16], "texture": "#20"}
			}
		},
		{
			"from": [-1.02344, 11, -1.01562],
			"to": [17.02344, 15, 17.04688],
			"rotation": {"angle": 0, "axis": "y", "origin": [-1.40954, 2.72742, -0.72743]},
			"faces": {
				"north": {"uv": [9, 11.1875, 0, 13], "texture": "#20"},
				"east": {"uv": [9, 11.1875, 0, 13], "texture": "#20"},
				"south": {"uv": [9, 11.1875, 0, 13], "texture": "#20"},
				"west": {"uv": [9, 11.1875, 0, 13], "texture": "#20"}
			}
		},
		{
			"from": [-0.25, 5, -0.25],
			"to": [16.25, 9, 16.25],
			"rotation": {"angle": 0, "axis": "y", "origin": [-1.40954, -3.27258, -0.72743]},
			"faces": {
				"north": {"uv": [4.9375, 13.0625, 0, 14.0625], "texture": "#20"},
				"east": {"uv": [4.9375, 13.0625, 0, 14.0625], "texture": "#20"},
				"south": {"uv": [4.9375, 13.0625, 0, 14.0625], "texture": "#20"},
				"west": {"uv": [4.9375, 13.0625, 0, 14.0625], "texture": "#20"},
				"down": {"uv": [11.3125, 11.375, 6.6875, 16], "texture": "#21"}
			}
		},
		{
			"from": [-1, 12, 0.5],
			"to": [0, 16, 15.5],
			"rotation": {"angle": 0, "axis": "y", "origin": [8, 10.97656, 8]},
			"faces": {
				"east": {"uv": [4.1875, 7.6875, 8.1875, 8.6875], "texture": "#21"},
				"west": {"uv": [4.1875, 7.6875, 8.1875, 8.6875], "texture": "#21"},
				"up": {"uv": [8.1875, 8.0625, 4.1875, 7.75], "rotation": 90, "texture": "#21"}
			}
		},
		{
			"from": [0.5, 12, -1],
			"to": [15.5, 16, 0],
			"rotation": {"angle": 0, "axis": "y", "origin": [8, 10.97656, 8]},
			"faces": {
				"north": {"uv": [8.1875, 7.6875, 4.1875, 8.6875], "texture": "#21"},
				"south": {"uv": [8.1875, 7.6875, 4.1875, 8.6875], "texture": "#21"},
				"up": {"uv": [8.1875, 7.75, 4.1875, 8.0625], "texture": "#21"}
			}
		},
		{
			"from": [16, 12, 0.5],
			"to": [17, 16, 15.5],
			"rotation": {"angle": 0, "axis": "y", "origin": [8, 10.97656, 8]},
			"faces": {
				"east": {"uv": [8.1875, 7.6875, 4.1875, 8.6875], "texture": "#21"},
				"west": {"uv": [8.1875, 7.6875, 4.1875, 8.6875], "texture": "#21"},
				"up": {"uv": [8.1875, 7.75, 4.1875, 8.0625], "rotation": 90, "texture": "#21"}
			}
		},
		{
			"from": [0.5, 12, 16],
			"to": [15.5, 16, 17],
			"rotation": {"angle": 0, "axis": "y", "origin": [8, 10.97656, 8]},
			"faces": {
				"north": {"uv": [4.1875, 7.6875, 8.1875, 8.6875], "texture": "#21"},
				"south": {"uv": [4.1875, 7.6875, 8.1875, 8.6875], "texture": "#21"},
				"up": {"uv": [8.1875, 8.0625, 4.1875, 7.75], "texture": "#21"}
			}
		},
		{
			"name": "top",
			"from": [-0.75, 16, -0.75],
			"to": [16.75, 18.375, 16.75],
			"rotation": {"angle": 0, "axis": "y", "origin": [7.90296, 9.22742, 5.35243]},
			"faces": {
				"north": {"uv": [11.3125, 10.1875, 6.375, 10.9375], "texture": "#21"},
				"east": {"uv": [11.3125, 10.1875, 6.375, 10.9375], "texture": "#21"},
				"south": {"uv": [11.3125, 10.1875, 6.375, 10.9375], "texture": "#21"},
				"west": {"uv": [11.3125, 10.1875, 6.375, 10.9375], "texture": "#21"}
			}
		},
		{
			"name": "top",
			"from": [3, 22.5, 3],
			"to": [13, 27, 13],
			"rotation": {"angle": 0, "axis": "y", "origin": [7.90296, 17.72742, 8.35243]},
			"faces": {
				"north": {"uv": [5, 4.0625, 0, 6.0625], "texture": "#20"},
				"east": {"uv": [5, 4.0625, 0, 6.0625], "texture": "#20"},
				"south": {"uv": [5, 4.0625, 0, 6.0625], "texture": "#20"},
				"west": {"uv": [5, 4.0625, 0, 6.0625], "texture": "#20"},
				"up": {"uv": [10.0625, 6.125, 5.0625, 11.125], "texture": "#20"},
				"down": {"uv": [5, 6.125, 0, 11.125], "texture": "#20"}
			}
		},
		{
			"name": "top",
			"from": [3.5, 13.5, 3.5],
			"to": [12.5, 22.5, 12.5],
			"rotation": {"angle": 0, "axis": "y", "origin": [7.90296, 13.22742, 8.35243]},
			"faces": {
				"north": {"uv": [16, 0, 12, 4], "texture": "#20"},
				"east": {"uv": [16, 4.0625, 12, 8.0625], "texture": "#20"},
				"south": {"uv": [16, 4.0625, 12, 8.0625], "texture": "#20"},
				"west": {"uv": [16, 0, 12, 4], "texture": "#20"}
			}
		},
		{
			"name": "top",
			"from": [16.75, 16, 16.75],
			"to": [-0.75, 18.375, -0.75],
			"rotation": {"angle": 0, "axis": "y", "origin": [20.66077, 9.22742, 14.61024]},
			"faces": {
				"north": {"uv": [11.3125, 10.1875, 6.375, 10.9375], "texture": "#21"},
				"east": {"uv": [11.3125, 10.1875, 6.375, 10.9375], "texture": "#21"},
				"south": {"uv": [11.3125, 10.1875, 6.375, 10.9375], "texture": "#21"},
				"west": {"uv": [11.3125, 10.1875, 6.375, 10.9375], "texture": "#21"}
			}
		},
		{
			"from": [15.5, 6, 15.5],
			"to": [17, 16.5, 17],
			"rotation": {"angle": 0, "axis": "y", "origin": [8, 11.97656, 7.99596]},
			"faces": {
				"north": {"uv": [8, 0, 2, 16], "texture": "#13"},
				"east": {"uv": [14.5, 0, 8.5, 16], "rotation": 180, "texture": "#13"},
				"south": {"uv": [8, 0, 2, 16], "rotation": 180, "texture": "#13"},
				"west": {"uv": [14.5, 0, 8.5, 16], "texture": "#13"},
				"down": {"uv": [10.5, 5.5, 4.5, 11.5], "rotation": 270, "texture": "#13"}
			}
		},
		{
			"from": [-1.5, 7.5, 15.75],
			"to": [17.5, 8.5, 16.75],
			"rotation": {"angle": 0, "axis": "y", "origin": [14.38158, 8, 16.24392]},
			"faces": {
				"north": {"uv": [4.1875, 9.3125, 10.9375, 9.8125], "texture": "#21"},
				"east": {"uv": [4.1875, 8.75, 4.6875, 9.25], "rotation": 90, "texture": "#21"},
				"south": {"uv": [4.1875, 9.3125, 10.9375, 9.8125], "texture": "#21"},
				"west": {"uv": [4.1875, 8.75, 4.6875, 9.25], "rotation": 90, "texture": "#21"},
				"up": {"uv": [4.1875, 9.3125, 10.9375, 9.8125], "rotation": 180, "texture": "#21"},
				"down": {"uv": [4.1875, 9.3125, 10.9375, 9.8125], "texture": "#21"}
			}
		},
		{
			"from": [-1.5, 13.5, 15.75],
			"to": [17.5, 14.5, 16.75],
			"rotation": {"angle": 0, "axis": "y", "origin": [14.38158, 14, 16.24392]},
			"faces": {
				"north": {"uv": [4.1875, 9.3125, 10.9375, 9.8125], "texture": "#21"},
				"east": {"uv": [4.1875, 8.75, 4.6875, 9.25], "rotation": 90, "texture": "#21"},
				"south": {"uv": [4.1875, 9.3125, 10.9375, 9.8125], "texture": "#21"},
				"west": {"uv": [4.1875, 8.75, 4.6875, 9.25], "rotation": 90, "texture": "#21"},
				"up": {"uv": [4.1875, 9.3125, 10.9375, 9.8125], "rotation": 180, "texture": "#21"},
				"down": {"uv": [4.1875, 9.3125, 10.9375, 9.8125], "texture": "#21"}
			}
		},
		{
			"from": [15.75, 7.5, -1.5],
			"to": [16.75, 8.5, 17.5],
			"rotation": {"angle": 0, "axis": "y", "origin": [17.90954, -0.77258, 19.22743]},
			"faces": {
				"north": {"uv": [4.1875, 8.75, 4.6875, 9.25], "rotation": 90, "texture": "#21"},
				"east": {"uv": [4.1875, 9.3125, 10.9375, 9.8125], "texture": "#21"},
				"south": {"uv": [4.1875, 8.75, 4.6875, 9.25], "rotation": 90, "texture": "#21"},
				"west": {"uv": [4.1875, 9.3125, 10.9375, 9.8125], "texture": "#21"},
				"up": {"uv": [4.1875, 9.3125, 10.9375, 9.8125], "rotation": 90, "texture": "#21"},
				"down": {"uv": [4.1875, 9.3125, 10.9375, 9.8125], "rotation": 90, "texture": "#21"}
			}
		},
		{
			"from": [-0.75, 7.5, -1.5],
			"to": [0.25, 8.5, 17.5],
			"rotation": {"angle": 0, "axis": "y", "origin": [1.40954, -0.77258, 19.22743]},
			"faces": {
				"north": {"uv": [4.1875, 8.75, 4.6875, 9.25], "rotation": 90, "texture": "#21"},
				"east": {"uv": [4.1875, 9.3125, 10.9375, 9.8125], "texture": "#21"},
				"south": {"uv": [4.1875, 8.75, 4.6875, 9.25], "rotation": 90, "texture": "#21"},
				"west": {"uv": [4.1875, 9.3125, 10.9375, 9.8125], "texture": "#21"},
				"up": {"uv": [4.1875, 9.3125, 10.9375, 9.8125], "rotation": 90, "texture": "#21"},
				"down": {"uv": [4.1875, 9.3125, 10.9375, 9.8125], "rotation": 90, "texture": "#21"}
			}
		},
		{
			"from": [15.75, 13.5, -1.5],
			"to": [16.75, 14.5, 17.5],
			"rotation": {"angle": 0, "axis": "y", "origin": [17.90954, 5.22742, 19.22743]},
			"faces": {
				"north": {"uv": [4.1875, 8.75, 4.6875, 9.25], "rotation": 90, "texture": "#21"},
				"east": {"uv": [4.1875, 9.3125, 10.9375, 9.8125], "texture": "#21"},
				"south": {"uv": [4.1875, 8.75, 4.6875, 9.25], "rotation": 90, "texture": "#21"},
				"west": {"uv": [4.1875, 9.3125, 10.9375, 9.8125], "texture": "#21"},
				"up": {"uv": [4.1875, 9.3125, 10.9375, 9.8125], "rotation": 90, "texture": "#21"},
				"down": {"uv": [4.1875, 9.3125, 10.9375, 9.8125], "rotation": 90, "texture": "#21"}
			}
		},
		{
			"from": [-1.5, 7.5, -0.75],
			"to": [17.5, 8.5, 0.25],
			"rotation": {"angle": 0, "axis": "y", "origin": [14.38158, 8, -0.25608]},
			"faces": {
				"north": {"uv": [4.1875, 9.3125, 10.9375, 9.8125], "texture": "#21"},
				"east": {"uv": [4.1875, 8.75, 4.6875, 9.25], "rotation": 90, "texture": "#21"},
				"south": {"uv": [4.1875, 9.3125, 10.9375, 9.8125], "texture": "#21"},
				"west": {"uv": [4.1875, 8.75, 4.6875, 9.25], "rotation": 90, "texture": "#21"},
				"up": {"uv": [4.1875, 9.3125, 10.9375, 9.8125], "rotation": 180, "texture": "#21"},
				"down": {"uv": [4.1875, 9.3125, 10.9375, 9.8125], "texture": "#21"}
			}
		},
		{
			"from": [-1.5, 13.5, -0.75],
			"to": [17.5, 14.5, 0.25],
			"rotation": {"angle": 0, "axis": "y", "origin": [14.38158, 14, -0.25608]},
			"faces": {
				"north": {"uv": [4.1875, 9.3125, 10.9375, 9.8125], "texture": "#21"},
				"east": {"uv": [4.1875, 8.75, 4.6875, 9.25], "rotation": 90, "texture": "#21"},
				"south": {"uv": [4.1875, 9.3125, 10.9375, 9.8125], "texture": "#21"},
				"west": {"uv": [4.1875, 8.75, 4.6875, 9.25], "rotation": 90, "texture": "#21"},
				"up": {"uv": [4.1875, 9.3125, 10.9375, 9.8125], "rotation": 180, "texture": "#21"},
				"down": {"uv": [4.1875, 9.3125, 10.9375, 9.8125], "texture": "#21"}
			}
		},
		{
			"from": [2.75, 26.875, 3.5],
			"to": [13.25, 28.125, 4.75],
			"rotation": {"angle": 0, "axis": "y", "origin": [17.88158, 27.25, 4.36892]},
			"faces": {
				"north": {"uv": [4.0625, 2.5, 9.9375, 3.1875], "texture": "#20"},
				"east": {"uv": [4.0625, 1.75, 4.75, 2.4375], "rotation": 90, "texture": "#20"},
				"south": {"uv": [4.0625, 2.5, 9.9375, 3.1875], "texture": "#20"},
				"west": {"uv": [4.0625, 1.75, 4.75, 2.4375], "rotation": 90, "texture": "#20"},
				"up": {"uv": [4.0625, 2.5, 9.9375, 3.1875], "texture": "#20"},
				"down": {"uv": [4.0625, 2.5, 9.9375, 3.1875], "texture": "#20"}
			}
		},
		{
			"from": [15.5, 6, -1],
			"to": [17, 16.5, 0.5],
			"rotation": {"angle": 0, "axis": "y", "origin": [8, 11.97656, 8.00404]},
			"faces": {
				"north": {"uv": [2, 0, 8, 16], "rotation": 180, "texture": "#13"},
				"east": {"uv": [8.5, 0, 14.5, 16], "rotation": 180, "texture": "#13"},
				"south": {"uv": [2, 0, 8, 16], "texture": "#13"},
				"west": {"uv": [8.5, 0, 14.5, 16], "texture": "#13"},
				"down": {"uv": [4.5, 5.5, 10.5, 11.5], "rotation": 270, "texture": "#13"}
			}
		},
		{
			"from": [-0.75, 13.5, -1.5],
			"to": [0.25, 14.5, 17.5],
			"rotation": {"angle": 0, "axis": "y", "origin": [1.40954, 5.22742, 19.22743]},
			"faces": {
				"north": {"uv": [4.1875, 8.75, 4.6875, 9.25], "rotation": 90, "texture": "#21"},
				"east": {"uv": [4.1875, 9.3125, 10.9375, 9.8125], "texture": "#21"},
				"south": {"uv": [4.1875, 8.75, 4.6875, 9.25], "rotation": 90, "texture": "#21"},
				"west": {"uv": [4.1875, 9.3125, 10.9375, 9.8125], "texture": "#21"},
				"up": {"uv": [4.1875, 9.3125, 10.9375, 9.8125], "rotation": 90, "texture": "#21"},
				"down": {"uv": [4.1875, 9.3125, 10.9375, 9.8125], "rotation": 90, "texture": "#21"}
			}
		},
		{
			"from": [3.5, 26.875, 2.75],
			"to": [4.75, 28.125, 13.25],
			"rotation": {"angle": 0, "axis": "y", "origin": [6.03454, 18.47742, 23.72743]},
			"faces": {
				"north": {"uv": [4.0625, 1.75, 4.75, 2.4375], "rotation": 90, "texture": "#20"},
				"east": {"uv": [4.0625, 2.5, 9.9375, 3.1875], "texture": "#20"},
				"south": {"uv": [4.0625, 1.75, 4.75, 2.4375], "rotation": 90, "texture": "#20"},
				"west": {"uv": [4.0625, 2.5, 9.9375, 3.1875], "texture": "#20"},
				"up": {"uv": [4.0625, 2.5, 9.9375, 3.1875], "rotation": 90, "texture": "#20"},
				"down": {"uv": [4.0625, 2.5, 9.9375, 3.1875], "rotation": 90, "texture": "#20"}
			}
		},
		{
			"from": [11.25, 26.875, 2.75],
			"to": [12.5, 28.125, 13.25],
			"rotation": {"angle": 0, "axis": "y", "origin": [9.96546, 18.47742, -7.72743]},
			"faces": {
				"north": {"uv": [4.0625, 1.75, 4.75, 2.4375], "rotation": 90, "texture": "#20"},
				"east": {"uv": [4.0625, 2.5, 9.9375, 3.1875], "texture": "#20"},
				"south": {"uv": [4.0625, 1.75, 4.75, 2.4375], "rotation": 90, "texture": "#20"},
				"west": {"uv": [4.0625, 2.5, 9.9375, 3.1875], "texture": "#20"},
				"up": {"uv": [9.9375, 3.1875, 4.0625, 2.5], "rotation": 90, "texture": "#20"},
				"down": {"uv": [9.9375, 3.1875, 4.0625, 2.5], "rotation": 90, "texture": "#20"}
			}
		},
		{
			"from": [-1, 6, -1],
			"to": [0.5, 16.5, 0.5],
			"rotation": {"angle": 0, "axis": "y", "origin": [8, 11.97656, 8.00404]},
			"faces": {
				"north": {"uv": [8, 0, 2, 16], "rotation": 180, "texture": "#13"},
				"east": {"uv": [14.5, 0, 8.5, 16], "texture": "#13"},
				"south": {"uv": [8, 0, 2, 16], "texture": "#13"},
				"west": {"uv": [14.5, 0, 8.5, 16], "rotation": 180, "texture": "#13"},
				"down": {"uv": [4.5, 11.5, 10.5, 5.5], "rotation": 270, "texture": "#13"}
			}
		},
		{
			"from": [-1, 6, 15.5],
			"to": [0.5, 16.5, 17],
			"rotation": {"angle": 0, "axis": "y", "origin": [8, 11.97656, 7.99596]},
			"faces": {
				"north": {"uv": [2, 0, 8, 16], "texture": "#13"},
				"east": {"uv": [8.5, 0, 14.5, 16], "texture": "#13"},
				"south": {"uv": [2, 0, 8, 16], "rotation": 180, "texture": "#13"},
				"west": {"uv": [8.5, 0, 14.5, 16], "rotation": 180, "texture": "#13"},
				"down": {"uv": [10.5, 11.5, 4.5, 5.5], "rotation": 270, "texture": "#13"}
			}
		},
		{
			"from": [15.7485, -6.5, 1.42457],
			"to": [17.7485, -4.5, 3.42457],
			"rotation": {"angle": 0, "axis": "y", "origin": [8, 4, 8]},
			"faces": {
				"north": {"uv": [0, 0, 16, 16], "texture": "#18"},
				"east": {"uv": [0, 0, 16, 16], "texture": "#18"},
				"south": {"uv": [0, 0, 16, 16], "texture": "#18"},
				"up": {"uv": [16, 16, 0, 0], "rotation": 270, "texture": "#18"}
			}
		},
		{
			"from": [15, -2.5, 3.5],
			"to": [18, -2, 12.5],
			"rotation": {"angle": 0, "axis": "y", "origin": [8, 4, 8]},
			"faces": {
				"north": {"uv": [0, 0, 0.9375, 0.1875], "texture": "#20"},
				"east": {"uv": [0, 0, 2.9375, 0.1875], "texture": "#20"},
				"south": {"uv": [0, 0, 0.9375, 0.1875], "texture": "#20"},
				"up": {"uv": [0, 0, 2.9375, 1], "rotation": 90, "texture": "#20"},
				"down": {"uv": [0, 0, 2.9375, 1], "rotation": 90, "texture": "#20"}
			}
		},
		{
			"name": "window_neg",
			"from": [17.751, -2, 12.251],
			"to": [15.753, 3, 3.753],
			"rotation": {"angle": 0, "axis": "y", "origin": [8, 4, 8]},
			"faces": {
				"north": {"uv": [7.125, 0.0625, 7.75, 1.6875], "texture": "#20"},
				"south": {"uv": [7.125, 0.0625, 7.75, 1.6875], "texture": "#20"},
				"west": {"uv": [4.0625, 0.0625, 7.0625, 1.6875], "texture": "#20"}
			}
		},
		{
			"from": [17.5, -2, 3.5],
			"to": [18, 3, 4],
			"rotation": {"angle": 0, "axis": "y", "origin": [8, 4, 8]},
			"faces": {
				"north": {"uv": [14, 0, 16, 16], "texture": "#16"},
				"east": {"uv": [14, 0, 16, 16], "texture": "#16"},
				"south": {"uv": [14, 0, 16, 16], "texture": "#16"},
				"west": {"uv": [14, 0, 16, 16], "texture": "#16"}
			}
		},
		{
			"from": [15, 3, 3.5],
			"to": [18, 3.5, 12.5],
			"rotation": {"angle": 0, "axis": "y", "origin": [8, 4, 8]},
			"faces": {
				"north": {"uv": [0, 0, 0.9375, 0.1875], "texture": "#20"},
				"east": {"uv": [0, 0, 2.9375, 0.1875], "texture": "#20"},
				"south": {"uv": [0, 0, 0.9375, 0.1875], "texture": "#20"},
				"up": {"uv": [0, 0, 2.9375, 1], "rotation": 90, "texture": "#20"},
				"down": {"uv": [0, 0, 2.9375, 1], "rotation": 90, "texture": "#20"}
			}
		},
		{
			"from": [16.24, -0.31144, 4.92457],
			"to": [16.865, 4.18856, 5.67457],
			"rotation": {"angle": 22.5, "axis": "z", "origin": [8, 4, 8]},
			"faces": {
				"north": {"uv": [15, 0, 12, 16], "texture": "#15"},
				"east": {"uv": [3, 0, 0, 16], "texture": "#15"},
				"south": {"uv": [9.5, 0, 6.5, 16], "texture": "#15"},
				"west": {"uv": [10, 0, 7, 16], "texture": "#15"}
			}
		},
		{
			"from": [16.24, -0.31144, 10.32543],
			"to": [16.865, 4.18856, 11.07543],
			"rotation": {"angle": 22.5, "axis": "z", "origin": [8, 4, 8]},
			"faces": {
				"north": {"uv": [6.5, 0, 9.5, 16], "texture": "#15"},
				"east": {"uv": [0, 0, 3, 16], "texture": "#15"},
				"south": {"uv": [12, 0, 15, 16], "texture": "#15"},
				"west": {"uv": [7, 0, 10, 16], "texture": "#15"}
			}
		},
		{
			"from": [17.5, -2, 12],
			"to": [18, 3, 12.5],
			"rotation": {"angle": 0, "axis": "y", "origin": [8, 4, 8]},
			"faces": {
				"north": {"uv": [14, 0, 16, 16], "texture": "#16"},
				"east": {"uv": [14, 0, 16, 16], "texture": "#16"},
				"south": {"uv": [14, 0, 16, 16], "texture": "#16"},
				"west": {"uv": [14, 0, 16, 16], "texture": "#16"}
			}
		},
		{
			"from": [15.7485, -6.5, 12.57543],
			"to": [17.7485, -4.5, 14.57543],
			"rotation": {"angle": 0, "axis": "y", "origin": [8, 4, 8]},
			"faces": {
				"north": {"uv": [16, 0, 0, 16], "texture": "#18"},
				"east": {"uv": [16, 0, 0, 16], "texture": "#18"},
				"south": {"uv": [16, 0, 0, 16], "texture": "#18"},
				"up": {"uv": [0, 16, 16, 0], "rotation": 270, "texture": "#18"}
			}
		},
		{
			"from": [15.7485, 4, 12.625],
			"to": [17.7485, 6, 14.625],
			"rotation": {"angle": 0, "axis": "y", "origin": [8, 4, 8]},
			"faces": {
				"north": {"uv": [0, 0, 16, 16], "texture": "#18"},
				"east": {"uv": [0, 0, 16, 16], "texture": "#18"},
				"south": {"uv": [0, 0, 16, 16], "texture": "#18"},
				"up": {"uv": [16, 16, 0, 0], "rotation": 270, "texture": "#18"},
				"down": {"uv": [16, 16, 0, 0], "rotation": 90, "texture": "#18"}
			}
		},
		{
			"from": [15.7485, 4, 1.375],
			"to": [17.7485, 6, 3.375],
			"rotation": {"angle": 0, "axis": "y", "origin": [8, 4, 8]},
			"faces": {
				"north": {"uv": [0, 0, 16, 16], "texture": "#18"},
				"east": {"uv": [0, 0, 16, 16], "texture": "#18"},
				"south": {"uv": [0, 0, 16, 16], "texture": "#18"},
				"up": {"uv": [16, 16, 0, 0], "rotation": 270, "texture": "#18"},
				"down": {"uv": [16, 16, 0, 0], "rotation": 90, "texture": "#18"}
			}
		},
		{
			"name": "window_pos",
			"from": [15.75, -2, 3.75],
			"to": [17.75, 3, 12.25],
			"rotation": {"angle": 0, "axis": "y", "origin": [8, 4, 8]},
			"faces": {
				"north": {"uv": [7.125, 0.0625, 7.75, 1.6875], "texture": "#20"},
				"east": {"uv": [4.0625, 0.0625, 7.0625, 1.6875], "texture": "#20"},
				"south": {"uv": [7.125, 0.0625, 7.75, 1.6875], "texture": "#20"}
			}
		},
		{
			"from": [17.88526, -3.01048, 4.92457],
			"to": [18.51026, 1.48952, 5.67457],
			"rotation": {"angle": -22.5, "axis": "z", "origin": [8, 4, 8]},
			"faces": {
				"north": {"uv": [15, 16, 12, 0], "texture": "#15"},
				"east": {"uv": [3, 16, 0, 0], "texture": "#15"},
				"south": {"uv": [9.5, 16, 6.5, 0], "texture": "#15"},
				"west": {"uv": [10, 16, 7, 0], "texture": "#15"}
			}
		},
		{
			"from": [17.88526, -3.01048, 10.32543],
			"to": [18.51026, 1.48952, 11.07543],
			"rotation": {"angle": -22.5, "axis": "z", "origin": [8, 4, 8]},
			"faces": {
				"north": {"uv": [6.5, 16, 9.5, 0], "texture": "#15"},
				"east": {"uv": [0, 16, 3, 0], "texture": "#15"},
				"south": {"uv": [12, 16, 15, 0], "texture": "#15"},
				"west": {"uv": [7, 16, 10, 0], "texture": "#15"}
			}
		},
		{
			"from": [-1.7485, -6.5, 1.42457],
			"to": [0.2515, -4.5, 3.42457],
			"rotation": {"angle": 0, "axis": "y", "origin": [8, 4, 8]},
			"faces": {
				"north": {"uv": [16, 0, 0, 16], "texture": "#18"},
				"south": {"uv": [16, 0, 0, 16], "texture": "#18"},
				"west": {"uv": [16, 0, 0, 16], "texture": "#18"},
				"up": {"uv": [16, 0, 0, 16], "rotation": 270, "texture": "#18"}
			}
		},
		{
			"from": [-2, -2.5, 3.5],
			"to": [1, -2, 12.5],
			"rotation": {"angle": 0, "axis": "y", "origin": [8, 4, 8]},
			"faces": {
				"north": {"uv": [0.9375, 0, 0, 0.1875], "texture": "#20"},
				"south": {"uv": [0.9375, 0, 0, 0.1875], "texture": "#20"},
				"west": {"uv": [2.9375, 0, 0, 0.1875], "texture": "#20"},
				"up": {"uv": [0, 1, 2.9375, 0], "rotation": 90, "texture": "#20"},
				"down": {"uv": [0, 1, 2.9375, 0], "rotation": 90, "texture": "#20"}
			}
		},
		{
			"name": "window_neg",
			"from": [0.247, -2, 12.251],
			"to": [-1.751, 3, 3.753],
			"rotation": {"angle": 0, "axis": "y", "origin": [8, 4, 8]},
			"faces": {
				"north": {"uv": [7.75, 0.0625, 7.125, 1.6875], "texture": "#20"},
				"east": {"uv": [7.0625, 0.0625, 4.0625, 1.6875], "texture": "#20"},
				"south": {"uv": [7.75, 0.0625, 7.125, 1.6875], "texture": "#20"}
			}
		},
		{
			"from": [-2, -2, 3.5],
			"to": [-1.5, 3, 4],
			"rotation": {"angle": 0, "axis": "y", "origin": [8, 4, 8]},
			"faces": {
				"north": {"uv": [16, 0, 14, 16], "texture": "#16"},
				"east": {"uv": [16, 0, 14, 16], "texture": "#16"},
				"south": {"uv": [16, 0, 14, 16], "texture": "#16"},
				"west": {"uv": [16, 0, 14, 16], "texture": "#16"}
			}
		},
		{
			"from": [-2, 3, 3.5],
			"to": [1, 3.5, 12.5],
			"rotation": {"angle": 0, "axis": "y", "origin": [8, 4, 8]},
			"faces": {
				"north": {"uv": [0.9375, 0, 0, 0.1875], "texture": "#20"},
				"south": {"uv": [0.9375, 0, 0, 0.1875], "texture": "#20"},
				"west": {"uv": [2.9375, 0, 0, 0.1875], "texture": "#20"},
				"up": {"uv": [0, 1, 2.9375, 0], "rotation": 90, "texture": "#20"},
				"down": {"uv": [0, 1, 2.9375, 0], "rotation": 90, "texture": "#20"}
			}
		},
		{
			"from": [-0.865, -0.31144, 4.92457],
			"to": [-0.24, 4.18856, 5.67457],
			"rotation": {"angle": -22.5, "axis": "z", "origin": [8, 4, 8]},
			"faces": {
				"north": {"uv": [12, 0, 15, 16], "texture": "#15"},
				"east": {"uv": [7, 0, 10, 16], "texture": "#15"},
				"south": {"uv": [6.5, 0, 9.5, 16], "texture": "#15"},
				"west": {"uv": [0, 0, 3, 16], "texture": "#15"}
			}
		},
		{
			"from": [-0.865, -0.31144, 10.32543],
			"to": [-0.24, 4.18856, 11.07543],
			"rotation": {"angle": -22.5, "axis": "z", "origin": [8, 4, 8]},
			"faces": {
				"north": {"uv": [9.5, 0, 6.5, 16], "texture": "#15"},
				"east": {"uv": [10, 0, 7, 16], "texture": "#15"},
				"south": {"uv": [15, 0, 12, 16], "texture": "#15"},
				"west": {"uv": [3, 0, 0, 16], "texture": "#15"}
			}
		},
		{
			"from": [-2, -2, 12],
			"to": [-1.5, 3, 12.5],
			"rotation": {"angle": 0, "axis": "y", "origin": [8, 4, 8]},
			"faces": {
				"north": {"uv": [16, 0, 14, 16], "texture": "#16"},
				"east": {"uv": [16, 0, 14, 16], "texture": "#16"},
				"south": {"uv": [16, 0, 14, 16], "texture": "#16"},
				"west": {"uv": [16, 0, 14, 16], "texture": "#16"}
			}
		},
		{
			"from": [-1.7485, -6.5, 12.57543],
			"to": [0.2515, -4.5, 14.57543],
			"rotation": {"angle": 0, "axis": "y", "origin": [8, 4, 8]},
			"faces": {
				"north": {"uv": [0, 0, 16, 16], "texture": "#18"},
				"south": {"uv": [0, 0, 16, 16], "texture": "#18"},
				"west": {"uv": [0, 0, 16, 16], "texture": "#18"},
				"up": {"uv": [0, 0, 16, 16], "rotation": 270, "texture": "#18"}
			}
		},
		{
			"from": [-1.7485, 4, 12.625],
			"to": [0.2515, 6, 14.625],
			"rotation": {"angle": 0, "axis": "y", "origin": [8, 4, 8]},
			"faces": {
				"north": {"uv": [16, 0, 0, 16], "texture": "#18"},
				"south": {"uv": [16, 0, 0, 16], "texture": "#18"},
				"west": {"uv": [16, 0, 0, 16], "texture": "#18"},
				"up": {"uv": [16, 0, 0, 16], "rotation": 270, "texture": "#18"},
				"down": {"uv": [16, 0, 0, 16], "rotation": 90, "texture": "#18"}
			}
		},
		{
			"from": [-1.7485, 4, 1.375],
			"to": [0.2515, 6, 3.375],
			"rotation": {"angle": 0, "axis": "y", "origin": [8, 4, 8]},
			"faces": {
				"north": {"uv": [16, 0, 0, 16], "texture": "#18"},
				"south": {"uv": [16, 0, 0, 16], "texture": "#18"},
				"west": {"uv": [16, 0, 0, 16], "texture": "#18"},
				"up": {"uv": [16, 0, 0, 16], "rotation": 270, "texture": "#18"},
				"down": {"uv": [16, 0, 0, 16], "rotation": 90, "texture": "#18"}
			}
		},
		{
			"name": "window_pos",
			"from": [-1.75, -2, 3.75],
			"to": [0.25, 3, 12.25],
			"rotation": {"angle": 0, "axis": "y", "origin": [8, 4, 8]},
			"faces": {
				"north": {"uv": [7.75, 0.0625, 7.125, 1.6875], "texture": "#20"},
				"south": {"uv": [7.75, 0.0625, 7.125, 1.6875], "texture": "#20"},
				"west": {"uv": [7.0625, 0.0625, 4.0625, 1.6875], "texture": "#20"}
			}
		},
		{
			"from": [-2.51026, -3.01048, 4.92457],
			"to": [-1.88526, 1.48952, 5.67457],
			"rotation": {"angle": 22.5, "axis": "z", "origin": [8, 4, 8]},
			"faces": {
				"north": {"uv": [12, 16, 15, 0], "texture": "#15"},
				"east": {"uv": [7, 16, 10, 0], "texture": "#15"},
				"south": {"uv": [6.5, 16, 9.5, 0], "texture": "#15"},
				"west": {"uv": [0, 16, 3, 0], "texture": "#15"}
			}
		},
		{
			"from": [-2.51026, -3.01048, 10.32543],
			"to": [-1.88526, 1.48952, 11.07543],
			"rotation": {"angle": 22.5, "axis": "z", "origin": [8, 4, 8]},
			"faces": {
				"north": {"uv": [9.5, 16, 6.5, 0], "texture": "#15"},
				"east": {"uv": [10, 16, 7, 0], "texture": "#15"},
				"south": {"uv": [15, 16, 12, 0], "texture": "#15"},
				"west": {"uv": [3, 16, 0, 0], "texture": "#15"}
			}
		},
		{
			"from": [12.57543, -6.5, -1.7485],
			"to": [14.57543, -4.5, 0.2515],
			"rotation": {"angle": 0, "axis": "y", "origin": [8, 4, 8]},
			"faces": {
				"north": {"uv": [16, 0, 0, 16], "texture": "#18"},
				"east": {"uv": [16, 0, 0, 16], "texture": "#18"},
				"west": {"uv": [16, 0, 0, 16], "texture": "#18"},
				"up": {"uv": [16, 0, 0, 16], "texture": "#18"}
			}
		},
		{
			"from": [12.57543, -6.5, 15.7485],
			"to": [14.57543, -4.5, 17.7485],
			"rotation": {"angle": 0, "axis": "y", "origin": [8, 4, 8]},
			"faces": {
				"east": {"uv": [0, 0, 16, 16], "texture": "#18"},
				"south": {"uv": [0, 0, 16, 16], "texture": "#18"},
				"west": {"uv": [0, 0, 16, 16], "texture": "#18"},
				"up": {"uv": [16, 16, 0, 0], "texture": "#18"}
			}
		},
		{
			"from": [3.5, -2.5, -2],
			"to": [12.5, -2, 1],
			"rotation": {"angle": 0, "axis": "y", "origin": [8, 4, 8]},
			"faces": {
				"north": {"uv": [2.9375, 0, 0, 0.1875], "texture": "#20"},
				"east": {"uv": [0.9375, 0, 0, 0.1875], "texture": "#20"},
				"west": {"uv": [0.9375, 0, 0, 0.1875], "texture": "#20"},
				"up": {"uv": [0, 1, 2.9375, 0], "rotation": 180, "texture": "#20"},
				"down": {"uv": [0, 1, 2.9375, 0], "texture": "#20"}
			}
		},
		{
			"name": "window_neg",
			"from": [12.247, -2, 0.247],
			"to": [3.749, 3, -1.751],
			"rotation": {"angle": 0, "axis": "y", "origin": [8, 4, 8]},
			"faces": {
				"east": {"uv": [7.75, 0.0625, 7.125, 1.6875], "texture": "#20"},
				"south": {"uv": [7.0625, 0.0625, 4.0625, 1.6875], "texture": "#20"},
				"west": {"uv": [7.75, 0.0625, 7.125, 1.6875], "texture": "#20"}
			}
		},
		{
			"from": [12, -2, -2],
			"to": [12.5, 3, -1.5],
			"rotation": {"angle": 0, "axis": "y", "origin": [8, 4, 8]},
			"faces": {
				"north": {"uv": [16, 0, 14, 16], "texture": "#16"},
				"east": {"uv": [16, 0, 14, 16], "texture": "#16"},
				"south": {"uv": [16, 0, 14, 16], "texture": "#16"},
				"west": {"uv": [16, 0, 14, 16], "texture": "#16"}
			}
		},
		{
			"from": [3.5, 3, -2],
			"to": [12.5, 3.5, 1],
			"rotation": {"angle": 0, "axis": "y", "origin": [8, 4, 8]},
			"faces": {
				"north": {"uv": [2.9375, 0, 0, 0.1875], "texture": "#20"},
				"east": {"uv": [0.9375, 0, 0, 0.1875], "texture": "#20"},
				"west": {"uv": [0.9375, 0, 0, 0.1875], "texture": "#20"},
				"up": {"uv": [0, 1, 2.9375, 0], "rotation": 180, "texture": "#20"},
				"down": {"uv": [0, 1, 2.9375, 0], "texture": "#20"}
			}
		},
		{
			"from": [10.32543, -0.31144, -0.865],
			"to": [11.07543, 4.18856, -0.24],
			"rotation": {"angle": 22.5, "axis": "x", "origin": [8, 4, 8]},
			"faces": {
				"north": {"uv": [0, 0, 3, 16], "texture": "#15"},
				"east": {"uv": [12, 0, 15, 16], "texture": "#15"},
				"south": {"uv": [7, 0, 10, 16], "texture": "#15"},
				"west": {"uv": [6.5, 0, 9.5, 16], "texture": "#15"}
			}
		},
		{
			"from": [4.92457, -0.31144, -0.865],
			"to": [5.67457, 4.18856, -0.24],
			"rotation": {"angle": 22.5, "axis": "x", "origin": [8, 4, 8]},
			"faces": {
				"north": {"uv": [3, 0, 0, 16], "texture": "#15"},
				"east": {"uv": [9.5, 0, 6.5, 16], "texture": "#15"},
				"south": {"uv": [10, 0, 7, 16], "texture": "#15"},
				"west": {"uv": [15, 0, 12, 16], "texture": "#15"}
			}
		},
		{
			"from": [3.5, -2, -2],
			"to": [4, 3, -1.5],
			"rotation": {"angle": 0, "axis": "y", "origin": [8, 4, 8]},
			"faces": {
				"north": {"uv": [16, 0, 14, 16], "texture": "#16"},
				"east": {"uv": [16, 0, 14, 16], "texture": "#16"},
				"south": {"uv": [16, 0, 14, 16], "texture": "#16"},
				"west": {"uv": [16, 0, 14, 16], "texture": "#16"}
			}
		},
		{
			"from": [1.42457, -6.5, -1.7485],
			"to": [3.42457, -4.5, 0.2515],
			"rotation": {"angle": 0, "axis": "y", "origin": [8, 4, 8]},
			"faces": {
				"north": {"uv": [0, 0, 16, 16], "texture": "#18"},
				"east": {"uv": [0, 0, 16, 16], "texture": "#18"},
				"west": {"uv": [0, 0, 16, 16], "texture": "#18"},
				"up": {"uv": [0, 0, 16, 16], "texture": "#18"}
			}
		},
		{
			"from": [1.42457, -6.5, 15.7485],
			"to": [3.42457, -4.5, 17.7485],
			"rotation": {"angle": 0, "axis": "y", "origin": [8, 4, 8]},
			"faces": {
				"east": {"uv": [16, 0, 0, 16], "texture": "#18"},
				"south": {"uv": [16, 0, 0, 16], "texture": "#18"},
				"west": {"uv": [16, 0, 0, 16], "texture": "#18"},
				"up": {"uv": [0, 16, 16, 0], "texture": "#18"}
			}
		},
		{
			"from": [1.375, 4, -1.7485],
			"to": [3.375, 6, 0.2515],
			"rotation": {"angle": 0, "axis": "y", "origin": [8, 4, 8]},
			"faces": {
				"north": {"uv": [16, 0, 0, 16], "texture": "#18"},
				"east": {"uv": [16, 0, 0, 16], "texture": "#18"},
				"west": {"uv": [16, 0, 0, 16], "texture": "#18"},
				"up": {"uv": [16, 0, 0, 16], "texture": "#18"},
				"down": {"uv": [16, 0, 0, 16], "texture": "#18"}
			}
		},
		{
			"from": [1.375, 4, 15.7485],
			"to": [3.375, 6, 17.7485],
			"rotation": {"angle": 0, "axis": "y", "origin": [8, 4, 8]},
			"faces": {
				"east": {"uv": [0, 0, 16, 16], "texture": "#18"},
				"south": {"uv": [0, 0, 16, 16], "texture": "#18"},
				"west": {"uv": [0, 0, 16, 16], "texture": "#18"},
				"up": {"uv": [16, 16, 0, 0], "texture": "#18"},
				"down": {"uv": [16, 16, 0, 0], "texture": "#18"}
			}
		},
		{
			"from": [12.625, 4, -1.7485],
			"to": [14.625, 6, 0.2515],
			"rotation": {"angle": 0, "axis": "y", "origin": [8, 4, 8]},
			"faces": {
				"north": {"uv": [16, 0, 0, 16], "texture": "#18"},
				"east": {"uv": [16, 0, 0, 16], "texture": "#18"},
				"west": {"uv": [16, 0, 0, 16], "texture": "#18"},
				"up": {"uv": [16, 0, 0, 16], "texture": "#18"},
				"down": {"uv": [16, 0, 0, 16], "texture": "#18"}
			}
		},
		{
			"from": [12.625, 4, 15.7485],
			"to": [14.625, 6, 17.7485],
			"rotation": {"angle": 0, "axis": "y", "origin": [8, 4, 8]},
			"faces": {
				"east": {"uv": [0, 0, 16, 16], "texture": "#18"},
				"south": {"uv": [0, 0, 16, 16], "texture": "#18"},
				"west": {"uv": [0, 0, 16, 16], "texture": "#18"},
				"up": {"uv": [16, 16, 0, 0], "texture": "#18"},
				"down": {"uv": [16, 16, 0, 0], "texture": "#18"}
			}
		},
		{
			"name": "window_pos",
			"from": [3.75, -2, -1.75],
			"to": [12.25, 3, 0.25],
			"rotation": {"angle": 0, "axis": "y", "origin": [8, 4, 8]},
			"faces": {
				"north": {"uv": [7.0625, 0.0625, 4.0625, 1.6875], "texture": "#20"},
				"east": {"uv": [7.75, 0.0625, 7.125, 1.6875], "texture": "#20"},
				"west": {"uv": [7.75, 0.0625, 7.125, 1.6875], "texture": "#20"}
			}
		},
		{
			"from": [10.32543, -3.01048, -2.51026],
			"to": [11.07543, 1.48952, -1.88526],
			"rotation": {"angle": -22.5, "axis": "x", "origin": [8, 4, 8]},
			"faces": {
				"north": {"uv": [0, 16, 3, 0], "texture": "#15"},
				"east": {"uv": [12, 16, 15, 0], "texture": "#15"},
				"south": {"uv": [7, 16, 10, 0], "texture": "#15"},
				"west": {"uv": [6.5, 16, 9.5, 0], "texture": "#15"}
			}
		},
		{
			"from": [4.92457, -3.01048, -2.51026],
			"to": [5.67457, 1.48952, -1.88526],
			"rotation": {"angle": -22.5, "axis": "x", "origin": [8, 4, 8]},
			"faces": {
				"north": {"uv": [3, 16, 0, 0], "texture": "#15"},
				"east": {"uv": [9.5, 16, 6.5, 0], "texture": "#15"},
				"south": {"uv": [10, 16, 7, 0], "texture": "#15"},
				"west": {"uv": [15, 16, 12, 0], "texture": "#15"}
			}
		},
		{
			"from": [6.125, 6.125, 16.5],
			"to": [9.875, 9.875, 17.125],
			"rotation": {"angle": 0, "axis": "y", "origin": [3.09704, -2.27258, 7.35243]},
			"faces": {
				"north": {"uv": [2.5, 11.25, 4.125, 12.875], "texture": "#21"},
				"east": {"uv": [3.8125, 11.25, 4.125, 12.875], "texture": "#21"},
				"south": {"uv": [2.5, 11.25, 4.125, 12.875], "texture": "#21"},
				"west": {"uv": [2.5, 11.25, 2.8125, 12.875], "texture": "#21"},
				"up": {"uv": [2.5, 11.25, 4.125, 11.5625], "texture": "#21"},
				"down": {"uv": [2.5, 12.5625, 4.125, 12.875], "texture": "#21"}
			}
		},
		{
			"from": [2.75, 26.875, 11.25],
			"to": [13.25, 28.125, 12.5],
			"rotation": {"angle": 0, "axis": "y", "origin": [-1.88158, 27.25, 11.63108]},
			"faces": {
				"north": {"uv": [4.0625, 2.5, 9.9375, 3.1875], "texture": "#20"},
				"east": {"uv": [4.0625, 1.75, 4.75, 2.4375], "rotation": 90, "texture": "#20"},
				"south": {"uv": [4.0625, 2.5, 9.9375, 3.1875], "texture": "#20"},
				"west": {"uv": [4.0625, 1.75, 4.75, 2.4375], "rotation": 90, "texture": "#20"},
				"up": {"uv": [9.9375, 3.1875, 4.0625, 2.5], "texture": "#20"},
				"down": {"uv": [9.9375, 3.1875, 4.0625, 2.5], "texture": "#20"}
			}
		},
		{
			"name": "roof_middle",
			"from": [-0.75, 9, -0.75],
			"to": [16.75, 13, 16.75],
			"rotation": {"angle": 0, "axis": "y", "origin": [-1.40954, 0.72742, -0.72743]},
			"faces": {
				"north": {"uv": [16, 7.875, 11, 8.875], "texture": "#21"},
				"east": {"uv": [16, 7.875, 11, 8.875], "texture": "#21"},
				"south": {"uv": [16, 7.875, 11, 8.875], "texture": "#21"},
				"west": {"uv": [16, 7.875, 11, 8.875], "texture": "#21"},
				"up": {"uv": [4, 0, 0, 4], "texture": "#20"},
				"down": {"uv": [16, 2.8125, 11, 7.8125], "texture": "#21"}
			}
		},
		{
			"name": "roof_top",
			"from": [3.125, 26, 3.125],
			"to": [12.625, 26.5, 12.625],
			"rotation": {"angle": 0, "axis": "y", "origin": [6.53454, 14.22742, 3.64757]},
			"faces": {
				"up": {"uv": [0, 0, 3.25, 3.25], "texture": "#20"}
			}
		},
		{
			"from": [0.25781, -8, 0.25781],
			"to": [15.50781, -5, 15.50781],
			"rotation": {"angle": 0, "axis": "y", "origin": [8.49671, -3.27258, 7.85243]},
			"faces": {
				"north": {"uv": [0, 0, 4, 0.5], "texture": "#20"},
				"east": {"uv": [0, 0, 4, 0.5], "texture": "#20"},
				"south": {"uv": [0, 0, 4, 0.5], "texture": "#20"},
				"west": {"uv": [0, 0, 4, 0.5], "texture": "#20"},
				"up": {"uv": [0, 0, 4, 4], "texture": "#20"}
			}
		},
		{
			"name": "egg",
			"from": [5.21659, -4.54056, 9.32365],
			"to": [6.43739, -3.31976, 9.62885],
			"rotation": {"angle": -22.5, "axis": "y", "origin": [11.32699, -3.93016, 3.79905]},
			"faces": {
				"east": {"uv": [9, 12, 9.5, 12.5], "rotation": 270, "texture": "#10"},
				"south": {"uv": [9, 12, 9.5, 12.5], "rotation": 270, "texture": "#10"},
				"west": {"uv": [9, 12, 9.5, 12.5], "rotation": 270, "texture": "#10"},
				"up": {"uv": [9, 12, 9.5, 12.5], "rotation": 270, "texture": "#10"},
				"down": {"uv": [9, 12, 9.5, 12.5], "rotation": 270, "texture": "#10"}
			}
		},
		{
			"name": "egg",
			"from": [10.3632, -4.40737, 7.58778],
			"to": [11.8892, -3.33917, 9.72418],
			"rotation": {"angle": -22.5, "axis": "y", "origin": [11.32699, -3.93797, 3.79905]},
			"faces": {
				"north": {"uv": [6.5, 8.5, 7, 9], "texture": "#10"},
				"east": {"uv": [6.5, 8.5, 7, 9], "texture": "#10"},
				"south": {"uv": [6.5, 8.5, 7, 9], "texture": "#10"},
				"west": {"uv": [6.5, 8.5, 7, 9], "texture": "#10"},
				"up": {"uv": [6.5, 8.5, 7, 9], "rotation": 180, "texture": "#10"},
				"down": {"uv": [6.5, 8.5, 7, 9], "rotation": 180, "texture": "#10"}
			}
		},
		{
			"name": "egg",
			"from": [10.058, -4.39956, 7.89298],
			"to": [12.1944, -3.33136, 9.41898],
			"rotation": {"angle": -22.5, "axis": "y", "origin": [11.32699, -3.93016, 3.79905]},
			"faces": {
				"north": {"uv": [6.5, 8.5, 7, 9], "texture": "#10"},
				"east": {"uv": [6.5, 8.5, 7, 9], "texture": "#10"},
				"south": {"uv": [6.5, 8.5, 7, 9], "texture": "#10"},
				"west": {"uv": [6.5, 8.5, 7, 9], "texture": "#10"},
				"up": {"uv": [6.5, 8.5, 7, 9], "rotation": 90, "texture": "#10"},
				"down": {"uv": [6.5, 8.5, 7, 9], "rotation": 270, "texture": "#10"}
			}
		},
		{
			"name": "egg",
			"from": [10.3632, -2.87356, 7.89298],
			"to": [11.8892, -2.41576, 9.41898],
			"rotation": {"angle": -22.5, "axis": "y", "origin": [11.32699, -3.93016, 3.79905]},
			"faces": {
				"north": {"uv": [6.5, 8.5, 7, 9], "texture": "#10"},
				"east": {"uv": [6.5, 8.5, 7, 9], "texture": "#10"},
				"south": {"uv": [6.5, 8.5, 7, 9], "texture": "#10"},
				"west": {"uv": [6.5, 8.5, 7, 9], "texture": "#10"},
				"up": {"uv": [6.5, 8.5, 7, 9], "rotation": 90, "texture": "#10"}
			}
		},
		{
			"name": "egg",
			"from": [10.2106, -4.39956, 7.74038],
			"to": [12.0418, -2.87356, 9.57158],
			"rotation": {"angle": -22.5, "axis": "y", "origin": [11.32699, -3.93016, 3.79905]},
			"faces": {
				"north": {"uv": [6.5, 8.5, 7, 9], "texture": "#10"},
				"east": {"uv": [6.5, 8.5, 7, 9], "texture": "#10"},
				"south": {"uv": [6.5, 8.5, 7, 9], "texture": "#10"},
				"west": {"uv": [6.5, 8.5, 7, 9], "texture": "#10"},
				"up": {"uv": [6.5, 8.5, 7, 9], "rotation": 90, "texture": "#10"}
			}
		},
		{
			"name": "egg",
			"from": [10.6684, -2.56836, 8.19818],
			"to": [11.584, -2.11056, 9.11378],
			"rotation": {"angle": -22.5, "axis": "y", "origin": [11.32699, -3.93016, 3.79905]},
			"faces": {
				"north": {"uv": [6.5, 8.5, 7, 9], "texture": "#10"},
				"east": {"uv": [6.5, 8.5, 7, 9], "texture": "#10"},
				"south": {"uv": [6.5, 8.5, 7, 9], "texture": "#10"},
				"west": {"uv": [6.5, 8.5, 7, 9], "texture": "#10"},
				"up": {"uv": [6.5, 8.5, 7, 9], "rotation": 90, "texture": "#10"}
			}
		},
		{
			"name": "egg",
			"from": [10.30239, -4.84576, 2.88345],
			"to": [10.60759, -3.01456, 4.71465],
			"rotation": {"angle": 0, "axis": "y", "origin": [11.32699, -3.93016, 3.79905]},
			"faces": {
				"north": {"uv": [9, 12, 9.5, 12.5], "rotation": 270, "texture": "#10"},
				"south": {"uv": [9, 12, 9.5, 12.5], "rotation": 270, "texture": "#10"},
				"west": {"uv": [9, 12, 9.5, 12.5], "rotation": 270, "texture": "#10"},
				"up": {"uv": [9, 12, 9.5, 12.5], "rotation": 270, "texture": "#10"},
				"down": {"uv": [9, 12, 9.5, 12.5], "rotation": 270, "texture": "#10"}
			}
		},
		{
			"name": "egg",
			"from": [9.99719, -4.54056, 3.18865],
			"to": [10.30239, -3.31976, 4.40945],
			"rotation": {"angle": 0, "axis": "y", "origin": [11.32699, -3.93016, 3.79905]},
			"faces": {
				"north": {"uv": [9, 12, 9.5, 12.5], "rotation": 270, "texture": "#10"},
				"south": {"uv": [9, 12, 9.5, 12.5], "rotation": 270, "texture": "#10"},
				"west": {"uv": [9, 12, 9.5, 12.5], "rotation": 270, "texture": "#10"},
				"up": {"uv": [9, 12, 9.5, 12.5], "rotation": 270, "texture": "#10"},
				"down": {"uv": [9, 12, 9.5, 12.5], "rotation": 270, "texture": "#10"}
			}
		},
		{
			"name": "egg",
			"from": [10.60759, -4.69316, 2.73085],
			"to": [11.67579, -3.16716, 4.86725],
			"rotation": {"angle": 0, "axis": "y", "origin": [11.32699, -3.93016, 3.79905]},
			"faces": {
				"north": {"uv": [6.5, 8.5, 7, 9], "rotation": 270, "texture": "#10"},
				"east": {"uv": [6.5, 8.5, 7, 9], "rotation": 270, "texture": "#10"},
				"south": {"uv": [6.5, 8.5, 7, 9], "rotation": 90, "texture": "#10"},
				"west": {"uv": [6.5, 8.5, 7, 9], "rotation": 270, "texture": "#10"},
				"up": {"uv": [6.5, 8.5, 7, 9], "rotation": 90, "texture": "#10"},
				"down": {"uv": [6.5, 8.5, 7, 9], "rotation": 90, "texture": "#10"}
			}
		},
		{
			"name": "egg",
			"from": [10.59978, -4.99836, 3.03605],
			"to": [11.66798, -2.86196, 4.56205],
			"rotation": {"angle": 0, "axis": "y", "origin": [11.32699, -3.93016, 3.79905]},
			"faces": {
				"north": {"uv": [6.5, 8.5, 7, 9], "rotation": 270, "texture": "#10"},
				"east": {"uv": [6.5, 8.5, 7, 9], "texture": "#10"},
				"south": {"uv": [6.5, 8.5, 7, 9], "rotation": 90, "texture": "#10"},
				"west": {"uv": [6.5, 8.5, 7, 9], "rotation": 180, "texture": "#10"},
				"up": {"uv": [6.5, 8.5, 7, 9], "rotation": 90, "texture": "#10"},
				"down": {"uv": [6.5, 8.5, 7, 9], "rotation": 90, "texture": "#10"}
			}
		},
		{
			"name": "egg",
			"from": [10.60759, -4.84576, 2.88345],
			"to": [12.13359, -3.01456, 4.71465],
			"rotation": {"angle": 0, "axis": "y", "origin": [11.32699, -3.93016, 3.79905]},
			"faces": {
				"north": {"uv": [6.5, 8.5, 7, 9], "rotation": 270, "texture": "#10"},
				"east": {"uv": [6.5, 8.5, 7, 9], "rotation": 270, "texture": "#10"},
				"south": {"uv": [6.5, 8.5, 7, 9], "rotation": 90, "texture": "#10"},
				"up": {"uv": [6.5, 8.5, 7, 9], "rotation": 90, "texture": "#10"},
				"down": {"uv": [6.5, 8.5, 7, 9], "rotation": 90, "texture": "#10"}
			}
		},
		{
			"name": "egg",
			"from": [4.91139, -4.84576, 9.01845],
			"to": [6.74259, -3.01456, 9.32365],
			"rotation": {"angle": -22.5, "axis": "y", "origin": [11.32699, -3.93016, 3.79905]},
			"faces": {
				"east": {"uv": [9, 12, 9.5, 12.5], "rotation": 270, "texture": "#10"},
				"south": {"uv": [9, 12, 9.5, 12.5], "rotation": 270, "texture": "#10"},
				"west": {"uv": [9, 12, 9.5, 12.5], "rotation": 270, "texture": "#10"},
				"up": {"uv": [9, 12, 9.5, 12.5], "rotation": 270, "texture": "#10"},
				"down": {"uv": [9, 12, 9.5, 12.5], "rotation": 270, "texture": "#10"}
			}
		},
		{
			"name": "egg",
			"from": [5.06399, -4.99836, 7.95806],
			"to": [6.58999, -2.86196, 9.02626],
			"rotation": {"angle": -22.5, "axis": "y", "origin": [11.32699, -3.93016, 3.79905]},
			"faces": {
				"north": {"uv": [6.5, 8.5, 7, 9], "texture": "#10"},
				"east": {"uv": [6.5, 8.5, 7, 9], "rotation": 90, "texture": "#10"},
				"south": {"uv": [6.5, 8.5, 7, 9], "rotation": 180, "texture": "#10"},
				"west": {"uv": [6.5, 8.5, 7, 9], "rotation": 270, "texture": "#10"},
				"up": {"uv": [6.5, 8.5, 7, 9], "texture": "#10"},
				"down": {"uv": [6.5, 8.5, 7, 9], "rotation": 180, "texture": "#10"}
			}
		},
		{
			"name": "egg",
			"from": [4.91139, -4.84576, 7.49245],
			"to": [6.74259, -3.01456, 9.01845],
			"rotation": {"angle": -22.5, "axis": "y", "origin": [11.32699, -3.93016, 3.79905]},
			"faces": {
				"north": {"uv": [6.5, 8.5, 7, 9], "rotation": 270, "texture": "#10"},
				"east": {"uv": [6.5, 8.5, 7, 9], "rotation": 90, "texture": "#10"},
				"west": {"uv": [6.5, 8.5, 7, 9], "rotation": 270, "texture": "#10"},
				"up": {"uv": [6.5, 8.5, 7, 9], "texture": "#10"},
				"down": {"uv": [6.5, 8.5, 7, 9], "rotation": 180, "texture": "#10"}
			}
		},
		{
			"name": "egg",
			"from": [4.75879, -4.69316, 7.95025],
			"to": [6.89519, -3.16716, 9.01845],
			"rotation": {"angle": -22.5, "axis": "y", "origin": [11.32699, -3.93016, 3.79905]},
			"faces": {
				"north": {"uv": [6.5, 8.5, 7, 9], "rotation": 270, "texture": "#10"},
				"east": {"uv": [6.5, 8.5, 7, 9], "rotation": 90, "texture": "#10"},
				"south": {"uv": [6.5, 8.5, 7, 9], "rotation": 270, "texture": "#10"},
				"west": {"uv": [6.5, 8.5, 7, 9], "rotation": 270, "texture": "#10"},
				"up": {"uv": [6.5, 8.5, 7, 9], "texture": "#10"},
				"down": {"uv": [6.5, 8.5, 7, 9], "rotation": 180, "texture": "#10"}
			}
		},
		{
			"name": "egg",
			"from": [10.2106, -4.70476, 7.74038],
			"to": [12.0418, -4.39956, 9.57158],
			"rotation": {"angle": -22.5, "axis": "y", "origin": [11.32699, -3.93016, 3.79905]},
			"faces": {
				"north": {"uv": [9, 12, 9.5, 12.5], "texture": "#10"},
				"east": {"uv": [9, 12, 9.5, 12.5], "texture": "#10"},
				"south": {"uv": [9, 12, 9.5, 12.5], "texture": "#10"},
				"west": {"uv": [9, 12, 9.5, 12.5], "texture": "#10"},
				"down": {"uv": [9, 12, 9.5, 12.5], "texture": "#10"}
			}
		},
		{
			"name": "egg",
			"from": [10.5158, -5.00996, 8.04558],
			"to": [11.7366, -4.70476, 9.26638],
			"rotation": {"angle": -22.5, "axis": "y", "origin": [11.32699, -3.93016, 3.79905]},
			"faces": {
				"north": {"uv": [9, 12, 9.5, 12.5], "texture": "#10"},
				"east": {"uv": [9, 12, 9.5, 12.5], "texture": "#10"},
				"south": {"uv": [9, 12, 9.5, 12.5], "texture": "#10"},
				"west": {"uv": [9, 12, 9.5, 12.5], "texture": "#10"},
				"down": {"uv": [9, 12, 9.5, 12.5], "texture": "#10"}
			}
		},
		{
			"name": "egg",
			"from": [11.8632, -2.87356, 5.39298],
			"to": [13.3892, -2.41576, 6.91898],
			"rotation": {"angle": 22.5, "axis": "y", "origin": [11.32699, -3.93016, 3.79905]},
			"faces": {
				"north": {"uv": [6.5, 8.5, 7, 9], "texture": "#10"},
				"east": {"uv": [6.5, 8.5, 7, 9], "texture": "#10"},
				"south": {"uv": [6.5, 8.5, 7, 9], "texture": "#10"},
				"west": {"uv": [6.5, 8.5, 7, 9], "texture": "#10"},
				"up": {"uv": [6.5, 8.5, 7, 9], "rotation": 90, "texture": "#10"}
			}
		},
		{
			"name": "egg",
			"from": [12.1684, -2.56836, 5.69818],
			"to": [13.084, -2.11056, 6.61378],
			"rotation": {"angle": 22.5, "axis": "y", "origin": [11.32699, -3.93016, 3.79905]},
			"faces": {
				"north": {"uv": [6.5, 8.5, 7, 9], "texture": "#10"},
				"east": {"uv": [6.5, 8.5, 7, 9], "texture": "#10"},
				"south": {"uv": [6.5, 8.5, 7, 9], "texture": "#10"},
				"west": {"uv": [6.5, 8.5, 7, 9], "texture": "#10"},
				"up": {"uv": [6.5, 8.5, 7, 9], "rotation": 90, "texture": "#10"}
			}
		},
		{
			"name": "egg",
			"from": [11.7106, -4.39956, 5.24038],
			"to": [13.5418, -2.87356, 7.07158],
			"rotation": {"angle": 22.5, "axis": "y", "origin": [11.32699, -3.93016, 3.79905]},
			"faces": {
				"north": {"uv": [6.5, 8.5, 7, 9], "texture": "#10"},
				"east": {"uv": [6.5, 8.5, 7, 9], "texture": "#10"},
				"south": {"uv": [6.5, 8.5, 7, 9], "texture": "#10"},
				"west": {"uv": [6.5, 8.5, 7, 9], "texture": "#10"},
				"up": {"uv": [6.5, 8.5, 7, 9], "rotation": 90, "texture": "#10"}
			}
		},
		{
			"name": "egg",
			"from": [11.8632, -4.39956, 5.08778],
			"to": [13.3892, -3.33136, 7.22418],
			"rotation": {"angle": 22.5, "axis": "y", "origin": [11.32699, -3.93016, 3.79905]},
			"faces": {
				"north": {"uv": [6.5, 8.5, 7, 9], "texture": "#10"},
				"east": {"uv": [6.5, 8.5, 7, 9], "texture": "#10"},
				"south": {"uv": [6.5, 8.5, 7, 9], "texture": "#10"},
				"west": {"uv": [6.5, 8.5, 7, 9], "texture": "#10"},
				"up": {"uv": [6.5, 8.5, 7, 9], "rotation": 180, "texture": "#10"},
				"down": {"uv": [6.5, 8.5, 7, 9], "rotation": 180, "texture": "#10"}
			}
		},
		{
			"name": "egg",
			"from": [11.558, -4.40737, 5.39298],
			"to": [13.6944, -3.33917, 6.91898],
			"rotation": {"angle": 22.5, "axis": "y", "origin": [11.32699, -3.93797, 3.79905]},
			"faces": {
				"north": {"uv": [6.5, 8.5, 7, 9], "texture": "#10"},
				"east": {"uv": [6.5, 8.5, 7, 9], "texture": "#10"},
				"south": {"uv": [6.5, 8.5, 7, 9], "texture": "#10"},
				"west": {"uv": [6.5, 8.5, 7, 9], "texture": "#10"},
				"up": {"uv": [6.5, 8.5, 7, 9], "rotation": 90, "texture": "#10"},
				"down": {"uv": [6.5, 8.5, 7, 9], "rotation": 270, "texture": "#10"}
			}
		},
		{
			"name": "egg",
			"from": [11.7106, -4.70476, 5.24038],
			"to": [13.5418, -4.39956, 7.07158],
			"rotation": {"angle": 22.5, "axis": "y", "origin": [11.32699, -3.93016, 3.79905]},
			"faces": {
				"north": {"uv": [9, 12, 9.5, 12.5], "texture": "#10"},
				"east": {"uv": [9, 12, 9.5, 12.5], "texture": "#10"},
				"south": {"uv": [9, 12, 9.5, 12.5], "texture": "#10"},
				"west": {"uv": [9, 12, 9.5, 12.5], "texture": "#10"},
				"down": {"uv": [9, 12, 9.5, 12.5], "texture": "#10"}
			}
		},
		{
			"name": "egg",
			"from": [12.0158, -5.00996, 5.54558],
			"to": [13.2366, -4.70476, 6.76638],
			"rotation": {"angle": 22.5, "axis": "y", "origin": [11.32699, -3.93016, 3.79905]},
			"faces": {
				"north": {"uv": [9, 12, 9.5, 12.5], "texture": "#10"},
				"east": {"uv": [9, 12, 9.5, 12.5], "texture": "#10"},
				"south": {"uv": [9, 12, 9.5, 12.5], "texture": "#10"},
				"west": {"uv": [9, 12, 9.5, 12.5], "texture": "#10"},
				"down": {"uv": [9, 12, 9.5, 12.5], "texture": "#10"}
			}
		},
		{
			"name": "egg",
			"from": [12.43879, -4.38796, 3.34125],
			"to": [12.89659, -3.47236, 4.25685],
			"rotation": {"angle": 0, "axis": "y", "origin": [11.32699, -3.93016, 3.79905]},
			"faces": {
				"north": {"uv": [6.5, 8.5, 7, 9], "rotation": 270, "texture": "#10"},
				"east": {"uv": [6.5, 8.5, 7, 9], "rotation": 270, "texture": "#10"},
				"south": {"uv": [6.5, 8.5, 7, 9], "rotation": 90, "texture": "#10"},
				"up": {"uv": [6.5, 8.5, 7, 9], "rotation": 90, "texture": "#10"},
				"down": {"uv": [6.5, 8.5, 7, 9], "rotation": 90, "texture": "#10"}
			}
		},
		{
			"name": "egg",
			"from": [12.13359, -4.69316, 3.03605],
			"to": [12.59139, -3.16716, 4.56205],
			"rotation": {"angle": 0, "axis": "y", "origin": [11.32699, -3.93016, 3.79905]},
			"faces": {
				"north": {"uv": [6.5, 8.5, 7, 9], "rotation": 270, "texture": "#10"},
				"east": {"uv": [6.5, 8.5, 7, 9], "rotation": 270, "texture": "#10"},
				"south": {"uv": [6.5, 8.5, 7, 9], "rotation": 90, "texture": "#10"},
				"up": {"uv": [6.5, 8.5, 7, 9], "rotation": 90, "texture": "#10"},
				"down": {"uv": [6.5, 8.5, 7, 9], "rotation": 90, "texture": "#10"}
			}
		},
		{
			"name": "egg",
			"from": [5.36919, -4.38796, 6.72945],
			"to": [6.28479, -3.47236, 7.18725],
			"rotation": {"angle": -22.5, "axis": "y", "origin": [11.32699, -3.93016, 3.79905]},
			"faces": {
				"north": {"uv": [6.5, 8.5, 7, 9], "rotation": 270, "texture": "#10"},
				"east": {"uv": [6.5, 8.5, 7, 9], "rotation": 90, "texture": "#10"},
				"west": {"uv": [6.5, 8.5, 7, 9], "rotation": 270, "texture": "#10"},
				"up": {"uv": [6.5, 8.5, 7, 9], "texture": "#10"},
				"down": {"uv": [6.5, 8.5, 7, 9], "rotation": 180, "texture": "#10"}
			}
		},
		{
			"name": "egg",
			"from": [5.06399, -4.69316, 7.03465],
			"to": [6.58999, -3.16716, 7.49245],
			"rotation": {"angle": -22.5, "axis": "y", "origin": [11.32699, -3.93016, 3.79905]},
			"faces": {
				"north": {"uv": [6.5, 8.5, 7, 9], "rotation": 270, "texture": "#10"},
				"east": {"uv": [6.5, 8.5, 7, 9], "rotation": 90, "texture": "#10"},
				"west": {"uv": [6.5, 8.5, 7, 9], "rotation": 270, "texture": "#10"},
				"up": {"uv": [6.5, 8.5, 7, 9], "texture": "#10"},
				"down": {"uv": [6.5, 8.5, 7, 9], "rotation": 180, "texture": "#10"}
			}
		}
	],
	"display": {
		"thirdperson_righthand": {
			"rotation": [75, -145, 0],
			"translation": [0, 2.5, 0],
			"scale": [0.375, 0.375, 0.375]
		},
		"gui": {
			"rotation": [30, -45, 0],
			"translation": [0, 0.25, 0],
			"scale": [0.33, 0.33, 0.33]
		},
		"head": {
			"rotation": [0, -180, 0],
			"translation": [0, -9, 0],
			"scale": [4, 4, 4]
		}
	},
	"groups": [0, 1, 2, 3, 4, 5, 6, 7, 8, 9, 10, 11, 12, 13, 14, 15, 16, 17, 18, 19, 20, 21, 22, 23, 24, 25, 26, 27, 28, 29,
		{
			"name": "group",
			"origin": [1.75, 12.75, 8.25],
			"children": [
				{
					"name": "egg",
					"origin": [1.75, 12.75, 8.25],
					"children": []
				},
				{
					"name": "egg",
					"origin": [1.75, 12.75, 8.25],
					"children": []
				},
				{
					"name": "egg",
					"origin": [1.75, 12.75, 8.25],
					"children": []
				},
				{
					"name": "egg",
					"origin": [1.75, 12.75, 8.25],
					"children": []
				}
			]
		},
		{
			"name": "group",
			"origin": [1.75, 12.75, 8.25],
			"children": [
				{
					"name": "egg",
					"origin": [1.75, 12.75, 8.25],
					"children": [30, 31, 32, 33, 34, 35]
				},
				{
					"name": "egg",
					"origin": [1.75, 12.75, 8.25],
					"children": [36, 37, 38, 39, 40, 41, 42]
				},
				{
					"name": "egg",
					"origin": [1.75, 12.75, 8.25],
					"children": [43, 44, 45, 46, 47, 48, 49]
				},
				{
					"name": "egg",
					"origin": [1.75, 12.75, 8.25],
					"children": [50, 51, 52, 53, 54, 55, 56]
				},
				{
					"name": "egg",
					"origin": [1.75, 12.75, 8.25],
					"children": [57, 58, 59, 60, 61, 62, 63]
				},
				{
					"name": "egg",
					"origin": [1.75, 12.75, 8.25],
					"children": [64, 65, 66, 67, 68, 69, 70]
				}
			]
		},
		{
			"name": "logo",
			"origin": [3.09704, 7.72742, 14.35243],
			"children": [71, 72, 73]
		}, 74, 75, 76, 77, 78, 79, 80, 81, 82, 83, 84, 85, 86, 87, 88, 89, 90, 91, 92, 93, 94, 95, 96, 97, 98, 99, 100, 101, 102, 103, 104, 105, 106, 107, 108, 109, 110, 111, 112, 113, 114, 115, 116, 117, 118, 119,
		{
			"name": "window_1",
			"origin": [16.50094, 3.55497, 8.07449],
			"children": [120, 121, 122, 123, 124, 125, 126, 127, 128, 129, 130, 131, 132, 133]
		},
		{
			"name": "window_2",
			"origin": [16.50094, 3.55497, 8.07449],
			"children": [134, 135, 136, 137, 138, 139, 140, 141, 142, 143, 144, 145, 146, 147]
		},
		{
			"name": "window_3",
			"origin": [16.50094, 3.55497, 8.07449],
			"children": [148, 149, 150, 151, 152, 153, 154, 155, 156, 157, 158, 159, 160, 161, 162, 163, 164, 165]
		}, 166, 167,
		{
			"name": "no-optimize",
			"origin": [6.53454, 14.22742, 3.64757],
			"children": [168, 169, 170, 171, 172, 173, 174, 175, 176, 177, 178, 179, 180, 181, 182, 183, 184, 185, 186, 187, 188, 189, 190, 191, 192, 193, 194, 195, 196, 197, 198]
		}
	]
}