{
	"format_version": "1.8.0",
	"animations": {
		"idle": {
			"loop": true,
			"animation_length": 1.92,
			"bones": {
				"bone": {
					"rotation": {
						"0.0": [0, 0, 0],
						"1.0": [-5, 0, 0],
						"1.12": [-4.23, 0, 0],
						"1.92": [0, 0, 0]
					},
					"position": {
						"0.0": [0, 0, 0],
						"1.0": [0, 0.5, 0.25],
						"1.12": [0, 0.42, 0.21],
						"1.92": [0, 0, 0]
					}
				},
				"bone2": {
					"rotation": {
						"0.0": [0, 0, 0],
						"1.0": [0, -4.81, -7.69],
						"1.92": [0, 0, 0]
					},
					"position": {
						"0.0": [0, 0, 0],
						"1.0": [0, -0.48, 0],
						"1.92": [0, 0, 0]
					}
				},
				"bone3": {
					"rotation": {
						"0.0": [0, 0, 0],
						"1.0": [0, 7.99, 4.79],
						"1.92": [0, 0, 0]
					},
					"position": {
						"0.0": [0, 0, 0],
						"1.0": [0, 0.32, 0],
						"1.92": [0, 0, 0]
					}
				},
				"bone4": {
					"rotation": {
						"0.0": [0, 0, 0],
						"1.0": [5, 0, 0],
						"1.92": [0, 0, 0]
					},
					"position": {
						"0.0": [0, 0, 0],
						"1.0": [0, -0.75, 0.25],
						"1.92": [0, 0, 0]
					}
				}
			}
		},
		"walk": {
			"loop": true,
			"animation_length": 0.48,
			"bones": {
				"bone": {
					"rotation": {
						"0.0": [0, 0, 0],
						"0.12": [-2.5, -5, 0],
						"0.24": [0, 0, 0],
						"0.36": [-2.5, 5, 0],
						"0.48": [0, 0, 0]
					},
					"position": {
						"0.0": [0, 0, 0],
						"0.12": [0, 0.5, 0],
						"0.24": [0, 0, 0],
						"0.36": [0, 0.5, 0],
						"0.48": [0, 0, 0]
					}
				},
				"bone2": {
					"rotation": {
						"0.0": [0, 0, 0],
						"0.24": [0, 0, 0],
						"0.48": [0, 0, 0]
					}
				},
				"bone3": {
					"position": {
						"0.0": [0, 0, 0],
						"0.12": [0, -0.25, 0.25],
						"0.24": [0, 0, 0],
						"0.36": [0, -0.25, 0.25],
						"0.48": [0, 0, 0]
					}
				},
				"bone4": {
					"rotation": {
						"0.0": [-10, 0, 0],
						"0.12": [10, 0, 0],
						"0.24": [-10, 0, 0],
						"0.36": [10, 0, 0],
						"0.48": [-10, 0, 0]
					}
				}
			}
		},
		"death": {
			"loop": "hold_on_last_frame",
			"animation_length": 0.96,
			"bones": {
				"bone": {
					"rotation": {
						"0.0": [0, 0, 0],
						"0.2": [-37.5, 0, 55],
						"0.4": [-25, 17.5, 80],
						"0.48": [-27.5, 14, 75],
						"0.56": [-25.83, 16.33, 78.33],
						"0.96": [-25, 17.5, 80]
					},
					"position": {
						"0.0": [0, 0, 0],
						"0.2": [2, 10, 0],
						"0.4": [4, -3, 0],
						"0.48": [3.6, -0.4, 0],
						"0.56": [3.87, -2.13, 0],
						"0.96": [4, -3, 0]
					}
				},
				"bone2": {
					"rotation": {
						"0.0": [0, 0, 0],
						"0.2": [-54, 0, 0],
						"0.4": [0, 0, 0],
						"0.96": [-10.8, 0, 0]
					},
					"position": {
						"0.0": [0, 0, 0],
						"0.2": [3.6, 3.6, 3.6],
						"0.4": [0, 0, 0],
						"0.96": [0.72, 0.72, 0.72]
					}
				},
				"bone3": {
					"rotation": {
						"0.0": [0, 0, 0],
						"0.2": [-42, 0, 0],
						"0.4": [0, 0, 0],
						"0.96": [-8.4, 0, 0]
					},
					"position": {
						"0.0": [0, 0, 0],
						"0.2": [0, 0, 0],
						"0.4": [0, 0, 0],
						"0.96": [0, 0, 0]
					}
				},
				"bone4": {
					"rotation": [0, 0, 0]
				}
			}
		}
	}
}