{
	"format_version": "1.8.0",
	"animations": {
		"idle": {
			"loop": true,
			"animation_length": 1.08,
			"override_previous_animation": true,
			"bones": {
				"tendrils": {
					"rotation": {
						"0.0": [0, 0, 0],
						"0.52": [-22.5, 0, 0],
						"0.72": [7.5, 0, 0],
						"1.08": [0, 0, 0]
					}
				},
				"jelly": {
					"rotation": {
						"0.0": [0, 0, 0],
						"0.52": [0, -15, 0],
						"0.72": [0, -80, 0],
						"1.08": [0, -90, 0]
					},
					"position": {
						"0.0": [0, 7, 0],
						"0.52": [0, 2, 0],
						"0.72": [0, 6, 0],
						"1.08": [0, 7, 0]
					},
					"scale": {
						"0.0": [1, 1, 1],
						"1.08": [1, 1, 1]
					}
				},
				"tendrils4": {
					"rotation": {
						"0.0": [0, 0, 0],
						"0.52": [-32.5, 0, 0],
						"0.72": [10, 0, 0],
						"1.08": [0, 0, 0]
					}
				},
				"tendrils3": {
					"rotation": {
						"0.0": [0, 0, 0],
						"0.52": [0, 0, 27.5],
						"0.72": [0, 0, -14.82],
						"1.08": [0, 0, 0]
					}
				},
				"tendrils2": {
					"rotation": {
						"0.0": [0, 0, 0],
						"0.52": [-32.5, 0, 0],
						"0.72": [14.11, 0, 0],
						"1.08": [0, 0, 0]
					}
				},
				"membrane": {
					"position": {
						"0.0": [0, 0, 0],
						"0.52": [0, 1.5, 0],
						"0.72": [0, 0.07, 0],
						"1.08": [0, 0, 0]
					}
				}
			}
		}
	}
}