{
	"format_version": "1.8.0",
	"animations": {
		"idle": {
			"loop": true,
			"animation_length": 0.52,
			"bones": {
				"bone2": {
					"position": [0, -10, 0]
				},
				"tongue": {
					"rotation": [67.5, 0, 0],
					"position": [0, 12, 16]
				}
			}
		},
		"walk": {
			"loop": true,
			"animation_length": 1.52,
			"bones": {
				"1": {
					"rotation": {
						"0.0": [0, 0, 0],
						"0.16": [0, 0, 0],
						"0.36": [-25, 0, 0],
						"0.76": [-2.5, 0, 0],
						"1.08": [-10, 0, 0],
						"1.48": [0, 0, 0]
					}
				},
				"2": {
					"rotation": {
						"0.0": [0, 0, 0],
						"0.16": [0, 0, 0],
						"0.36": [-22.5, 0, 0],
						"0.88": [-10, 0, 0],
						"1.08": [-25, 0, 0],
						"1.48": [0, 0, 0]
					}
				},
				"3": {
					"rotation": {
						"0.0": [0, 0, 0],
						"0.16": [0, 0, 0],
						"0.36": [-12.5, 0, 0],
						"0.88": [17.5, 0, 0],
						"1.08": [-2.5, 0, 0],
						"1.48": [0, 0, 0]
					}
				},
				"bone": {
					"rotation": {
						"0.0": [0, 0, 0],
						"0.16": [-10, 0, 0],
						"0.36": [0, 0, 0],
						"0.76": [0, 0, 0],
						"0.88": [-10, 0, 5],
						"1.08": [0, 0, 0],
						"1.48": [0, 0, 0]
					},
					"position": {
						"0.0": [0, 0, 0],
						"0.16": [0, 2, 0],
						"0.36": [0, 0, 0],
						"0.76": [0, 0, 0],
						"0.88": [0, 2, 0],
						"1.08": [0, 0, 0],
						"1.48": [0, 0, 0]
					}
				},
				"bone2": {
					"rotation": {
						"0.0": [-47.5, 0, 0],
						"0.16": [-30, 0, 0],
						"0.36": [-82.5, 0, 0],
						"0.72": [-72, 0, 0],
						"0.88": [-32, 0, 0],
						"1.08": [-62, 0, 0],
						"1.48": [-47.5, 0, 0]
					},
					"position": {
						"0.0": [0, -10, 0],
						"1.48": [0, -10, 0]
					}
				},
				"tongue": {
					"rotation": {
						"0.0": [32.5, 0, 0],
						"0.16": [52.5, 0, 0],
						"0.36": [32.5, 0, 0],
						"0.76": [35, 0, 0],
						"0.88": [50, 0, 0],
						"1.08": [27.5, 0, 0],
						"1.48": [32.5, 0, 0]
					},
					"position": {
						"0.0": [0, 12, 13],
						"1.48": [0, 12, 13]
					}
				}
			}
		},
		"death": {
			"loop": "hold_on_last_frame",
			"animation_length": 0.88,
			"bones": {
				"1": {
					"rotation": {
						"0.0": [0, 0, 0],
						"0.32": [20, 0, 0]
					}
				},
				"2": {
					"rotation": [0, 0, 0]
				},
				"3": {
					"rotation": [0, 0, 0]
				},
				"bone": {
					"rotation": {
						"0.0": [0, 0, 0],
						"0.32": [-90, 0, 0]
					},
					"position": {
						"0.0": [0, 0, 0],
						"0.08": [0, 6.67, 0],
						"0.16": [0, 12, 0],
						"0.24": [0, 8.57, 0],
						"0.32": [0, 0.75, 0],
						"0.4": [0, 2.71, 0],
						"0.44": [0, 0.75, 0]
					}
				},
				"bone2": {
					"rotation": {
						"0.0": [-47.5, 0, 0],
						"0.16": [-107.5, 0, 0],
						"0.32": [-52.5, 0, 0],
						"0.4": [-12.5, 0, 0]
					},
					"position": [0, -10, 0]
				},
				"tongue": {
					"rotation": {
						"0.0": [32.5, 0, 0],
						"0.16": [-10, 0, 0],
						"0.4": [70, 0, 0]
					},
					"position": [0, 12, 13]
				}
			}
		}
	}
}