{
	"format_version": "1.8.0",
	"animations": {
		"idle": {
			"loop": true,
			"animation_length": 2.08,
			"bones": {
				"body": {
					"rotation": {
						"0.0": [0, 0, 0],
						"0.12": [0.27, 0, 0],
						"0.64": [2.17, 0, 0],
						"0.84": [2.4, 0, 0],
						"1.0": [2.5, 0, 0],
						"2.08": [0, 0, 0]
					},
					"position": {
						"0.0": [0, 0, 0],
						"0.12": [0, 0.05, 0],
						"0.64": [0, 0.43, 0],
						"0.84": [0, 0.48, 0],
						"1.0": [0, 0.5, 0],
						"2.08": [0, 0, 0]
					}
				},
				"bone": {
					"rotation": {
						"0.0": [0, 0, 0],
						"1.04": [-2.5, 0, 0],
						"2.08": [0, 0, 0]
					}
				},
				"bone2": {
					"rotation": {
						"0.0": [0, 0, 0],
						"1.04": [-2.5, 0, 0],
						"2.08": [0, 0, 0]
					}
				},
				"bone3": {
					"rotation": {
						"0.0": [0, 0, 0],
						"1.04": [-2.5, 0, 0],
						"2.08": [0, 0, 0]
					}
				},
				"bone4": {
					"rotation": {
						"0.0": [0, 0, 0],
						"1.04": [-2.5, 0, 0],
						"2.08": [0, 0, 0]
					}
				},
				"bone5": {
					"rotation": {
						"0.0": [0, 0, 0],
						"1.04": [-2.5, 0, 0],
						"2.08": [0, 0, 0]
					}
				},
				"backLegs": {
					"rotation": {
						"0.0": [0, 0, 0],
						"1.04": [-5, 0, 0],
						"2.08": [0, 0, 0]
					}
				},
				"leftArm": {
					"rotation": {
						"0.0": [0, 0, 0],
						"1.04": [-5, 0, 0],
						"2.08": [0, 0, 0]
					}
				},
				"leftClaw": {
					"rotation": {
						"0.0": [0, 0, 0],
						"1.04": [0, -2.5, 0],
						"2.08": [0, 0, 0]
					}
				},
				"rightArm": {
					"rotation": {
						"0.0": [0, 0, 0],
						"1.04": [-5, 0, 0],
						"2.08": [0, 0, 0]
					}
				},
				"rightClaw": {
					"rotation": {
						"0.0": [0, 0, 0],
						"1.04": [0, 2.5, 0],
						"2.08": [0, 0, 0]
					}
				}
			}
		},
		"attack": {
			"animation_length": 0.8,
			"bones": {
				"body": {
					"rotation": {
						"0.0": [0, 0, 0],
						"0.16": [-17.5, 0, 0],
						"0.8": [0, 0, 0]
					}
				},
				"bone": {
					"rotation": {
						"0.0": [0, 0, 0],
						"0.16": [-5, 0, 0],
						"0.44": [0, 0, 0]
					}
				},
				"bone2": {
					"rotation": {
						"0.0": [0, 0, 0],
						"0.16": [-15, 0, 0],
						"0.44": [0, 0, 0]
					}
				},
				"bone3": {
					"rotation": {
						"0.0": [0, 0, 0],
						"0.16": [-12.5, 0, 0],
						"0.44": [0, 0, 0]
					}
				},
				"bone4": {
					"rotation": {
						"0.0": [0, 0, 0],
						"0.16": [-15, 0, 0],
						"0.44": [0, 0, 0]
					}
				},
				"bone5": {
					"rotation": {
						"0.0": [0, 0, 0],
						"0.16": [-12.5, 0, 0],
						"0.44": [0, 0, 0]
					}
				},
				"frontLegs": {
					"rotation": {
						"0.0": [0, 0, 0],
						"0.8": [0, 0, 0]
					}
				},
				"backLegs": {
					"rotation": {
						"0.0": [0, 0, 0],
						"0.16": [37.5, 0, 0],
						"0.8": [0, 0, 0]
					}
				},
				"leftArm": {
					"rotation": {
						"0.0": [0, 0, 0],
						"0.16": [0, -37.5, 0],
						"0.36": [0, 32.5, 0],
						"0.8": [0, 0, 0]
					}
				},
				"leftClaw": {
					"rotation": {
						"0.0": [0, 0, 0],
						"0.16": [0, -12.5, 0],
						"0.36": [-17.5, -10.66, 0],
						"0.8": [0, 0, 0]
					}
				},
				"rightArm": {
					"rotation": {
						"0.0": [0, 0, 0],
						"0.16": [0, 35, 0],
						"0.36": [0, -27.5, 0],
						"0.8": [0, 0, 0]
					}
				},
				"rightClaw": {
					"rotation": {
						"0.0": [0, 0, 0],
						"0.16": [0, 12.5, 0],
						"0.8": [0, 0, 0]
					}
				}
			}
		},
		"sting": {
			"animation_length": 1.04,
			"bones": {
				"body": {
					"rotation": {
						"0.0": [0, 0, 0],
						"0.28": [-20, 0, 0],
						"0.44": [30, 0, 0],
						"0.68": [25, 0, 0],
						"1.04": [0, 0, 0]
					},
					"position": {
						"0.0": [0, 0, 2],
						"0.28": [0, 0.11, 0.44],
						"0.44": [0, 3, -1],
						"0.68": [0, 2.71, -0.86],
						"1.04": [0, 0, 0]
					}
				},
				"bone": {
					"rotation": {
						"0.0": [0, 0, 0],
						"0.28": [-25, 0, 0],
						"0.44": [15, 0, 0],
						"0.68": [11, 0, 0],
						"1.04": [0, 0, 0]
					}
				},
				"bone2": {
					"rotation": {
						"0.0": [0, 0, 0],
						"0.28": [-17.5, 0, 0],
						"0.44": [7.5, 0, 0],
						"0.68": [5, 0, 0],
						"1.04": [0, 0, 0]
					}
				},
				"bone3": {
					"rotation": {
						"0.0": [0, 0, 0],
						"0.28": [-20, 0, 0],
						"0.44": [-12.5, 0, 0],
						"0.68": [-13.25, 0, 0],
						"1.04": [0, 0, 0]
					}
				},
				"bone4": {
					"rotation": {
						"0.0": [0, 0, 0],
						"0.28": [-10, 0, 0],
						"0.44": [0, 0, 0],
						"0.68": [-1, 0, 0],
						"1.04": [0, 0, 0]
					}
				},
				"bone5": {
					"rotation": {
						"0.0": [0, 0, 0],
						"0.28": [-20, 0, 0],
						"0.44": [-12.5, 0, 0],
						"0.68": [-13.25, 0, 0],
						"1.04": [0, 0, 0]
					}
				},
				"frontLegs": {
					"rotation": {
						"0.28": [0, 0, 0],
						"0.44": [-30, 0, 0],
						"0.68": [-27, 0, 0],
						"1.04": [0, 0, 0]
					},
					"position": {
						"0.28": [0, 0, 0],
						"0.44": [0, -1, 0],
						"0.68": [0, -0.9, 0],
						"1.04": [0, 0, 0]
					}
				},
				"backLegs": {
					"rotation": {
						"0.0": [0, 0, 0],
						"0.28": [20, 0, 0],
						"0.44": [0, 0, 0],
						"0.68": [2, 0, 0],
						"1.04": [0, 0, 0]
					},
					"position": {
						"0.0": [0, 0, 0],
						"0.28": [0, 0.25, 0],
						"0.44": [0, 0, 0],
						"0.68": [0, 0.03, 0],
						"1.04": [0, 0, 0]
					}
				},
				"leftClaw": {
					"rotation": {
						"0.0": [0, 0, 0],
						"0.28": [27.5, 12.5, 0],
						"0.44": [-25, -40, -12.5],
						"0.68": [-19.75, -34.75, -11.25],
						"1.04": [0, 0, 0]
					},
					"position": {
						"0.0": [0, 0, 0],
						"1.04": [0, 0, 0]
					}
				},
				"rightClaw": {
					"rotation": {
						"0.0": [0, 0, 0],
						"0.28": [25, -22.5, 0],
						"0.44": [-22.5, 27.5, 20],
						"0.68": [-17.75, 22.5, 18],
						"1.04": [0, 0, 0]
					},
					"position": {
						"0.0": [0, 0, 0],
						"1.04": [0, 0, 0]
					}
				}
			}
		},
		"walk": {
			"loop": true,
			"animation_length": 1.12,
			"bones": {
				"body": {
					"rotation": {
						"0.0": [0, 0, -2.5],
						"0.28": [-2.5, 0, 0],
						"0.56": [0, 0, 2.5],
						"0.84": [0, 0, 0],
						"1.12": [0, 0, -2.5]
					}
				},
				"bone": {
					"rotation": {
						"0.0": [0, 0, 2.5],
						"0.56": [-2.5, 0, -2.5],
						"1.12": [0, 0, 2.5]
					}
				},
				"bone2": {
					"rotation": {
						"0.0": [0, 2.5, 0],
						"0.56": [-2.5, -2.5, 0],
						"1.12": [0, 2.5, 0]
					}
				},
				"bone3": {
					"rotation": {
						"0.0": [0, 2.5, 0],
						"0.56": [-5, -2.5, 0],
						"1.12": [0, 2.5, 0]
					}
				},
				"bone4": {
					"rotation": {
						"0.0": [0, 2.5, 0],
						"0.56": [-5, -2.5, 0],
						"1.12": [0, 2.5, 0]
					}
				},
				"bone5": {
					"rotation": {
						"0.0": [0, 0, -2.5],
						"0.56": [-5, -2.5, 0],
						"1.12": [0, 0, -2.5]
					}
				},
				"frontLegs": {
					"rotation": {
						"0.0": [0, -12.5, 0],
						"0.28": [0, 15, 0],
						"0.56": [0, -12.5, 0],
						"0.84": [0, 15, 0],
						"1.12": [0, -12.5, 0]
					}
				},
				"backLegs": {
					"rotation": {
						"0.0": [0, 15, 0],
						"0.28": [0, -10, 0],
						"0.56": [0, 15, 0],
						"0.84": [0, -10, 0],
						"1.12": [0, 15, 0]
					}
				},
				"leftArm": {
					"rotation": {
						"0.0": [0, 0, 0],
						"0.56": [0, 2.5, 0],
						"1.12": [0, 0, 0]
					},
					"position": {
						"0.0": [0, 0, 0],
						"1.12": [0, 0, 0]
					}
				},
				"leftClaw": {
					"rotation": {
						"0.0": [0, 0, 0],
						"0.56": [0, 5, 0],
						"1.12": [0, 0, 0]
					}
				},
				"rightArm": {
					"rotation": {
						"0.0": [0, 0, 0],
						"0.56": [0, -2.5, 0],
						"1.12": [0, 0, 0]
					},
					"position": {
						"0.0": [0, 0, 0],
						"1.12": [0, 0, 0]
					}
				},
				"rightClaw": {
					"rotation": {
						"0.0": [0, 0, 0],
						"0.56": [0, -5, 0],
						"1.12": [0, 0, 0]
					}
				}
			}
		},
		"death": {
			"loop": "hold_on_last_frame",
			"animation_length": 1.04,
			"bones": {
				"body": {
					"rotation": {
						"0.0": [0, 0, 0],
						"0.24": [-167.5, 0, 0],
						"0.4": [-205.36, 0, 0],
						"0.52": [-190, 0, 0]
					},
					"position": {
						"0.0": [0, 0, 0],
						"0.24": [0, 19, 0],
						"0.4": [0, 8.71, 4.71],
						"0.52": [0, 1, 3],
						"0.64": [0, 3.29, 2],
						"0.76": [0, 1, 2]
					}
				},
				"bone": {
					"rotation": {
						"0.12": [0, 0, 0],
						"0.36": [-37.5, 0, 0],
						"0.52": [-37.5, 0, 0]
					}
				},
				"bone2": {
					"rotation": {
						"0.12": [0, 0, 0],
						"0.36": [-27.5, 0, 0],
						"0.44": [-35, 0, 0],
						"0.52": [-27.5, 0, 0]
					}
				},
				"bone3": {
					"rotation": {
						"0.12": [0, 0, 0],
						"0.2": [4.17, 0, 0],
						"0.24": [1.88, 0, 0],
						"0.36": [-25, 0, 0],
						"0.44": [-32.5, 0, 0],
						"0.52": [-25, 0, 0]
					}
				},
				"bone4": {
					"rotation": {
						"0.12": [0, 0, 0],
						"0.2": [8.33, 0, 0],
						"0.36": [-27.5, 0, 0],
						"0.44": [-37.5, 0, 0],
						"0.52": [-27.5, 0, 0]
					}
				},
				"bone5": {
					"rotation": {
						"0.12": [0, 0, 0],
						"0.24": [1.25, 0, 0],
						"0.36": [-17.5, 0, 0],
						"0.44": [-30, 0, 0],
						"0.52": [-17.5, 0, 0]
					}
				},
				"leftArm": {
					"rotation": {
						"0.0": [0, 0, 0],
						"0.24": [0, -32.5, 0],
						"1.04": [0, -2.5, 0]
					}
				},
				"leftClaw": {
					"rotation": [12.5, 0, 0]
				},
				"rightArm": {
					"rotation": {
						"0.0": [0, 0, 0],
						"0.24": [0, 42.5, 0],
						"1.04": [0, 7.5, 0]
					},
					"position": [0, 0, 0]
				},
				"rightClaw": {
					"rotation": {
						"0.0": [0, 0, 0],
						"0.24": [0, 32.5, 0],
						"0.52": [0, 32.5, -22.5]
					}
				}
			}
		}
	}
}