{
	"format_version": "1.8.0",
	"animations": {
		"fly": {
			"animation_length": 2.4,
			"bones": {
				"body": {
					"rotation": {
						"0.0": [0, 0, 0],
						"0.28": [7.5, 0, 0],
						"0.76": [15, 0, 0],
						"1.24": [7.5, 0, 0],
						"1.72": [15, 0, 0],
						"2.2": [7.5, 0, 0],
						"2.36": [0, 0, 0]
					},
					"position": {
						"0.0": [0, 0, 0],
						"0.16": [0, -0.38, 0],
						"0.28": [0, 2, 0],
						"0.44": [0, 3, 0],
						"0.6": [0, 2, 0],
						"0.76": [0, 3, 0],
						"0.92": [0, 2, 0],
						"1.08": [0, 3, 0],
						"1.24": [0, 2, 0],
						"1.4": [0, 3, 0],
						"1.56": [0, 2, 0],
						"1.72": [0, 3, 0],
						"1.88": [0, 2, 0],
						"2.04": [0, 3, 0],
						"2.2": [0, 2, 0],
						"2.36": [0, 0, 0]
					}
				},
				"Legs1": {
					"rotation": {
						"0.28": [-5, 0, 0],
						"0.44": [1.88, 0, 0],
						"0.6": [-5, 0, 0],
						"0.76": [1.88, 0, 0],
						"0.92": [-5, 0, 0],
						"1.08": [1.88, 0, 0],
						"1.24": [-5, 0, 0],
						"1.4": [1.88, 0, 0],
						"1.56": [-5, 0, 0],
						"1.72": [1.88, 0, 0],
						"1.88": [-5, 0, 0],
						"2.04": [1.88, 0, 0],
						"2.2": [-5, 0, 0]
					}
				},
				"leftWing": {
					"rotation": {
						"0.0": [5, 5, 0],
						"0.28": [17.5, 42.5, 0],
						"0.36": [-17.5, 42.5, 0],
						"0.44": [17.5, 42.5, 0],
						"0.52": [-17.5, 42.5, 0],
						"0.6": [17.5, 42.5, 0],
						"0.68": [-17.5, 42.5, 0],
						"0.76": [17.5, 42.5, 0],
						"0.84": [-17.5, 42.5, 0],
						"0.92": [17.5, 42.5, 0],
						"1.0": [-17.5, 42.5, 0],
						"1.08": [17.5, 42.5, 0],
						"1.16": [-17.5, 42.5, 0],
						"1.24": [17.5, 42.5, 0],
						"1.32": [-17.5, 42.5, 0],
						"1.4": [17.5, 42.5, 0],
						"1.48": [-17.5, 42.5, 0],
						"1.56": [17.5, 42.5, 0],
						"1.64": [-17.5, 42.5, 0],
						"1.72": [17.5, 42.5, 0],
						"1.8": [-17.5, 42.5, 0],
						"1.88": [17.5, 42.5, 0],
						"1.96": [-17.5, 42.5, 0],
						"2.04": [17.5, 42.5, 0],
						"2.12": [-17.5, 42.5, 0],
						"2.2": [17.5, 42.5, 0],
						"2.36": [5, 5, 0]
					}
				},
				"rightWing": {
					"rotation": {
						"0.0": [5, -10, 0],
						"0.28": [20, -45, 0],
						"0.36": [-17.5, -45, 0],
						"0.44": [20, -45, 0],
						"0.52": [-17.5, -45, 0],
						"0.6": [20, -45, 0],
						"0.68": [-17.5, -45, 0],
						"0.76": [20, -45, 0],
						"0.84": [-17.5, -45, 0],
						"0.92": [20, -45, 0],
						"1.0": [-17.5, -45, 0],
						"1.08": [20, -45, 0],
						"1.16": [-17.5, -45, 0],
						"1.24": [20, -45, 0],
						"1.32": [-17.5, -45, 0],
						"1.4": [20, -45, 0],
						"1.48": [-17.5, -45, 0],
						"1.56": [20, -45, 0],
						"1.64": [-17.5, -45, 0],
						"1.72": [20, -45, 0],
						"1.8": [-17.5, -45, 0],
						"1.88": [20, -45, 0],
						"1.96": [-17.5, -45, 0],
						"2.04": [20, -45, 0],
						"2.12": [-17.5, -45, 0],
						"2.2": [20, -45, 0],
						"2.36": [5, -10, 0]
					}
				},
				"rightShell": {
					"rotation": {
						"0.0": [12.5, -7.5, 0],
						"0.28": [32.5, -60, 0],
						"0.44": [25, -60, 0],
						"0.6": [32.5, -60, 0],
						"0.76": [25, -60, 0],
						"0.92": [32.5, -60, 0],
						"1.08": [25, -60, 0],
						"1.24": [32.5, -60, 0],
						"1.4": [25, -60, 0],
						"1.56": [32.5, -60, 0],
						"1.72": [25, -60, 0],
						"1.88": [32.5, -60, 0],
						"2.04": [25, -60, 0],
						"2.2": [32.5, -60, 0],
						"2.36": [12.5, -7.5, 0]
					}
				},
				"Legs2": {
					"rotation": {
						"0.0": [0, 0, 0],
						"0.28": [-20, 0, 0],
						"0.44": [-9.37, 0, 0],
						"0.6": [-20, 0, 0],
						"0.76": [-9.37, 0, 0],
						"0.92": [-20, 0, 0],
						"1.08": [-9.37, 0, 0],
						"1.24": [-20, 0, 0],
						"1.4": [-9.37, 0, 0],
						"1.56": [-20, 0, 0],
						"1.72": [-9.37, 0, 0],
						"1.88": [-20, 0, 0],
						"2.04": [-9.37, 0, 0],
						"2.2": [-20, 0, 0],
						"2.36": [0, 0, 0]
					}
				},
				"Legs3": {
					"rotation": {
						"0.0": [-5, 0, 0],
						"0.28": [-35, 0, 0],
						"0.44": [-31.25, 0, 0],
						"0.6": [-35, 0, 0],
						"0.76": [-31.25, 0, 0],
						"0.92": [-35, 0, 0],
						"1.08": [-31.25, 0, 0],
						"1.24": [-35, 0, 0],
						"1.4": [-31.25, 0, 0],
						"1.56": [-35, 0, 0],
						"1.72": [-31.25, 0, 0],
						"1.88": [-35, 0, 0],
						"2.04": [-31.25, 0, 0],
						"2.2": [-35, 0, 0],
						"2.36": [-5, 0, 0]
					}
				},
				"head": {
					"rotation": {
						"0.0": [-12.5, 0, 0],
						"0.2": [-20, 0, 0],
						"0.28": [-2.5, 0, 0],
						"0.44": [-2.5, 0, 0],
						"0.6": [2.5, 0, 0],
						"0.76": [-2.5, 0, 0],
						"0.92": [2.5, 0, 0],
						"1.08": [-2.5, 0, 0],
						"1.24": [-2.5, 0, 0],
						"1.4": [-2.5, 0, 0],
						"1.56": [2.5, 0, 0],
						"1.72": [-2.5, 0, 0],
						"1.88": [2.5, 0, 0],
						"2.04": [-2.5, 0, 0],
						"2.2": [-12.5, 0, 0],
						"2.36": [-12.5, 0, 0]
					}
				},
				"leftShell": {
					"rotation": {
						"0.0": [10, 5, 0],
						"0.28": [27.5, 55, 0],
						"0.44": [27.5, 55, 5],
						"0.6": [27.5, 55, 0],
						"0.76": [27.5, 55, 5],
						"0.92": [27.5, 55, 0],
						"1.08": [27.5, 55, 5],
						"1.24": [27.5, 55, 0],
						"1.4": [27.5, 55, 5],
						"1.56": [27.5, 55, 0],
						"1.72": [27.5, 55, 5],
						"1.88": [27.5, 55, 0],
						"2.04": [27.5, 55, 5],
						"2.2": [27.5, 55, 0],
						"2.36": [10, 5, 0]
					}
				}
			}
		},
		"walk": {
			"loop": true,
			"animation_length": 2.24,
			"bones": {
				"body": {
					"rotation": {
						"0.0": [0, 0, 2.5],
						"0.28": [1.25, 0, -5],
						"0.56": [2.5, 0, 5],
						"0.84": [1.25, 0, -5],
						"1.12": [2.5, 0, 5],
						"1.4": [1.25, 0, -5],
						"1.68": [2.5, 0, 5],
						"1.96": [1.25, 0, -5],
						"2.24": [0, 0, 2.5]
					},
					"position": {
						"0.0": [0, 0.5, 0],
						"0.28": [0, 0.75, 0],
						"0.56": [0, 0.5, 0],
						"0.84": [0, 0.75, 0],
						"1.12": [0, 0.5, 0],
						"1.4": [0, 0.75, 0],
						"1.68": [0, 0.5, 0],
						"1.96": [0, 0.75, 0],
						"2.24": [0, 0.5, 0]
					}
				},
				"rightShell": {
					"rotation": {
						"0.84": [0, 0, 0],
						"0.92": [5, -5, 0],
						"1.0": [2.5, -2.5, 0],
						"1.04": [5, -5, 0],
						"1.12": [5, -5, 0],
						"1.16": [0, 0, 0]
					}
				},
				"Legs1": {
					"rotation": {
						"0.0": [0, 20, 0],
						"0.56": [0, -22.5, 0],
						"1.12": [0, 20, 0],
						"1.68": [0, -22.5, 0],
						"2.24": [0, 20, 0]
					}
				},
				"Legs2": {
					"rotation": {
						"0.0": [0, 15, 0],
						"0.28": [0, -17.5, 0],
						"0.56": [0, 15, 0],
						"0.84": [0, -17.5, 0],
						"1.12": [0, 15, 0],
						"1.4": [0, -17.5, 0],
						"1.68": [0, 15, 0],
						"1.96": [0, -17.5, 0],
						"2.24": [0, 15, 0]
					},
					"position": {
						"0.0": [0, 0, 0],
						"0.12": [0, 1, 0],
						"0.4": [0, 0, 0],
						"0.72": [0, 1, 0],
						"1.0": [0, 0, 0],
						"1.28": [0, 1, 0],
						"1.56": [0, 0, 0],
						"1.84": [0, 1, 0],
						"2.12": [0, 0, 0],
						"2.24": [0, 0, 0]
					}
				},
				"Legs3": {
					"rotation": {
						"0.0": [0, -12.5, 0],
						"0.28": [0, 10, 0],
						"0.56": [0, -12.5, 0],
						"0.84": [0, 10, 0],
						"1.12": [0, -12.5, 0],
						"1.4": [0, 10, 0],
						"1.68": [0, -12.5, 0],
						"1.96": [0, 10, 0],
						"2.24": [0, -12.5, 0]
					},
					"position": {
						"0.0": [0, 0, 0],
						"0.28": [0, 1, 0],
						"0.56": [0, 0, 0],
						"0.84": [0, 1, 0],
						"1.12": [0, 0, 0],
						"1.4": [0, 1, 0],
						"1.68": [0, 0, 0],
						"1.96": [0, 1, 0],
						"2.24": [0, 0, 0]
					}
				},
				"head": {
					"rotation": {
						"0.0": [0, 0, 0],
						"0.4": [0, 0, 0],
						"0.96": [20, 0, 0],
						"1.16": [17.25, 0, 0],
						"1.36": [16.07, 0, 0],
						"1.44": [0, 0, 0],
						"1.52": [16.07, 0, 0],
						"1.6": [0, 0, 0]
					}
				},
				"leftShell": {
					"rotation": {
						"0.84": [0, 0, 0],
						"0.92": [10, 10, 0],
						"1.0": [0, 0, 0],
						"1.08": [5, 5, 0],
						"1.16": [0, 0, 0]
					}
				}
			}
		},
		"death": {
			"loop": "hold_on_last_frame",
			"animation_length": 1.56,
			"bones": {
				"body": {
					"rotation": {
						"0.0": [0, 0, 0],
						"0.2": [-68.75, 0, -35.42],
						"0.44": [-82.5, 0, -42.5],
						"0.64": [-155, 0, -2.5],
						"0.76": [-167.5, 0, -2.5],
						"0.92": [-180, 0, -2.5]
					},
					"position": {
						"0.0": [0, 0, 0],
						"0.2": [0, 12.5, 0],
						"0.44": [0, 15, 0],
						"0.64": [0, 1, 0],
						"0.76": [0, 3, 0],
						"0.92": [0, 0, 0]
					}
				},
				"rightShell": {
					"rotation": {
						"0.0": [0, 0, 0],
						"0.24": [25, -62.5, 0],
						"0.56": [25, -62.5, 0],
						"0.68": [0, 0, 0]
					}
				},
				"Legs1": {
					"rotation": {
						"0.0": [0, 0, 0],
						"0.24": [-72.5, 0, 0]
					},
					"position": [0, 0, 0]
				},
				"Legs2": {
					"rotation": {
						"0.0": [0, 0, 0],
						"0.24": [55, 0, 0]
					},
					"position": [0, 0, 0]
				},
				"Legs3": {
					"rotation": {
						"0.0": [0, 0, 0],
						"0.24": [-57.5, 0, 0]
					},
					"position": [0, 0, 0]
				},
				"leftWing": {
					"rotation": {
						"0.0": [0, 0, 0],
						"0.24": [0, 42.5, 0],
						"0.32": [25, 34.77, 0],
						"0.4": [0, 42.5, 0],
						"0.48": [25, 34.77, 0],
						"0.56": [0, 42.5, 0],
						"0.64": [25, 34.77, 0],
						"0.68": [0, 0, 0]
					},
					"position": {
						"0.0": [0, 0, 0],
						"0.68": [0, 0, 0]
					}
				},
				"rightWing": {
					"rotation": {
						"0.0": [0, 0, 0],
						"0.24": [0, -55, 0],
						"0.32": [17.5, -45, 0],
						"0.4": [0, -55, 0],
						"0.48": [17.5, -45, 0],
						"0.56": [0, -55, 0],
						"0.64": [17.5, -45, 0],
						"0.68": [0, 0, 0]
					}
				},
				"head": {
					"rotation": {
						"0.0": [0, 0, 0],
						"0.24": [47.5, 0, 0],
						"0.52": [0, 0, 0]
					}
				},
				"leftShell": {
					"rotation": {
						"0.0": [0, 0, 0],
						"0.24": [0, 72.5, -20],
						"0.56": [0, 72.5, -20],
						"0.68": [0, 0, 0]
					}
				}
			}
		},
		"attack": {
			"animation_length": 0.96,
			"bones": {
				"body": {
					"rotation": {
						"0.0": [0, 0, 0],
						"0.24": [30, 0, 0],
						"0.32": [-25, 0, 0],
						"0.52": [-15.83, 0, 0],
						"0.92": [0, 0, 0]
					},
					"position": {
						"0.24": [0, 0, 0],
						"0.32": [0, 2, 0],
						"0.52": [0, 0, 0]
					}
				},
				"rightShell": {
					"rotation": {
						"0.0": [0, 0, 0],
						"0.24": [0, -12.5, 0],
						"0.32": [0, 0, 0],
						"0.92": [0, 0, 0]
					}
				},
				"Legs1": {
					"rotation": {
						"0.0": [0, 0, 0],
						"0.24": [-15, 0, 0],
						"0.32": [25, 0, 0],
						"0.92": [0, 0, 0]
					},
					"position": {
						"0.24": [0, 0, 0],
						"0.32": [0, 0.5, 0],
						"0.92": [0, 0, 0]
					}
				},
				"Legs2": {
					"rotation": {
						"0.0": [0, 0, 0],
						"0.24": [27.5, 0, 0],
						"0.32": [47.5, 0, 0],
						"0.56": [53.5, 0, 0],
						"0.92": [0, 0, 0]
					}
				},
				"Legs3": {
					"rotation": {
						"0.0": [0, 0, 0],
						"0.24": [-30, 0, 0],
						"0.92": [0, 0, 0]
					},
					"position": {
						"0.0": [0, 0, 0],
						"0.24": [0, 1, 0],
						"0.92": [0, 0, 0]
					}
				},
				"head": {
					"rotation": {
						"0.0": [0, 0, 0],
						"0.24": [-22.5, 0, 0],
						"0.32": [37.65, 0, 0],
						"0.4": [5.13, 0, 0],
						"0.56": [21.39, 0, 0],
						"0.92": [0, 0, 0]
					}
				},
				"leftShell": {
					"rotation": {
						"0.0": [0, 0, 0],
						"0.24": [0, 12.5, 0],
						"0.32": [0, 0, 0]
					}
				}
			}
		}
	}
}