{
	"format_version": "1.8.0",
	"animations": {
		"idle": {
			"loop": true,
			"animation_length": 4.2,
			"bones": {
				"rightFin": {
					"rotation": {
						"0.0": [0, 0, 0],
						"1.04": [-10, 0, 0],
						"1.24": [-9.23, 0, 0],
						"2.08": [0, 0, 0],
						"3.12": [-10, 0, 0],
						"3.36": [-8.85, 0, 0],
						"4.2": [0, 0, 0]
					}
				},
				"rightFin2": {
					"rotation": {
						"0.0": [0, 0, 0],
						"1.04": [7.5, 0, 0],
						"1.24": [6.92, 0, 0],
						"2.08": [0, 0, 0],
						"3.12": [7.5, 0, 0],
						"3.36": [6.63, 0, 0],
						"4.2": [0, 0, 0]
					}
				},
				"tail1": {
					"rotation": {
						"0.0": [0, 0, 0],
						"0.2": [0, 0.77, -0.1],
						"0.76": [0, 9.12, -1.14],
						"1.04": [0, 10, -1.25],
						"1.36": [0, 9.23, -1.15],
						"2.08": [0, 0, -2.5],
						"3.12": [0, -7.5, 1.23],
						"3.44": [0, -6.92, 0.94],
						"3.96": [0, -0.36, 0.05],
						"4.2": [0, 0, 0]
					}
				},
				"tail2": {
					"rotation": {
						"0.0": [0, 0, 0],
						"0.2": [0, 0.58, -0.19],
						"0.76": [0, 6.84, -2.28],
						"1.04": [0, 7.5, -2.5],
						"1.36": [0, 6.92, -2.31],
						"2.08": [0, 0, -5],
						"3.12": [0, -7.5, 2.45],
						"3.44": [0, -6.92, 1.88],
						"3.96": [0, -0.36, 0.1],
						"4.2": [0, 0, 0]
					}
				},
				"body": {
					"rotation": {
						"0.0": [0, 0, 2.5],
						"1.04": [0, 2.5, -1.25],
						"2.08": [0, 0, 0],
						"3.12": [0, -2.5, 3.73],
						"4.2": [0, 0, 2.5]
					},
					"position": {
						"0.0": [0, 0, 0],
						"0.48": [0, 0.06, 0],
						"1.8": [0, 0.98, 0],
						"2.08": [0, 1, 0],
						"2.52": [0, 0.96, 0],
						"3.8": [0, 0.07, 0],
						"4.2": [0, 0, 0]
					}
				},
				"neck": {
					"rotation": {
						"0.0": [0, 0, 0],
						"1.04": [0, -5, -1.25],
						"2.08": [0, 0, 2.5],
						"3.12": [0, 5, 3.77],
						"4.2": [0, 0, 0]
					}
				}
			}
		},
		"walk": {
			"loop": true,
			"animation_length": 1.04,
			"bones": {
				"body": {
					"rotation": {
						"0.0": [0, 10, 0],
						"0.12": [0, 8.15, 0],
						"0.52": [0, -10, 0],
						"0.64": [0, -8.46, 0],
						"1.04": [0, 10, 0]
					}
				},
				"tail1": {
					"rotation": {
						"0.0": [0, -10, 0],
						"0.12": [0, -12.23, 0],
						"0.52": [0, 20, 0],
						"0.64": [0, 20.19, 0],
						"1.04": [0, -10, 0]
					}
				},
				"tail2": {
					"rotation": {
						"0.0": [0, -15, 0],
						"0.12": [0, -22.46, 0],
						"0.52": [0, 12.5, 0],
						"0.64": [0, 20.38, 0],
						"1.04": [0, -15, 0]
					}
				},
				"neck": {
					"rotation": {
						"0.0": [0, -10, 0],
						"0.52": [0, 10, 0],
						"1.04": [0, -10, 0]
					}
				},
				"rightFin": {
					"rotation": {
						"0.0": [-12.5, 0, 0],
						"0.52": [0, 0, 0],
						"1.04": [-12.5, 0, 0]
					}
				},
				"rightFin2": {
					"rotation": {
						"0.0": [0, 0, 0],
						"0.52": [17.5, 0, 0],
						"1.04": [0, 0, 0]
					}
				},
				"head": {
					"rotation": {
						"0.0": [0, 2.5, 0],
						"0.16": [0, -2.5, 0],
						"0.52": [0, 0, 0],
						"0.68": [0, 7.5, 0],
						"1.04": [0, 2.5, 0]
					}
				}
			}
		},
		"swim_aggro": {
			"animation_length": 0.64,
			"bones": {
				"body": {
					"rotation": {
						"0.0": [0, 10, 0],
						"0.12": [0, 8.15, 0],
						"0.32": [0, -10, 0],
						"0.44": [0, -8.46, 0],
						"0.64": [0, 10, 0]
					}
				},
				"tail1": {
					"rotation": {
						"0.0": [0, -10, 0],
						"0.12": [0, -12.23, 0],
						"0.32": [0, 20, 0],
						"0.44": [0, 20.19, 0],
						"0.64": [0, -10, 0]
					}
				},
				"tail2": {
					"rotation": {
						"0.0": [0, -15, 0],
						"0.12": [0, -22.46, 0],
						"0.32": [0, 12.5, 0],
						"0.44": [0, 20.38, 0],
						"0.64": [0, -15, 0]
					}
				},
				"neck": {
					"rotation": {
						"0.0": [0, -10, 0],
						"0.32": [0, 10, 0],
						"0.64": [0, -10, 0]
					}
				},
				"rightFin": {
					"rotation": {
						"0.0": [-12.5, 0, 0],
						"0.32": [0, 0, 0],
						"0.64": [-12.5, 0, 0]
					}
				},
				"rightFin2": {
					"rotation": {
						"0.0": [0, 0, 0],
						"0.32": [17.5, 0, 0],
						"0.64": [0, 0, 0]
					}
				},
				"head": {
					"rotation": {
						"0.0": [0, 2.5, 0],
						"0.16": [0, -2.5, 0],
						"0.32": [0, 0, 0],
						"0.48": [0, 7.5, 0],
						"0.64": [0, 2.5, 0]
					}
				},
				"jaw": {
					"rotation": [0, 0, 52.5],
					"position": [0, 1, 0]
				}
			}
		},
		"attack": {
			"animation_length": 1.32,
			"bones": {
				"body": {
					"rotation": {
						"0.0": [0, -0.48, -1.43],
						"0.12": [0, 0, 5],
						"0.4": [0, -0.48, 3.1],
						"0.6": [0, -5, -15],
						"1.04": [0, -4.1, -11.38],
						"1.32": [0, -0.48, -1.43]
					}
				},
				"rightFin": {
					"rotation": {
						"0.0": [0, 0, 0],
						"0.6": [-22.5, 0, 0],
						"1.32": [0, 0, 0]
					}
				},
				"rightFin2": {
					"rotation": {
						"0.0": [0, 0, 0],
						"0.6": [27.5, 0, 0],
						"1.32": [0, 0, 0]
					}
				},
				"tail1": {
					"rotation": {
						"0.0": [0, -7.5, 0.95],
						"0.48": [0, 10, 0.95],
						"1.12": [0, -7.5, 0.95],
						"1.32": [0, -7.5, 0.95]
					}
				},
				"tail2": {
					"rotation": {
						"0.0": [0, -10, 0.95],
						"0.48": [0, 10, 5.48],
						"1.12": [0, -10, 0.95],
						"1.32": [0, -10, 0.95]
					}
				},
				"neck": {
					"rotation": {
						"0.0": [0, -0.71, -0.95],
						"0.12": [0, 0, 7.5],
						"0.4": [0, -0.71, -0.95],
						"0.6": [0, -15, -10],
						"1.04": [0, -6.14, -8.19],
						"1.32": [0, -0.71, -0.95]
					}
				},
				"head": {
					"rotation": {
						"0.0": [0, -0.95, -1.19],
						"0.12": [0, 0, 5],
						"0.4": [0, -0.95, -5.71],
						"0.6": [0, -15, -12.5],
						"1.04": [0, -8.19, -11.14],
						"1.32": [0, -0.95, -1.19]
					}
				},
				"jaw": {
					"rotation": {
						"0.0": [0, 0, 47.5],
						"0.12": [0, 0, 0],
						"0.4": [0, 0, 0],
						"1.32": [0, 0, 47.5]
					}
				}
			}
		},
		"death": {
			"loop": "hold_on_last_frame",
			"animation_length": 4.16,
			"bones": {
				"body": {
					"rotation": {
						"0.0": [0, 0, 0],
						"0.24": [0, 0, -12.5],
						"0.68": [0, 0, -8.33],
						"4.12": [-180, 0, -12.5]
					},
					"position": {
						"0.0": [0, 0, 0],
						"0.24": [0, 0, 0],
						"0.68": [0, 0, 0],
						"1.2": [0, 2.51, -1],
						"1.72": [0, 4.84, -1.82],
						"2.32": [0, 7.13, -2.36],
						"2.84": [0, 9.89, -1.68],
						"3.4": [0, 11.94, -0.94],
						"3.8": [0, 13.86, -0.86],
						"4.12": [0, 18, 0]
					}
				},
				"rightFin": {
					"rotation": {
						"0.0": [0, 0, 0],
						"0.24": [-40, 0, 0],
						"1.2": [-7.5, -27.5, 0],
						"2.32": [10, -27.5, 0],
						"4.12": [-37.5, -27.5, 0]
					}
				},
				"rightFin2": {
					"rotation": {
						"0.0": [0, 0, 0],
						"0.24": [42.5, 0, 0],
						"1.2": [60, 30, 0],
						"2.32": [70, 30, 0],
						"4.12": [37.5, 30, 0]
					}
				},
				"tail1": {
					"rotation": {
						"0.0": [0, 0, 0],
						"0.24": [0, 0, 22.5],
						"1.16": [7.5, -2.5, 5],
						"4.12": [0, -2.5, 12.5]
					}
				},
				"tail2": {
					"rotation": {
						"0.0": [0, 0, 0],
						"0.24": [0, 0, 12.5],
						"1.16": [12.5, 0, -2.5],
						"4.12": [0, 0, -2.5]
					}
				},
				"neck": {
					"rotation": {
						"0.0": [0, 0, 0],
						"0.24": [0, 0, -15],
						"1.16": [-10, 0, -15],
						"2.88": [-10, 0, -15],
						"4.12": [7.5, 0, -15]
					}
				},
				"head": {
					"rotation": {
						"0.0": [0, 0, 0],
						"0.24": [0, 0, -17.5],
						"1.16": [-12.5, 0, -17.5],
						"2.88": [-12.5, 0, -17.5],
						"4.12": [-2.5, 0, -17.5]
					}
				},
				"jaw": {
					"rotation": {
						"0.0": [0, 0, 0],
						"0.24": [0, 0, 47.5]
					}
				}
			}
		}
	}
}