{
  "file_name": "body",
  "texture_size": [
    64,
    64
  ],
  "textures": {
    "layer0": "modelengine:entity/rhino"
  },
  "elements": [
    {
      "name": "body_0",
      "from": [
        7.3033338,
        9.109094,
        2.5309155
      ],
      "to": [
        8.743334,
        11.269094,
        4.1509156
      ],
      "rotation": {
        "angle": -45.0,
        "axis": "x",
        "origin": [
          8.0233345,
          10.909094,
          3.340916
        ]
      },
      "faces": {
        "down": {
          "uv": [
            1.0,
            0.0,
            1.5,
            0.5
          ],
          "texture": "#layer0",
          "tintindex": 0
        },
        "east": {
          "uv": [
            0.0,
            0.5,
            0.5,
            1.25
          ],
          "texture": "#layer0",
          "tintindex": 0
        },
        "north": {
          "uv": [
            0.5,
            0.5,
            1.0,
            1.25
          ],
          "texture": "#layer0",
          "tintindex": 0
        },
        "south": {
          "uv": [
            1.5,
            0.5,
            2.0,
            1.25
          ],
          "texture": "#layer0",
          "tintindex": 0
        },
        "up": {
          "uv": [
            1.0,
            0.5,
            0.5,
            0.0
          ],
          "texture": "#layer0",
          "tintindex": 0
        },
        "west": {
          "uv": [
            1.0,
            0.5,
            1.5,
            1.25
          ],
          "texture": "#layer0",
          "tintindex": 0
        }
      }
    },
    {
      "name": "body_1",
      "from": [
        6.2233343,
        8.670956,
        3.8984716
      ],
      "to": [
        9.823335,
        10.110956,
        6.778472
      ],
      "rotation": {
        "angle": 0.0,
        "axis": "z",
        "origin": [
          8.0,
          8.0,
          8.0
        ]
      },
      "faces": {
        "down": {
          "uv": [
            6.75,
            2.75,
            8.25,
            3.75
          ],
          "texture": "#layer0",
          "tintindex": 0
        },
        "east": {
          "uv": [
            4.25,
            3.75,
            5.25,
            4.25
          ],
          "texture": "#layer0",
          "tintindex": 0
        },
        "north": {
          "uv": [
            5.25,
            3.75,
            6.75,
            4.25
          ],
          "texture": "#layer0",
          "tintindex": 0
        },
        "south": {
          "uv": [
            7.75,
            3.75,
            9.25,
            4.25
          ],
          "texture": "#layer0",
          "tintindex": 0
        },
        "up": {
          "uv": [
            6.75,
            3.75,
            5.25,
            2.75
          ],
          "texture": "#layer0",
          "tintindex": 0
        },
        "west": {
          "uv": [
            6.75,
            3.75,
            7.75,
            4.25
          ],
          "texture": "#layer0",
          "tintindex": 0
        }
      }
    },
    {
      "name": "body_2",
      "from": [
        5.863334,
        7.230956,
        6.778472
      ],
      "to": [
        10.063334,
        8.730956,
        11.878472
      ],
      "rotation": {
        "angle": 0.0,
        "axis": "z",
        "origin": [
          8.0,
          8.0,
          8.0
        ]
      },
      "faces": {
        "down": {
          "uv": [
            3.75,
            0.0,
            5.5,
            2.0
          ],
          "texture": "#layer0",
          "tintindex": 0
        },
        "east": {
          "uv": [
            0.0,
            2.0,
            2.0,
            2.5
          ],
          "texture": "#layer0",
          "tintindex": 0
        },
        "north": {
          "uv": [
            2.0,
            2.0,
            3.75,
            2.5
          ],
          "texture": "#layer0",
          "tintindex": 0
        },
        "south": {
          "uv": [
            5.75,
            2.0,
            7.5,
            2.5
          ],
          "texture": "#layer0",
          "tintindex": 0
        },
        "up": {
          "uv": [
            3.75,
            2.0,
            2.0,
            0.0
          ],
          "texture": "#layer0",
          "tintindex": 0
        },
        "west": {
          "uv": [
            3.75,
            2.0,
            5.75,
            2.5
          ],
          "texture": "#layer0",
          "tintindex": 0
        }
      }
    },
    {
      "name": "body_3",
      "from": [
        6.2233343,
        7.230956,
        4.6184716
      ],
      "to": [
        9.823335,
        8.670956,
        6.778472
      ],
      "rotation": {
        "angle": 0.0,
        "axis": "z",
        "origin": [
          8.0,
          8.0,
          8.0
        ]
      },
      "faces": {
        "down": {
          "uv": [
            9.25,
            7.0,
            10.75,
            7.75
          ],
          "texture": "#layer0",
          "tintindex": 0
        },
        "east": {
          "uv": [
            7.0,
            7.75,
            7.75,
            8.25
          ],
          "texture": "#layer0",
          "tintindex": 0
        },
        "north": {
          "uv": [
            7.75,
            7.75,
            9.25,
            8.25
          ],
          "texture": "#layer0",
          "tintindex": 0
        },
        "south": {
          "uv": [
            10.0,
            7.75,
            11.5,
            8.25
          ],
          "texture": "#layer0",
          "tintindex": 0
        },
        "up": {
          "uv": [
            9.25,
            7.75,
            7.75,
            7.0
          ],
          "texture": "#layer0",
          "tintindex": 0
        },
        "west": {
          "uv": [
            9.25,
            7.75,
            10.0,
            8.25
          ],
          "texture": "#layer0",
          "tintindex": 0
        }
      }
    },
    {
      "name": "body_4",
      "from": [
        7.6633344,
        9.829094,
        2.8909159
      ],
      "to": [
        8.263334,
        13.429094,
        3.7909157
      ],
      "rotation": {
        "angle": -45.0,
        "axis": "x",
        "origin": [
          8.0233345,
          10.909094,
          3.340916
        ]
      },
      "faces": {
        "down": {
          "uv": [
            0.5,
            5.0,
            0.75,
            5.25
          ],
          "texture": "#layer0",
          "tintindex": 0
        },
        "east": {
          "uv": [
            0.0,
            5.25,
            0.25,
            6.75
          ],
          "texture": "#layer0",
          "tintindex": 0
        },
        "north": {
          "uv": [
            0.25,
            5.25,
            0.5,
            6.75
          ],
          "texture": "#layer0",
          "tintindex": 0
        },
        "south": {
          "uv": [
            0.75,
            5.25,
            1.0,
            6.75
          ],
          "texture": "#layer0",
          "tintindex": 0
        },
        "up": {
          "uv": [
            0.5,
            5.25,
            0.25,
            5.0
          ],
          "texture": "#layer0",
          "tintindex": 0
        },
        "west": {
          "uv": [
            0.5,
            5.25,
            0.75,
            6.75
          ],
          "texture": "#layer0",
          "tintindex": 0
        }
      }
    },
    {
      "name": "body_5",
      "from": [
        7.6633344,
        12.409203,
        -0.28279614
      ],
      "to": [
        8.263334,
        13.009203,
        1.8772038
      ],
      "rotation": {
        "angle": 0.0,
        "axis": "z",
        "origin": [
          8.0,
          8.0,
          8.0
        ]
      },
      "faces": {
        "down": {
          "uv": [
            1.0,
            2.5,
            1.25,
            3.25
          ],
          "texture": "#layer0",
          "tintindex": 0
        },
        "east": {
          "uv": [
            0.0,
            3.25,
            0.75,
            3.5
          ],
          "texture": "#layer0",
          "tintindex": 0
        },
        "north": {
          "uv": [
            0.75,
            3.25,
            1.0,
            3.5
          ],
          "texture": "#layer0",
          "tintindex": 0
        },
        "south": {
          "uv": [
            1.75,
            3.25,
            2.0,
            3.5
          ],
          "texture": "#layer0",
          "tintindex": 0
        },
        "up": {
          "uv": [
            1.0,
            3.25,
            0.75,
            2.5
          ],
          "texture": "#layer0",
          "tintindex": 0
        },
        "west": {
          "uv": [
            1.0,
            3.25,
            1.75,
            3.5
          ],
          "texture": "#layer0",
          "tintindex": 0
        }
      }
    },
    {
      "name": "body_6",
      "from": [
        7.6633344,
        12.161072,
        -1.5302205
      ],
      "to": [
        8.263334,
        12.761072,
        -0.09022045
      ],
      "rotation": {
        "angle": -22.5,
        "axis": "x",
        "origin": [
          8.0233345,
          12.521072,
          -0.8102207
        ]
      },
      "faces": {
        "down": {
          "uv": [
            6.25,
            1.0,
            6.5,
            1.5
          ],
          "texture": "#layer0",
          "tintindex": 0
        },
        "east": {
          "uv": [
            5.5,
            1.5,
            6.0,
            1.75
          ],
          "texture": "#layer0",
          "tintindex": 0
        },
        "north": {
          "uv": [
            6.0,
            1.5,
            6.25,
            1.75
          ],
          "texture": "#layer0",
          "tintindex": 0
        },
        "south": {
          "uv": [
            6.75,
            1.5,
            7.0,
            1.75
          ],
          "texture": "#layer0",
          "tintindex": 0
        },
        "up": {
          "uv": [
            6.25,
            1.5,
            6.0,
            1.0
          ],
          "texture": "#layer0",
          "tintindex": 0
        },
        "west": {
          "uv": [
            6.25,
            1.5,
            6.75,
            1.75
          ],
          "texture": "#layer0",
          "tintindex": 0
        }
      }
    },
    {
      "name": "body_7",
      "from": [
        6.583334,
        8.670956,
        6.778472
      ],
      "to": [
        9.463335,
        9.750956,
        11.818472
      ],
      "rotation": {
        "angle": 0.0,
        "axis": "z",
        "origin": [
          8.0,
          8.0,
          8.0
        ]
      },
      "faces": {
        "down": {
          "uv": [
            8.5,
            0.5,
            9.5,
            2.5
          ],
          "texture": "#layer0",
          "tintindex": 0
        },
        "east": {
          "uv": [
            5.5,
            2.5,
            7.5,
            2.75
          ],
          "texture": "#layer0",
          "tintindex": 0
        },
        "north": {
          "uv": [
            7.5,
            2.5,
            8.5,
            2.75
          ],
          "texture": "#layer0",
          "tintindex": 0
        },
        "south": {
          "uv": [
            10.5,
            2.5,
            11.5,
            2.75
          ],
          "texture": "#layer0",
          "tintindex": 0
        },
        "up": {
          "uv": [
            8.5,
            2.5,
            7.5,
            0.5
          ],
          "texture": "#layer0",
          "tintindex": 0
        },
        "west": {
          "uv": [
            8.5,
            2.5,
            10.5,
            2.75
          ],
          "texture": "#layer0",
          "tintindex": 0
        }
      }
    }
  ],
  "display": {
    "head": {
      "translation": [
        0.0,
        -6.4,
        0.0
      ],
      "rotation": [
        0.0,
        0.0,
        0.0
      ],
      "scale": [
        3.8095,
        3.8095,
        3.8095
      ]
    },
    "gui": {
      "translation": [
        0.0,
        0.0,
        0.0
      ],
      "rotation": [
        35.0,
        225.0,
        0.0
      ],
      "scale": [
        0.625,
        0.625,
        0.625
      ]
    }
  }
}