{
  "file_name": "legs3",
  "texture_size": [
    64,
    64
  ],
  "textures": {
    "layer0": "modelengine:entity/rhino"
  },
  "elements": [
    {
      "name": "legs3_0",
      "from": [
        11.281809,
        4.927334,
        7.7599998
      ],
      "to": [
        11.881808,
        7.027334,
        8.36
      ],
      "rotation": {
        "angle": 22.5,
        "axis": "z",
        "origin": [
          8.98577,
          7.9648223,
          8.12
        ]
      },
      "faces": {
        "down": {
          "uv": [
            1.5,
            5.0,
            1.75,
            5.25
          ],
          "texture": "#layer0",
          "tintindex": 0
        },
        "east": {
          "uv": [
            1.0,
            5.25,
            1.25,
            6.0
          ],
          "texture": "#layer0",
          "tintindex": 0
        },
        "north": {
          "uv": [
            1.25,
            5.25,
            1.5,
            6.0
          ],
          "texture": "#layer0",
          "tintindex": 0
        },
        "south": {
          "uv": [
            1.75,
            5.25,
            2.0,
            6.0
          ],
          "texture": "#layer0",
          "tintindex": 0
        },
        "up": {
          "uv": [
            1.5,
            5.25,
            1.25,
            5.0
          ],
          "texture": "#layer0",
          "tintindex": 0
        },
        "west": {
          "uv": [
            1.5,
            5.25,
            1.75,
            6.0
          ],
          "texture": "#layer0",
          "tintindex": 0
        }
      }
    },
    {
      "name": "legs3_1",
      "from": [
        4.086098,
        4.825976,
        7.7599998
      ],
      "to": [
        4.806098,
        6.985976,
        8.36
      ],
      "rotation": {
        "angle": -22.5,
        "axis": "z",
        "origin": [
          7.1021357,
          7.86347,
          8.12
        ]
      },
      "faces": {
        "down": {
          "uv": [
            4.75,
            2.5,
            5.0,
            2.75
          ],
          "texture": "#layer0",
          "tintindex": 0
        },
        "east": {
          "uv": [
            4.25,
            2.75,
            4.5,
            3.5
          ],
          "texture": "#layer0",
          "tintindex": 0
        },
        "north": {
          "uv": [
            4.5,
            2.75,
            4.75,
            3.5
          ],
          "texture": "#layer0",
          "tintindex": 0
        },
        "south": {
          "uv": [
            5.0,
            2.75,
            5.25,
            3.5
          ],
          "texture": "#layer0",
          "tintindex": 0
        },
        "up": {
          "uv": [
            4.75,
            2.75,
            4.5,
            2.5
          ],
          "texture": "#layer0",
          "tintindex": 0
        },
        "west": {
          "uv": [
            4.75,
            2.75,
            5.0,
            3.5
          ],
          "texture": "#layer0",
          "tintindex": 0
        }
      }
    },
    {
      "name": "legs3_2",
      "from": [
        8.639977,
        7.403324,
        7.64
      ],
      "to": [
        10.079977,
        8.123323,
        8.36
      ],
      "rotation": {
        "angle": 0.0,
        "axis": "z",
        "origin": [
          8.0,
          8.0,
          8.0
        ]
      },
      "faces": {
        "down": {
          "uv": [
            3.25,
            8.25,
            3.75,
            8.5
          ],
          "texture": "#layer0",
          "tintindex": 0
        },
        "east": {
          "uv": [
            2.5,
            8.5,
            2.75,
            8.75
          ],
          "texture": "#layer0",
          "tintindex": 0
        },
        "north": {
          "uv": [
            2.75,
            8.5,
            3.25,
            8.75
          ],
          "texture": "#layer0",
          "tintindex": 0
        },
        "south": {
          "uv": [
            3.5,
            8.5,
            4.0,
            8.75
          ],
          "texture": "#layer0",
          "tintindex": 0
        },
        "up": {
          "uv": [
            3.25,
            8.5,
            2.75,
            8.25
          ],
          "texture": "#layer0",
          "tintindex": 0
        },
        "west": {
          "uv": [
            3.25,
            8.5,
            3.5,
            8.75
          ],
          "texture": "#layer0",
          "tintindex": 0
        }
      }
    },
    {
      "name": "legs3_3",
      "from": [
        5.9200215,
        7.403324,
        7.64
      ],
      "to": [
        7.3600216,
        8.123323,
        8.36
      ],
      "rotation": {
        "angle": 0.0,
        "axis": "z",
        "origin": [
          8.0,
          8.0,
          8.0
        ]
      },
      "faces": {
        "down": {
          "uv": [
            4.25,
            7.75,
            4.75,
            8.0
          ],
          "texture": "#layer0",
          "tintindex": 0
        },
        "east": {
          "uv": [
            3.5,
            8.0,
            3.75,
            8.25
          ],
          "texture": "#layer0",
          "tintindex": 0
        },
        "north": {
          "uv": [
            3.75,
            8.0,
            4.25,
            8.25
          ],
          "texture": "#layer0",
          "tintindex": 0
        },
        "south": {
          "uv": [
            4.5,
            8.0,
            5.0,
            8.25
          ],
          "texture": "#layer0",
          "tintindex": 0
        },
        "up": {
          "uv": [
            4.25,
            8.0,
            3.75,
            7.75
          ],
          "texture": "#layer0",
          "tintindex": 0
        },
        "west": {
          "uv": [
            4.25,
            8.0,
            4.5,
            8.25
          ],
          "texture": "#layer0",
          "tintindex": 0
        }
      }
    },
    {
      "name": "legs3_4",
      "from": [
        9.809336,
        7.008938,
        7.7599998
      ],
      "to": [
        11.909336,
        7.6089377,
        8.36
      ],
      "rotation": {
        "angle": 22.5,
        "axis": "z",
        "origin": [
          8.953299,
          7.886432,
          8.12
        ]
      },
      "faces": {
        "down": {
          "uv": [
            1.0,
            3.5,
            1.75,
            3.75
          ],
          "texture": "#layer0",
          "tintindex": 0
        },
        "east": {
          "uv": [
            0.0,
            3.75,
            0.25,
            4.0
          ],
          "texture": "#layer0",
          "tintindex": 0
        },
        "north": {
          "uv": [
            0.25,
            3.75,
            1.0,
            4.0
          ],
          "texture": "#layer0",
          "tintindex": 0
        },
        "south": {
          "uv": [
            1.25,
            3.75,
            2.0,
            4.0
          ],
          "texture": "#layer0",
          "tintindex": 0
        },
        "up": {
          "uv": [
            1.0,
            3.75,
            0.25,
            3.5
          ],
          "texture": "#layer0",
          "tintindex": 0
        },
        "west": {
          "uv": [
            1.0,
            3.75,
            1.25,
            4.0
          ],
          "texture": "#layer0",
          "tintindex": 0
        }
      }
    },
    {
      "name": "legs3_5",
      "from": [
        4.0860977,
        6.985976,
        7.7599998
      ],
      "to": [
        6.1860976,
        7.585976,
        8.36
      ],
      "rotation": {
        "angle": -22.5,
        "axis": "z",
        "origin": [
          7.1021357,
          7.86347,
          8.12
        ]
      },
      "faces": {
        "down": {
          "uv": [
            1.0,
            1.25,
            1.75,
            1.5
          ],
          "texture": "#layer0",
          "tintindex": 0
        },
        "east": {
          "uv": [
            0.0,
            1.5,
            0.25,
            1.75
          ],
          "texture": "#layer0",
          "tintindex": 0
        },
        "north": {
          "uv": [
            0.25,
            1.5,
            1.0,
            1.75
          ],
          "texture": "#layer0",
          "tintindex": 0
        },
        "south": {
          "uv": [
            1.25,
            1.5,
            2.0,
            1.75
          ],
          "texture": "#layer0",
          "tintindex": 0
        },
        "up": {
          "uv": [
            1.0,
            1.5,
            0.25,
            1.25
          ],
          "texture": "#layer0",
          "tintindex": 0
        },
        "west": {
          "uv": [
            1.0,
            1.5,
            1.25,
            1.75
          ],
          "texture": "#layer0",
          "tintindex": 0
        }
      }
    },
    {
      "name": "legs3_6",
      "from": [
        12.23696,
        5.9588118,
        7.7599998
      ],
      "to": [
        13.43696,
        6.558812,
        8.36
      ],
      "rotation": {
        "angle": 0.0,
        "axis": "z",
        "origin": [
          8.0,
          8.0,
          8.0
        ]
      },
      "faces": {
        "down": {
          "uv": [
            2.75,
            7.75,
            3.25,
            8.0
          ],
          "texture": "#layer0",
          "tintindex": 0
        },
        "east": {
          "uv": [
            2.0,
            8.0,
            2.25,
            8.25
          ],
          "texture": "#layer0",
          "tintindex": 0
        },
        "north": {
          "uv": [
            2.25,
            8.0,
            2.75,
            8.25
          ],
          "texture": "#layer0",
          "tintindex": 0
        },
        "south": {
          "uv": [
            3.0,
            8.0,
            3.5,
            8.25
          ],
          "texture": "#layer0",
          "tintindex": 0
        },
        "up": {
          "uv": [
            2.75,
            8.0,
            2.25,
            7.75
          ],
          "texture": "#layer0",
          "tintindex": 0
        },
        "west": {
          "uv": [
            2.75,
            8.0,
            3.0,
            8.25
          ],
          "texture": "#layer0",
          "tintindex": 0
        }
      }
    },
    {
      "name": "legs3_7",
      "from": [
        2.618474,
        5.93585,
        7.7599998
      ],
      "to": [
        3.818474,
        6.53585,
        8.36
      ],
      "rotation": {
        "angle": 0.0,
        "axis": "z",
        "origin": [
          8.0,
          8.0,
          8.0
        ]
      },
      "faces": {
        "down": {
          "uv": [
            8.25,
            0.0,
            8.75,
            0.25
          ],
          "texture": "#layer0",
          "tintindex": 0
        },
        "east": {
          "uv": [
            7.5,
            0.25,
            7.75,
            0.5
          ],
          "texture": "#layer0",
          "tintindex": 0
        },
        "north": {
          "uv": [
            7.75,
            0.25,
            8.25,
            0.5
          ],
          "texture": "#layer0",
          "tintindex": 0
        },
        "south": {
          "uv": [
            8.5,
            0.25,
            9.0,
            0.5
          ],
          "texture": "#layer0",
          "tintindex": 0
        },
        "up": {
          "uv": [
            8.25,
            0.25,
            7.75,
            0.0
          ],
          "texture": "#layer0",
          "tintindex": 0
        },
        "west": {
          "uv": [
            8.25,
            0.25,
            8.5,
            0.5
          ],
          "texture": "#layer0",
          "tintindex": 0
        }
      }
    }
  ],
  "display": {
    "head": {
      "translation": [
        0.0,
        -6.4,
        0.0
      ],
      "rotation": [
        0.0,
        0.0,
        0.0
      ],
      "scale": [
        3.8095,
        3.8095,
        3.8095
      ]
    },
    "gui": {
      "translation": [
        0.0,
        0.0,
        0.0
      ],
      "rotation": [
        35.0,
        225.0,
        0.0
      ],
      "scale": [
        0.625,
        0.625,
        0.625
      ]
    }
  }
}