{
  "file_name": "legs1",
  "texture_size": [
    64,
    64
  ],
  "textures": {
    "layer0": "modelengine:entity/rhino"
  },
  "elements": [
    {
      "name": "legs1_0",
      "from": [
        11.281809,
        4.927334,
        7.76
      ],
      "to": [
        11.881808,
        7.027334,
        8.360001
      ],
      "rotation": {
        "angle": 22.5,
        "axis": "z",
        "origin": [
          8.98577,
          7.9648223,
          8.120001
        ]
      },
      "faces": {
        "down": {
          "uv": [
            2.0,
            8.75,
            2.25,
            9.0
          ],
          "texture": "#layer0",
          "tintindex": 0
        },
        "east": {
          "uv": [
            1.5,
            9.0,
            1.75,
            9.75
          ],
          "texture": "#layer0",
          "tintindex": 0
        },
        "north": {
          "uv": [
            1.75,
            9.0,
            2.0,
            9.75
          ],
          "texture": "#layer0",
          "tintindex": 0
        },
        "south": {
          "uv": [
            2.25,
            9.0,
            2.5,
            9.75
          ],
          "texture": "#layer0",
          "tintindex": 0
        },
        "up": {
          "uv": [
            2.0,
            9.0,
            1.75,
            8.75
          ],
          "texture": "#layer0",
          "tintindex": 0
        },
        "west": {
          "uv": [
            2.0,
            9.0,
            2.25,
            9.75
          ],
          "texture": "#layer0",
          "tintindex": 0
        }
      }
    },
    {
      "name": "legs1_1",
      "from": [
        4.086098,
        4.825976,
        7.76
      ],
      "to": [
        4.806098,
        6.985976,
        8.360001
      ],
      "rotation": {
        "angle": -22.5,
        "axis": "z",
        "origin": [
          7.1021357,
          7.86347,
          8.120001
        ]
      },
      "faces": {
        "down": {
          "uv": [
            9.0,
            5.25,
            9.25,
            5.5
          ],
          "texture": "#layer0",
          "tintindex": 0
        },
        "east": {
          "uv": [
            8.5,
            5.5,
            8.75,
            6.25
          ],
          "texture": "#layer0",
          "tintindex": 0
        },
        "north": {
          "uv": [
            8.75,
            5.5,
            9.0,
            6.25
          ],
          "texture": "#layer0",
          "tintindex": 0
        },
        "south": {
          "uv": [
            9.25,
            5.5,
            9.5,
            6.25
          ],
          "texture": "#layer0",
          "tintindex": 0
        },
        "up": {
          "uv": [
            9.0,
            5.5,
            8.75,
            5.25
          ],
          "texture": "#layer0",
          "tintindex": 0
        },
        "west": {
          "uv": [
            9.0,
            5.5,
            9.25,
            6.25
          ],
          "texture": "#layer0",
          "tintindex": 0
        }
      }
    },
    {
      "name": "legs1_2",
      "from": [
        8.639977,
        7.403324,
        7.64
      ],
      "to": [
        10.079977,
        8.123323,
        8.360001
      ],
      "rotation": {
        "angle": 0.0,
        "axis": "z",
        "origin": [
          8.0,
          8.0,
          8.0
        ]
      },
      "faces": {
        "down": {
          "uv": [
            9.25,
            8.25,
            9.75,
            8.5
          ],
          "texture": "#layer0",
          "tintindex": 0
        },
        "east": {
          "uv": [
            8.5,
            8.5,
            8.75,
            8.75
          ],
          "texture": "#layer0",
          "tintindex": 0
        },
        "north": {
          "uv": [
            8.75,
            8.5,
            9.25,
            8.75
          ],
          "texture": "#layer0",
          "tintindex": 0
        },
        "south": {
          "uv": [
            9.5,
            8.5,
            10.0,
            8.75
          ],
          "texture": "#layer0",
          "tintindex": 0
        },
        "up": {
          "uv": [
            9.25,
            8.5,
            8.75,
            8.25
          ],
          "texture": "#layer0",
          "tintindex": 0
        },
        "west": {
          "uv": [
            9.25,
            8.5,
            9.5,
            8.75
          ],
          "texture": "#layer0",
          "tintindex": 0
        }
      }
    },
    {
      "name": "legs1_3",
      "from": [
        5.9200215,
        7.403324,
        7.64
      ],
      "to": [
        7.3600216,
        8.123323,
        8.360001
      ],
      "rotation": {
        "angle": 0.0,
        "axis": "z",
        "origin": [
          8.0,
          8.0,
          8.0
        ]
      },
      "faces": {
        "down": {
          "uv": [
            9.25,
            4.75,
            9.75,
            5.0
          ],
          "texture": "#layer0",
          "tintindex": 0
        },
        "east": {
          "uv": [
            8.5,
            5.0,
            8.75,
            5.25
          ],
          "texture": "#layer0",
          "tintindex": 0
        },
        "north": {
          "uv": [
            8.75,
            5.0,
            9.25,
            5.25
          ],
          "texture": "#layer0",
          "tintindex": 0
        },
        "south": {
          "uv": [
            9.5,
            5.0,
            10.0,
            5.25
          ],
          "texture": "#layer0",
          "tintindex": 0
        },
        "up": {
          "uv": [
            9.25,
            5.0,
            8.75,
            4.75
          ],
          "texture": "#layer0",
          "tintindex": 0
        },
        "west": {
          "uv": [
            9.25,
            5.0,
            9.5,
            5.25
          ],
          "texture": "#layer0",
          "tintindex": 0
        }
      }
    },
    {
      "name": "legs1_4",
      "from": [
        9.809336,
        7.008938,
        7.76
      ],
      "to": [
        11.909336,
        7.6089377,
        8.360001
      ],
      "rotation": {
        "angle": 22.5,
        "axis": "z",
        "origin": [
          8.953299,
          7.886432,
          8.120001
        ]
      },
      "faces": {
        "down": {
          "uv": [
            6.5,
            0.5,
            7.25,
            0.75
          ],
          "texture": "#layer0",
          "tintindex": 0
        },
        "east": {
          "uv": [
            5.5,
            0.75,
            5.75,
            1.0
          ],
          "texture": "#layer0",
          "tintindex": 0
        },
        "north": {
          "uv": [
            5.75,
            0.75,
            6.5,
            1.0
          ],
          "texture": "#layer0",
          "tintindex": 0
        },
        "south": {
          "uv": [
            6.75,
            0.75,
            7.5,
            1.0
          ],
          "texture": "#layer0",
          "tintindex": 0
        },
        "up": {
          "uv": [
            6.5,
            0.75,
            5.75,
            0.5
          ],
          "texture": "#layer0",
          "tintindex": 0
        },
        "west": {
          "uv": [
            6.5,
            0.75,
            6.75,
            1.0
          ],
          "texture": "#layer0",
          "tintindex": 0
        }
      }
    },
    {
      "name": "legs1_5",
      "from": [
        4.0860977,
        6.985976,
        7.76
      ],
      "to": [
        6.1860976,
        7.585976,
        8.360001
      ],
      "rotation": {
        "angle": -22.5,
        "axis": "z",
        "origin": [
          7.1021357,
          7.86347,
          8.120001
        ]
      },
      "faces": {
        "down": {
          "uv": [
            6.5,
            0.0,
            7.25,
            0.25
          ],
          "texture": "#layer0",
          "tintindex": 0
        },
        "east": {
          "uv": [
            5.5,
            0.25,
            5.75,
            0.5
          ],
          "texture": "#layer0",
          "tintindex": 0
        },
        "north": {
          "uv": [
            5.75,
            0.25,
            6.5,
            0.5
          ],
          "texture": "#layer0",
          "tintindex": 0
        },
        "south": {
          "uv": [
            6.75,
            0.25,
            7.5,
            0.5
          ],
          "texture": "#layer0",
          "tintindex": 0
        },
        "up": {
          "uv": [
            6.5,
            0.25,
            5.75,
            0.0
          ],
          "texture": "#layer0",
          "tintindex": 0
        },
        "west": {
          "uv": [
            6.5,
            0.25,
            6.75,
            0.5
          ],
          "texture": "#layer0",
          "tintindex": 0
        }
      }
    },
    {
      "name": "legs1_6",
      "from": [
        12.23696,
        5.9588118,
        7.76
      ],
      "to": [
        13.43696,
        6.558812,
        8.360001
      ],
      "rotation": {
        "angle": 0.0,
        "axis": "z",
        "origin": [
          8.0,
          8.0,
          8.0
        ]
      },
      "faces": {
        "down": {
          "uv": [
            0.75,
            8.75,
            1.25,
            9.0
          ],
          "texture": "#layer0",
          "tintindex": 0
        },
        "east": {
          "uv": [
            0.0,
            9.0,
            0.25,
            9.25
          ],
          "texture": "#layer0",
          "tintindex": 0
        },
        "north": {
          "uv": [
            0.25,
            9.0,
            0.75,
            9.25
          ],
          "texture": "#layer0",
          "tintindex": 0
        },
        "south": {
          "uv": [
            1.0,
            9.0,
            1.5,
            9.25
          ],
          "texture": "#layer0",
          "tintindex": 0
        },
        "up": {
          "uv": [
            0.75,
            9.0,
            0.25,
            8.75
          ],
          "texture": "#layer0",
          "tintindex": 0
        },
        "west": {
          "uv": [
            0.75,
            9.0,
            1.0,
            9.25
          ],
          "texture": "#layer0",
          "tintindex": 0
        }
      }
    },
    {
      "name": "legs1_7",
      "from": [
        2.618474,
        5.93585,
        7.76
      ],
      "to": [
        3.818474,
        6.53585,
        8.360001
      ],
      "rotation": {
        "angle": 0.0,
        "axis": "z",
        "origin": [
          8.0,
          8.0,
          8.0
        ]
      },
      "faces": {
        "down": {
          "uv": [
            9.25,
            4.25,
            9.75,
            4.5
          ],
          "texture": "#layer0",
          "tintindex": 0
        },
        "east": {
          "uv": [
            8.5,
            4.5,
            8.75,
            4.75
          ],
          "texture": "#layer0",
          "tintindex": 0
        },
        "north": {
          "uv": [
            8.75,
            4.5,
            9.25,
            4.75
          ],
          "texture": "#layer0",
          "tintindex": 0
        },
        "south": {
          "uv": [
            9.5,
            4.5,
            10.0,
            4.75
          ],
          "texture": "#layer0",
          "tintindex": 0
        },
        "up": {
          "uv": [
            9.25,
            4.5,
            8.75,
            4.25
          ],
          "texture": "#layer0",
          "tintindex": 0
        },
        "west": {
          "uv": [
            9.25,
            4.5,
            9.5,
            4.75
          ],
          "texture": "#layer0",
          "tintindex": 0
        }
      }
    }
  ],
  "display": {
    "head": {
      "translation": [
        0.0,
        -6.4,
        0.0
      ],
      "rotation": [
        0.0,
        0.0,
        0.0
      ],
      "scale": [
        3.8095,
        3.8095,
        3.8095
      ]
    },
    "gui": {
      "translation": [
        0.0,
        0.0,
        0.0
      ],
      "rotation": [
        35.0,
        225.0,
        0.0
      ],
      "scale": [
        0.625,
        0.625,
        0.625
      ]
    }
  }
}