{
	"credit": "Made by MadstonMagic, using Cubik Pro & Blockbench",
	"parent": "towers/chicken/03_lvl_3",
	"textures": {
		"9": "towers_transparent/towers/chicken_lvl_2",
		"10": "towers_transparent/egg",
		"13": "towers_transparent/spruce_log",
		"14": "towers_transparent/dark_oak_planks",
		"16": "towers_transparent/oak_planks",
		"17": "towers_transparent/towers/chicken_lvl_1",
		"particle": "towers_transparent/towers/chicken_lvl_2",
		"concrete_gray": "towers_transparent/gray_concrete",
		"heads": "custom_transparent/heads"
	}
}