{
	"credit": "Made by MadstonMagic, using Cubik Pro & Blockbench",
	"parent": "towers/chicken/05_lvl_5",
	"textures": {
		"10": "towers_transparent/egg",
		"11": "towers_transparent/towers/chicken_lvl_1",
		"12": "towers_transparent/stone_bricks",
		"13": "towers_transparent/spruce_log",
		"15": "towers_transparent/cobblestone",
		"16": "towers_transparent/oak_planks",
		"17": "towers_transparent/chiseled_stone_bricks",
		"18": "custom_transparent/stonebrick_carved_gold",
		"20": "towers_transparent/towers/chicken_lvl_5",
		"21": "towers_transparent/towers/chicken_lvl_2",
		"concrete_gray": "towers_transparent/gray_concrete",
		"heads": "custom_transparent/heads"
	}
}