{
	"credit": "Made by MadstonMagic, using Cubik Pro & Blockbench",
	"parent": "towers/zombie/04_lvl_4",
	"textures": {
		"13": "towers_transparent/quartz_pillar",
		"16": "towers_transparent/chiseled_stone_bricks",
		"17": "towers_transparent/towers/zombie_lvl_4_walls",
		"18": "towers_transparent/towers/zombie_lvl_4_walls_2",
		"19": "towers_transparent/towers/zombie_lvl_4_walls_3",
		"20": "towers_transparent/towers/zombie_lvl_4_walls_4",
		"particle": "custom_transparent/grass/05_top",
		"zombie": "entity_transparent/zombie/zombie",
		"black_concrete": "towers_transparent/black_concrete",
		"stone_bricks": "towers_transparent/stone_bricks",
		"heads": "custom_transparent/heads"
	}
}