{
	"credit": "Made by MadstonMagic, using Cubik Pro & Blockbench",
	"textures": {
		"7": "block/allium",
		"8": "block/blue_orchid",
		"10": "block/poppy",
		"12": "custom/grass",
		"13": "block/oak_log",
		"14": "block/oak_log_top",
		"15": "block/bee_nest_front_honey",
		"16": "block/bee_nest_side",
		"17": "block/bee_nest_top",
		"18": "block/bee_nest_bottom",
		"19": "towers/bee_lvl_1"
	},
	"elements": [
		{
			"name": "grass",
			"from": [-1, -7.5, -1],
			"to": [17, -4.5, 17],
			"rotation": {"angle": 0, "axis": "y", "origin": [8, 0.5, 8]},
			"faces": {
				"north": {"uv": [0, 0, 6, 1], "texture": "#19"},
				"east": {"uv": [0, 0, 6, 1], "texture": "#19"},
				"south": {"uv": [0, 0, 6, 1], "texture": "#19"},
				"west": {"uv": [0, 0, 6, 1], "texture": "#19"},
				"up": {"uv": [0, 2.1875, 6, 8.1875], "texture": "#19"}
			}
		},
		{
			"name": "grass",
			"from": [-2.5, -8.5, -1],
			"to": [18.5, -5.5, 17],
			"rotation": {"angle": 0, "axis": "y", "origin": [-8.5, -0.5, 8]},
			"faces": {
				"north": {"uv": [0, 1.0625, 7, 2.0625], "texture": "#19"},
				"east": {"uv": [0, 0, 6, 1], "texture": "#19"},
				"south": {"uv": [0, 1.0625, 7, 2.0625], "texture": "#19"},
				"west": {"uv": [0, 0, 6, 1], "texture": "#19"},
				"up": {"uv": [6.0625, 2.1875, 13.0625, 8.1875], "texture": "#19"}
			}
		},
		{
			"name": "grass",
			"from": [-1, -8.5, -2.5],
			"to": [17, -5.5, 18.5],
			"rotation": {"angle": 0, "axis": "y", "origin": [14, -0.5, 24.5]},
			"faces": {
				"north": {"uv": [0, 0, 6, 1], "texture": "#19"},
				"east": {"uv": [0, 1.0625, 7, 2.0625], "texture": "#19"},
				"south": {"uv": [0, 0, 6, 1], "texture": "#19"},
				"west": {"uv": [0, 1.0625, 7, 2.0625], "texture": "#19"},
				"up": {"uv": [6.0625, 2.1875, 13.0625, 8.1875], "rotation": 90, "texture": "#19"}
			}
		},
		{
			"name": "nest",
			"from": [11.9847, 0.87067, 13.02838],
			"to": [15.9847, 4.87067, 13.27838],
			"rotation": {"angle": 0, "axis": "y", "origin": [4.24084, 7.24606, 11.00961]},
			"faces": {
				"east": {"uv": [15, 0, 16, 16], "texture": "#16"},
				"south": {"uv": [0, 0, 16, 16], "texture": "#16"},
				"west": {"uv": [15, 0, 16, 16], "texture": "#15"},
				"up": {"uv": [15, 0, 16, 16], "rotation": 90, "texture": "#17"},
				"down": {"uv": [15, 0, 16, 16], "rotation": 270, "texture": "#18"}
			}
		},
		{
			"name": "nest",
			"from": [11.9847, 3.87067, 9.52838],
			"to": [12.2347, 4.87067, 13.02838],
			"rotation": {"angle": 0, "axis": "y", "origin": [4.24084, 7.24606, 11.00961]},
			"faces": {
				"west": {"uv": [1, 0, 15, 4], "texture": "#15"},
				"up": {"uv": [1, 15, 15, 16], "rotation": 90, "texture": "#17"},
				"down": {"uv": [1, 3, 15, 4], "rotation": 270, "texture": "#15"}
			}
		},
		{
			"name": "nest",
			"from": [11.9847, 1.87067, 9.52838],
			"to": [12.2347, 2.87067, 13.02838],
			"rotation": {"angle": 0, "axis": "y", "origin": [4.24084, 7.24606, 11.00961]},
			"faces": {
				"west": {"uv": [1, 8, 15, 12], "texture": "#15"},
				"up": {"uv": [1, 8, 15, 9], "rotation": 90, "texture": "#15"},
				"down": {"uv": [1, 11, 15, 12], "rotation": 270, "texture": "#15"}
			}
		},
		{
			"name": "nest",
			"from": [11.9847, 1.12067, 9.52838],
			"to": [12.2347, 1.87067, 9.77838],
			"rotation": {"angle": 0, "axis": "y", "origin": [4.24084, 7.24606, 11.00961]},
			"faces": {
				"south": {"uv": [1, 12, 2, 15], "texture": "#15"},
				"west": {"uv": [1, 12, 2, 15], "texture": "#15"}
			}
		},
		{
			"name": "nest",
			"from": [11.9847, 0.87067, 9.52838],
			"to": [12.2347, 1.12067, 10.02838],
			"rotation": {"angle": 0, "axis": "y", "origin": [4.24084, 7.24606, 11.00961]},
			"faces": {
				"south": {"uv": [2, 15, 3, 16], "texture": "#15"},
				"west": {"uv": [1, 15, 3, 16], "texture": "#15"},
				"up": {"uv": [1, 15, 3, 16], "rotation": 90, "texture": "#15"},
				"down": {"uv": [1, 15, 3, 16], "rotation": 270, "texture": "#15"}
			}
		},
		{
			"name": "nest",
			"from": [11.9847, 0.87067, 10.52838],
			"to": [12.2347, 1.87067, 13.02838],
			"rotation": {"angle": 0, "axis": "y", "origin": [4.24084, 7.24606, 11.00961]},
			"faces": {
				"north": {"uv": [5, 12, 6, 16], "texture": "#15"},
				"west": {"uv": [5, 12, 15, 16], "texture": "#15"},
				"down": {"uv": [5, 15, 15, 16], "rotation": 270, "texture": "#15"}
			}
		},
		{
			"name": "nest",
			"from": [11.9847, 2.87067, 9.52838],
			"to": [12.2347, 3.87067, 12.02838],
			"rotation": {"angle": 0, "axis": "y", "origin": [4.24084, 7.24606, 11.00961]},
			"faces": {
				"south": {"uv": [10, 4, 11, 8], "texture": "#15"},
				"west": {"uv": [1, 4, 11, 8], "texture": "#15"}
			}
		},
		{
			"name": "nest",
			"from": [11.9847, 2.87067, 12.77838],
			"to": [12.2347, 3.87067, 13.02838],
			"rotation": {"angle": 0, "axis": "y", "origin": [4.24084, 7.24606, 11.00961]},
			"faces": {
				"north": {"uv": [14, 4, 15, 8], "texture": "#15"},
				"west": {"uv": [14, 4, 15, 8], "texture": "#15"}
			}
		},
		{
			"name": "nest",
			"from": [12.1097, 2.87067, 12.02838],
			"to": [12.3597, 3.87067, 12.77838],
			"rotation": {"angle": 0, "axis": "y", "origin": [4.24084, 7.24606, 11.00961]},
			"faces": {
				"east": {"uv": [14, 4, 11, 8], "texture": "#7"},
				"south": {"uv": [13, 4, 14, 8], "texture": "#7"},
				"west": {"uv": [11, 4, 14, 8], "texture": "#15"},
				"up": {"uv": [11, 4, 14, 5], "rotation": 90, "texture": "#7"},
				"down": {"uv": [11, 7, 14, 8], "rotation": 270, "texture": "#7"}
			}
		},
		{
			"name": "nest",
			"from": [12.1097, 0.87067, 9.77838],
			"to": [12.2347, 1.87067, 10.52838],
			"rotation": {"angle": 0, "axis": "y", "origin": [4.24084, 7.24606, 11.00961]},
			"faces": {
				"west": {"uv": [2, 12, 5, 16], "texture": "#15"},
				"down": {"uv": [2, 15, 5, 16], "rotation": 270, "texture": "#15"}
			}
		},
		{
			"name": "nest",
			"from": [12.2347, 0.87067, 9.52838],
			"to": [15.9847, 1.12067, 13.02838],
			"rotation": {"angle": 0, "axis": "y", "origin": [4.24084, 7.24606, 11.00961]},
			"faces": {
				"east": {"uv": [0, 15, 16, 16], "texture": "#16"},
				"down": {"uv": [1, 1, 15, 16], "rotation": 270, "texture": "#18"}
			}
		},
		{
			"name": "nest",
			"from": [12.2347, 4.62067, 9.52838],
			"to": [15.7347, 4.87067, 13.02838],
			"rotation": {"angle": 0, "axis": "y", "origin": [4.24084, 7.24606, 11.00961]},
			"faces": {
				"up": {"uv": [1, 1, 15, 15], "rotation": 90, "texture": "#17"}
			}
		},
		{
			"name": "nest",
			"from": [12.7347, 4.87067, 10.02838],
			"to": [15.2347, 5.12067, 10.27838],
			"rotation": {"angle": 0, "axis": "y", "origin": [4.24084, 7.24606, 11.00961]},
			"faces": {
				"north": {"uv": [3, 3, 4, 13], "rotation": 270, "texture": "#17"},
				"east": {"uv": [3, 12, 4, 13], "rotation": 90, "texture": "#17"},
				"south": {"uv": [3, 3, 4, 13], "rotation": 90, "texture": "#17"},
				"west": {"uv": [3, 12, 4, 13], "rotation": 90, "texture": "#17"},
				"up": {"uv": [3, 3, 4, 13], "rotation": 90, "texture": "#17"}
			}
		},
		{
			"name": "nest",
			"from": [13.4847, 4.87067, 11.52838],
			"to": [14.4847, 5.37067, 11.77838],
			"rotation": {"angle": 0, "axis": "y", "origin": [4.24084, 7.24606, 11.00961]},
			"faces": {
				"north": {"uv": [9, 6, 10, 10], "rotation": 90, "texture": "#17"},
				"east": {"uv": [3, 12, 4, 13], "rotation": 90, "texture": "#17"},
				"south": {"uv": [9, 6, 10, 10], "rotation": 90, "texture": "#17"},
				"west": {"uv": [3, 12, 4, 13], "rotation": 90, "texture": "#17"},
				"up": {"uv": [9, 6, 10, 10], "rotation": 90, "texture": "#17"}
			}
		},
		{
			"name": "nest",
			"from": [13.4847, 4.87067, 10.77838],
			"to": [14.4847, 5.37067, 11.02838],
			"rotation": {"angle": 0, "axis": "y", "origin": [4.24084, 7.24606, 11.00961]},
			"faces": {
				"north": {"uv": [9, 6, 10, 10], "rotation": 90, "texture": "#17"},
				"east": {"uv": [3, 12, 4, 13], "rotation": 90, "texture": "#17"},
				"south": {"uv": [9, 6, 10, 10], "rotation": 90, "texture": "#17"},
				"west": {"uv": [3, 12, 4, 13], "rotation": 90, "texture": "#17"},
				"up": {"uv": [9, 6, 10, 10], "rotation": 90, "texture": "#17"}
			}
		},
		{
			"name": "nest",
			"from": [12.7347, 4.87067, 12.27838],
			"to": [15.2347, 5.12067, 12.52838],
			"rotation": {"angle": 0, "axis": "y", "origin": [4.24084, 7.24606, 11.00961]},
			"faces": {
				"north": {"uv": [12, 3, 13, 13], "rotation": 270, "texture": "#17"},
				"east": {"uv": [3, 12, 4, 13], "rotation": 90, "texture": "#17"},
				"south": {"uv": [12, 3, 13, 13], "rotation": 90, "texture": "#17"},
				"west": {"uv": [3, 12, 4, 13], "rotation": 90, "texture": "#17"},
				"up": {"uv": [12, 3, 13, 13], "rotation": 90, "texture": "#17"}
			}
		},
		{
			"name": "nest",
			"from": [12.7347, 4.87067, 10.27838],
			"to": [12.9847, 5.12067, 12.27838],
			"rotation": {"angle": 0, "axis": "y", "origin": [4.24084, 7.24606, 11.00961]},
			"faces": {
				"east": {"uv": [4, 12, 12, 13], "rotation": 90, "texture": "#17"},
				"west": {"uv": [4, 12, 12, 13], "rotation": 90, "texture": "#17"},
				"up": {"uv": [4, 12, 12, 13], "rotation": 90, "texture": "#17"}
			}
		},
		{
			"name": "nest",
			"from": [14.9847, 4.87067, 10.27838],
			"to": [15.2347, 5.12067, 12.27838],
			"rotation": {"angle": 0, "axis": "y", "origin": [4.24084, 7.24606, 11.00961]},
			"faces": {
				"east": {"uv": [4, 3, 12, 4], "texture": "#17"},
				"west": {"uv": [4, 3, 12, 4], "rotation": 180, "texture": "#17"},
				"up": {"uv": [4, 3, 12, 4], "rotation": 270, "texture": "#17"}
			}
		},
		{
			"name": "nest",
			"from": [14.2347, 4.87067, 11.02838],
			"to": [14.4847, 5.37067, 11.52838],
			"rotation": {"angle": 0, "axis": "y", "origin": [4.24084, 7.24606, 11.00961]},
			"faces": {
				"east": {"uv": [7, 6, 9, 7], "rotation": 270, "texture": "#17"},
				"west": {"uv": [7, 6, 9, 7], "rotation": 270, "texture": "#17"},
				"up": {"uv": [7, 6, 9, 7], "rotation": 270, "texture": "#17"}
			}
		},
		{
			"name": "nest",
			"from": [13.4847, 4.87067, 11.02838],
			"to": [13.7347, 5.37067, 11.52838],
			"rotation": {"angle": 0, "axis": "y", "origin": [4.24084, 7.24606, 11.00961]},
			"faces": {
				"east": {"uv": [7, 6, 9, 7], "rotation": 270, "texture": "#17"},
				"west": {"uv": [7, 6, 9, 7], "rotation": 270, "texture": "#17"},
				"up": {"uv": [7, 6, 9, 7], "rotation": 270, "texture": "#17"}
			}
		},
		{
			"name": "nest",
			"from": [15.7347, 1.12067, 9.52838],
			"to": [15.9847, 4.87067, 13.02838],
			"rotation": {"angle": 0, "axis": "y", "origin": [4.24084, 7.24606, 11.00961]},
			"faces": {
				"east": {"uv": [1, 0, 15, 15], "texture": "#16"},
				"up": {"uv": [1, 0, 15, 1], "rotation": 90, "texture": "#17"}
			}
		},
		{
			"name": "nest",
			"from": [11.9847, 0.87067, 9.27838],
			"to": [15.9847, 4.87067, 9.52838],
			"rotation": {"angle": 0, "axis": "y", "origin": [4.24084, 7.24606, 11.00961]},
			"faces": {
				"north": {"uv": [0, 0, 16, 16], "texture": "#16"},
				"east": {"uv": [0, 0, 1, 16], "texture": "#15"},
				"west": {"uv": [0, 0, 1, 16], "texture": "#15"},
				"up": {"uv": [0, 0, 1, 16], "rotation": 90, "texture": "#17"},
				"down": {"uv": [0, 0, 1, 16], "rotation": 270, "texture": "#18"}
			}
		},
		{
			"name": "log",
			"from": [13, -4.5, 10.25],
			"to": [15, 0.875, 12.25],
			"rotation": {"angle": 0, "axis": "x", "origin": [15.55224, 8.33393, 6.8814]},
			"faces": {
				"north": {"uv": [5.5, 0, 11, 16], "rotation": 180, "texture": "#13"},
				"east": {"uv": [5.5, 0, 11, 16], "rotation": 180, "texture": "#13"},
				"south": {"uv": [8, 0, 13.5, 16], "rotation": 180, "texture": "#13"},
				"west": {"uv": [6.5, 0, 12, 16], "texture": "#13"}
			}
		},
		{
			"name": "log",
			"from": [13.25, -4.52132, 9.62132],
			"to": [14.75, 0.47868, 11.12132],
			"rotation": {"angle": -45, "axis": "x", "origin": [9, -2, 8.5]},
			"faces": {
				"north": {"uv": [5.5, 0, 11, 16], "rotation": 180, "texture": "#13"},
				"east": {"uv": [5.5, 0, 11, 16], "rotation": 180, "texture": "#13"},
				"south": {"uv": [8, 0, 13.5, 16], "rotation": 180, "texture": "#13"},
				"west": {"uv": [6.5, 0, 12, 16], "texture": "#13"},
				"up": {"uv": [0, 0, 16, 16], "rotation": 270, "texture": "#14"}
			}
		},
		{
			"name": "log",
			"from": [12.78375, 1.3419, 10.5],
			"to": [14.28375, 6.3419, 12],
			"rotation": {"angle": -45, "axis": "z", "origin": [9, -0.69185, 7.75]},
			"faces": {
				"north": {"uv": [6.5, 0, 12, 16], "texture": "#13"},
				"east": {"uv": [5.5, 0, 11, 16], "rotation": 180, "texture": "#13"},
				"south": {"uv": [5.5, 0, 11, 16], "rotation": 180, "texture": "#13"},
				"west": {"uv": [8, 0, 13.5, 16], "rotation": 180, "texture": "#13"},
				"up": {"uv": [0, 0, 16, 16], "texture": "#14"}
			}
		},
		{
			"name": "log",
			"from": [13.375, 2.28271, 11.71298],
			"to": [14.625, 5.28271, 12.96298],
			"rotation": {"angle": 22.5, "axis": "x", "origin": [9, -2, 7.5]},
			"faces": {
				"north": {"uv": [9, 0, 3.5, 10.5], "rotation": 180, "texture": "#13"},
				"east": {"uv": [11, 5.5, 5.5, 16], "rotation": 180, "texture": "#13"},
				"south": {"uv": [16, 5.5, 10.5, 16], "rotation": 180, "texture": "#13"},
				"west": {"uv": [7, 0.5, 1.5, 11], "rotation": 180, "texture": "#13"},
				"up": {"uv": [16, 0, 0, 16], "rotation": 270, "texture": "#14"}
			}
		},
		{
			"name": "log",
			"from": [13.25, 0.07487, 9.47487],
			"to": [14.75, 4.07487, 10.97487],
			"rotation": {"angle": 45, "axis": "x", "origin": [9, -2, 7.5]},
			"faces": {
				"north": {"uv": [13.5, 0, 8, 16], "rotation": 180, "texture": "#13"},
				"east": {"uv": [11, 0, 5.5, 16], "rotation": 180, "texture": "#13"},
				"south": {"uv": [11, 0, 5.5, 16], "rotation": 180, "texture": "#13"},
				"west": {"uv": [12, 0, 6.5, 16], "texture": "#13"},
				"up": {"uv": [16, 0, 0, 16], "rotation": 270, "texture": "#14"}
			}
		},
		{
			"name": "log",
			"from": [10.78731, -5.72916, 10.5],
			"to": [12.28731, -0.72916, 12],
			"rotation": {"angle": 45, "axis": "z", "origin": [9, -0.69185, 7.75]},
			"faces": {
				"north": {"uv": [12, 0, 6.5, 16], "texture": "#13"},
				"east": {"uv": [13.5, 0, 8, 16], "rotation": 180, "texture": "#13"},
				"south": {"uv": [11, 0, 5.5, 16], "rotation": 180, "texture": "#13"},
				"west": {"uv": [11, 0, 5.5, 16], "rotation": 180, "texture": "#13"},
				"up": {"uv": [16, 0, 0, 16], "texture": "#14"}
			}
		},
		{
			"name": "poppy",
			"from": [14.29045, -4.5, 7.92589],
			"to": [18.29045, -0.5, 7.93589],
			"rotation": {"angle": 22.5, "axis": "y", "origin": [14.60121, -2.5, 9.39596]},
			"faces": {
				"north": {"uv": [16, 0, 0, 16], "texture": "#10"},
				"east": {"uv": [0, 0, 1, 1], "texture": "#10"},
				"south": {"uv": [0, 0, 16, 16], "texture": "#10"},
				"west": {"uv": [0, 0, 1, 1], "texture": "#10"},
				"up": {"uv": [0, 0, 1, 1], "texture": "#10"},
				"down": {"uv": [0, 0, 1, 1], "texture": "#10"}
			}
		},
		{
			"name": "poppy",
			"from": [16.28545, -4.5, 5.93089],
			"to": [16.29545, -0.5, 9.93089],
			"rotation": {"angle": 22.5, "axis": "y", "origin": [14.60121, -2.5, 9.39596]},
			"faces": {
				"north": {"uv": [0, 0, 1, 1], "texture": "#10"},
				"east": {"uv": [0, 0, 16, 16], "texture": "#10"},
				"south": {"uv": [0, 0, 1, 1], "texture": "#10"},
				"west": {"uv": [16, 0, 0, 16], "texture": "#10"},
				"up": {"uv": [0, 0, 1, 1], "texture": "#10"},
				"down": {"uv": [0, 0, 1, 1], "texture": "#10"}
			}
		},
		{
			"name": "poppy",
			"from": [2.60121, -4.5, 5.39096],
			"to": [6.60121, -0.5, 5.40096],
			"rotation": {"angle": 0, "axis": "y", "origin": [4.60121, -2.5, 10.39596]},
			"faces": {
				"north": {"uv": [0, 0, 16, 16], "texture": "#10"},
				"east": {"uv": [0, 0, 1, 1], "texture": "#10"},
				"south": {"uv": [16, 0, 0, 16], "texture": "#10"},
				"west": {"uv": [0, 0, 1, 1], "texture": "#10"},
				"up": {"uv": [0, 0, 1, 1], "texture": "#10"}
			}
		},
		{
			"name": "poppy",
			"from": [4.59621, -4.5, 3.39596],
			"to": [4.60621, -0.5, 7.39596],
			"rotation": {"angle": 0, "axis": "y", "origin": [4.60121, -2.5, 10.39596]},
			"faces": {
				"north": {"uv": [0, 0, 1, 1], "texture": "#10"},
				"east": {"uv": [0, 0, 16, 16], "texture": "#10"},
				"south": {"uv": [0, 0, 1, 1], "texture": "#10"},
				"west": {"uv": [16, 0, 0, 16], "texture": "#10"},
				"up": {"uv": [0, 0, 1, 1], "texture": "#10"}
			}
		},
		{
			"name": "poppy",
			"from": [7.56355, -5.5, -2.61109],
			"to": [11.56355, -1.5, -2.60109],
			"rotation": {"angle": 22.5, "axis": "y", "origin": [8.60121, -2.5, 15.39596]},
			"faces": {
				"north": {"uv": [0, 0, 16, 16], "texture": "#10"},
				"east": {"uv": [0, 0, 1, 1], "texture": "#10"},
				"south": {"uv": [16, 0, 0, 16], "texture": "#10"},
				"west": {"uv": [0, 0, 1, 1], "texture": "#10"},
				"up": {"uv": [0, 0, 1, 1], "texture": "#10"},
				"down": {"uv": [0, 0, 1, 1], "texture": "#10"}
			}
		},
		{
			"name": "poppy",
			"from": [9.55855, -5.5, -4.60609],
			"to": [9.56855, -1.5, -0.60609],
			"rotation": {"angle": 22.5, "axis": "y", "origin": [8.60121, -2.5, 15.39596]},
			"faces": {
				"north": {"uv": [0, 0, 1, 1], "texture": "#10"},
				"east": {"uv": [0, 0, 16, 16], "texture": "#10"},
				"south": {"uv": [0, 0, 1, 1], "texture": "#10"},
				"west": {"uv": [16, 0, 0, 16], "texture": "#10"},
				"up": {"uv": [0, 0, 1, 1], "texture": "#10"},
				"down": {"uv": [0, 0, 1, 1], "texture": "#10"}
			}
		},
		{
			"name": "poppy",
			"from": [6.60121, -4.5, 15.39096],
			"to": [10.60121, -0.5, 15.40096],
			"rotation": {"angle": 22.5, "axis": "y", "origin": [8.60121, -2.5, 15.39596]},
			"faces": {
				"north": {"uv": [0, 0, 16, 16], "texture": "#10"},
				"east": {"uv": [0, 0, 1, 1], "texture": "#10"},
				"south": {"uv": [16, 0, 0, 16], "texture": "#10"},
				"west": {"uv": [0, 0, 1, 1], "texture": "#10"},
				"up": {"uv": [0, 0, 1, 1], "texture": "#10"},
				"down": {"uv": [0, 0, 1, 1], "texture": "#10"}
			}
		},
		{
			"name": "poppy",
			"from": [8.59621, -4.5, 13.39596],
			"to": [8.60621, -0.5, 17.39596],
			"rotation": {"angle": 22.5, "axis": "y", "origin": [8.60121, -2.5, 15.39596]},
			"faces": {
				"north": {"uv": [0, 0, 1, 1], "texture": "#10"},
				"east": {"uv": [0, 0, 16, 16], "texture": "#10"},
				"south": {"uv": [0, 0, 1, 1], "texture": "#10"},
				"west": {"uv": [16, 0, 0, 16], "texture": "#10"},
				"up": {"uv": [0, 0, 1, 1], "texture": "#10"},
				"down": {"uv": [0, 0, 1, 1], "texture": "#10"}
			}
		},
		{
			"name": "blue_orchid",
			"from": [-1.71371, -4.5, 11.94681],
			"to": [2.28629, -0.5, 11.95681],
			"rotation": {"angle": 22.5, "axis": "y", "origin": [8.60121, -2.5, 15.39596]},
			"faces": {
				"north": {"uv": [0, 0, 16, 16], "texture": "#8"},
				"east": {"uv": [0, 0, 1, 1], "texture": "#8"},
				"south": {"uv": [16, 0, 0, 16], "texture": "#8"},
				"west": {"uv": [0, 0, 1, 1], "texture": "#8"},
				"up": {"uv": [0, 0, 1, 1], "texture": "#8"},
				"down": {"uv": [0, 0, 1, 1], "texture": "#8"}
			}
		},
		{
			"name": "blue_orchid",
			"from": [0.28129, -4.5, 9.95181],
			"to": [0.29129, -0.5, 13.95181],
			"rotation": {"angle": 22.5, "axis": "y", "origin": [8.60121, -2.5, 15.39596]},
			"faces": {
				"north": {"uv": [0, 0, 1, 1], "texture": "#8"},
				"east": {"uv": [0, 0, 16, 16], "texture": "#8"},
				"south": {"uv": [0, 0, 1, 1], "texture": "#8"},
				"west": {"uv": [16, 0, 0, 16], "texture": "#8"},
				"up": {"uv": [0, 0, 1, 1], "texture": "#8"},
				"down": {"uv": [0, 0, 1, 1], "texture": "#8"}
			}
		},
		{
			"name": "blue_orchid",
			"from": [21.8052, -5.5, 2.9791],
			"to": [21.8152, -1.5, 6.9791],
			"rotation": {"angle": 22.5, "axis": "y", "origin": [15.60121, -2.5, 15.39596]},
			"faces": {
				"north": {"uv": [0, 0, 1, 1], "texture": "#8"},
				"east": {"uv": [16, 0, 0, 16], "texture": "#8"},
				"south": {"uv": [0, 0, 1, 1], "texture": "#8"},
				"west": {"uv": [0, 0, 16, 16], "texture": "#8"},
				"up": {"uv": [0, 0, 1, 1], "texture": "#8"},
				"down": {"uv": [0, 0, 1, 1], "texture": "#8"}
			}
		},
		{
			"name": "blue_orchid",
			"from": [19.8102, -5.5, 4.9741],
			"to": [23.8102, -1.5, 4.9841],
			"rotation": {"angle": 22.5, "axis": "y", "origin": [15.60121, -2.5, 15.39596]},
			"faces": {
				"north": {"uv": [0, 0, 16, 16], "texture": "#8"},
				"east": {"uv": [0, 0, 1, 1], "texture": "#8"},
				"south": {"uv": [16, 0, 0, 16], "texture": "#8"},
				"west": {"uv": [0, 0, 1, 1], "texture": "#8"},
				"up": {"uv": [0, 0, 1, 1], "texture": "#8"},
				"down": {"uv": [0, 0, 1, 1], "texture": "#8"}
			}
		},
		{
			"name": "blue_orchid",
			"from": [9.93199, -4.5, -3.01825],
			"to": [9.94199, -0.5, 0.98175],
			"rotation": {"angle": 45, "axis": "y", "origin": [11.35121, -2.5, 0.39596]},
			"faces": {
				"north": {"uv": [0, 0, 1, 1], "texture": "#8"},
				"east": {"uv": [16, 0, 0, 16], "texture": "#8"},
				"south": {"uv": [0, 0, 1, 1], "texture": "#8"},
				"west": {"uv": [0, 0, 16, 16], "texture": "#8"},
				"up": {"uv": [0, 0, 1, 1], "texture": "#8"},
				"down": {"uv": [0, 0, 1, 1], "texture": "#8"}
			}
		},
		{
			"name": "blue_orchid",
			"from": [7.93699, -4.5, -1.02325],
			"to": [11.93699, -0.5, -1.01325],
			"rotation": {"angle": 45, "axis": "y", "origin": [11.35121, -2.5, 0.39596]},
			"faces": {
				"north": {"uv": [0, 0, 16, 16], "texture": "#8"},
				"east": {"uv": [0, 0, 1, 1], "texture": "#8"},
				"south": {"uv": [16, 0, 0, 16], "texture": "#8"},
				"west": {"uv": [0, 0, 1, 1], "texture": "#8"},
				"up": {"uv": [0, 0, 1, 1], "texture": "#8"},
				"down": {"uv": [0, 0, 1, 1], "texture": "#8"}
			}
		},
		{
			"name": "allium",
			"from": [14.2708, -4.5, 4.92253],
			"to": [14.2808, -0.5, 8.92253],
			"rotation": {"angle": 22.5, "axis": "y", "origin": [8.60121, -2.5, 15.39596]},
			"faces": {
				"north": {"uv": [0, 0, 1, 1], "texture": "#7"},
				"east": {"uv": [0, 0, 16, 16], "texture": "#7"},
				"south": {"uv": [0, 0, 1, 1], "texture": "#7"},
				"west": {"uv": [16, 0, 0, 16], "texture": "#7"},
				"up": {"uv": [0, 0, 1, 1], "texture": "#7"},
				"down": {"uv": [0, 0, 1, 1], "texture": "#7"}
			}
		},
		{
			"name": "allium",
			"from": [12.2758, -4.5, 6.91753],
			"to": [16.2758, -0.5, 6.92753],
			"rotation": {"angle": 22.5, "axis": "y", "origin": [8.60121, -2.5, 15.39596]},
			"faces": {
				"north": {"uv": [0, 0, 16, 16], "texture": "#7"},
				"east": {"uv": [0, 0, 1, 1], "texture": "#7"},
				"south": {"uv": [16, 0, 0, 16], "texture": "#7"},
				"west": {"uv": [0, 0, 1, 1], "texture": "#7"},
				"up": {"uv": [0, 0, 1, 1], "texture": "#7"},
				"down": {"uv": [0, 0, 1, 1], "texture": "#7"}
			}
		},
		{
			"name": "allium",
			"from": [-0.39879, -4.5, 11.39096],
			"to": [3.60121, -0.5, 11.40096],
			"rotation": {"angle": 0, "axis": "y", "origin": [10.60121, -2.5, 5.39596]},
			"faces": {
				"north": {"uv": [0, 0, 16, 16], "texture": "#7"},
				"east": {"uv": [0, 0, 1, 1], "texture": "#7"},
				"south": {"uv": [16, 0, 0, 16], "texture": "#7"},
				"west": {"uv": [0, 0, 1, 1], "texture": "#7"},
				"up": {"uv": [0, 0, 1, 1], "texture": "#7"}
			}
		},
		{
			"name": "allium",
			"from": [1.59621, -4.5, 9.39596],
			"to": [1.60621, -0.5, 13.39596],
			"rotation": {"angle": 0, "axis": "y", "origin": [10.60121, -2.5, 5.39596]},
			"faces": {
				"north": {"uv": [0, 0, 1, 1], "texture": "#7"},
				"east": {"uv": [16, 0, 0, 16], "texture": "#7"},
				"south": {"uv": [0, 0, 1, 1], "texture": "#7"},
				"west": {"uv": [0, 0, 16, 16], "texture": "#7"},
				"up": {"uv": [0, 0, 16, 16], "rotation": 180, "texture": "#7"}
			}
		},
		{
			"name": "grass",
			"from": [15.68925, -4.5, -0.46508],
			"to": [15.69925, -0.5, 3.53492],
			"rotation": {"angle": 22.5, "axis": "y", "origin": [14.005, -2.5, 3]},
			"faces": {
				"north": {"uv": [1.5, 0.5, 0.5, 1.5], "texture": "#12"},
				"east": {"uv": [0, 0, 16, 16], "texture": "#12"},
				"south": {"uv": [1.5, 0.5, 0.5, 1.5], "texture": "#12"},
				"west": {"uv": [16, 0, 0, 16], "texture": "#12"},
				"up": {"uv": [1.5, 0.5, 0.5, 1.5], "texture": "#12"},
				"down": {"uv": [1.5, 0.5, 0.5, 1.5], "texture": "#12"}
			}
		},
		{
			"name": "grass",
			"from": [11.77696, -4.5, -1.67139],
			"to": [11.78696, -0.5, 2.32861],
			"rotation": {"angle": 45, "axis": "y", "origin": [14.005, -2.5, 3]},
			"faces": {
				"north": {"uv": [1.5, 0.5, 0.5, 1.5], "texture": "#12"},
				"east": {"uv": [0, 0, 16, 16], "texture": "#12"},
				"south": {"uv": [1.5, 0.5, 0.5, 1.5], "texture": "#12"},
				"west": {"uv": [16, 0, 0, 16], "texture": "#12"},
				"up": {"uv": [1.5, 0.5, 0.5, 1.5], "texture": "#12"},
				"down": {"uv": [1.5, 0.5, 0.5, 1.5], "texture": "#12"}
			}
		},
		{
			"name": "grass",
			"from": [2.2571, -4.5, 1.98507],
			"to": [6.2571, -0.5, 1.99507],
			"rotation": {"angle": -22.5, "axis": "y", "origin": [4.54412, -2.5, 2.68297]},
			"faces": {
				"north": {"uv": [0, 0, 16, 16], "texture": "#12"},
				"east": {"uv": [1.5, 0.5, 0.5, 1.5], "texture": "#12"},
				"south": {"uv": [16, 0, 0, 16], "texture": "#12"},
				"west": {"uv": [1.5, 0.5, 0.5, 1.5], "texture": "#12"},
				"up": {"uv": [1.5, 0.5, 0.5, 1.5], "texture": "#12"},
				"down": {"uv": [1.5, 0.5, 0.5, 1.5], "texture": "#12"}
			}
		},
		{
			"name": "grass",
			"from": [-1.27843, -4.5, 2.33862],
			"to": [2.72157, -0.5, 2.34862],
			"rotation": {"angle": 45, "axis": "y", "origin": [4.54412, -2.5, 2.68297]},
			"faces": {
				"north": {"uv": [0, 0, 16, 16], "texture": "#12"},
				"east": {"uv": [1.5, 0.5, 0.5, 1.5], "texture": "#12"},
				"south": {"uv": [16, 0, 0, 16], "texture": "#12"},
				"west": {"uv": [1.5, 0.5, 0.5, 1.5], "texture": "#12"},
				"up": {"uv": [1.5, 0.5, 0.5, 1.5], "texture": "#12"},
				"down": {"uv": [1.5, 0.5, 0.5, 1.5], "texture": "#12"}
			}
		},
		{
			"name": "grass",
			"from": [-7.81917, -4.5, 8.87936],
			"to": [-3.81917, -0.5, 8.88936],
			"rotation": {"angle": 45, "axis": "y", "origin": [4.54412, -2.5, 2.68297]},
			"faces": {
				"north": {"uv": [0, 0, 16, 16], "texture": "#12"},
				"east": {"uv": [0, 0, 16, 16], "texture": "#12"},
				"south": {"uv": [16, 0, 0, 16], "texture": "#12"},
				"west": {"uv": [0, 0, 16, 16], "texture": "#12"},
				"up": {"uv": [1.5, 0.5, 0.5, 1.5], "texture": "#12"},
				"down": {"uv": [1.5, 0.5, 0.5, 1.5], "texture": "#12"}
			}
		},
		{
			"name": "grass",
			"from": [2.59621, -4.5, 6.64596],
			"to": [2.60621, -0.5, 10.64596],
			"rotation": {"angle": 0, "axis": "y", "origin": [2.60121, -2.5, 8.64596]},
			"faces": {
				"north": {"uv": [0, 0, 16, 16], "texture": "#12"},
				"east": {"uv": [16, 0, 0, 16], "texture": "#12"},
				"south": {"uv": [0, 0, 16, 16], "texture": "#12"},
				"west": {"uv": [0, 0, 16, 16], "texture": "#12"},
				"up": {"uv": [1.5, 0.5, 0.5, 1.5], "texture": "#12"}
			}
		},
		{
			"name": "grass",
			"from": [4.37831, -4.5, 12.79609],
			"to": [4.38831, -0.5, 16.79609],
			"rotation": {"angle": 22.5, "axis": "y", "origin": [2.60121, -2.5, 8.64596]},
			"faces": {
				"north": {"uv": [1.5, 0.5, 0.5, 1.5], "texture": "#12"},
				"east": {"uv": [16, 0, 0, 16], "texture": "#12"},
				"south": {"uv": [1.5, 0.5, 0.5, 1.5], "texture": "#12"},
				"west": {"uv": [0, 0, 16, 16], "texture": "#12"},
				"up": {"uv": [1.5, 0.5, 0.5, 1.5], "texture": "#12"},
				"down": {"uv": [1.5, 0.5, 0.5, 1.5], "texture": "#12"}
			}
		},
		{
			"name": "grass",
			"from": [9.5389, -4.5, 16.01607],
			"to": [9.5489, -0.5, 20.01607],
			"rotation": {"angle": 22.5, "axis": "y", "origin": [2.60121, -2.5, 8.64596]},
			"faces": {
				"north": {"uv": [1.5, 0.5, 0.5, 1.5], "texture": "#12"},
				"east": {"uv": [16, 0, 0, 16], "texture": "#12"},
				"south": {"uv": [1.5, 0.5, 0.5, 1.5], "texture": "#12"},
				"west": {"uv": [0, 0, 16, 16], "texture": "#12"},
				"up": {"uv": [1.5, 0.5, 0.5, 1.5], "texture": "#12"},
				"down": {"uv": [1.5, 0.5, 0.5, 1.5], "texture": "#12"}
			}
		},
		{
			"name": "grass",
			"from": [5.05793, -4.5, 10.68706],
			"to": [9.05793, -0.5, 10.69706],
			"rotation": {"angle": -22.5, "axis": "y", "origin": [12.60121, -2.5, 8.39596]},
			"faces": {
				"north": {"uv": [16, 0, 0, 16], "texture": "#12"},
				"east": {"uv": [1.5, 0.5, 0.5, 1.5], "texture": "#12"},
				"south": {"uv": [0, 0, 16, 16], "texture": "#12"},
				"west": {"uv": [1.5, 0.5, 0.5, 1.5], "texture": "#12"},
				"up": {"uv": [1.5, 0.5, 0.5, 1.5], "texture": "#12"},
				"down": {"uv": [1.5, 0.5, 0.5, 1.5], "texture": "#12"}
			}
		},
		{
			"name": "grass",
			"from": [7.42963, -4.5, 14.04782],
			"to": [11.42963, -0.5, 14.05782],
			"rotation": {"angle": 45, "axis": "y", "origin": [6.60121, -2.5, 8.39596]},
			"faces": {
				"north": {"uv": [16, 0, 0, 16], "texture": "#12"},
				"east": {"uv": [1.5, 0.5, 0.5, 1.5], "texture": "#12"},
				"south": {"uv": [0, 0, 16, 16], "texture": "#12"},
				"west": {"uv": [1.5, 0.5, 0.5, 1.5], "texture": "#12"},
				"up": {"uv": [1.5, 0.5, 0.5, 1.5], "texture": "#12"},
				"down": {"uv": [1.5, 0.5, 0.5, 1.5], "texture": "#12"}
			}
		},
		{
			"name": "grass",
			"from": [14.59621, -4.5, 4.39596],
			"to": [14.60621, -0.5, 8.39596],
			"rotation": {"angle": 0, "axis": "y", "origin": [15.60121, -2.5, 10.39596]},
			"faces": {
				"north": {"uv": [1.5, 0.5, 0.5, 1.5], "texture": "#12"},
				"east": {"uv": [0, 0, 16, 16], "texture": "#12"},
				"south": {"uv": [1.5, 0.5, 0.5, 1.5], "texture": "#12"},
				"west": {"uv": [16, 0, 0, 16], "texture": "#12"},
				"up": {"uv": [1.5, 0.5, 0.5, 1.5], "texture": "#12"}
			}
		},
		{
			"name": "grass",
			"from": [13.69425, -4.5, 1.52992],
			"to": [17.69425, -0.5, 1.53992],
			"rotation": {"angle": 22.5, "axis": "y", "origin": [14.005, -2.5, 3]},
			"faces": {
				"north": {"uv": [16, 0, 0, 16], "texture": "#12"},
				"east": {"uv": [1.5, 0.5, 0.5, 1.5], "texture": "#12"},
				"south": {"uv": [0, 0, 16, 16], "texture": "#12"},
				"west": {"uv": [1.5, 0.5, 0.5, 1.5], "texture": "#12"},
				"up": {"uv": [1.5, 0.5, 0.5, 1.5], "texture": "#12"},
				"down": {"uv": [1.5, 0.5, 0.5, 1.5], "texture": "#12"}
			}
		},
		{
			"name": "grass",
			"from": [9.78196, -4.5, 0.32361],
			"to": [13.78196, -0.5, 0.33361],
			"rotation": {"angle": 45, "axis": "y", "origin": [14.005, -2.5, 3]},
			"faces": {
				"north": {"uv": [16, 0, 0, 16], "texture": "#12"},
				"east": {"uv": [1.5, 0.5, 0.5, 1.5], "texture": "#12"},
				"south": {"uv": [0, 0, 16, 16], "texture": "#12"},
				"west": {"uv": [1.5, 0.5, 0.5, 1.5], "texture": "#12"},
				"up": {"uv": [1.5, 0.5, 0.5, 1.5], "texture": "#12"},
				"down": {"uv": [1.5, 0.5, 0.5, 1.5], "texture": "#12"}
			}
		},
		{
			"name": "grass",
			"from": [4.2521, -4.5, -0.00993],
			"to": [4.2621, -0.5, 3.99007],
			"rotation": {"angle": -22.5, "axis": "y", "origin": [4.54412, -2.5, 2.68297]},
			"faces": {
				"north": {"uv": [1.5, 0.5, 0.5, 1.5], "texture": "#12"},
				"east": {"uv": [0, 0, 16, 16], "texture": "#12"},
				"south": {"uv": [1.5, 0.5, 0.5, 1.5], "texture": "#12"},
				"west": {"uv": [16, 0, 0, 16], "texture": "#12"},
				"up": {"uv": [1.5, 0.5, 0.5, 1.5], "texture": "#12"},
				"down": {"uv": [1.5, 0.5, 0.5, 1.5], "texture": "#12"}
			}
		},
		{
			"name": "grass",
			"from": [0.71657, -4.5, 0.34362],
			"to": [0.72657, -0.5, 4.34362],
			"rotation": {"angle": 45, "axis": "y", "origin": [4.54412, -2.5, 2.68297]},
			"faces": {
				"north": {"uv": [1.5, 0.5, 0.5, 1.5], "texture": "#12"},
				"east": {"uv": [0, 0, 16, 16], "texture": "#12"},
				"south": {"uv": [1.5, 0.5, 0.5, 1.5], "texture": "#12"},
				"west": {"uv": [0, 0, 16, 16], "texture": "#12"},
				"up": {"uv": [1.5, 0.5, 0.5, 1.5], "texture": "#12"},
				"down": {"uv": [1.5, 0.5, 0.5, 1.5], "texture": "#12"}
			}
		},
		{
			"name": "grass",
			"from": [-5.82417, -4.5, 6.88436],
			"to": [-5.81417, -0.5, 10.88436],
			"rotation": {"angle": 45, "axis": "y", "origin": [4.54412, -2.5, 2.68297]},
			"faces": {
				"north": {"uv": [0, 0, 16, 16], "texture": "#12"},
				"east": {"uv": [0, 0, 16, 16], "texture": "#12"},
				"south": {"uv": [0, 0, 16, 16], "texture": "#12"},
				"west": {"uv": [16, 0, 0, 16], "texture": "#12"},
				"up": {"uv": [1.5, 0.5, 0.5, 1.5], "texture": "#12"},
				"down": {"uv": [1.5, 0.5, 0.5, 1.5], "texture": "#12"}
			}
		},
		{
			"name": "grass",
			"from": [0.60121, -4.5, 8.64096],
			"to": [4.60121, -0.5, 8.65096],
			"rotation": {"angle": 0, "axis": "y", "origin": [2.60121, -2.5, 8.64596]},
			"faces": {
				"north": {"uv": [0, 0, 16, 16], "texture": "#12"},
				"east": {"uv": [0, 0, 16, 16], "texture": "#12"},
				"south": {"uv": [16, 0, 0, 16], "texture": "#12"},
				"west": {"uv": [0, 0, 16, 16], "texture": "#12"},
				"up": {"uv": [1.5, 0.5, 0.5, 1.5], "texture": "#12"}
			}
		},
		{
			"name": "grass",
			"from": [2.38331, -4.5, 14.79109],
			"to": [6.38331, -0.5, 14.80109],
			"rotation": {"angle": 22.5, "axis": "y", "origin": [2.60121, -2.5, 8.64596]},
			"faces": {
				"north": {"uv": [0, 0, 16, 16], "texture": "#12"},
				"east": {"uv": [1.5, 0.5, 0.5, 1.5], "texture": "#12"},
				"south": {"uv": [16, 0, 0, 16], "texture": "#12"},
				"west": {"uv": [1.5, 0.5, 0.5, 1.5], "texture": "#12"},
				"up": {"uv": [1.5, 0.5, 0.5, 1.5], "texture": "#12"},
				"down": {"uv": [1.5, 0.5, 0.5, 1.5], "texture": "#12"}
			}
		},
		{
			"name": "grass",
			"from": [7.5439, -4.5, 18.01107],
			"to": [11.5439, -0.5, 18.02107],
			"rotation": {"angle": 22.5, "axis": "y", "origin": [2.60121, -2.5, 8.64596]},
			"faces": {
				"north": {"uv": [0, 0, 16, 16], "texture": "#12"},
				"east": {"uv": [1.5, 0.5, 0.5, 1.5], "texture": "#12"},
				"south": {"uv": [16, 0, 0, 16], "texture": "#12"},
				"west": {"uv": [1.5, 0.5, 0.5, 1.5], "texture": "#12"},
				"up": {"uv": [1.5, 0.5, 0.5, 1.5], "texture": "#12"},
				"down": {"uv": [1.5, 0.5, 0.5, 1.5], "texture": "#12"}
			}
		},
		{
			"name": "grass",
			"from": [7.05293, -4.5, 8.69206],
			"to": [7.06293, -0.5, 12.69206],
			"rotation": {"angle": -22.5, "axis": "y", "origin": [12.60121, -2.5, 8.39596]},
			"faces": {
				"north": {"uv": [1.5, 0.5, 0.5, 1.5], "texture": "#12"},
				"east": {"uv": [16, 0, 0, 16], "texture": "#12"},
				"south": {"uv": [1.5, 0.5, 0.5, 1.5], "texture": "#12"},
				"west": {"uv": [0, 0, 16, 16], "texture": "#12"},
				"up": {"uv": [1.5, 0.5, 0.5, 1.5], "texture": "#12"},
				"down": {"uv": [1.5, 0.5, 0.5, 1.5], "texture": "#12"}
			}
		},
		{
			"name": "grass",
			"from": [9.42463, -4.5, 12.05282],
			"to": [9.43463, -0.5, 16.05282],
			"rotation": {"angle": 45, "axis": "y", "origin": [6.60121, -2.5, 8.39596]},
			"faces": {
				"north": {"uv": [1.5, 0.5, 0.5, 1.5], "texture": "#12"},
				"east": {"uv": [16, 0, 0, 16], "texture": "#12"},
				"west": {"uv": [0, 0, 16, 16], "texture": "#12"},
				"up": {"uv": [1.5, 0.5, 0.5, 1.5], "texture": "#12"},
				"down": {"uv": [1.5, 0.5, 0.5, 1.5], "texture": "#12"}
			}
		},
		{
			"name": "grass",
			"from": [12.60121, -4.5, 6.39096],
			"to": [16.60121, -0.5, 6.40096],
			"rotation": {"angle": 0, "axis": "y", "origin": [15.60121, -2.5, 10.39596]},
			"faces": {
				"north": {"uv": [16, 0, 0, 16], "texture": "#12"},
				"east": {"uv": [1.5, 0.5, 0.5, 1.5], "texture": "#12"},
				"south": {"uv": [0, 0, 16, 16], "texture": "#12"},
				"west": {"uv": [1.5, 0.5, 0.5, 1.5], "texture": "#12"},
				"up": {"uv": [1.5, 0.5, 0.5, 1.5], "texture": "#12"}
			}
		}
	],
	"display": {
		"thirdperson_righthand": {
			"rotation": [75, -145, 0],
			"translation": [0, 2.5, 0],
			"scale": [0.375, 0.375, 0.34]
		},
		"thirdperson_lefthand": {
			"rotation": [75, -145, 0],
			"translation": [0, 2.5, 0],
			"scale": [0.375, 0.375, 0.34]
		},
		"firstperson_righthand": {
			"rotation": [0, 45, 0],
			"scale": [0.4, 0.4, 0.4]
		},
		"firstperson_lefthand": {
			"rotation": [0, 225, 0],
			"scale": [0.4, 0.4, 0.4]
		},
		"ground": {
			"translation": [0, 3, 0],
			"scale": [0.25, 0.25, 0.25]
		},
		"gui": {
			"rotation": [35, 135, 0],
			"translation": [0, 5.25, 0],
			"scale": [0.5, 0.5, 0.5]
		},
		"head": {
			"rotation": [0, -90, 0],
			"translation": [0, -10, 0],
			"scale": [4, 4, 4]
		},
		"fixed": {
			"scale": [0.5, 0.5, 0.5]
		}
	},
	"groups": [
		{
			"name": "grass",
			"origin": [-8.5, 2, 8],
			"children": [0, 1, 2]
		},
		{
			"name": "beenest",
			"origin": [8, 3, 8],
			"children": [3, 4, 5, 6, 7, 8, 9, 10, 11, 12, 13, 14, 15, 16, 17, 18, 19, 20, 21, 22, 23, 24, 25, 26, 27, 28, 29, 30]
		},
		{
			"name": "deco",
			"origin": [8, 8, 8],
			"children": [
				{
					"name": "flowers",
					"origin": [8.60121, 0, 15.39596],
					"children": [31, 32, 33, 34, 35, 36, 37, 38, 39, 40, 41, 42, 43, 44, 45, 46, 47, 48]
				},
				{
					"name": "tallgrass",
					"origin": [8.60121, 0, 15.39596],
					"children": [49, 50, 51, 52, 53, 54, 55, 56, 57, 58, 59, 60, 61, 62, 63, 64, 65, 66, 67, 68, 69, 70]
				}
			]
		}
	]
}