{
	"credit": "Made by MadstonMagic, using Cubik Pro & Blockbench",
	"textures": {
		"7": "block/allium",
		"8": "block/blue_orchid",
		"10": "block/poppy",
		"12": "custom/grass",
		"13": "block/oak_log",
		"14": "block/oak_log_top",
		"15": "block/bee_nest_front_honey",
		"16": "block/bee_nest_side",
		"17": "block/bee_nest_top",
		"18": "block/bee_nest_bottom",
		"19": "custom/honey",
		"20": "custom/leaves_big_oak",
		"21": "towers/bee_lvl_1"
	},
	"elements": [
		{
			"name": "nest",
			"from": [4.79533, 9.49567, 5.18542],
			"to": [5.04533, 13.49567, 9.18542],
			"rotation": {"angle": 22.5, "axis": "y", "origin": [6.81709, 0.63203, 2.71021]},
			"faces": {
				"north": {"uv": [15, 0, 16, 16], "texture": "#15"},
				"south": {"uv": [15, 0, 16, 16], "texture": "#16"},
				"west": {"uv": [0, 0, 16, 16], "texture": "#16"},
				"up": {"uv": [15, 0, 16, 16], "rotation": 180, "texture": "#17"},
				"down": {"uv": [15, 0, 16, 16], "rotation": 180, "texture": "#18"}
			}
		},
		{
			"name": "nest",
			"from": [5.04533, 12.49567, 5.18542],
			"to": [8.54533, 13.49567, 5.43542],
			"rotation": {"angle": 22.5, "axis": "y", "origin": [6.81709, 0.63203, 2.71021]},
			"faces": {
				"north": {"uv": [1, 0, 15, 4], "texture": "#15"},
				"up": {"uv": [1, 15, 15, 16], "rotation": 180, "texture": "#17"},
				"down": {"uv": [1, 3, 15, 4], "rotation": 180, "texture": "#15"}
			}
		},
		{
			"name": "nest",
			"from": [5.04533, 10.49567, 5.18542],
			"to": [8.54533, 11.49567, 5.43542],
			"rotation": {"angle": 22.5, "axis": "y", "origin": [6.81709, 0.63203, 2.71021]},
			"faces": {
				"north": {"uv": [1, 8, 15, 12], "texture": "#15"},
				"up": {"uv": [1, 8, 15, 9], "rotation": 180, "texture": "#15"},
				"down": {"uv": [1, 11, 15, 12], "rotation": 180, "texture": "#15"}
			}
		},
		{
			"name": "nest",
			"from": [8.29533, 9.74567, 5.18542],
			"to": [8.54533, 10.49567, 5.43542],
			"rotation": {"angle": 22.5, "axis": "y", "origin": [6.81709, 0.63203, 2.71021]},
			"faces": {
				"north": {"uv": [1, 12, 2, 15], "texture": "#15"},
				"west": {"uv": [1, 12, 2, 15], "texture": "#15"}
			}
		},
		{
			"name": "nest",
			"from": [8.04533, 9.49567, 5.18542],
			"to": [8.54533, 9.74567, 5.43542],
			"rotation": {"angle": 22.5, "axis": "y", "origin": [6.81709, 0.63203, 2.71021]},
			"faces": {
				"north": {"uv": [1, 15, 3, 16], "texture": "#15"},
				"west": {"uv": [2, 15, 3, 16], "texture": "#15"},
				"up": {"uv": [1, 15, 3, 16], "rotation": 180, "texture": "#15"},
				"down": {"uv": [1, 15, 3, 16], "rotation": 180, "texture": "#15"}
			}
		},
		{
			"name": "nest",
			"from": [5.04533, 9.49567, 5.18542],
			"to": [7.54533, 10.49567, 5.43542],
			"rotation": {"angle": 22.5, "axis": "y", "origin": [6.81709, 0.63203, 2.71021]},
			"faces": {
				"north": {"uv": [5, 12, 15, 16], "texture": "#15"},
				"east": {"uv": [5, 12, 6, 16], "texture": "#15"},
				"down": {"uv": [5, 15, 15, 16], "rotation": 180, "texture": "#15"}
			}
		},
		{
			"name": "nest",
			"from": [6.04533, 11.49567, 5.18542],
			"to": [8.54533, 12.49567, 5.43542],
			"rotation": {"angle": 22.5, "axis": "y", "origin": [6.81709, 0.63203, 2.71021]},
			"faces": {
				"north": {"uv": [1, 4, 11, 8], "texture": "#15"},
				"west": {"uv": [10, 4, 11, 8], "texture": "#15"}
			}
		},
		{
			"name": "nest",
			"from": [5.04533, 11.49567, 5.18542],
			"to": [5.29533, 12.49567, 5.43542],
			"rotation": {"angle": 22.5, "axis": "y", "origin": [6.81709, 0.63203, 2.71021]},
			"faces": {
				"north": {"uv": [14, 4, 15, 8], "texture": "#15"},
				"east": {"uv": [14, 4, 15, 8], "texture": "#15"}
			}
		},
		{
			"name": "nest",
			"from": [5.29533, 11.49567, 5.31042],
			"to": [6.04533, 12.49567, 5.56042],
			"rotation": {"angle": 22.5, "axis": "y", "origin": [6.81709, 0.63203, 2.71021]},
			"faces": {
				"north": {"uv": [11, 4, 14, 8], "texture": "#15"}
			}
		},
		{
			"name": "nest",
			"from": [7.54533, 9.49567, 5.31042],
			"to": [8.29533, 10.49567, 5.43542],
			"rotation": {"angle": 22.5, "axis": "y", "origin": [6.81709, 0.63203, 2.71021]},
			"faces": {
				"north": {"uv": [2, 12, 5, 16], "texture": "#15"},
				"down": {"uv": [2, 15, 5, 16], "rotation": 180, "texture": "#15"}
			}
		},
		{
			"name": "nest",
			"from": [5.04533, 9.49567, 5.43542],
			"to": [8.54533, 9.74567, 9.18542],
			"rotation": {"angle": 22.5, "axis": "y", "origin": [6.81709, 0.63203, 2.71021]},
			"faces": {
				"south": {"uv": [0, 15, 16, 16], "texture": "#16"},
				"down": {"uv": [1, 1, 15, 16], "rotation": 180, "texture": "#18"}
			}
		},
		{
			"name": "nest",
			"from": [5.04533, 13.24567, 5.43542],
			"to": [8.54533, 13.49567, 8.93542],
			"rotation": {"angle": 22.5, "axis": "y", "origin": [6.81709, 0.63203, 2.71021]},
			"faces": {
				"up": {"uv": [1, 1, 15, 15], "rotation": 180, "texture": "#17"}
			}
		},
		{
			"name": "nest",
			"from": [7.79533, 13.49567, 5.93542],
			"to": [8.04533, 13.74567, 8.43542],
			"rotation": {"angle": 22.5, "axis": "y", "origin": [6.81709, 0.63203, 2.71021]},
			"faces": {
				"north": {"uv": [3, 12, 4, 13], "rotation": 90, "texture": "#17"},
				"east": {"uv": [3, 3, 4, 13], "rotation": 270, "texture": "#17"},
				"south": {"uv": [3, 12, 4, 13], "rotation": 90, "texture": "#17"},
				"west": {"uv": [3, 3, 4, 13], "rotation": 90, "texture": "#17"},
				"up": {"uv": [3, 3, 4, 13], "rotation": 180, "texture": "#17"}
			}
		},
		{
			"name": "nest",
			"from": [6.29533, 13.49567, 6.68542],
			"to": [6.54533, 13.74567, 7.68542],
			"rotation": {"angle": 22.5, "axis": "y", "origin": [6.81709, 0.63203, 2.71021]},
			"faces": {
				"north": {"uv": [3, 12, 4, 13], "rotation": 90, "texture": "#17"},
				"east": {"uv": [9, 6, 10, 10], "rotation": 90, "texture": "#17"},
				"south": {"uv": [3, 12, 4, 13], "rotation": 90, "texture": "#17"},
				"west": {"uv": [9, 6, 10, 10], "rotation": 90, "texture": "#17"},
				"up": {"uv": [9, 6, 10, 10], "rotation": 180, "texture": "#17"}
			}
		},
		{
			"name": "nest",
			"from": [7.04533, 13.49567, 6.68542],
			"to": [7.29533, 13.74567, 7.68542],
			"rotation": {"angle": 22.5, "axis": "y", "origin": [6.81709, 0.63203, 2.71021]},
			"faces": {
				"north": {"uv": [3, 12, 4, 13], "rotation": 90, "texture": "#17"},
				"east": {"uv": [9, 6, 10, 10], "rotation": 90, "texture": "#17"},
				"south": {"uv": [3, 12, 4, 13], "rotation": 90, "texture": "#17"},
				"west": {"uv": [9, 6, 10, 10], "rotation": 90, "texture": "#17"},
				"up": {"uv": [9, 6, 10, 10], "rotation": 180, "texture": "#17"}
			}
		},
		{
			"name": "nest",
			"from": [5.54533, 13.49567, 5.93542],
			"to": [5.79533, 13.74567, 8.43542],
			"rotation": {"angle": 22.5, "axis": "y", "origin": [6.81709, 0.63203, 2.71021]},
			"faces": {
				"north": {"uv": [3, 12, 4, 13], "rotation": 90, "texture": "#17"},
				"east": {"uv": [12, 3, 13, 13], "rotation": 270, "texture": "#17"},
				"south": {"uv": [3, 12, 4, 13], "rotation": 90, "texture": "#17"},
				"west": {"uv": [12, 3, 13, 13], "rotation": 90, "texture": "#17"},
				"up": {"uv": [12, 3, 13, 13], "rotation": 180, "texture": "#17"}
			}
		},
		{
			"name": "nest",
			"from": [5.79533, 13.49567, 5.93542],
			"to": [7.79533, 13.74567, 6.18542],
			"rotation": {"angle": 22.5, "axis": "y", "origin": [6.81709, 0.63203, 2.71021]},
			"faces": {
				"north": {"uv": [4, 12, 12, 13], "rotation": 90, "texture": "#17"},
				"south": {"uv": [4, 12, 12, 13], "rotation": 90, "texture": "#17"},
				"up": {"uv": [4, 12, 12, 13], "rotation": 180, "texture": "#17"}
			}
		},
		{
			"name": "nest",
			"from": [5.79533, 13.49567, 8.18542],
			"to": [7.79533, 13.74567, 8.43542],
			"rotation": {"angle": 22.5, "axis": "y", "origin": [6.81709, 0.63203, 2.71021]},
			"faces": {
				"north": {"uv": [4, 3, 12, 4], "rotation": 180, "texture": "#17"},
				"south": {"uv": [4, 3, 12, 4], "texture": "#17"},
				"up": {"uv": [4, 3, 12, 4], "texture": "#17"}
			}
		},
		{
			"name": "nest",
			"from": [6.54533, 13.49567, 7.43542],
			"to": [7.04533, 13.74567, 7.68542],
			"rotation": {"angle": 22.5, "axis": "y", "origin": [6.81709, 0.63203, 2.71021]},
			"faces": {
				"north": {"uv": [7, 6, 9, 7], "rotation": 270, "texture": "#17"},
				"south": {"uv": [7, 6, 9, 7], "rotation": 270, "texture": "#17"},
				"up": {"uv": [7, 6, 9, 7], "texture": "#17"}
			}
		},
		{
			"name": "nest",
			"from": [6.54533, 13.49567, 6.68542],
			"to": [7.04533, 13.74567, 6.93542],
			"rotation": {"angle": 22.5, "axis": "y", "origin": [6.81709, 0.63203, 2.71021]},
			"faces": {
				"north": {"uv": [7, 6, 9, 7], "rotation": 270, "texture": "#17"},
				"south": {"uv": [7, 6, 9, 7], "rotation": 270, "texture": "#17"},
				"up": {"uv": [7, 6, 9, 7], "texture": "#17"}
			}
		},
		{
			"name": "nest",
			"from": [5.04533, 9.74567, 8.93542],
			"to": [8.54533, 13.49567, 9.18542],
			"rotation": {"angle": 22.5, "axis": "y", "origin": [6.81709, 0.63203, 2.71021]},
			"faces": {
				"south": {"uv": [1, 0, 15, 15], "texture": "#16"},
				"up": {"uv": [1, 0, 15, 1], "rotation": 180, "texture": "#17"}
			}
		},
		{
			"name": "nest",
			"from": [8.54533, 9.49567, 5.18542],
			"to": [8.79533, 13.49567, 9.18542],
			"rotation": {"angle": 22.5, "axis": "y", "origin": [6.81709, 0.63203, 2.71021]},
			"faces": {
				"north": {"uv": [0, 0, 1, 16], "texture": "#15"},
				"east": {"uv": [0, 0, 16, 16], "texture": "#16"},
				"up": {"uv": [0, 0, 1, 16], "rotation": 180, "texture": "#17"},
				"down": {"uv": [0, 0, 1, 16], "rotation": 180, "texture": "#18"}
			}
		},
		{
			"name": "nest",
			"from": [4.9899, 9.37067, 18.88714],
			"to": [8.9899, 13.37067, 19.13714],
			"rotation": {"angle": 45, "axis": "y", "origin": [3.31709, 0.63203, 13.7102]},
			"faces": {
				"south": {"uv": [0, 0, 16, 16], "texture": "#16"},
				"west": {"uv": [15, 0, 16, 16], "texture": "#15"},
				"up": {"uv": [15, 0, 16, 16], "rotation": 90, "texture": "#17"},
				"down": {"uv": [15, 0, 16, 16], "rotation": 270, "texture": "#18"}
			}
		},
		{
			"name": "nest",
			"from": [4.9899, 12.37067, 15.38714],
			"to": [5.2399, 13.37067, 18.88714],
			"rotation": {"angle": 45, "axis": "y", "origin": [3.31709, 0.63203, 13.7102]},
			"faces": {
				"west": {"uv": [1, 0, 15, 4], "texture": "#15"},
				"up": {"uv": [1, 15, 15, 16], "rotation": 90, "texture": "#17"},
				"down": {"uv": [1, 3, 15, 4], "rotation": 270, "texture": "#15"}
			}
		},
		{
			"name": "nest",
			"from": [4.9899, 10.37067, 15.38714],
			"to": [5.2399, 11.37067, 18.88714],
			"rotation": {"angle": 45, "axis": "y", "origin": [3.31709, 0.63203, 13.7102]},
			"faces": {
				"west": {"uv": [1, 8, 15, 12], "texture": "#15"},
				"up": {"uv": [1, 8, 15, 9], "rotation": 90, "texture": "#15"},
				"down": {"uv": [1, 11, 15, 12], "rotation": 270, "texture": "#15"}
			}
		},
		{
			"name": "nest",
			"from": [4.9899, 9.62067, 15.38714],
			"to": [5.2399, 10.37067, 15.63714],
			"rotation": {"angle": 45, "axis": "y", "origin": [3.31709, 0.63203, 13.7102]},
			"faces": {
				"south": {"uv": [1, 12, 2, 15], "texture": "#15"},
				"west": {"uv": [1, 12, 2, 15], "texture": "#15"}
			}
		},
		{
			"name": "nest",
			"from": [4.9899, 9.37067, 15.38714],
			"to": [5.2399, 9.62067, 15.88714],
			"rotation": {"angle": 45, "axis": "y", "origin": [3.31709, 0.63203, 13.7102]},
			"faces": {
				"south": {"uv": [2, 15, 3, 16], "texture": "#15"},
				"west": {"uv": [1, 15, 3, 16], "texture": "#15"},
				"up": {"uv": [1, 15, 3, 16], "rotation": 90, "texture": "#15"},
				"down": {"uv": [1, 15, 3, 16], "rotation": 270, "texture": "#15"}
			}
		},
		{
			"name": "nest",
			"from": [4.9899, 9.37067, 16.38714],
			"to": [5.2399, 10.37067, 18.88714],
			"rotation": {"angle": 45, "axis": "y", "origin": [3.31709, 0.63203, 13.7102]},
			"faces": {
				"north": {"uv": [5, 12, 6, 16], "texture": "#15"},
				"west": {"uv": [5, 12, 15, 16], "texture": "#15"},
				"down": {"uv": [5, 15, 15, 16], "rotation": 270, "texture": "#15"}
			}
		},
		{
			"name": "nest",
			"from": [4.9899, 11.37067, 15.38714],
			"to": [5.2399, 12.37067, 17.88714],
			"rotation": {"angle": 45, "axis": "y", "origin": [3.31709, 0.63203, 13.7102]},
			"faces": {
				"south": {"uv": [10, 4, 11, 8], "texture": "#15"},
				"west": {"uv": [1, 4, 11, 8], "texture": "#15"}
			}
		},
		{
			"name": "nest",
			"from": [4.9899, 11.37067, 18.63714],
			"to": [5.2399, 12.37067, 18.88714],
			"rotation": {"angle": 45, "axis": "y", "origin": [3.31709, 0.63203, 13.7102]},
			"faces": {
				"north": {"uv": [14, 4, 15, 8], "texture": "#15"},
				"west": {"uv": [14, 4, 15, 8], "texture": "#15"}
			}
		},
		{
			"name": "nest",
			"from": [5.1149, 11.37067, 17.88714],
			"to": [5.3649, 12.37067, 18.63714],
			"rotation": {"angle": 45, "axis": "y", "origin": [3.31709, 0.63203, 13.7102]},
			"faces": {
				"west": {"uv": [11, 4, 14, 8], "texture": "#15"}
			}
		},
		{
			"name": "nest",
			"from": [5.1149, 9.37067, 15.63714],
			"to": [5.2399, 10.37067, 16.38714],
			"rotation": {"angle": 45, "axis": "y", "origin": [3.31709, 0.63203, 13.7102]},
			"faces": {
				"west": {"uv": [2, 12, 5, 16], "texture": "#15"},
				"down": {"uv": [2, 15, 5, 16], "rotation": 270, "texture": "#15"}
			}
		},
		{
			"name": "nest",
			"from": [5.2399, 9.37067, 15.38714],
			"to": [8.9899, 9.62067, 18.88714],
			"rotation": {"angle": 45, "axis": "y", "origin": [3.31709, 0.63203, 13.7102]},
			"faces": {
				"east": {"uv": [0, 15, 16, 16], "texture": "#16"},
				"down": {"uv": [1, 1, 15, 16], "rotation": 270, "texture": "#18"}
			}
		},
		{
			"name": "nest",
			"from": [5.2399, 13.12067, 15.38714],
			"to": [8.7399, 13.37067, 18.88714],
			"rotation": {"angle": 45, "axis": "y", "origin": [3.31709, 0.63203, 13.7102]},
			"faces": {
				"up": {"uv": [1, 1, 15, 15], "rotation": 90, "texture": "#17"}
			}
		},
		{
			"name": "nest",
			"from": [5.7399, 13.37067, 15.88714],
			"to": [8.2399, 13.62067, 16.13714],
			"rotation": {"angle": 45, "axis": "y", "origin": [3.31709, 0.63203, 13.7102]},
			"faces": {
				"north": {"uv": [3, 3, 4, 13], "rotation": 270, "texture": "#17"},
				"east": {"uv": [3, 12, 4, 13], "rotation": 90, "texture": "#17"},
				"south": {"uv": [3, 3, 4, 13], "rotation": 90, "texture": "#17"},
				"west": {"uv": [3, 12, 4, 13], "rotation": 90, "texture": "#17"},
				"up": {"uv": [3, 3, 4, 13], "rotation": 90, "texture": "#17"}
			}
		},
		{
			"name": "nest",
			"from": [6.4899, 13.37067, 17.38714],
			"to": [7.4899, 13.62067, 17.63714],
			"rotation": {"angle": 45, "axis": "y", "origin": [3.31709, 0.63203, 13.7102]},
			"faces": {
				"north": {"uv": [9, 6, 10, 10], "rotation": 90, "texture": "#17"},
				"south": {"uv": [9, 6, 10, 10], "rotation": 90, "texture": "#17"},
				"west": {"uv": [3, 12, 4, 13], "rotation": 90, "texture": "#17"},
				"up": {"uv": [9, 6, 10, 10], "rotation": 90, "texture": "#17"}
			}
		},
		{
			"name": "nest",
			"from": [6.4899, 13.37067, 16.63714],
			"to": [7.4899, 13.62067, 16.88714],
			"rotation": {"angle": 45, "axis": "y", "origin": [3.31709, 0.63203, 13.7102]},
			"faces": {
				"north": {"uv": [9, 6, 10, 10], "rotation": 90, "texture": "#17"},
				"east": {"uv": [3, 12, 4, 13], "rotation": 90, "texture": "#17"},
				"west": {"uv": [3, 12, 4, 13], "rotation": 90, "texture": "#17"},
				"up": {"uv": [9, 6, 10, 10], "rotation": 90, "texture": "#17"}
			}
		},
		{
			"name": "nest",
			"from": [5.7399, 13.37067, 18.13714],
			"to": [8.2399, 13.62067, 18.38714],
			"rotation": {"angle": 45, "axis": "y", "origin": [3.31709, 0.63203, 13.7102]},
			"faces": {
				"north": {"uv": [12, 3, 13, 13], "rotation": 270, "texture": "#17"},
				"south": {"uv": [12, 3, 13, 13], "rotation": 90, "texture": "#17"},
				"west": {"uv": [3, 12, 4, 13], "rotation": 90, "texture": "#17"},
				"up": {"uv": [12, 3, 13, 13], "rotation": 90, "texture": "#17"}
			}
		},
		{
			"name": "nest",
			"from": [5.7399, 13.37067, 16.13714],
			"to": [5.9899, 13.62067, 18.13714],
			"rotation": {"angle": 45, "axis": "y", "origin": [3.31709, 0.63203, 13.7102]},
			"faces": {
				"east": {"uv": [4, 12, 12, 13], "rotation": 90, "texture": "#17"},
				"west": {"uv": [4, 12, 12, 13], "rotation": 90, "texture": "#17"},
				"up": {"uv": [4, 12, 12, 13], "rotation": 90, "texture": "#17"}
			}
		},
		{
			"name": "nest",
			"from": [7.9899, 13.37067, 16.13714],
			"to": [8.2399, 13.62067, 18.13714],
			"rotation": {"angle": 45, "axis": "y", "origin": [3.31709, 0.63203, 13.7102]},
			"faces": {
				"east": {"uv": [4, 3, 12, 4], "texture": "#17"},
				"west": {"uv": [4, 3, 12, 4], "rotation": 180, "texture": "#17"},
				"up": {"uv": [4, 3, 12, 4], "rotation": 270, "texture": "#17"}
			}
		},
		{
			"name": "nest",
			"from": [7.2399, 13.37067, 16.88714],
			"to": [7.4899, 13.62067, 17.38714],
			"rotation": {"angle": 45, "axis": "y", "origin": [3.31709, 0.63203, 13.7102]},
			"faces": {
				"east": {"uv": [7, 6, 9, 7], "rotation": 270, "texture": "#17"},
				"up": {"uv": [7, 6, 9, 7], "rotation": 270, "texture": "#17"}
			}
		},
		{
			"name": "nest",
			"from": [6.4899, 13.37067, 16.88714],
			"to": [6.7399, 13.62067, 17.38714],
			"rotation": {"angle": 45, "axis": "y", "origin": [3.31709, 0.63203, 13.7102]},
			"faces": {
				"east": {"uv": [7, 6, 9, 7], "rotation": 270, "texture": "#17"},
				"west": {"uv": [7, 6, 9, 7], "rotation": 270, "texture": "#17"},
				"up": {"uv": [7, 6, 9, 7], "rotation": 270, "texture": "#17"}
			}
		},
		{
			"name": "nest",
			"from": [8.7399, 9.62067, 15.38714],
			"to": [8.9899, 13.37067, 18.88714],
			"rotation": {"angle": 45, "axis": "y", "origin": [3.31709, 0.63203, 13.7102]},
			"faces": {
				"east": {"uv": [1, 0, 15, 15], "texture": "#16"},
				"up": {"uv": [1, 0, 15, 1], "rotation": 90, "texture": "#17"}
			}
		},
		{
			"name": "nest",
			"from": [4.9899, 9.37067, 15.13714],
			"to": [8.9899, 13.37067, 15.38714],
			"rotation": {"angle": 45, "axis": "y", "origin": [3.31709, 0.63203, 13.7102]},
			"faces": {
				"north": {"uv": [0, 0, 16, 16], "texture": "#16"},
				"east": {"uv": [0, 0, 1, 16], "texture": "#15"},
				"west": {"uv": [0, 0, 1, 16], "texture": "#15"},
				"up": {"uv": [0, 0, 1, 16], "rotation": 90, "texture": "#17"},
				"down": {"uv": [0, 0, 1, 16], "rotation": 270, "texture": "#18"}
			}
		},
		{
			"name": "nest",
			"from": [5.22705, 8.61851, 13.16757],
			"to": [11.22705, 14.61851, 13.54257],
			"rotation": {"angle": 0, "axis": "y", "origin": [7.22563, 12.57305, 10.0653]},
			"faces": {
				"east": {"uv": [15, 0, 16, 16], "texture": "#16"},
				"south": {"uv": [0, 0, 16, 16], "texture": "#16"},
				"west": {"uv": [15, 0, 16, 16], "texture": "#15"},
				"up": {"uv": [15, 0, 16, 16], "rotation": 90, "texture": "#17"},
				"down": {"uv": [15, 0, 16, 16], "rotation": 270, "texture": "#18"}
			}
		},
		{
			"name": "nest",
			"from": [5.22705, 13.11851, 7.91757],
			"to": [5.60205, 14.61851, 13.16757],
			"rotation": {"angle": 0, "axis": "y", "origin": [7.22563, 12.57305, 10.0653]},
			"faces": {
				"west": {"uv": [1, 0, 15, 4], "texture": "#15"},
				"up": {"uv": [1, 15, 15, 16], "rotation": 90, "texture": "#17"},
				"down": {"uv": [1, 3, 15, 4], "rotation": 270, "texture": "#15"}
			}
		},
		{
			"name": "nest",
			"from": [5.22705, 10.11851, 7.91757],
			"to": [5.60205, 11.61851, 13.16757],
			"rotation": {"angle": 0, "axis": "y", "origin": [7.22563, 12.57305, 10.0653]},
			"faces": {
				"west": {"uv": [1, 8, 15, 12], "texture": "#15"},
				"up": {"uv": [1, 8, 15, 9], "rotation": 90, "texture": "#15"},
				"down": {"uv": [1, 11, 15, 12], "rotation": 270, "texture": "#15"}
			}
		},
		{
			"name": "nest",
			"from": [5.22705, 8.99351, 7.91757],
			"to": [5.60205, 10.11851, 8.29257],
			"rotation": {"angle": 0, "axis": "y", "origin": [7.22563, 12.57305, 10.0653]},
			"faces": {
				"south": {"uv": [1, 12, 2, 15], "texture": "#15"},
				"west": {"uv": [1, 12, 2, 15], "texture": "#15"}
			}
		},
		{
			"name": "nest",
			"from": [5.22705, 8.61851, 7.91757],
			"to": [5.60205, 8.99351, 8.66757],
			"rotation": {"angle": 0, "axis": "y", "origin": [7.22563, 12.57305, 10.0653]},
			"faces": {
				"south": {"uv": [2, 15, 3, 16], "texture": "#15"},
				"west": {"uv": [1, 15, 3, 16], "texture": "#15"},
				"up": {"uv": [1, 15, 3, 16], "rotation": 90, "texture": "#15"},
				"down": {"uv": [1, 15, 3, 16], "rotation": 270, "texture": "#15"}
			}
		},
		{
			"name": "nest",
			"from": [5.22705, 8.61851, 9.41757],
			"to": [5.60205, 10.11851, 13.16757],
			"rotation": {"angle": 0, "axis": "y", "origin": [7.22563, 12.57305, 10.0653]},
			"faces": {
				"north": {"uv": [5, 12, 6, 16], "texture": "#15"},
				"west": {"uv": [5, 12, 15, 16], "texture": "#15"},
				"down": {"uv": [5, 15, 15, 16], "rotation": 270, "texture": "#15"}
			}
		},
		{
			"name": "nest",
			"from": [5.22705, 11.61851, 7.91757],
			"to": [5.60205, 13.11851, 11.66757],
			"rotation": {"angle": 0, "axis": "y", "origin": [7.22563, 12.57305, 10.0653]},
			"faces": {
				"south": {"uv": [10, 4, 11, 8], "texture": "#15"},
				"west": {"uv": [1, 4, 11, 8], "texture": "#15"}
			}
		},
		{
			"name": "nest",
			"from": [5.22705, 11.61851, 12.79257],
			"to": [5.60205, 13.11851, 13.16757],
			"rotation": {"angle": 0, "axis": "y", "origin": [7.22563, 12.57305, 10.0653]},
			"faces": {
				"north": {"uv": [14, 4, 15, 8], "texture": "#15"},
				"west": {"uv": [14, 4, 15, 8], "texture": "#15"}
			}
		},
		{
			"name": "nest",
			"from": [5.41455, 11.61851, 11.66757],
			"to": [5.78955, 13.11851, 12.79257],
			"rotation": {"angle": 0, "axis": "y", "origin": [7.22563, 12.57305, 10.0653]},
			"faces": {
				"west": {"uv": [11, 4, 14, 8], "texture": "#15"}
			}
		},
		{
			"name": "nest",
			"from": [5.41455, 8.61851, 8.29257],
			"to": [5.60205, 10.11851, 9.41757],
			"rotation": {"angle": 0, "axis": "y", "origin": [7.22563, 12.57305, 10.0653]},
			"faces": {
				"west": {"uv": [2, 12, 5, 16], "texture": "#15"}
			}
		},
		{
			"name": "nest",
			"from": [5.60205, 8.61851, 7.91757],
			"to": [11.22705, 8.99351, 13.16757],
			"rotation": {"angle": 0, "axis": "y", "origin": [7.22563, 12.57305, 10.0653]},
			"faces": {
				"east": {"uv": [0, 15, 16, 16], "texture": "#16"},
				"down": {"uv": [1, 1, 15, 16], "rotation": 270, "texture": "#18"}
			}
		},
		{
			"name": "nest",
			"from": [5.60205, 14.24351, 7.91757],
			"to": [10.85205, 14.61851, 13.16757],
			"rotation": {"angle": 0, "axis": "y", "origin": [7.22563, 12.57305, 10.0653]},
			"faces": {
				"up": {"uv": [1, 1, 15, 15], "rotation": 90, "texture": "#17"}
			}
		},
		{
			"name": "nest",
			"from": [6.35205, 14.61851, 8.66757],
			"to": [10.10205, 14.99351, 9.04257],
			"rotation": {"angle": 0, "axis": "y", "origin": [7.22563, 12.57305, 10.0653]},
			"faces": {
				"north": {"uv": [3, 3, 4, 13], "rotation": 270, "texture": "#17"},
				"east": {"uv": [3, 12, 4, 13], "rotation": 90, "texture": "#17"},
				"south": {"uv": [3, 3, 4, 13], "rotation": 90, "texture": "#17"},
				"west": {"uv": [3, 12, 4, 13], "rotation": 90, "texture": "#17"},
				"up": {"uv": [3, 3, 4, 13], "rotation": 90, "texture": "#17"}
			}
		},
		{
			"name": "nest",
			"from": [7.47705, 14.6185, 10.91757],
			"to": [8.97705, 15.556, 11.29257],
			"rotation": {"angle": 0, "axis": "y", "origin": [7.22563, 12.57305, 10.0653]},
			"faces": {
				"north": {"uv": [9, 6, 10, 10], "rotation": 90, "texture": "#17"},
				"east": {"uv": [3, 12, 4, 13], "rotation": 90, "texture": "#17"},
				"south": {"uv": [9, 6, 10, 10], "rotation": 90, "texture": "#17"},
				"west": {"uv": [3, 12, 4, 13], "rotation": 90, "texture": "#17"}
			}
		},
		{
			"name": "nest",
			"from": [7.47705, 14.6185, 9.79257],
			"to": [8.97705, 15.556, 10.16757],
			"rotation": {"angle": 0, "axis": "y", "origin": [7.22563, 12.57305, 10.0653]},
			"faces": {
				"north": {"uv": [9, 6, 10, 10], "rotation": 90, "texture": "#17"},
				"east": {"uv": [3, 12, 4, 13], "rotation": 90, "texture": "#17"},
				"south": {"uv": [9, 6, 10, 10], "rotation": 90, "texture": "#17"},
				"west": {"uv": [3, 12, 4, 13], "rotation": 90, "texture": "#17"}
			}
		},
		{
			"name": "nest",
			"from": [6.35205, 14.61851, 12.04257],
			"to": [10.10205, 14.99351, 12.41757],
			"rotation": {"angle": 0, "axis": "y", "origin": [7.22563, 12.57305, 10.0653]},
			"faces": {
				"north": {"uv": [12, 3, 13, 13], "rotation": 270, "texture": "#17"},
				"east": {"uv": [3, 12, 4, 13], "rotation": 90, "texture": "#17"},
				"south": {"uv": [12, 3, 13, 13], "rotation": 90, "texture": "#17"},
				"west": {"uv": [3, 12, 4, 13], "rotation": 90, "texture": "#17"},
				"up": {"uv": [12, 3, 13, 13], "rotation": 90, "texture": "#17"}
			}
		},
		{
			"name": "nest",
			"from": [6.35205, 14.61851, 9.04257],
			"to": [6.72705, 14.99351, 12.04257],
			"rotation": {"angle": 0, "axis": "y", "origin": [7.22563, 12.57305, 10.0653]},
			"faces": {
				"east": {"uv": [4, 12, 12, 13], "rotation": 90, "texture": "#17"},
				"west": {"uv": [4, 12, 12, 13], "rotation": 90, "texture": "#17"},
				"up": {"uv": [4, 12, 12, 13], "rotation": 90, "texture": "#17"}
			}
		},
		{
			"name": "nest",
			"from": [9.72705, 14.61851, 9.04257],
			"to": [10.10205, 14.99351, 12.04257],
			"rotation": {"angle": 0, "axis": "y", "origin": [7.22563, 12.57305, 10.0653]},
			"faces": {
				"east": {"uv": [4, 3, 12, 4], "texture": "#17"},
				"west": {"uv": [4, 3, 12, 4], "rotation": 180, "texture": "#17"},
				"up": {"uv": [4, 3, 12, 4], "rotation": 270, "texture": "#17"}
			}
		},
		{
			"name": "nest",
			"from": [8.60205, 14.6185, 10.16757],
			"to": [8.97705, 15.556, 10.91757],
			"rotation": {"angle": 0, "axis": "y", "origin": [7.22563, 12.57305, 10.0653]},
			"faces": {
				"east": {"uv": [7, 6, 9, 7], "rotation": 270, "texture": "#17"},
				"west": {"uv": [7, 6, 9, 7], "rotation": 270, "texture": "#17"}
			}
		},
		{
			"name": "nest",
			"from": [7.47705, 14.6185, 10.16757],
			"to": [7.85205, 15.556, 10.91757],
			"rotation": {"angle": 0, "axis": "y", "origin": [7.22563, 12.57305, 10.0653]},
			"faces": {
				"east": {"uv": [7, 6, 9, 7], "rotation": 270, "texture": "#17"},
				"west": {"uv": [7, 6, 9, 7], "rotation": 270, "texture": "#17"}
			}
		},
		{
			"name": "nest",
			"from": [10.85205, 8.99351, 7.91757],
			"to": [11.22705, 14.61851, 13.16757],
			"rotation": {"angle": 0, "axis": "y", "origin": [7.22563, 12.57305, 10.0653]},
			"faces": {
				"east": {"uv": [1, 0, 15, 15], "texture": "#16"},
				"up": {"uv": [1, 0, 15, 1], "rotation": 90, "texture": "#17"}
			}
		},
		{
			"name": "nest",
			"from": [5.22705, 8.61851, 7.54257],
			"to": [11.22705, 14.61851, 7.91757],
			"rotation": {"angle": 0, "axis": "y", "origin": [7.22563, 12.57305, 10.0653]},
			"faces": {
				"north": {"uv": [0, 0, 16, 16], "texture": "#16"},
				"east": {"uv": [0, 0, 1, 16], "texture": "#15"},
				"west": {"uv": [0, 0, 1, 16], "texture": "#15"},
				"up": {"uv": [0, 0, 1, 16], "rotation": 90, "texture": "#17"},
				"down": {"uv": [0, 0, 1, 16], "rotation": 270, "texture": "#18"}
			}
		},
		{
			"name": "log",
			"from": [11.66449, 16.48982, 11.54558],
			"to": [13.26449, 18.08982, 19.14558],
			"rotation": {"angle": -22.5, "axis": "x", "origin": [9.91091, 12.66777, 13.5]},
			"faces": {
				"north": {"uv": [0, 0, 16, 16], "rotation": 270, "texture": "#13"},
				"east": {"uv": [5.5, 0, 11, 16], "rotation": 90, "texture": "#13"},
				"west": {"uv": [6.5, 0, 12, 16], "rotation": 90, "texture": "#13"},
				"down": {"uv": [8, 0, 13.5, 16], "rotation": 180, "texture": "#13"}
			}
		},
		{
			"name": "log",
			"from": [14, -2, 9],
			"to": [17, 16, 12],
			"rotation": {"angle": 0, "axis": "y", "origin": [23, 3, 8]},
			"faces": {
				"north": {"uv": [13.3125, 0, 14.0625, 3], "texture": "#21"},
				"east": {"uv": [13.3125, 0, 14.0625, 3], "texture": "#21"},
				"south": {"uv": [13.3125, 0, 14.0625, 3], "texture": "#21"},
				"west": {"uv": [13.3125, 0, 14.0625, 3], "texture": "#21"},
				"up": {"uv": [13.3125, 0, 14.0625, 0.75], "texture": "#21"}
			}
		},
		{
			"name": "log",
			"from": [18.60113, 10.91256, 9.09302],
			"to": [21.40113, 16.71256, 11.89302],
			"rotation": {"angle": 45, "axis": "z", "origin": [15.5, 7, 13.5]},
			"faces": {
				"north": {"uv": [2.5, 0, 13.5, 16], "texture": "#13"},
				"east": {"uv": [2.5, 0, 13.5, 16], "texture": "#13"},
				"south": {"uv": [2.5, 0, 13.5, 16], "texture": "#13"},
				"west": {"uv": [2.5, 0, 13.5, 16], "texture": "#13"}
			}
		},
		{
			"name": "log",
			"from": [7.11791, 15.36775, 9.19302],
			"to": [12.71791, 17.96775, 11.79302],
			"rotation": {"angle": 0, "axis": "y", "origin": [15.5, 7, 13.5]},
			"faces": {
				"north": {"uv": [2.5, 0, 13.5, 16], "rotation": 90, "texture": "#13"},
				"south": {"uv": [2.5, 0, 13.5, 16], "rotation": 270, "texture": "#13"},
				"west": {"uv": [0, 0, 16, 16], "rotation": 270, "texture": "#14"},
				"down": {"uv": [2.5, 0, 13.5, 16], "rotation": 270, "texture": "#13"}
			}
		},
		{
			"name": "log",
			"from": [-0.03589, 11.65463, 9.44302],
			"to": [4.81411, 13.75463, 11.54302],
			"rotation": {"angle": -22.5, "axis": "z", "origin": [15.5, 7, 13.5]},
			"faces": {
				"north": {"uv": [2.5, 0, 13.5, 16], "rotation": 90, "texture": "#13"},
				"south": {"uv": [2.5, 0, 13.5, 16], "rotation": 270, "texture": "#13"},
				"west": {"uv": [0, 0, 16, 16], "rotation": 270, "texture": "#14"},
				"down": {"uv": [2.5, 0, 13.5, 16], "rotation": 270, "texture": "#13"}
			}
		},
		{
			"name": "log",
			"from": [14.45872, -2.68161, 9.20781],
			"to": [16.80872, 2.16839, 11.80781],
			"rotation": {"angle": 22.5, "axis": "z", "origin": [18.56319, 1.28772, 10.5]},
			"faces": {
				"north": {"uv": [2.5, 0, 13.5, 16], "texture": "#13"},
				"east": {"uv": [2.5, 0, 13.5, 16], "texture": "#13"},
				"south": {"uv": [2.5, 0, 13.5, 16], "texture": "#13"}
			}
		},
		{
			"name": "log",
			"from": [14.30501, -4.15465, 10.33504],
			"to": [16.65501, 0.94535, 12.68504],
			"rotation": {"angle": -22.5, "axis": "x", "origin": [15.3472, -0.63906, 10.5]},
			"faces": {
				"east": {"uv": [2.5, 0, 13.5, 16], "texture": "#13"},
				"south": {"uv": [2.5, 0, 13.5, 16], "texture": "#13"},
				"west": {"uv": [2.5, 0, 13.5, 16], "texture": "#13"}
			}
		},
		{
			"name": "log",
			"from": [14.2972, -2.24124, 7.93436],
			"to": [16.6472, 2.85876, 10.28436],
			"rotation": {"angle": 22.5, "axis": "x", "origin": [15.3472, -0.63906, 5.5]},
			"faces": {
				"north": {"uv": [13.5, 0, 2.5, 16], "texture": "#13"},
				"east": {"uv": [13.5, 0, 2.5, 16], "texture": "#13"},
				"west": {"uv": [13.5, 0, 2.5, 16], "texture": "#13"}
			}
		},
		{
			"name": "log",
			"from": [13.93656, -4.08384, 9.2],
			"to": [16.28656, 0.76616, 11.8],
			"rotation": {"angle": -22.5, "axis": "z", "origin": [18.56319, 1.28772, 10.5]},
			"faces": {
				"north": {"uv": [2.5, 0, 13.5, 16], "texture": "#13"},
				"south": {"uv": [2.5, 0, 13.5, 16], "texture": "#13"},
				"west": {"uv": [2.5, 0, 13.5, 16], "texture": "#13"},
				"down": {"uv": [0, 0, 16, 16], "texture": "#13"}
			}
		},
		{
			"name": "log",
			"from": [1.10572, 15.74275, 9.18491],
			"to": [9.70572, 17.34275, 10.78491],
			"rotation": {"angle": -45, "axis": "y", "origin": [9.91091, 12.54277, 13.5]},
			"faces": {
				"north": {"uv": [5.5, 0, 11, 16], "rotation": 90, "texture": "#13"},
				"south": {"uv": [6.5, 0, 12, 16], "rotation": 90, "texture": "#13"},
				"up": {"uv": [5.5, 0, 11, 16], "rotation": 270, "texture": "#13"},
				"down": {"uv": [8, 0, 13.5, 16], "rotation": 270, "texture": "#13"}
			}
		},
		{
			"name": "log",
			"from": [8.37348, 15.86775, 3.2707],
			"to": [9.97348, 17.46775, 10.8707],
			"rotation": {"angle": -45, "axis": "y", "origin": [9.91091, 12.66777, 13.5]},
			"faces": {
				"east": {"uv": [5.5, 0, 11, 16], "rotation": 90, "texture": "#13"},
				"west": {"uv": [6.5, 0, 12, 16], "rotation": 90, "texture": "#13"},
				"up": {"uv": [5.5, 0, 11, 16], "texture": "#13"},
				"down": {"uv": [8, 0, 13.5, 16], "rotation": 180, "texture": "#13"}
			}
		},
		{
			"name": "log",
			"from": [12.71282, 8.49881, 9.73236],
			"to": [14.31282, 16.09881, 11.33236],
			"rotation": {"angle": 22.5, "axis": "z", "origin": [13.92868, 12.66777, 8.43934]},
			"faces": {
				"north": {"uv": [6.5, 0, 12, 16], "texture": "#13"},
				"south": {"uv": [5.5, 0, 11, 16], "rotation": 180, "texture": "#13"},
				"west": {"uv": [8, 0, 13.5, 16], "rotation": 180, "texture": "#13"}
			}
		},
		{
			"name": "log",
			"from": [14.81196, 11.72414, 9.73236],
			"to": [16.41196, 19.32414, 11.33236],
			"rotation": {"angle": -22.5, "axis": "z", "origin": [13.92868, 12.66777, 8.43934]},
			"faces": {
				"north": {"uv": [6.5, 0, 12, 16], "texture": "#13"},
				"east": {"uv": [5.5, 0, 11, 16], "rotation": 180, "texture": "#13"},
				"south": {"uv": [5.5, 0, 11, 16], "rotation": 180, "texture": "#13"},
				"west": {"uv": [8, 0, 13.5, 16], "rotation": 180, "texture": "#13"}
			}
		},
		{
			"name": "log",
			"from": [19.97819, -0.74823, 9.73236],
			"to": [21.57819, 6.85177, 11.33236],
			"rotation": {"angle": -22.5, "axis": "z", "origin": [13.92868, 12.66777, 8.43934]},
			"faces": {
				"north": {"uv": [6.5, 0, 12, 16], "texture": "#13"},
				"east": {"uv": [5.5, 0, 11, 16], "rotation": 180, "texture": "#13"},
				"south": {"uv": [5.5, 0, 11, 16], "rotation": 180, "texture": "#13"},
				"west": {"uv": [8, 0, 13.5, 16], "rotation": 180, "texture": "#13"},
				"up": {"uv": [0, 0, 16, 16], "texture": "#14"}
			}
		},
		{
			"name": "log",
			"from": [8.31283, -3.7961, 9.73236],
			"to": [9.91283, 3.8039, 11.33236],
			"rotation": {"angle": 22.5, "axis": "z", "origin": [2.07132, 12.66777, 8.43934]},
			"faces": {
				"north": {"uv": [12, 0, 6.5, 16], "texture": "#13"},
				"east": {"uv": [13.5, 0, 8, 16], "rotation": 180, "texture": "#13"},
				"south": {"uv": [11, 0, 5.5, 16], "rotation": 180, "texture": "#13"},
				"west": {"uv": [11, 0, 5.5, 16], "rotation": 180, "texture": "#13"},
				"up": {"uv": [16, 0, 0, 16], "texture": "#14"}
			}
		},
		{
			"name": "log",
			"from": [14.63883, 4.55975, 8.49066],
			"to": [16.23883, 6.15975, 16.09066],
			"rotation": {"angle": -22.5, "axis": "x", "origin": [17.48332, 9.51464, 14.4728]},
			"faces": {
				"east": {"uv": [6.5, 0, 12, 16], "rotation": 270, "texture": "#13"},
				"west": {"uv": [5.5, 0, 11, 16], "rotation": 270, "texture": "#13"},
				"up": {"uv": [8, 0, 13.5, 16], "texture": "#13"},
				"down": {"uv": [5.5, 0, 11, 16], "rotation": 180, "texture": "#13"}
			}
		},
		{
			"name": "log",
			"from": [14.75224, 7.0284, 3.15439],
			"to": [16.35224, 8.6284, 10.75439],
			"rotation": {"angle": 22.5, "axis": "x", "origin": [17.48332, 9.51464, 14.4728]},
			"faces": {
				"east": {"uv": [5.5, 0, 11, 16], "rotation": 270, "texture": "#13"},
				"west": {"uv": [6.5, 0, 12, 16], "rotation": 270, "texture": "#13"},
				"up": {"uv": [8, 0, 13.5, 16], "rotation": 180, "texture": "#13"},
				"down": {"uv": [5.5, 0, 11, 16], "texture": "#13"}
			}
		},
		{
			"name": "log",
			"from": [6.18143, 15.61775, 11.24281],
			"to": [13.78143, 17.21775, 12.84281],
			"rotation": {"angle": 22.5, "axis": "y", "origin": [9.91091, 12.41777, 13.5]},
			"faces": {
				"north": {"uv": [6.5, 0, 12, 16], "rotation": 90, "texture": "#13"},
				"east": {"uv": [0, 0, 16, 16], "rotation": 270, "texture": "#13"},
				"south": {"uv": [5.5, 0, 11, 16], "rotation": 90, "texture": "#13"},
				"up": {"uv": [5.5, 0, 11, 16], "rotation": 90, "texture": "#13"},
				"down": {"uv": [8, 0, 13.5, 16], "rotation": 90, "texture": "#13"}
			}
		},
		{
			"name": "honey",
			"from": [4.78955, 7.18101, 8.29257],
			"to": [5.72705, 8.68101, 9.41757],
			"rotation": {"angle": 0, "axis": "y", "origin": [7.22563, 12.57305, 10.0653]},
			"faces": {
				"north": {"uv": [11, 2, 15, 10], "texture": "#19"},
				"east": {"uv": [8, 6, 14, 16], "texture": "#19"},
				"south": {"uv": [6, 3, 10, 11], "texture": "#19"},
				"west": {"uv": [0, 0, 6, 10], "texture": "#19"},
				"up": {"uv": [5, 6, 11, 9], "texture": "#19"},
				"down": {"uv": [7, 8, 13, 11], "texture": "#19"}
			}
		},
		{
			"name": "honey",
			"from": [4.91455, 6.55601, 8.41757],
			"to": [5.60205, 7.18101, 9.29257],
			"rotation": {"angle": 0, "axis": "y", "origin": [7.22563, 12.57305, 10.0653]},
			"faces": {
				"north": {"uv": [10, 3, 15, 8], "texture": "#19"},
				"east": {"uv": [4, 5, 11, 10], "texture": "#19"},
				"south": {"uv": [4, 5, 9, 10], "texture": "#19"},
				"west": {"uv": [4, 5, 11, 10], "texture": "#19"},
				"down": {"uv": [4, 5, 10, 9], "texture": "#19"}
			}
		},
		{
			"name": "honey",
			"from": [5.03955, 5.93101, 8.54257],
			"to": [5.47705, 6.68101, 9.16757],
			"rotation": {"angle": 0, "axis": "y", "origin": [7.22563, 12.57305, 10.0653]},
			"faces": {
				"north": {"uv": [9, 7, 12, 12], "texture": "#19"},
				"east": {"uv": [3, 10, 7, 15], "texture": "#19"},
				"south": {"uv": [9, 7, 12, 12], "texture": "#19"},
				"west": {"uv": [10, 4, 14, 9], "texture": "#19"},
				"down": {"uv": [5, 7, 10, 10], "texture": "#19"}
			}
		},
		{
			"name": "honey",
			"from": [5.16455, 5.43101, 8.66757],
			"to": [5.35205, 5.93101, 9.04257],
			"rotation": {"angle": 0, "axis": "y", "origin": [7.22563, 12.57305, 10.0653]},
			"faces": {
				"north": {"uv": [9, 8, 11, 13], "texture": "#19"},
				"east": {"uv": [10, 8, 13, 13], "texture": "#19"},
				"south": {"uv": [3, 3, 5, 8], "texture": "#19"},
				"west": {"uv": [5, 5, 8, 10], "texture": "#19"},
				"down": {"uv": [5, 7, 10, 9], "texture": "#19"}
			}
		},
		{
			"name": "honey",
			"from": [4.92485, 8.07015, 8.41757],
			"to": [5.48735, 9.57015, 9.29257],
			"rotation": {"angle": -22.5, "axis": "z", "origin": [5.1333, 8.36851, 8.85507]},
			"faces": {
				"north": {"uv": [6, 3, 9, 10], "texture": "#19"},
				"east": {"uv": [3, 2, 8, 9], "texture": "#19"},
				"south": {"uv": [0, 0, 3, 7], "texture": "#19"},
				"west": {"uv": [7, 5, 12, 12], "texture": "#19"},
				"up": {"uv": [5, 6, 11, 9], "texture": "#19"}
			}
		},
		{
			"name": "honey",
			"from": [8.59382, 8.75023, 3.69314],
			"to": [9.34382, 10.25023, 4.13064],
			"rotation": {"angle": 22.5, "axis": "x", "origin": [8.28132, 7.05889, 4.35507]},
			"faces": {
				"north": {"uv": [7, 5, 12, 12], "texture": "#19"},
				"east": {"uv": [6, 3, 9, 10], "texture": "#19"},
				"south": {"uv": [3, 2, 8, 9], "texture": "#19"},
				"west": {"uv": [0, 0, 3, 7], "texture": "#19"},
				"up": {"uv": [5, 6, 11, 9], "rotation": 90, "texture": "#19"}
			}
		},
		{
			"name": "honey",
			"from": [8.84382, 6.74351, 4.6758],
			"to": [9.09382, 7.11851, 4.8633],
			"rotation": {"angle": 0, "axis": "y", "origin": [8.28132, 7.05889, 4.35507]},
			"faces": {
				"north": {"uv": [5, 5, 8, 10], "texture": "#19"},
				"east": {"uv": [9, 8, 11, 13], "texture": "#19"},
				"south": {"uv": [10, 8, 13, 13], "texture": "#19"},
				"west": {"uv": [3, 3, 5, 8], "texture": "#19"},
				"down": {"uv": [5, 7, 10, 9], "rotation": 270, "texture": "#19"}
			}
		},
		{
			"name": "honey",
			"from": [8.71882, 7.11851, 4.6133],
			"to": [9.21882, 7.61851, 4.9258],
			"rotation": {"angle": 0, "axis": "y", "origin": [8.28132, 7.05889, 4.35507]},
			"faces": {
				"north": {"uv": [10, 4, 14, 9], "texture": "#19"},
				"east": {"uv": [9, 7, 12, 12], "texture": "#19"},
				"south": {"uv": [3, 10, 7, 15], "texture": "#19"},
				"west": {"uv": [9, 7, 12, 12], "texture": "#19"},
				"down": {"uv": [5, 7, 10, 10], "rotation": 270, "texture": "#19"}
			}
		},
		{
			"name": "honey",
			"from": [8.59382, 7.61851, 4.4883],
			"to": [9.34382, 8.11851, 5.0508],
			"rotation": {"angle": 0, "axis": "y", "origin": [8.28132, 7.05889, 4.35507]},
			"faces": {
				"north": {"uv": [4, 5, 11, 10], "texture": "#19"},
				"east": {"uv": [10, 3, 15, 8], "texture": "#19"},
				"south": {"uv": [4, 5, 11, 10], "texture": "#19"},
				"west": {"uv": [4, 5, 9, 10], "texture": "#19"},
				"down": {"uv": [4, 5, 10, 9], "rotation": 270, "texture": "#19"}
			}
		},
		{
			"name": "honey",
			"from": [8.46882, 8.11851, 4.3633],
			"to": [9.46882, 9.36851, 5.1758],
			"rotation": {"angle": 0, "axis": "y", "origin": [8.28132, 7.05889, 4.35507]},
			"faces": {
				"north": {"uv": [0, 0, 6, 10], "texture": "#19"},
				"east": {"uv": [11, 2, 15, 10], "texture": "#19"},
				"south": {"uv": [8, 6, 14, 16], "texture": "#19"},
				"west": {"uv": [6, 3, 10, 11], "texture": "#19"},
				"up": {"uv": [5, 6, 11, 9], "rotation": 90, "texture": "#19"},
				"down": {"uv": [7, 8, 13, 11], "rotation": 270, "texture": "#19"}
			}
		},
		{
			"name": "leaf",
			"from": [10.88199, 18.12499, 14.86802],
			"to": [13.88199, 21.12499, 17.86802],
			"rotation": {"angle": 0, "axis": "y", "origin": [8, 3, 8]},
			"faces": {
				"north": {"uv": [0, 0, 16, 16], "texture": "#20"},
				"east": {"uv": [0, 0, 16, 16], "texture": "#20"},
				"south": {"uv": [0, 0, 16, 16], "texture": "#20"},
				"west": {"uv": [0, 0, 16, 16], "texture": "#20"},
				"up": {"uv": [0, 0, 16, 16], "texture": "#20"},
				"down": {"uv": [0, 0, 16, 16], "texture": "#20"}
			}
		},
		{
			"name": "leaf",
			"from": [11.00699, 16.99999, 11.99302],
			"to": [14.00699, 19.99999, 15.11802],
			"rotation": {"angle": 0, "axis": "y", "origin": [8, 3, 8]},
			"faces": {
				"north": {"uv": [0, 0, 16, 16], "texture": "#20"},
				"east": {"uv": [0, 0, 16, 16], "texture": "#20"},
				"south": {"uv": [0, 0, 16, 16], "texture": "#20"},
				"west": {"uv": [0, 0, 16, 16], "texture": "#20"},
				"up": {"uv": [0, 0, 16, 16], "texture": "#20"},
				"down": {"uv": [0, 0, 16, 16], "texture": "#20"}
			}
		},
		{
			"name": "leaf",
			"from": [10.13199, 15.99999, 8.99302],
			"to": [13.13199, 18.99999, 12.11802],
			"rotation": {"angle": 0, "axis": "y", "origin": [8, 3, 8]},
			"faces": {
				"north": {"uv": [0, 0, 16, 16], "texture": "#20"},
				"east": {"uv": [0, 0, 16, 16], "texture": "#20"},
				"south": {"uv": [0, 0, 16, 16], "texture": "#20"},
				"down": {"uv": [0, 0, 16, 16], "texture": "#20"}
			}
		},
		{
			"name": "leaf",
			"from": [9.88199, 18.74999, 8.86802],
			"to": [13.25699, 21.74999, 12.24302],
			"rotation": {"angle": 0, "axis": "y", "origin": [8, 3, 8]},
			"faces": {
				"north": {"uv": [0, 0, 16, 16], "texture": "#20"},
				"east": {"uv": [0, 0, 16, 16], "texture": "#20"},
				"south": {"uv": [0, 0, 16, 16], "texture": "#20"},
				"west": {"uv": [0, 0, 16, 16], "texture": "#20"},
				"up": {"uv": [0, 0, 16, 16], "texture": "#20"},
				"down": {"uv": [0, 0, 16, 16], "texture": "#20"}
			}
		},
		{
			"name": "leaf",
			"from": [7.13199, 16.49999, 10.36802],
			"to": [10.13199, 19.49999, 13.36802],
			"rotation": {"angle": 0, "axis": "y", "origin": [8, 3, 8]},
			"faces": {
				"east": {"uv": [0, 0, 16, 16], "texture": "#20"},
				"south": {"uv": [0, 0, 16, 16], "texture": "#20"},
				"west": {"uv": [0, 0, 16, 16], "texture": "#20"},
				"up": {"uv": [0, 0, 16, 16], "texture": "#20"},
				"down": {"uv": [0, 0, 16, 16], "texture": "#20"}
			}
		},
		{
			"name": "leaf",
			"from": [7.13199, 16.62499, 7.24302],
			"to": [10.13199, 19.62499, 10.24302],
			"rotation": {"angle": 0, "axis": "y", "origin": [8, 3, 8]},
			"faces": {
				"north": {"uv": [0, 0, 16, 16], "texture": "#20"},
				"east": {"uv": [0, 0, 16, 16], "texture": "#20"},
				"south": {"uv": [0, 0, 16, 16], "texture": "#20"},
				"west": {"uv": [0, 0, 16, 16], "texture": "#20"},
				"up": {"uv": [0, 0, 16, 16], "texture": "#20"},
				"down": {"uv": [0, 0, 16, 16], "texture": "#20"}
			}
		},
		{
			"name": "leaf",
			"from": [6.50699, 15.12499, 4.99302],
			"to": [9.50699, 18.12499, 7.99302],
			"rotation": {"angle": 0, "axis": "y", "origin": [8, 2.875, 8]},
			"faces": {
				"north": {"uv": [0, 0, 16, 16], "texture": "#20"},
				"east": {"uv": [0, 0, 16, 16], "texture": "#20"},
				"south": {"uv": [0, 0, 16, 16], "texture": "#20"},
				"west": {"uv": [0, 0, 16, 16], "texture": "#20"},
				"up": {"uv": [0, 0, 16, 16], "texture": "#20"},
				"down": {"uv": [0, 0, 16, 16], "texture": "#20"}
			}
		},
		{
			"name": "leaf",
			"from": [12.50699, 14.99999, 6.49302],
			"to": [15.50699, 17.99999, 9.49302],
			"rotation": {"angle": 0, "axis": "y", "origin": [8, 3, 8]},
			"faces": {
				"north": {"uv": [16, 0, 0, 16], "texture": "#20"},
				"east": {"uv": [16, 0, 0, 16], "texture": "#20"},
				"south": {"uv": [16, 0, 0, 16], "texture": "#20"},
				"west": {"uv": [16, 0, 0, 16], "texture": "#20"},
				"up": {"uv": [16, 0, 0, 16], "texture": "#20"},
				"down": {"uv": [16, 0, 0, 16], "texture": "#20"}
			}
		},
		{
			"name": "leaf",
			"from": [4.75699, 15.37499, 3.49302],
			"to": [7.75699, 18.37499, 6.49302],
			"rotation": {"angle": 0, "axis": "y", "origin": [8, 2.875, 8]},
			"faces": {
				"north": {"uv": [0, 0, 16, 16], "texture": "#20"},
				"east": {"uv": [0, 0, 16, 16], "texture": "#20"},
				"south": {"uv": [0, 0, 16, 16], "texture": "#20"},
				"west": {"uv": [0, 0, 16, 16], "texture": "#20"},
				"up": {"uv": [0, 0, 16, 16], "texture": "#20"},
				"down": {"uv": [0, 0, 16, 16], "texture": "#20"}
			}
		},
		{
			"name": "leaf",
			"from": [14.25699, 15.24999, 4.99302],
			"to": [17.25699, 18.24999, 7.99302],
			"rotation": {"angle": 0, "axis": "y", "origin": [8, 3, 8]},
			"faces": {
				"north": {"uv": [16, 0, 0, 16], "texture": "#20"},
				"east": {"uv": [16, 0, 0, 16], "texture": "#20"},
				"south": {"uv": [16, 0, 0, 16], "texture": "#20"},
				"west": {"uv": [16, 0, 0, 16], "texture": "#20"},
				"up": {"uv": [16, 0, 0, 16], "texture": "#20"},
				"down": {"uv": [16, 0, 0, 16], "texture": "#20"}
			}
		},
		{
			"name": "leaf",
			"from": [9.25699, 15.62499, 7.49302],
			"to": [12.25699, 18.62499, 10.49302],
			"rotation": {"angle": 0, "axis": "y", "origin": [8, 3, 8]},
			"faces": {
				"north": {"uv": [0, 0, 16, 16], "texture": "#20"},
				"east": {"uv": [0, 0, 16, 16], "texture": "#20"},
				"west": {"uv": [0, 0, 16, 16], "texture": "#20"},
				"up": {"uv": [0, 0, 16, 16], "texture": "#20"},
				"down": {"uv": [0, 0, 16, 16], "texture": "#20"}
			}
		},
		{
			"name": "leaf",
			"from": [4.25699, 15.49999, 12.11802],
			"to": [7.25699, 18.49999, 15.11802],
			"rotation": {"angle": 0, "axis": "y", "origin": [8, 2.75, 8]},
			"faces": {
				"north": {"uv": [0, 0, 16, 16], "texture": "#20"},
				"east": {"uv": [0, 0, 16, 16], "texture": "#20"},
				"south": {"uv": [0, 0, 16, 16], "texture": "#20"},
				"west": {"uv": [0, 0, 16, 16], "texture": "#20"},
				"up": {"uv": [0, 0, 16, 16], "texture": "#20"},
				"down": {"uv": [0, 0, 16, 16], "texture": "#20"}
			}
		},
		{
			"name": "leaf",
			"from": [4.25699, 16.74999, 8.99302],
			"to": [7.25699, 19.74999, 11.99302],
			"rotation": {"angle": 0, "axis": "y", "origin": [8, 3, 8]},
			"faces": {
				"north": {"uv": [0, 0, 16, 16], "texture": "#20"},
				"east": {"uv": [0, 0, 16, 16], "texture": "#20"},
				"south": {"uv": [0, 0, 16, 16], "texture": "#20"},
				"west": {"uv": [0, 0, 16, 16], "texture": "#20"},
				"up": {"uv": [0, 0, 16, 16], "texture": "#20"},
				"down": {"uv": [0, 0, 16, 16], "texture": "#20"}
			}
		},
		{
			"name": "leaf",
			"from": [1.38199, 17.24999, 8.86802],
			"to": [4.38199, 20.24999, 11.86802],
			"rotation": {"angle": 0, "axis": "y", "origin": [8, 3, 8]},
			"faces": {
				"north": {"uv": [0, 0, 16, 16], "texture": "#20"},
				"east": {"uv": [0, 0, 16, 16], "texture": "#20"},
				"south": {"uv": [0, 0, 16, 16], "texture": "#20"},
				"west": {"uv": [0, 0, 16, 16], "texture": "#20"},
				"up": {"uv": [0, 0, 16, 16], "texture": "#20"},
				"down": {"uv": [0, 0, 16, 16], "texture": "#20"}
			}
		},
		{
			"name": "leaf",
			"from": [13.00699, 16.39999, 9.11802],
			"to": [16.00699, 19.39999, 12.18052],
			"rotation": {"angle": 0, "axis": "y", "origin": [8, 3, 8]},
			"faces": {
				"north": {"uv": [0, 0, 16, 16], "texture": "#20"},
				"east": {"uv": [0, 0, 16, 16], "texture": "#20"},
				"south": {"uv": [0, 0, 16, 16], "texture": "#20"},
				"west": {"uv": [0, 0, 16, 16], "texture": "#20"},
				"up": {"uv": [0, 0, 16, 16], "texture": "#20"},
				"down": {"uv": [0, 0, 16, 16], "texture": "#20"}
			}
		},
		{
			"name": "leaf",
			"from": [13.53008, 16.89402, 8.86802],
			"to": [16.53008, 19.89402, 11.86802],
			"rotation": {"angle": -45, "axis": "z", "origin": [17.5, 14.5, 10.5]},
			"faces": {
				"north": {"uv": [0, 0, 16, 16], "texture": "#20"},
				"east": {"uv": [0, 0, 16, 16], "texture": "#20"},
				"south": {"uv": [0, 0, 16, 16], "texture": "#20"},
				"west": {"uv": [0, 0, 16, 16], "texture": "#20"},
				"up": {"uv": [0, 0, 16, 16], "texture": "#20"},
				"down": {"uv": [0, 0, 16, 16], "texture": "#20"}
			}
		},
		{
			"name": "leaf",
			"from": [13.97817, 5.04321, 16.97857],
			"to": [16.97817, 8.04321, 19.97857],
			"rotation": {"angle": 0, "axis": "y", "origin": [17.48332, 9.51464, 14.4728]},
			"faces": {
				"north": {"uv": [0, 0, 16, 16], "rotation": 90, "texture": "#20"},
				"east": {"uv": [0, 0, 16, 16], "rotation": 270, "texture": "#20"},
				"south": {"uv": [0, 0, 16, 16], "rotation": 90, "texture": "#20"},
				"west": {"uv": [0, 0, 16, 16], "rotation": 90, "texture": "#20"},
				"up": {"uv": [0, 0, 16, 16], "rotation": 180, "texture": "#20"},
				"down": {"uv": [0, 0, 16, 16], "texture": "#20"}
			}
		},
		{
			"name": "leaf",
			"from": [15.33719, 14.18085, 8.99302],
			"to": [18.33719, 17.18085, 11.99302],
			"rotation": {"angle": -22.5, "axis": "z", "origin": [17.5, 14.5, 10.5]},
			"faces": {
				"north": {"uv": [0, 0, 16, 16], "texture": "#20"},
				"east": {"uv": [0, 0, 16, 16], "texture": "#20"},
				"south": {"uv": [0, 0, 16, 16], "texture": "#20"},
				"west": {"uv": [0, 0, 16, 16], "texture": "#20"},
				"up": {"uv": [0, 0, 16, 16], "texture": "#20"},
				"down": {"uv": [0, 0, 16, 16], "texture": "#20"}
			}
		},
		{
			"name": "leaf",
			"from": [13.97817, 3.63754, 13.82187],
			"to": [16.97817, 6.63754, 16.82187],
			"rotation": {"angle": -22.5, "axis": "x", "origin": [15.47817, 5.13754, 15.42187]},
			"faces": {
				"north": {"uv": [0, 0, 16, 16], "rotation": 90, "texture": "#20"},
				"east": {"uv": [0, 0, 16, 16], "rotation": 270, "texture": "#20"},
				"south": {"uv": [0, 0, 16, 16], "rotation": 90, "texture": "#20"},
				"west": {"uv": [0, 0, 16, 16], "rotation": 90, "texture": "#20"},
				"up": {"uv": [0, 0, 16, 16], "rotation": 180, "texture": "#20"},
				"down": {"uv": [0, 0, 16, 16], "texture": "#20"}
			}
		},
		{
			"name": "leaf",
			"from": [14.01116, 6.46049, 4.99367],
			"to": [17.01116, 9.46049, 7.99367],
			"rotation": {"angle": 22.5, "axis": "x", "origin": [17.48332, 9.51464, 14.4728]},
			"faces": {
				"east": {"uv": [0, 0, 16, 16], "rotation": 90, "texture": "#20"},
				"south": {"uv": [0, 0, 16, 16], "rotation": 90, "texture": "#20"},
				"west": {"uv": [0, 0, 16, 16], "rotation": 270, "texture": "#20"},
				"up": {"uv": [0, 0, 16, 16], "texture": "#20"},
				"down": {"uv": [0, 0, 16, 16], "rotation": 180, "texture": "#20"}
			}
		},
		{
			"name": "leaf",
			"from": [14.01116, 6.46049, 1.99367],
			"to": [17.01116, 9.46049, 4.99367],
			"rotation": {"angle": 22.5, "axis": "x", "origin": [17.48332, 9.51464, 14.4728]},
			"faces": {
				"north": {"uv": [0, 0, 16, 16], "rotation": 90, "texture": "#20"},
				"east": {"uv": [0, 0, 16, 16], "rotation": 90, "texture": "#20"},
				"west": {"uv": [0, 0, 16, 16], "rotation": 270, "texture": "#20"},
				"up": {"uv": [0, 0, 16, 16], "texture": "#20"},
				"down": {"uv": [0, 0, 16, 16], "rotation": 180, "texture": "#20"}
			}
		},
		{
			"name": "poppy",
			"from": [14.29045, -2, 7.92589],
			"to": [18.29045, 2, 7.93589],
			"rotation": {"angle": 22.5, "axis": "y", "origin": [14.60121, 0, 9.39596]},
			"faces": {
				"north": {"uv": [16, 0, 0, 16], "texture": "#10"},
				"east": {"uv": [0, 0, 1, 1], "texture": "#10"},
				"south": {"uv": [0, 0, 16, 16], "texture": "#10"},
				"west": {"uv": [0, 0, 1, 1], "texture": "#10"},
				"up": {"uv": [0, 0, 1, 1], "texture": "#10"},
				"down": {"uv": [0, 0, 1, 1], "texture": "#10"}
			}
		},
		{
			"name": "poppy",
			"from": [16.28545, -2, 5.93089],
			"to": [16.29545, 2, 9.93089],
			"rotation": {"angle": 22.5, "axis": "y", "origin": [14.60121, 0, 9.39596]},
			"faces": {
				"north": {"uv": [0, 0, 1, 1], "texture": "#10"},
				"east": {"uv": [0, 0, 16, 16], "texture": "#10"},
				"west": {"uv": [16, 0, 0, 16], "texture": "#10"},
				"up": {"uv": [0, 0, 1, 1], "texture": "#10"},
				"down": {"uv": [0, 0, 1, 1], "texture": "#10"}
			}
		},
		{
			"name": "poppy",
			"from": [2.60121, -2, 5.39096],
			"to": [6.60121, 2, 5.40096],
			"rotation": {"angle": 0, "axis": "y", "origin": [4.60121, 0, 10.39596]},
			"faces": {
				"north": {"uv": [0, 0, 16, 16], "texture": "#10"},
				"east": {"uv": [0, 0, 1, 1], "texture": "#10"},
				"south": {"uv": [16, 0, 0, 16], "texture": "#10"},
				"west": {"uv": [0, 0, 1, 1], "texture": "#10"},
				"up": {"uv": [0, 0, 1, 1], "texture": "#10"}
			}
		},
		{
			"name": "poppy",
			"from": [4.59621, -2, 3.39596],
			"to": [4.60621, 2, 7.39596],
			"rotation": {"angle": 0, "axis": "y", "origin": [4.60121, 0, 10.39596]},
			"faces": {
				"north": {"uv": [0, 0, 1, 1], "texture": "#10"},
				"east": {"uv": [0, 0, 16, 16], "texture": "#10"},
				"south": {"uv": [0, 0, 1, 1], "texture": "#10"},
				"west": {"uv": [16, 0, 0, 16], "texture": "#10"},
				"up": {"uv": [0, 0, 1, 1], "texture": "#10"}
			}
		},
		{
			"name": "poppy",
			"from": [7.56355, -3, -2.61109],
			"to": [11.56355, 1, -2.60109],
			"rotation": {"angle": 22.5, "axis": "y", "origin": [8.60121, 0, 15.39596]},
			"faces": {
				"north": {"uv": [0, 0, 16, 16], "texture": "#10"},
				"east": {"uv": [0, 0, 1, 1], "texture": "#10"},
				"south": {"uv": [16, 0, 0, 16], "texture": "#10"},
				"west": {"uv": [0, 0, 1, 1], "texture": "#10"},
				"up": {"uv": [0, 0, 1, 1], "texture": "#10"},
				"down": {"uv": [0, 0, 1, 1], "texture": "#10"}
			}
		},
		{
			"name": "poppy",
			"from": [9.55855, -3, -4.60609],
			"to": [9.56855, 1, -0.60609],
			"rotation": {"angle": 22.5, "axis": "y", "origin": [8.60121, 0, 15.39596]},
			"faces": {
				"north": {"uv": [0, 0, 1, 1], "texture": "#10"},
				"east": {"uv": [0, 0, 16, 16], "texture": "#10"},
				"south": {"uv": [0, 0, 1, 1], "texture": "#10"},
				"west": {"uv": [16, 0, 0, 16], "texture": "#10"},
				"up": {"uv": [0, 0, 1, 1], "texture": "#10"},
				"down": {"uv": [0, 0, 1, 1], "texture": "#10"}
			}
		},
		{
			"name": "poppy",
			"from": [6.60121, -2, 15.39096],
			"to": [10.60121, 2, 15.40096],
			"rotation": {"angle": 22.5, "axis": "y", "origin": [8.60121, 0, 15.39596]},
			"faces": {
				"north": {"uv": [0, 0, 16, 16], "texture": "#10"},
				"east": {"uv": [0, 0, 1, 1], "texture": "#10"},
				"south": {"uv": [16, 0, 0, 16], "texture": "#10"},
				"west": {"uv": [0, 0, 1, 1], "texture": "#10"},
				"up": {"uv": [0, 0, 1, 1], "texture": "#10"},
				"down": {"uv": [0, 0, 1, 1], "texture": "#10"}
			}
		},
		{
			"name": "poppy",
			"from": [8.59621, -2, 13.39596],
			"to": [8.60621, 2, 17.39596],
			"rotation": {"angle": 22.5, "axis": "y", "origin": [8.60121, 0, 15.39596]},
			"faces": {
				"north": {"uv": [0, 0, 1, 1], "texture": "#10"},
				"east": {"uv": [0, 0, 16, 16], "texture": "#10"},
				"south": {"uv": [0, 0, 1, 1], "texture": "#10"},
				"west": {"uv": [16, 0, 0, 16], "texture": "#10"},
				"up": {"uv": [0, 0, 1, 1], "texture": "#10"},
				"down": {"uv": [0, 0, 1, 1], "texture": "#10"}
			}
		},
		{
			"name": "blue_orchid",
			"from": [-1.71371, -2, 11.94681],
			"to": [2.28629, 2, 11.95681],
			"rotation": {"angle": 22.5, "axis": "y", "origin": [8.60121, 0, 15.39596]},
			"faces": {
				"north": {"uv": [0, 0, 16, 16], "texture": "#8"},
				"east": {"uv": [0, 0, 1, 1], "texture": "#8"},
				"south": {"uv": [16, 0, 0, 16], "texture": "#8"},
				"west": {"uv": [0, 0, 1, 1], "texture": "#8"},
				"up": {"uv": [0, 0, 1, 1], "texture": "#8"},
				"down": {"uv": [0, 0, 1, 1], "texture": "#8"}
			}
		},
		{
			"name": "blue_orchid",
			"from": [0.28129, -2, 9.95181],
			"to": [0.29129, 2, 13.95181],
			"rotation": {"angle": 22.5, "axis": "y", "origin": [8.60121, 0, 15.39596]},
			"faces": {
				"north": {"uv": [0, 0, 1, 1], "texture": "#8"},
				"east": {"uv": [0, 0, 16, 16], "texture": "#8"},
				"south": {"uv": [0, 0, 1, 1], "texture": "#8"},
				"west": {"uv": [16, 0, 0, 16], "texture": "#8"},
				"up": {"uv": [0, 0, 1, 1], "texture": "#8"},
				"down": {"uv": [0, 0, 1, 1], "texture": "#8"}
			}
		},
		{
			"name": "blue_orchid",
			"from": [21.8052, -3, 2.9791],
			"to": [21.8152, 1, 6.9791],
			"rotation": {"angle": 22.5, "axis": "y", "origin": [15.60121, 0, 15.39596]},
			"faces": {
				"north": {"uv": [0, 0, 1, 1], "texture": "#8"},
				"east": {"uv": [16, 0, 0, 16], "texture": "#8"},
				"south": {"uv": [0, 0, 1, 1], "texture": "#8"},
				"west": {"uv": [0, 0, 16, 16], "texture": "#8"},
				"up": {"uv": [0, 0, 1, 1], "texture": "#8"},
				"down": {"uv": [0, 0, 1, 1], "texture": "#8"}
			}
		},
		{
			"name": "blue_orchid",
			"from": [19.8102, -3, 4.9741],
			"to": [23.8102, 1, 4.9841],
			"rotation": {"angle": 22.5, "axis": "y", "origin": [15.60121, 0, 15.39596]},
			"faces": {
				"north": {"uv": [0, 0, 16, 16], "texture": "#8"},
				"east": {"uv": [0, 0, 1, 1], "texture": "#8"},
				"south": {"uv": [16, 0, 0, 16], "texture": "#8"},
				"west": {"uv": [0, 0, 1, 1], "texture": "#8"},
				"up": {"uv": [0, 0, 1, 1], "texture": "#8"},
				"down": {"uv": [0, 0, 1, 1], "texture": "#8"}
			}
		},
		{
			"name": "blue_orchid",
			"from": [9.93199, -2, -3.01825],
			"to": [9.94199, 2, 0.98175],
			"rotation": {"angle": 45, "axis": "y", "origin": [11.35121, 0, 0.39596]},
			"faces": {
				"north": {"uv": [0, 0, 1, 1], "texture": "#8"},
				"east": {"uv": [16, 0, 0, 16], "texture": "#8"},
				"south": {"uv": [0, 0, 1, 1], "texture": "#8"},
				"west": {"uv": [0, 0, 16, 16], "texture": "#8"},
				"up": {"uv": [0, 0, 1, 1], "texture": "#8"},
				"down": {"uv": [0, 0, 1, 1], "texture": "#8"}
			}
		},
		{
			"name": "blue_orchid",
			"from": [7.93699, -2, -1.02325],
			"to": [11.93699, 2, -1.01325],
			"rotation": {"angle": 45, "axis": "y", "origin": [11.35121, 0, 0.39596]},
			"faces": {
				"north": {"uv": [0, 0, 16, 16], "texture": "#8"},
				"east": {"uv": [0, 0, 1, 1], "texture": "#8"},
				"south": {"uv": [16, 0, 0, 16], "texture": "#8"},
				"west": {"uv": [0, 0, 1, 1], "texture": "#8"},
				"up": {"uv": [0, 0, 1, 1], "texture": "#8"},
				"down": {"uv": [0, 0, 1, 1], "texture": "#8"}
			}
		},
		{
			"name": "allium",
			"from": [14.2708, -2, 4.92253],
			"to": [14.2808, 2, 8.92253],
			"rotation": {"angle": 22.5, "axis": "y", "origin": [8.60121, 0, 15.39596]},
			"faces": {
				"north": {"uv": [0, 0, 1, 1], "texture": "#7"},
				"east": {"uv": [0, 0, 16, 16], "texture": "#7"},
				"south": {"uv": [0, 0, 1, 1], "texture": "#7"},
				"west": {"uv": [16, 0, 0, 16], "texture": "#7"},
				"up": {"uv": [0, 0, 1, 1], "texture": "#7"},
				"down": {"uv": [0, 0, 1, 1], "texture": "#7"}
			}
		},
		{
			"name": "allium",
			"from": [12.2758, -2, 6.91753],
			"to": [16.2758, 2, 6.92753],
			"rotation": {"angle": 22.5, "axis": "y", "origin": [8.60121, 0, 15.39596]},
			"faces": {
				"north": {"uv": [0, 0, 16, 16], "texture": "#7"},
				"east": {"uv": [0, 0, 1, 1], "texture": "#7"},
				"south": {"uv": [16, 0, 0, 16], "texture": "#7"},
				"west": {"uv": [0, 0, 1, 1], "texture": "#7"},
				"up": {"uv": [0, 0, 1, 1], "texture": "#7"},
				"down": {"uv": [0, 0, 1, 1], "texture": "#7"}
			}
		},
		{
			"name": "allium",
			"from": [-0.39879, -2, 11.39096],
			"to": [3.60121, 2, 11.40096],
			"rotation": {"angle": 0, "axis": "y", "origin": [10.60121, 0, 5.39596]},
			"faces": {
				"north": {"uv": [0, 0, 16, 16], "texture": "#7"},
				"east": {"uv": [0, 0, 1, 1], "texture": "#7"},
				"south": {"uv": [16, 0, 0, 16], "texture": "#7"},
				"west": {"uv": [0, 0, 1, 1], "texture": "#7"},
				"up": {"uv": [0, 0, 1, 1], "texture": "#7"}
			}
		},
		{
			"name": "allium",
			"from": [1.59621, -2, 9.39596],
			"to": [1.60621, 2, 13.39596],
			"rotation": {"angle": 0, "axis": "y", "origin": [10.60121, 0, 5.39596]},
			"faces": {
				"north": {"uv": [0, 0, 1, 1], "texture": "#7"},
				"east": {"uv": [16, 0, 0, 16], "texture": "#7"},
				"south": {"uv": [0, 0, 1, 1], "texture": "#7"},
				"west": {"uv": [0, 0, 16, 16], "texture": "#7"},
				"up": {"uv": [0, 0, 16, 16], "rotation": 180, "texture": "#7"}
			}
		},
		{
			"name": "grass",
			"from": [15.68925, -2, -0.46508],
			"to": [15.69925, 2, 3.53492],
			"rotation": {"angle": 22.5, "axis": "y", "origin": [14.005, 0, 3]},
			"faces": {
				"north": {"uv": [1.5, 0.5, 0.5, 1.5], "texture": "#12"},
				"east": {"uv": [0, 0, 16, 16], "texture": "#12"},
				"south": {"uv": [1.5, 0.5, 0.5, 1.5], "texture": "#12"},
				"west": {"uv": [16, 0, 0, 16], "texture": "#12"},
				"up": {"uv": [1.5, 0.5, 0.5, 1.5], "texture": "#12"},
				"down": {"uv": [1.5, 0.5, 0.5, 1.5], "texture": "#12"}
			}
		},
		{
			"name": "grass",
			"from": [11.77696, -2, -1.67139],
			"to": [11.78696, 2, 2.32861],
			"rotation": {"angle": 45, "axis": "y", "origin": [14.005, 0, 3]},
			"faces": {
				"north": {"uv": [1.5, 0.5, 0.5, 1.5], "texture": "#12"},
				"east": {"uv": [0, 0, 16, 16], "texture": "#12"},
				"south": {"uv": [1.5, 0.5, 0.5, 1.5], "texture": "#12"},
				"west": {"uv": [16, 0, 0, 16], "texture": "#12"},
				"up": {"uv": [1.5, 0.5, 0.5, 1.5], "texture": "#12"},
				"down": {"uv": [1.5, 0.5, 0.5, 1.5], "texture": "#12"}
			}
		},
		{
			"name": "grass",
			"from": [2.2571, -2, 1.98507],
			"to": [6.2571, 2, 1.99507],
			"rotation": {"angle": -22.5, "axis": "y", "origin": [4.54412, 0, 2.68297]},
			"faces": {
				"north": {"uv": [0, 0, 16, 16], "texture": "#12"},
				"east": {"uv": [1.5, 0.5, 0.5, 1.5], "texture": "#12"},
				"south": {"uv": [16, 0, 0, 16], "texture": "#12"},
				"west": {"uv": [1.5, 0.5, 0.5, 1.5], "texture": "#12"},
				"up": {"uv": [1.5, 0.5, 0.5, 1.5], "texture": "#12"},
				"down": {"uv": [1.5, 0.5, 0.5, 1.5], "texture": "#12"}
			}
		},
		{
			"name": "grass",
			"from": [-1.27843, -2, 2.33862],
			"to": [2.72157, 2, 2.34862],
			"rotation": {"angle": 45, "axis": "y", "origin": [4.54412, 0, 2.68297]},
			"faces": {
				"north": {"uv": [0, 0, 16, 16], "texture": "#12"},
				"east": {"uv": [1.5, 0.5, 0.5, 1.5], "texture": "#12"},
				"south": {"uv": [16, 0, 0, 16], "texture": "#12"},
				"west": {"uv": [1.5, 0.5, 0.5, 1.5], "texture": "#12"},
				"up": {"uv": [1.5, 0.5, 0.5, 1.5], "texture": "#12"},
				"down": {"uv": [1.5, 0.5, 0.5, 1.5], "texture": "#12"}
			}
		},
		{
			"name": "grass",
			"from": [-7.81917, -2, 8.87936],
			"to": [-3.81917, 2, 8.88936],
			"rotation": {"angle": 45, "axis": "y", "origin": [4.54412, 0, 2.68297]},
			"faces": {
				"north": {"uv": [0, 0, 16, 16], "texture": "#12"},
				"east": {"uv": [0, 0, 16, 16], "texture": "#12"},
				"south": {"uv": [16, 0, 0, 16], "texture": "#12"},
				"west": {"uv": [0, 0, 16, 16], "texture": "#12"},
				"up": {"uv": [1.5, 0.5, 0.5, 1.5], "texture": "#12"},
				"down": {"uv": [1.5, 0.5, 0.5, 1.5], "texture": "#12"}
			}
		},
		{
			"name": "grass",
			"from": [2.59621, -2, 6.64596],
			"to": [2.60621, 2, 10.64596],
			"rotation": {"angle": 0, "axis": "y", "origin": [2.60121, 0, 8.64596]},
			"faces": {
				"north": {"uv": [0, 0, 16, 16], "texture": "#12"},
				"east": {"uv": [16, 0, 0, 16], "texture": "#12"},
				"south": {"uv": [0, 0, 16, 16], "texture": "#12"},
				"west": {"uv": [0, 0, 16, 16], "texture": "#12"},
				"up": {"uv": [1.5, 0.5, 0.5, 1.5], "texture": "#12"}
			}
		},
		{
			"name": "grass",
			"from": [4.37831, -2, 12.79609],
			"to": [4.38831, 2, 16.79609],
			"rotation": {"angle": 22.5, "axis": "y", "origin": [2.60121, 0, 8.64596]},
			"faces": {
				"north": {"uv": [1.5, 0.5, 0.5, 1.5], "texture": "#12"},
				"east": {"uv": [16, 0, 0, 16], "texture": "#12"},
				"south": {"uv": [1.5, 0.5, 0.5, 1.5], "texture": "#12"},
				"west": {"uv": [0, 0, 16, 16], "texture": "#12"},
				"up": {"uv": [1.5, 0.5, 0.5, 1.5], "texture": "#12"},
				"down": {"uv": [1.5, 0.5, 0.5, 1.5], "texture": "#12"}
			}
		},
		{
			"name": "grass",
			"from": [9.5389, -2, 16.01607],
			"to": [9.5489, 2, 20.01607],
			"rotation": {"angle": 22.5, "axis": "y", "origin": [2.60121, 0, 8.64596]},
			"faces": {
				"north": {"uv": [1.5, 0.5, 0.5, 1.5], "texture": "#12"},
				"east": {"uv": [16, 0, 0, 16], "texture": "#12"},
				"south": {"uv": [1.5, 0.5, 0.5, 1.5], "texture": "#12"},
				"west": {"uv": [0, 0, 16, 16], "texture": "#12"},
				"up": {"uv": [1.5, 0.5, 0.5, 1.5], "texture": "#12"},
				"down": {"uv": [1.5, 0.5, 0.5, 1.5], "texture": "#12"}
			}
		},
		{
			"name": "grass",
			"from": [5.05793, -2, 10.68706],
			"to": [9.05793, 2, 10.69706],
			"rotation": {"angle": -22.5, "axis": "y", "origin": [12.60121, 0, 8.39596]},
			"faces": {
				"north": {"uv": [16, 0, 0, 16], "texture": "#12"},
				"east": {"uv": [1.5, 0.5, 0.5, 1.5], "texture": "#12"},
				"south": {"uv": [0, 0, 16, 16], "texture": "#12"},
				"west": {"uv": [1.5, 0.5, 0.5, 1.5], "texture": "#12"},
				"up": {"uv": [1.5, 0.5, 0.5, 1.5], "texture": "#12"},
				"down": {"uv": [1.5, 0.5, 0.5, 1.5], "texture": "#12"}
			}
		},
		{
			"name": "grass",
			"from": [7.42963, -2, 14.04782],
			"to": [11.42963, 2, 14.05782],
			"rotation": {"angle": 45, "axis": "y", "origin": [6.60121, 0, 8.39596]},
			"faces": {
				"north": {"uv": [16, 0, 0, 16], "texture": "#12"},
				"east": {"uv": [1.5, 0.5, 0.5, 1.5], "texture": "#12"},
				"south": {"uv": [0, 0, 16, 16], "texture": "#12"},
				"west": {"uv": [1.5, 0.5, 0.5, 1.5], "texture": "#12"},
				"up": {"uv": [1.5, 0.5, 0.5, 1.5], "texture": "#12"},
				"down": {"uv": [1.5, 0.5, 0.5, 1.5], "texture": "#12"}
			}
		},
		{
			"name": "grass",
			"from": [14.59621, -2, 4.39596],
			"to": [14.60621, 2, 8.39596],
			"rotation": {"angle": 0, "axis": "y", "origin": [15.60121, 0, 10.39596]},
			"faces": {
				"north": {"uv": [1.5, 0.5, 0.5, 1.5], "texture": "#12"},
				"east": {"uv": [0, 0, 16, 16], "texture": "#12"},
				"south": {"uv": [1.5, 0.5, 0.5, 1.5], "texture": "#12"},
				"west": {"uv": [16, 0, 0, 16], "texture": "#12"},
				"up": {"uv": [1.5, 0.5, 0.5, 1.5], "texture": "#12"}
			}
		},
		{
			"name": "grass",
			"from": [13.69425, -2, 1.52992],
			"to": [17.69425, 2, 1.53992],
			"rotation": {"angle": 22.5, "axis": "y", "origin": [14.005, 0, 3]},
			"faces": {
				"north": {"uv": [16, 0, 0, 16], "texture": "#12"},
				"east": {"uv": [1.5, 0.5, 0.5, 1.5], "texture": "#12"},
				"south": {"uv": [0, 0, 16, 16], "texture": "#12"},
				"west": {"uv": [1.5, 0.5, 0.5, 1.5], "texture": "#12"},
				"up": {"uv": [1.5, 0.5, 0.5, 1.5], "texture": "#12"},
				"down": {"uv": [1.5, 0.5, 0.5, 1.5], "texture": "#12"}
			}
		},
		{
			"name": "grass",
			"from": [9.78196, -2, 0.32361],
			"to": [13.78196, 2, 0.33361],
			"rotation": {"angle": 45, "axis": "y", "origin": [14.005, 0, 3]},
			"faces": {
				"north": {"uv": [16, 0, 0, 16], "texture": "#12"},
				"east": {"uv": [1.5, 0.5, 0.5, 1.5], "texture": "#12"},
				"south": {"uv": [0, 0, 16, 16], "texture": "#12"},
				"west": {"uv": [1.5, 0.5, 0.5, 1.5], "texture": "#12"},
				"up": {"uv": [1.5, 0.5, 0.5, 1.5], "texture": "#12"},
				"down": {"uv": [1.5, 0.5, 0.5, 1.5], "texture": "#12"}
			}
		},
		{
			"name": "grass",
			"from": [4.2521, -2, -0.00993],
			"to": [4.2621, 2, 3.99007],
			"rotation": {"angle": -22.5, "axis": "y", "origin": [4.54412, 0, 2.68297]},
			"faces": {
				"north": {"uv": [1.5, 0.5, 0.5, 1.5], "texture": "#12"},
				"east": {"uv": [0, 0, 16, 16], "texture": "#12"},
				"south": {"uv": [1.5, 0.5, 0.5, 1.5], "texture": "#12"},
				"west": {"uv": [16, 0, 0, 16], "texture": "#12"},
				"up": {"uv": [1.5, 0.5, 0.5, 1.5], "texture": "#12"},
				"down": {"uv": [1.5, 0.5, 0.5, 1.5], "texture": "#12"}
			}
		},
		{
			"name": "grass",
			"from": [0.71657, -2, 0.34362],
			"to": [0.72657, 2, 4.34362],
			"rotation": {"angle": 45, "axis": "y", "origin": [4.54412, 0, 2.68297]},
			"faces": {
				"north": {"uv": [1.5, 0.5, 0.5, 1.5], "texture": "#12"},
				"east": {"uv": [0, 0, 16, 16], "texture": "#12"},
				"south": {"uv": [1.5, 0.5, 0.5, 1.5], "texture": "#12"},
				"west": {"uv": [0, 0, 16, 16], "texture": "#12"},
				"up": {"uv": [1.5, 0.5, 0.5, 1.5], "texture": "#12"},
				"down": {"uv": [1.5, 0.5, 0.5, 1.5], "texture": "#12"}
			}
		},
		{
			"name": "grass",
			"from": [-5.82417, -2, 6.88436],
			"to": [-5.81417, 2, 10.88436],
			"rotation": {"angle": 45, "axis": "y", "origin": [4.54412, 0, 2.68297]},
			"faces": {
				"north": {"uv": [0, 0, 16, 16], "texture": "#12"},
				"east": {"uv": [0, 0, 16, 16], "texture": "#12"},
				"south": {"uv": [0, 0, 16, 16], "texture": "#12"},
				"west": {"uv": [16, 0, 0, 16], "texture": "#12"},
				"up": {"uv": [1.5, 0.5, 0.5, 1.5], "texture": "#12"},
				"down": {"uv": [1.5, 0.5, 0.5, 1.5], "texture": "#12"}
			}
		},
		{
			"name": "grass",
			"from": [0.60121, -2, 8.64096],
			"to": [4.60121, 2, 8.65096],
			"rotation": {"angle": 0, "axis": "y", "origin": [2.60121, 0, 8.64596]},
			"faces": {
				"north": {"uv": [0, 0, 16, 16], "texture": "#12"},
				"east": {"uv": [0, 0, 16, 16], "texture": "#12"},
				"south": {"uv": [16, 0, 0, 16], "texture": "#12"},
				"west": {"uv": [0, 0, 16, 16], "texture": "#12"},
				"up": {"uv": [1.5, 0.5, 0.5, 1.5], "texture": "#12"}
			}
		},
		{
			"name": "grass",
			"from": [2.38331, -2, 14.79109],
			"to": [6.38331, 2, 14.80109],
			"rotation": {"angle": 22.5, "axis": "y", "origin": [2.60121, 0, 8.64596]},
			"faces": {
				"north": {"uv": [0, 0, 16, 16], "texture": "#12"},
				"east": {"uv": [1.5, 0.5, 0.5, 1.5], "texture": "#12"},
				"south": {"uv": [16, 0, 0, 16], "texture": "#12"},
				"west": {"uv": [1.5, 0.5, 0.5, 1.5], "texture": "#12"},
				"up": {"uv": [1.5, 0.5, 0.5, 1.5], "texture": "#12"},
				"down": {"uv": [1.5, 0.5, 0.5, 1.5], "texture": "#12"}
			}
		},
		{
			"name": "grass",
			"from": [7.5439, -2, 18.01107],
			"to": [11.5439, 2, 18.02107],
			"rotation": {"angle": 22.5, "axis": "y", "origin": [2.60121, 0, 8.64596]},
			"faces": {
				"north": {"uv": [0, 0, 16, 16], "texture": "#12"},
				"east": {"uv": [1.5, 0.5, 0.5, 1.5], "texture": "#12"},
				"south": {"uv": [16, 0, 0, 16], "texture": "#12"},
				"west": {"uv": [1.5, 0.5, 0.5, 1.5], "texture": "#12"},
				"up": {"uv": [1.5, 0.5, 0.5, 1.5], "texture": "#12"},
				"down": {"uv": [1.5, 0.5, 0.5, 1.5], "texture": "#12"}
			}
		},
		{
			"name": "grass",
			"from": [7.05293, -2, 8.69206],
			"to": [7.06293, 2, 12.69206],
			"rotation": {"angle": -22.5, "axis": "y", "origin": [12.60121, 0, 8.39596]},
			"faces": {
				"north": {"uv": [1.5, 0.5, 0.5, 1.5], "texture": "#12"},
				"east": {"uv": [16, 0, 0, 16], "texture": "#12"},
				"south": {"uv": [1.5, 0.5, 0.5, 1.5], "texture": "#12"},
				"west": {"uv": [0, 0, 16, 16], "texture": "#12"},
				"up": {"uv": [1.5, 0.5, 0.5, 1.5], "texture": "#12"},
				"down": {"uv": [1.5, 0.5, 0.5, 1.5], "texture": "#12"}
			}
		},
		{
			"name": "grass",
			"from": [9.42463, -2, 12.05282],
			"to": [9.43463, 2, 16.05282],
			"rotation": {"angle": 45, "axis": "y", "origin": [6.60121, 0, 8.39596]},
			"faces": {
				"north": {"uv": [1.5, 0.5, 0.5, 1.5], "texture": "#12"},
				"east": {"uv": [16, 0, 0, 16], "texture": "#12"},
				"west": {"uv": [0, 0, 16, 16], "texture": "#12"},
				"up": {"uv": [1.5, 0.5, 0.5, 1.5], "texture": "#12"},
				"down": {"uv": [1.5, 0.5, 0.5, 1.5], "texture": "#12"}
			}
		},
		{
			"name": "grass",
			"from": [12.60121, -2, 6.39096],
			"to": [16.60121, 2, 6.40096],
			"rotation": {"angle": 0, "axis": "y", "origin": [15.60121, 0, 10.39596]},
			"faces": {
				"north": {"uv": [16, 0, 0, 16], "texture": "#12"},
				"east": {"uv": [1.5, 0.5, 0.5, 1.5], "texture": "#12"},
				"south": {"uv": [0, 0, 16, 16], "texture": "#12"},
				"west": {"uv": [1.5, 0.5, 0.5, 1.5], "texture": "#12"},
				"up": {"uv": [1.5, 0.5, 0.5, 1.5], "texture": "#12"}
			}
		},
		{
			"name": "grass",
			"from": [-2.5, -6, -1],
			"to": [18.5, -3, 17],
			"rotation": {"angle": 0, "axis": "y", "origin": [-8.5, 2, 8]},
			"faces": {
				"north": {"uv": [0, 1.0625, 7, 2.0625], "texture": "#21"},
				"east": {"uv": [0, 0, 6, 1], "texture": "#21"},
				"south": {"uv": [0, 1.0625, 7, 2.0625], "texture": "#21"},
				"west": {"uv": [0, 0, 6, 1], "texture": "#21"},
				"up": {"uv": [6.0625, 2.1875, 13.0625, 8.1875], "texture": "#21"},
				"down": {"uv": [0, 0, 0, 0], "texture": "#21"}
			}
		},
		{
			"name": "grass",
			"from": [-1, -6, -2.5],
			"to": [17, -3, 18.5],
			"rotation": {"angle": 0, "axis": "y", "origin": [14, 2, 24.5]},
			"faces": {
				"north": {"uv": [0, 0, 6, 1], "texture": "#21"},
				"east": {"uv": [0, 1.0625, 7, 2.0625], "texture": "#21"},
				"south": {"uv": [0, 0, 6, 1], "texture": "#21"},
				"west": {"uv": [0, 1.0625, 7, 2.0625], "texture": "#21"},
				"up": {"uv": [6.0625, 2.1875, 13.0625, 8.1875], "rotation": 90, "texture": "#21"},
				"down": {"uv": [0, 0, 0, 0], "texture": "#21"}
			}
		},
		{
			"name": "grass",
			"from": [-1, -5, -1],
			"to": [17, -2, 17],
			"rotation": {"angle": 0, "axis": "y", "origin": [8, 3, 8]},
			"faces": {
				"north": {"uv": [0, 0, 6, 1], "texture": "#21"},
				"east": {"uv": [0, 0, 6, 1], "texture": "#21"},
				"south": {"uv": [0, 0, 6, 1], "texture": "#21"},
				"west": {"uv": [0, 0, 6, 1], "texture": "#21"},
				"up": {"uv": [0, 2.1875, 6, 8.1875], "texture": "#21"}
			}
		}
	],
	"display": {
		"thirdperson_righthand": {
			"rotation": [75, -145, 0],
			"translation": [0, 2.5, 0],
			"scale": [0.375, 0.375, 0.34]
		},
		"thirdperson_lefthand": {
			"rotation": [75, -145, 0],
			"translation": [0, 2.5, 0],
			"scale": [0.375, 0.375, 0.34]
		},
		"firstperson_righthand": {
			"rotation": [0, 45, 0],
			"scale": [0.4, 0.4, 0.4]
		},
		"firstperson_lefthand": {
			"rotation": [0, 225, 0],
			"scale": [0.4, 0.4, 0.4]
		},
		"ground": {
			"translation": [0, 3, 0],
			"scale": [0.25, 0.25, 0.25]
		},
		"gui": {
			"rotation": [35, 135, 0],
			"translation": [0, 1, 0],
			"scale": [0.4, 0.4, 0.4]
		},
		"head": {
			"rotation": [0, -90, 0],
			"translation": [0, -20, 0],
			"scale": [4, 4, 4]
		},
		"fixed": {
			"scale": [0.5, 0.5, 0.5]
		}
	},
	"groups": [
		{
			"name": "beenest",
			"origin": [8, 3, 8],
			"children": [0, 1, 2, 3, 4, 5, 6, 7, 8, 9, 10, 11, 12, 13, 14, 15, 16, 17, 18, 19, 20, 21]
		},
		{
			"name": "beenest",
			"origin": [8, 3, 8],
			"children": [22, 23, 24, 25, 26, 27, 28, 29, 30, 31, 32, 33, 34, 35, 36, 37, 38, 39, 40, 41, 42, 43]
		},
		{
			"name": "beenest",
			"origin": [8, 3, 8],
			"children": [44, 45, 46, 47, 48, 49, 50, 51, 52, 53, 54, 55, 56, 57, 58, 59, 60, 61, 62, 63, 64, 65]
		}, 66, 67, 68, 69, 70, 71, 72, 73, 74, 75, 76, 77, 78, 79, 80, 81, 82, 83,
		{
			"name": "honey",
			"origin": [7.22563, 12.57305, 10.0653],
			"children": [84, 85, 86, 87, 88, 89, 90, 91, 92, 93]
		}, 94, 95, 96, 97, 98, 99, 100, 101, 102, 103, 104, 105, 106, 107, 108, 109, 110, 111, 112, 113, 114,
		{
			"name": "deco",
			"origin": [8, 8, 8],
			"children": [
				{
					"name": "flowers",
					"origin": [8.60121, 0, 15.39596],
					"children": [115, 116, 117, 118, 119, 120, 121, 122, 123, 124, 125, 126, 127, 128, 129, 130, 131, 132]
				},
				{
					"name": "tallgrass",
					"origin": [8.60121, 0, 15.39596],
					"children": [133, 134, 135, 136, 137, 138, 139, 140, 141, 142, 143, 144, 145, 146, 147, 148, 149, 150, 151, 152, 153, 154]
				}
			]
		}, 155, 156, 157]
}