{
	"credit": "Made by MadstonMagic, using Cubik Pro & Blockbench",
	"textures": {
		"cobblestone": "block/cobblestone",
		"particle": "block/anvil"
	},
	"elements": [
		{
			"from": [-2.25, 1.75, -2.25],
			"to": [-1.25, 5.75, 2],
			"rotation": {"angle": 22.5, "axis": "z", "origin": [7.60342, 2.13736, 6.48784]},
			"faces": {
				"north": {"uv": [4.5, 0, 0, 16], "texture": "#cobblestone"},
				"east": {"uv": [16, 0, 0, 16], "texture": "#cobblestone"},
				"south": {"uv": [4.5, 0, 0, 16], "texture": "#cobblestone"},
				"west": {"uv": [16, 0, 0, 16], "texture": "#cobblestone"},
				"up": {"uv": [16, 0, 0, 4.5], "rotation": 90, "texture": "#cobblestone"}
			}
		},
		{
			"from": [-2.25, 1.75, 14],
			"to": [-1.25, 5.75, 18.25],
			"rotation": {"angle": 22.5, "axis": "z", "origin": [7.60342, 2.13736, 6.48784]},
			"faces": {
				"north": {"uv": [0, 0, 4.5, 16], "texture": "#cobblestone"},
				"east": {"uv": [0, 0, 16, 16], "texture": "#cobblestone"},
				"south": {"uv": [0, 0, 4.5, 16], "texture": "#cobblestone"},
				"west": {"uv": [0, 0, 16, 16], "texture": "#cobblestone"},
				"up": {"uv": [0, 0, 16, 4.5], "rotation": 90, "texture": "#cobblestone"}
			}
		},
		{
			"from": [17.25, 1.75, -2.25],
			"to": [18.25, 5.75, 2],
			"rotation": {"angle": 22.5, "axis": "z", "origin": [7.60342, 2.13736, 6.48784]},
			"faces": {
				"north": {"uv": [0, 0, 4.5, 16], "texture": "#cobblestone"},
				"east": {"uv": [0, 0, 16, 16], "texture": "#cobblestone"},
				"south": {"uv": [0, 0, 4.5, 16], "texture": "#cobblestone"},
				"west": {"uv": [0, 0, 16, 16], "texture": "#cobblestone"},
				"up": {"uv": [16, 4.5, 0, 0], "rotation": 90, "texture": "#cobblestone"}
			}
		},
		{
			"from": [17.25, 1.75, 14],
			"to": [18.25, 5.75, 18.25],
			"rotation": {"angle": 22.5, "axis": "z", "origin": [7.60342, 2.13736, 6.48784]},
			"faces": {
				"north": {"uv": [4.5, 0, 0, 16], "texture": "#cobblestone"},
				"east": {"uv": [16, 0, 0, 16], "texture": "#cobblestone"},
				"south": {"uv": [4.5, 0, 0, 16], "texture": "#cobblestone"},
				"west": {"uv": [16, 0, 0, 16], "texture": "#cobblestone"},
				"up": {"uv": [0, 4.5, 16, 0], "rotation": 90, "texture": "#cobblestone"}
			}
		},
		{
			"from": [-1.25, 1.75, -2.25],
			"to": [2, 5.75, -1.25],
			"rotation": {"angle": 22.5, "axis": "z", "origin": [7.60342, 2.13736, 6.48784]},
			"faces": {
				"north": {"uv": [16, 0, 4.5, 16], "texture": "#cobblestone"},
				"east": {"uv": [5, 0, 0, 16], "texture": "#cobblestone"},
				"south": {"uv": [16, 0, 4.5, 16], "texture": "#cobblestone"},
				"up": {"uv": [0, 9, 16, 4.5], "texture": "#cobblestone"}
			}
		},
		{
			"from": [-1.25, 1.75, 17.25],
			"to": [2, 5.75, 18.25],
			"rotation": {"angle": 22.5, "axis": "z", "origin": [7.60342, 2.13736, 6.48784]},
			"faces": {
				"north": {"uv": [16, 0, 4.5, 16], "texture": "#cobblestone"},
				"east": {"uv": [0, 0, 5, 16], "texture": "#cobblestone"},
				"south": {"uv": [4.5, 0, 16, 16], "texture": "#cobblestone"},
				"up": {"uv": [0, 4.5, 16, 9], "texture": "#cobblestone"}
			}
		},
		{
			"from": [14, 1.75, -2.25],
			"to": [17.25, 5.75, -1.25],
			"rotation": {"angle": 22.5, "axis": "z", "origin": [7.60342, 2.13736, 6.48784]},
			"faces": {
				"north": {"uv": [4.5, 0, 16, 16], "texture": "#cobblestone"},
				"south": {"uv": [16, 0, 4.5, 16], "texture": "#cobblestone"},
				"west": {"uv": [0, 0, 5, 16], "texture": "#cobblestone"},
				"up": {"uv": [16, 9, 0, 4.5], "texture": "#cobblestone"}
			}
		},
		{
			"from": [14, 1.75, 17.25],
			"to": [17.25, 5.75, 18.25],
			"rotation": {"angle": 22.5, "axis": "z", "origin": [7.60342, 2.13736, 6.48784]},
			"faces": {
				"north": {"uv": [16, 0, 4.5, 16], "texture": "#cobblestone"},
				"south": {"uv": [16, 0, 4.5, 16], "texture": "#cobblestone"},
				"west": {"uv": [5, 0, 0, 16], "texture": "#cobblestone"},
				"up": {"uv": [16, 4.5, 0, 9], "texture": "#cobblestone"}
			}
		},
		{
			"from": [-2, -2.25, 12],
			"to": [0.5, 1.75, 14],
			"rotation": {"angle": 22.5, "axis": "z", "origin": [7.60342, 2.13736, 6.48784]},
			"faces": {
				"east": {"uv": [0, 0, 8, 16], "texture": "#cobblestone"},
				"west": {"uv": [0, 0, 8, 16], "texture": "#cobblestone"},
				"up": {"uv": [4, 3, 13, 11], "rotation": 90, "texture": "#cobblestone"}
			}
		},
		{
			"from": [2.00942, -2.25, -2.15874],
			"to": [4.00942, 1.75, 0.34126],
			"rotation": {"angle": 22.5, "axis": "z", "origin": [7.60342, 2.13736, 6.48784]},
			"faces": {
				"north": {"uv": [0, 0, 8, 16], "texture": "#cobblestone"},
				"south": {"uv": [0, 0, 8, 16], "texture": "#cobblestone"},
				"up": {"uv": [2, 5, 11, 13], "rotation": 90, "texture": "#cobblestone"}
			}
		},
		{
			"from": [15.5, -2.25, 12],
			"to": [18, 1.75, 14],
			"rotation": {"angle": 22.5, "axis": "z", "origin": [7.60342, 2.13736, 6.48784]},
			"faces": {
				"east": {"uv": [8, 0, 0, 16], "texture": "#cobblestone"},
				"west": {"uv": [0, 0, 8, 16], "texture": "#cobblestone"},
				"up": {"uv": [6, 5, 15, 13], "rotation": 90, "texture": "#cobblestone"}
			}
		},
		{
			"from": [2.00942, -2.25, 15.56001],
			"to": [4.00942, 1.75, 18.06001],
			"rotation": {"angle": 22.5, "axis": "z", "origin": [7.60342, 2.13736, 6.48784]},
			"faces": {
				"north": {"uv": [0, 0, 8, 16], "texture": "#cobblestone"},
				"south": {"uv": [8, 0, 0, 16], "texture": "#cobblestone"},
				"up": {"uv": [4, 5, 13, 13], "rotation": 90, "texture": "#cobblestone"}
			}
		},
		{
			"from": [-2, -2.25, 2],
			"to": [0.5, 1.75, 4],
			"rotation": {"angle": 22.5, "axis": "z", "origin": [7.60342, 2.13736, 6.48784]},
			"faces": {
				"east": {"uv": [0, 0, 8, 16], "texture": "#cobblestone"},
				"west": {"uv": [0, 0, 8, 16], "texture": "#cobblestone"},
				"up": {"uv": [3, 2, 12, 10], "rotation": 90, "texture": "#cobblestone"}
			}
		},
		{
			"from": [12.00942, -2.25, -2.15874],
			"to": [14.00942, 1.75, 0.34126],
			"rotation": {"angle": 22.5, "axis": "z", "origin": [7.60342, 2.13736, 6.48784]},
			"faces": {
				"north": {"uv": [0, 0, 8, 16], "texture": "#cobblestone"},
				"south": {"uv": [0, 0, 8, 16], "texture": "#cobblestone"},
				"up": {"uv": [5, 5, 14, 13], "rotation": 90, "texture": "#cobblestone"}
			}
		},
		{
			"from": [15.5, -2.25, 2],
			"to": [18, 1.75, 4],
			"rotation": {"angle": 22.5, "axis": "z", "origin": [7.60342, 2.13736, 6.48784]},
			"faces": {
				"east": {"uv": [8, 0, 0, 16], "texture": "#cobblestone"},
				"west": {"uv": [0, 0, 8, 16], "texture": "#cobblestone"},
				"up": {"uv": [7, 7, 16, 15], "rotation": 90, "texture": "#cobblestone"}
			}
		},
		{
			"from": [12.00942, -2.25, 15.56001],
			"to": [14.00942, 1.75, 18.06001],
			"rotation": {"angle": 22.5, "axis": "z", "origin": [7.60342, 2.13736, 6.48784]},
			"faces": {
				"north": {"uv": [0, 0, 8, 16], "texture": "#cobblestone"},
				"south": {"uv": [8, 0, 0, 16], "texture": "#cobblestone"},
				"up": {"uv": [1, 2, 10, 10], "rotation": 90, "texture": "#cobblestone"}
			}
		},
		{
			"from": [-2, -2.25, 8],
			"to": [0.5, 1.75, 12],
			"rotation": {"angle": 22.5, "axis": "z", "origin": [7.60342, 2.13736, 6.48784]},
			"faces": {
				"east": {"uv": [0, 0, 16, 16], "texture": "#cobblestone"},
				"west": {"uv": [0, 0, 16, 16], "texture": "#cobblestone"},
				"up": {"uv": [11, 0, 2, 16], "texture": "#cobblestone"}
			}
		},
		{
			"from": [4.00942, -2.25, -2.15874],
			"to": [8.00942, 1.75, 0.34126],
			"rotation": {"angle": 22.5, "axis": "z", "origin": [7.60342, 2.13736, 6.48784]},
			"faces": {
				"north": {"uv": [0, 0, 16, 16], "texture": "#cobblestone"},
				"south": {"uv": [0, 0, 16, 16], "texture": "#cobblestone"},
				"up": {"uv": [12, 0, 3, 16], "rotation": 90, "texture": "#cobblestone"}
			}
		},
		{
			"from": [15.5, -2.25, 8],
			"to": [18, 1.75, 12],
			"rotation": {"angle": 22.5, "axis": "z", "origin": [7.60342, 2.13736, 6.48784]},
			"faces": {
				"east": {"uv": [16, 0, 0, 16], "texture": "#cobblestone"},
				"west": {"uv": [0, 0, 16, 16], "texture": "#cobblestone"},
				"up": {"uv": [13, 0, 4, 16], "texture": "#cobblestone"}
			}
		},
		{
			"from": [4.00942, -2.25, 15.56001],
			"to": [8.00942, 1.75, 18.06001],
			"rotation": {"angle": 22.5, "axis": "z", "origin": [7.60342, 2.13736, 6.48784]},
			"faces": {
				"north": {"uv": [0, 0, 16, 16], "texture": "#cobblestone"},
				"south": {"uv": [16, 0, 0, 16], "texture": "#cobblestone"},
				"up": {"uv": [9, 0, 0, 16], "rotation": 90, "texture": "#cobblestone"}
			}
		},
		{
			"from": [-2, -2.25, 4],
			"to": [0.5, 1.75, 8],
			"rotation": {"angle": 22.5, "axis": "z", "origin": [7.60342, 2.13736, 6.48784]},
			"faces": {
				"east": {"uv": [0, 0, 16, 16], "texture": "#cobblestone"},
				"west": {"uv": [0, 0, 16, 16], "texture": "#cobblestone"},
				"up": {"uv": [15, 0, 6, 16], "texture": "#cobblestone"}
			}
		},
		{
			"from": [8.00942, -2.25, -2.15874],
			"to": [12.00942, 1.75, 0.34126],
			"rotation": {"angle": 22.5, "axis": "z", "origin": [7.60342, 2.13736, 6.48784]},
			"faces": {
				"north": {"uv": [0, 0, 16, 16], "texture": "#cobblestone"},
				"south": {"uv": [0, 0, 16, 16], "texture": "#cobblestone"},
				"up": {"uv": [10, 0, 1, 16], "rotation": 90, "texture": "#cobblestone"}
			}
		},
		{
			"from": [15.5, -2.25, 4],
			"to": [18, 1.75, 8],
			"rotation": {"angle": 22.5, "axis": "z", "origin": [7.60342, 2.13736, 6.48784]},
			"faces": {
				"east": {"uv": [16, 0, 0, 16], "texture": "#cobblestone"},
				"west": {"uv": [0, 0, 16, 16], "texture": "#cobblestone"},
				"up": {"uv": [9, 0, 0, 16], "texture": "#cobblestone"}
			}
		},
		{
			"from": [8.00942, -2.25, 15.56001],
			"to": [12.00942, 1.75, 18.06001],
			"rotation": {"angle": 22.5, "axis": "z", "origin": [7.60342, 2.13736, 6.48784]},
			"faces": {
				"north": {"uv": [0, 0, 16, 16], "texture": "#cobblestone"},
				"south": {"uv": [16, 0, 0, 16], "texture": "#cobblestone"},
				"up": {"uv": [12, 0, 3, 16], "rotation": 90, "texture": "#cobblestone"}
			}
		},
		{
			"name": "wall_piece*",
			"from": [-1.75, 1.6, 13],
			"to": [-0.75, 3.6, 16],
			"rotation": {"angle": 22.5, "axis": "z", "origin": [7.60342, 2.13736, 6.48784]},
			"faces": {
				"north": {"uv": [11, 0, 16, 8], "texture": "#cobblestone"},
				"east": {"uv": [5, 8, 16, 16], "texture": "#cobblestone"},
				"south": {"uv": [0, 0, 5, 8], "texture": "#cobblestone"},
				"west": {"uv": [0, 4.5, 11, 12.5], "texture": "#cobblestone"},
				"up": {"uv": [0, 0, 16, 4.5], "rotation": 90, "texture": "#cobblestone"}
			}
		},
		{
			"name": "wall_piece*",
			"from": [-1.75, 1.6, 8.5],
			"to": [-0.75, 3.6, 11.5],
			"rotation": {"angle": 22.5, "axis": "z", "origin": [7.60342, 2.13736, 6.48784]},
			"faces": {
				"north": {"uv": [11, 0, 16, 8], "texture": "#cobblestone"},
				"east": {"uv": [5, 8, 16, 16], "texture": "#cobblestone"},
				"south": {"uv": [0, 0, 5, 8], "texture": "#cobblestone"},
				"west": {"uv": [0, 4.5, 11, 12.5], "texture": "#cobblestone"},
				"up": {"uv": [0, 0, 16, 4.5], "rotation": 90, "texture": "#cobblestone"}
			}
		},
		{
			"name": "wall_piece*",
			"from": [-1.75, 1.6, 4.5],
			"to": [-0.75, 3.6, 7.5],
			"rotation": {"angle": 22.5, "axis": "z", "origin": [7.60342, 2.13736, 6.48784]},
			"faces": {
				"north": {"uv": [11, 0, 16, 8], "texture": "#cobblestone"},
				"east": {"uv": [5, 0, 16, 8], "texture": "#cobblestone"},
				"south": {"uv": [0, 0, 5, 8], "texture": "#cobblestone"},
				"west": {"uv": [5, 0, 16, 8], "texture": "#cobblestone"},
				"up": {"uv": [0, 0, 16, 4.5], "rotation": 90, "texture": "#cobblestone"}
			}
		},
		{
			"name": "wall_piece*",
			"from": [-1.75, 1.6, 0],
			"to": [-0.75, 3.6, 3],
			"rotation": {"angle": 22.5, "axis": "z", "origin": [7.60342, 2.13736, 6.48784]},
			"faces": {
				"north": {"uv": [11, 0, 16, 8], "texture": "#cobblestone"},
				"east": {"uv": [0, 0, 11, 8], "texture": "#cobblestone"},
				"south": {"uv": [0, 0, 5, 8], "texture": "#cobblestone"},
				"west": {"uv": [0, 0, 11, 8], "texture": "#cobblestone"},
				"up": {"uv": [0, 0, 16, 4.5], "rotation": 90, "texture": "#cobblestone"}
			}
		},
		{
			"from": [-2.25, -2.25, -2.25],
			"to": [2, 1.75, 2],
			"rotation": {"angle": 22.5, "axis": "z", "origin": [7.60342, 2.13736, 6.48784]},
			"faces": {
				"north": {"uv": [0, 0, 16, 16], "texture": "#cobblestone"},
				"east": {"uv": [0, 0, 16, 16], "texture": "#cobblestone"},
				"south": {"uv": [0, 0, 16, 16], "texture": "#cobblestone"},
				"west": {"uv": [0, 0, 16, 16], "texture": "#cobblestone"},
				"up": {"uv": [0, 0, 16, 16], "texture": "#cobblestone"}
			}
		},
		{
			"from": [-2.25, -2.25, 14],
			"to": [2, 1.75, 18.25],
			"rotation": {"angle": 22.5, "axis": "z", "origin": [7.60342, 2.13736, 6.48784]},
			"faces": {
				"north": {"uv": [16, 0, 0, 16], "texture": "#cobblestone"},
				"east": {"uv": [16, 0, 0, 16], "texture": "#cobblestone"},
				"south": {"uv": [16, 0, 0, 16], "texture": "#cobblestone"},
				"west": {"uv": [16, 0, 0, 16], "texture": "#cobblestone"},
				"up": {"uv": [0, 16, 16, 0], "texture": "#cobblestone"}
			}
		},
		{
			"from": [14, -2.25, -2.25],
			"to": [18.25, 1.75, 2],
			"rotation": {"angle": 22.5, "axis": "z", "origin": [7.60342, 2.13736, 6.48784]},
			"faces": {
				"north": {"uv": [16, 0, 0, 16], "texture": "#cobblestone"},
				"east": {"uv": [16, 0, 0, 16], "texture": "#cobblestone"},
				"south": {"uv": [16, 0, 0, 16], "texture": "#cobblestone"},
				"west": {"uv": [16, 0, 0, 16], "texture": "#cobblestone"},
				"up": {"uv": [16, 0, 0, 16], "texture": "#cobblestone"}
			}
		},
		{
			"from": [14, -2.25, 14],
			"to": [18.25, 1.75, 18.25],
			"rotation": {"angle": 22.5, "axis": "z", "origin": [7.60342, 2.13736, 6.48784]},
			"faces": {
				"north": {"uv": [0, 0, 16, 16], "texture": "#cobblestone"},
				"east": {"uv": [0, 0, 16, 16], "texture": "#cobblestone"},
				"south": {"uv": [0, 0, 16, 16], "texture": "#cobblestone"},
				"west": {"uv": [0, 0, 16, 16], "texture": "#cobblestone"},
				"up": {"uv": [16, 16, 0, 0], "texture": "#cobblestone"}
			}
		},
		{
			"name": "wall_piece",
			"from": [0, 1.6, -1.75],
			"to": [3, 3.6, -0.75],
			"rotation": {"angle": 22.5, "axis": "z", "origin": [7.60342, 2.13736, 6.48784]},
			"faces": {
				"north": {"uv": [0, 0, 11, 8], "texture": "#cobblestone"},
				"east": {"uv": [0, 0, 5, 8], "texture": "#cobblestone"},
				"south": {"uv": [0, 0, 11, 8], "texture": "#cobblestone"},
				"west": {"uv": [11, 0, 16, 8], "texture": "#cobblestone"},
				"up": {"uv": [0, 0, 16, 4.5], "texture": "#cobblestone"}
			}
		},
		{
			"name": "wall_piece",
			"from": [4.375, 1.6, -1.75],
			"to": [7.375, 3.6, -0.75],
			"rotation": {"angle": 22.5, "axis": "z", "origin": [7.60342, 2.13736, 6.48784]},
			"faces": {
				"north": {"uv": [5, 0, 16, 8], "texture": "#cobblestone"},
				"east": {"uv": [0, 0, 5, 8], "texture": "#cobblestone"},
				"south": {"uv": [5, 0, 16, 8], "texture": "#cobblestone"},
				"west": {"uv": [11, 0, 16, 8], "texture": "#cobblestone"},
				"up": {"uv": [0, 0, 16, 4.5], "texture": "#cobblestone"}
			}
		},
		{
			"name": "wall_piece",
			"from": [8.625, 1.6, -1.75],
			"to": [11.625, 3.6, -0.75],
			"rotation": {"angle": 22.5, "axis": "z", "origin": [7.60342, 2.13736, 6.48784]},
			"faces": {
				"north": {"uv": [5, 8, 16, 16], "texture": "#cobblestone"},
				"east": {"uv": [0, 0, 5, 8], "texture": "#cobblestone"},
				"south": {"uv": [0, 4.5, 11, 12.5], "texture": "#cobblestone"},
				"west": {"uv": [11, 0, 16, 8], "texture": "#cobblestone"},
				"up": {"uv": [0, 0, 16, 4.5], "texture": "#cobblestone"}
			}
		},
		{
			"name": "wall_piece",
			"from": [13, 1.6, -1.75],
			"to": [16, 3.6, -0.75],
			"rotation": {"angle": 22.5, "axis": "z", "origin": [7.60342, 2.13736, 6.48784]},
			"faces": {
				"north": {"uv": [5, 8, 16, 16], "texture": "#cobblestone"},
				"east": {"uv": [0, 0, 5, 8], "texture": "#cobblestone"},
				"south": {"uv": [0, 4.5, 11, 12.5], "texture": "#cobblestone"},
				"west": {"uv": [11, 0, 16, 8], "texture": "#cobblestone"},
				"up": {"uv": [0, 0, 16, 4.5], "texture": "#cobblestone"}
			}
		},
		{
			"name": "wall_piece*",
			"from": [16.75, 1.6, 0],
			"to": [17.75, 3.6, 3],
			"rotation": {"angle": 22.5, "axis": "z", "origin": [7.60342, 2.13736, 6.48784]},
			"faces": {
				"north": {"uv": [11, 0, 16, 8], "texture": "#cobblestone"},
				"east": {"uv": [0, 0, 11, 8], "texture": "#cobblestone"},
				"south": {"uv": [0, 0, 5, 8], "texture": "#cobblestone"},
				"west": {"uv": [0, 0, 11, 8], "texture": "#cobblestone"},
				"up": {"uv": [0, 0, 16, 4.5], "rotation": 90, "texture": "#cobblestone"}
			}
		},
		{
			"name": "wall_piece*",
			"from": [16.75, 1.6, 4.5],
			"to": [17.75, 3.6, 7.5],
			"rotation": {"angle": 22.5, "axis": "z", "origin": [7.60342, 2.13736, 6.48784]},
			"faces": {
				"north": {"uv": [11, 0, 16, 8], "texture": "#cobblestone"},
				"east": {"uv": [5, 0, 16, 8], "texture": "#cobblestone"},
				"south": {"uv": [0, 0, 5, 8], "texture": "#cobblestone"},
				"west": {"uv": [5, 0, 16, 8], "texture": "#cobblestone"},
				"up": {"uv": [0, 0, 16, 4.5], "rotation": 90, "texture": "#cobblestone"}
			}
		},
		{
			"name": "wall_piece*",
			"from": [16.75, 1.6, 8.5],
			"to": [17.75, 3.6, 11.5],
			"rotation": {"angle": 22.5, "axis": "z", "origin": [7.60342, 2.13736, 6.48784]},
			"faces": {
				"north": {"uv": [11, 0, 16, 8], "texture": "#cobblestone"},
				"east": {"uv": [5, 8, 16, 16], "texture": "#cobblestone"},
				"south": {"uv": [0, 0, 5, 8], "texture": "#cobblestone"},
				"west": {"uv": [0, 4.5, 11, 12.5], "texture": "#cobblestone"},
				"up": {"uv": [0, 0, 16, 4.5], "rotation": 90, "texture": "#cobblestone"}
			}
		},
		{
			"name": "wall_piece*",
			"from": [16.75, 1.6, 13],
			"to": [17.75, 3.6, 16],
			"rotation": {"angle": 22.5, "axis": "z", "origin": [7.60342, 2.13736, 6.48784]},
			"faces": {
				"north": {"uv": [11, 0, 16, 8], "texture": "#cobblestone"},
				"east": {"uv": [5, 8, 16, 16], "texture": "#cobblestone"},
				"south": {"uv": [0, 0, 5, 8], "texture": "#cobblestone"},
				"west": {"uv": [0, 4.5, 11, 12.5], "texture": "#cobblestone"},
				"up": {"uv": [0, 0, 16, 4.5], "rotation": 90, "texture": "#cobblestone"}
			}
		},
		{
			"name": "wall_piece",
			"from": [13, 1.6, 16.75],
			"to": [16, 3.6, 17.75],
			"rotation": {"angle": 22.5, "axis": "z", "origin": [7.60342, 2.13736, 6.48784]},
			"faces": {
				"north": {"uv": [5, 8, 16, 16], "texture": "#cobblestone"},
				"east": {"uv": [0, 0, 5, 8], "texture": "#cobblestone"},
				"south": {"uv": [0, 4.5, 11, 12.5], "texture": "#cobblestone"},
				"west": {"uv": [11, 0, 16, 8], "texture": "#cobblestone"},
				"up": {"uv": [0, 0, 16, 4.5], "texture": "#cobblestone"}
			}
		},
		{
			"name": "wall_piece",
			"from": [8.625, 1.6, 16.75],
			"to": [11.625, 3.6, 17.75],
			"rotation": {"angle": 22.5, "axis": "z", "origin": [7.60342, 2.13736, 6.48784]},
			"faces": {
				"north": {"uv": [5, 8, 16, 16], "texture": "#cobblestone"},
				"east": {"uv": [0, 0, 5, 8], "texture": "#cobblestone"},
				"south": {"uv": [0, 4.5, 11, 12.5], "texture": "#cobblestone"},
				"west": {"uv": [11, 0, 16, 8], "texture": "#cobblestone"},
				"up": {"uv": [0, 0, 16, 4.5], "texture": "#cobblestone"}
			}
		},
		{
			"name": "wall_piece",
			"from": [4.375, 1.6, 16.75],
			"to": [7.375, 3.6, 17.75],
			"rotation": {"angle": 22.5, "axis": "z", "origin": [7.60342, 2.13736, 6.48784]},
			"faces": {
				"north": {"uv": [5, 0, 16, 8], "texture": "#cobblestone"},
				"east": {"uv": [0, 0, 5, 8], "texture": "#cobblestone"},
				"south": {"uv": [5, 0, 16, 8], "texture": "#cobblestone"},
				"west": {"uv": [11, 0, 16, 8], "texture": "#cobblestone"},
				"up": {"uv": [0, 0, 16, 4.5], "texture": "#cobblestone"}
			}
		},
		{
			"name": "wall_piece",
			"from": [0, 1.6, 16.75],
			"to": [3, 3.6, 17.75],
			"rotation": {"angle": 22.5, "axis": "z", "origin": [7.60342, 2.13736, 6.48784]},
			"faces": {
				"north": {"uv": [0, 0, 11, 8], "texture": "#cobblestone"},
				"east": {"uv": [0, 0, 5, 8], "texture": "#cobblestone"},
				"south": {"uv": [0, 0, 11, 8], "texture": "#cobblestone"},
				"west": {"uv": [11, 0, 16, 8], "texture": "#cobblestone"},
				"up": {"uv": [0, 0, 16, 4.5], "texture": "#cobblestone"}
			}
		},
		{
			"from": [12, -2.25, 12],
			"to": [16, 1.625, 16],
			"rotation": {"angle": 22.5, "axis": "z", "origin": [7.60342, 2.13736, 6.48784]},
			"faces": {
				"up": {"uv": [0, 0, 16, 16], "texture": "#cobblestone"}
			}
		},
		{
			"from": [8, -2.25, 12],
			"to": [12, 1.625, 16],
			"rotation": {"angle": 22.5, "axis": "z", "origin": [7.60342, 2.13736, 6.48784]},
			"faces": {
				"up": {"uv": [0, 0, 16, 16], "texture": "#cobblestone"}
			}
		},
		{
			"from": [4, -2.25, 12],
			"to": [8, 1.625, 16],
			"rotation": {"angle": 22.5, "axis": "z", "origin": [7.60342, 2.13736, 6.48784]},
			"faces": {
				"up": {"uv": [0, 0, 16, 16], "texture": "#cobblestone"}
			}
		},
		{
			"from": [0, -2.25, 12],
			"to": [4, 1.625, 16],
			"rotation": {"angle": 22.5, "axis": "z", "origin": [7.60342, 2.13736, 6.48784]},
			"faces": {
				"up": {"uv": [0, 0, 16, 16], "texture": "#cobblestone"}
			}
		},
		{
			"from": [0, -2.25, 8],
			"to": [4, 1.625, 12],
			"rotation": {"angle": 22.5, "axis": "z", "origin": [7.60342, 2.13736, 6.48784]},
			"faces": {
				"up": {"uv": [0, 0, 16, 16], "texture": "#cobblestone"}
			}
		},
		{
			"from": [4, -2.25, 8],
			"to": [8, 1.625, 12],
			"rotation": {"angle": 22.5, "axis": "z", "origin": [7.60342, 2.13736, 6.48784]},
			"faces": {
				"up": {"uv": [0, 0, 16, 16], "texture": "#cobblestone"}
			}
		},
		{
			"from": [8, -2.25, 8],
			"to": [12, 1.625, 12],
			"rotation": {"angle": 22.5, "axis": "z", "origin": [7.60342, 2.13736, 6.48784]},
			"faces": {
				"up": {"uv": [0, 0, 16, 16], "texture": "#cobblestone"}
			}
		},
		{
			"from": [12, -2.25, 8],
			"to": [16, 1.625, 12],
			"rotation": {"angle": 22.5, "axis": "z", "origin": [7.60342, 2.13736, 6.48784]},
			"faces": {
				"up": {"uv": [0, 0, 16, 16], "texture": "#cobblestone"}
			}
		},
		{
			"from": [12, -2.25, 4],
			"to": [16, 1.625, 8],
			"rotation": {"angle": 22.5, "axis": "z", "origin": [7.60342, 2.13736, 6.48784]},
			"faces": {
				"up": {"uv": [0, 0, 16, 16], "texture": "#cobblestone"}
			}
		},
		{
			"from": [8, -2.25, 4],
			"to": [12, 1.625, 8],
			"rotation": {"angle": 22.5, "axis": "z", "origin": [7.60342, 2.13736, 6.48784]},
			"faces": {
				"up": {"uv": [0, 0, 16, 16], "texture": "#cobblestone"}
			}
		},
		{
			"from": [4, -2.25, 4],
			"to": [8, 1.625, 8],
			"rotation": {"angle": 22.5, "axis": "z", "origin": [7.60342, 2.13736, 6.48784]},
			"faces": {
				"up": {"uv": [0, 0, 16, 16], "texture": "#cobblestone"}
			}
		},
		{
			"from": [4, -2.25, 0],
			"to": [8, 1.625, 4],
			"rotation": {"angle": 22.5, "axis": "z", "origin": [7.60342, 2.13736, 6.48784]},
			"faces": {
				"up": {"uv": [0, 0, 16, 16], "texture": "#cobblestone"}
			}
		},
		{
			"from": [8, -2.25, 0],
			"to": [12, 1.625, 4],
			"rotation": {"angle": 22.5, "axis": "z", "origin": [7.60342, 2.13736, 6.48784]},
			"faces": {
				"up": {"uv": [0, 0, 16, 16], "texture": "#cobblestone"}
			}
		},
		{
			"from": [12, -2.25, 0],
			"to": [16, 1.625, 4],
			"rotation": {"angle": 22.5, "axis": "z", "origin": [7.60342, 2.13736, 6.48784]},
			"faces": {
				"up": {"uv": [0, 0, 16, 16], "texture": "#cobblestone"}
			}
		},
		{
			"from": [0, -2.25, 0],
			"to": [4, 1.625, 4],
			"rotation": {"angle": 22.5, "axis": "z", "origin": [7.60342, 2.13736, 6.48784]},
			"faces": {
				"north": {"uv": [0, 0, 16, 16], "texture": "#cobblestone"},
				"up": {"uv": [0, 0, 16, 16], "texture": "#cobblestone"}
			}
		},
		{
			"from": [0, -2.25, 4],
			"to": [4, 1.625, 8],
			"rotation": {"angle": 22.5, "axis": "z", "origin": [7.60342, 2.13736, 6.48784]},
			"faces": {
				"up": {"uv": [0, 0, 16, 16], "texture": "#cobblestone"}
			}
		}
	],
	"display": {
		"thirdperson_righthand": {
			"rotation": [75, -145, 0],
			"translation": [0, 2.5, 0],
			"scale": [0.375, 0.375, 0.375]
		},
		"thirdperson_lefthand": {
			"rotation": [75, -145, 0],
			"translation": [0, 2.5, 0],
			"scale": [-0.375, 0.375, 0.375]
		},
		"firstperson_righthand": {
			"rotation": [0, -45, 0],
			"translation": [0, 1, -1],
			"scale": [0.3, 0.3, 0.3]
		},
		"firstperson_lefthand": {
			"rotation": [0, -45, 0],
			"translation": [0, 1, -1],
			"scale": [-0.3, 0.3, 0.3]
		},
		"ground": {
			"translation": [0, 3, 0],
			"scale": [0.25, 0.25, 0.25]
		},
		"gui": {
			"rotation": [30, -45, 0],
			"translation": [0, 0.25, 0],
			"scale": [0.45, 0.45, 0.45]
		},
		"head": {
			"rotation": [22.5, -90, 0],
			"translation": [0, -32, 12],
			"scale": [4, 4, 4]
		},
		"fixed": {
			"rotation": [0, 90, 0],
			"translation": [0, 0, -4.25],
			"scale": [0.5, 0.5, 0.5]
		}
	},
	"groups": [
		{
			"name": "base_all",
			"origin": [8, 8, 8],
			"children": [
				{
					"name": "base",
					"origin": [8, 8, 8],
					"children": [0, 1, 2, 3, 4, 5, 6, 7, 8, 9, 10, 11, 12, 13, 14, 15, 16, 17, 18, 19, 20, 21, 22, 23, 24, 25, 26, 27, 28, 29, 30, 31, 32, 33, 34, 35, 36, 37, 38, 39, 40, 41, 42, 43, 44, 45, 46, 47, 48, 49, 50, 51, 52, 53, 54, 55, 56, 57, 58, 59]
				}
			]
		}
	]
}