{
	"format_version": "1.12.0",
	"minecraft:geometry": [
		{
			"description": {
				"identifier": "geometry.golem",
				"texture_width": 128,
				"texture_height": 128,
				"visible_bounds_width": 5,
				"visible_bounds_height": 4.5,
				"visible_bounds_offset": [0, 0.75, 0]
			},
			"bones": [
				{
					"name": "hitbox",
					"pivot": [0.125, 17.34375, -2.9375],
					"cubes": [
						{
							"origin": [-17.875, 0.21875, -7.9375],
							"size": [34, 34.25, 16],
							"uv": {}
						}
					]
				},
				{
					"name": "torso",
					"pivot": [0.9375, 12.46875, 1.125],
					"cubes": [
						{
							"origin": [-12, 16.5, -6],
							"size": [21, 13.5, 12],
							"uv": {
								"north": {"uv": [33, 21], "uv_size": [21, 13]},
								"east": {"uv": [21, 21], "uv_size": [12, 13]},
								"south": {"uv": [0, 21], "uv_size": [21, 13]},
								"west": {"uv": [54, 21], "uv_size": [12, 13]},
								"up": {"uv": [19, 0], "uv_size": [21, 12]},
								"down": {"uv": [33, 21], "uv_size": [12, -21]}
							}
						},
						{
							"origin": [-6, 30, -4.5],
							"size": [9, 3, 6],
							"uv": {
								"north": {"uv": [41, 70], "uv_size": [9, 3]},
								"east": {"uv": [35, 70], "uv_size": [6, 3]},
								"south": {"uv": [26, 70], "uv_size": [9, 3]},
								"west": {"uv": [50, 70], "uv_size": [6, 3]},
								"up": {"uv": [35, 61], "uv_size": [6, 9]},
								"down": {"uv": [41, 70], "uv_size": [6, -9]}
							}
						},
						{
							"origin": [-6, 13.5, -9],
							"size": [9, 3, 9],
							"pivot": [-1.5, 13.5, -1.5],
							"rotation": [-22.5, 0, 0],
							"uv": {
								"north": {"uv": [61, 58], "uv_size": [9, 3]},
								"east": {"uv": [52, 58], "uv_size": [9, 3]},
								"south": {"uv": [43, 58], "uv_size": [9, 3]},
								"west": {"uv": [70, 58], "uv_size": [9, 3]},
								"up": {"uv": [52, 49], "uv_size": [9, 9]},
								"down": {"uv": [61, 58], "uv_size": [9, -9]}
							}
						},
						{
							"origin": [7.5, 28.5, -7.5],
							"size": [12, 3, 12],
							"uv": {
								"north": {"uv": [69, 12], "uv_size": [12, 3]},
								"east": {"uv": [57, 12], "uv_size": [12, 3]},
								"south": {"uv": [45, 12], "uv_size": [12, 3]},
								"west": {"uv": [81, 12], "uv_size": [12, 3]},
								"up": {"uv": [57, 0], "uv_size": [12, 12]},
								"down": {"uv": [69, 12], "uv_size": [12, -12]}
							}
						}
					]
				},
				{
					"name": "leftArm",
					"parent": "torso",
					"pivot": [10.675, 28.00235, 0.37657],
					"cubes": [
						{
							"origin": [9.6, 18.7547, -2.24686],
							"size": [7.5, 10.5, 6],
							"pivot": [13.35, 24.0047, 0.75314],
							"rotation": [22.5, 0, 0],
							"uv": {
								"north": {"uv": [13, 65], "uv_size": [7, 10]},
								"east": {"uv": [7, 65], "uv_size": [6, 10]},
								"south": {"uv": [0, 65], "uv_size": [7, 10]},
								"west": {"uv": [20, 65], "uv_size": [6, 10]},
								"up": {"uv": [7, 58], "uv_size": [6, 7]},
								"down": {"uv": [13, 65], "uv_size": [6, -7]}
							}
						}
					]
				},
				{
					"name": "leftarm2",
					"parent": "leftArm",
					"pivot": [9.25, 20.25, 4.5],
					"rotation": [0, 90, 0],
					"cubes": [
						{
							"origin": [9, 13.5, 5.5],
							"size": [27, 7.5, 7.5],
							"pivot": [10.5, 19.5, 4.5],
							"rotation": [0, 0, 22.5],
							"uv": {
								"north": {"uv": [7, 41], "uv_size": [27, 7]},
								"east": {"uv": [0, 41], "uv_size": [7, 7]},
								"south": {"uv": [41, 41], "uv_size": [27, 7]},
								"west": {"uv": [34, 41], "uv_size": [7, 7]},
								"up": {"uv": [7, 34], "uv_size": [27, 7]},
								"down": {"uv": [34, 41], "uv_size": [27, -7]}
							}
						}
					]
				},
				{
					"name": "leftLeg",
					"parent": "torso",
					"pivot": [5.125, 15.125, -0.375],
					"cubes": [
						{
							"origin": [3, 10.5, -4.5],
							"size": [4.5, 7.5, 4.5],
							"pivot": [6, 12, -4.5],
							"rotation": [-22.5, 0, 0],
							"uv": {
								"north": {"uv": [70, 34], "uv_size": [4, 7]},
								"east": {"uv": [66, 34], "uv_size": [4, 7]},
								"south": {"uv": [62, 34], "uv_size": [4, 7]},
								"west": {"uv": [74, 34], "uv_size": [4, 7]},
								"up": {"uv": [66, 30], "uv_size": [4, 4]},
								"down": {"uv": [70, 34], "uv_size": [4, -4]}
							}
						}
					]
				},
				{
					"name": "leftLeg2",
					"parent": "leftLeg",
					"pivot": [4.5, 8.9125, -3.625],
					"cubes": [
						{
							"origin": [3, 6, -3],
							"size": [3, 1.65, 3],
							"uv": {
								"north": {"uv": [15, 17], "uv_size": [3, 1]},
								"east": {"uv": [12, 17], "uv_size": [3, 1]},
								"south": {"uv": [9, 17], "uv_size": [3, 1]},
								"west": {"uv": [18, 17], "uv_size": [3, 1]},
								"up": {"uv": [12, 14], "uv_size": [3, 3]},
								"down": {"uv": [15, 17], "uv_size": [3, -3]}
							}
						},
						{
							"origin": [3, 0, -3],
							"size": [3, 6, 2.5],
							"uv": {
								"north": {"uv": [70, 18], "uv_size": [3, 7]},
								"east": {"uv": [69, 18], "uv_size": [1, 7]},
								"south": {"uv": [66, 18], "uv_size": [3, 7]},
								"west": {"uv": [73, 18], "uv_size": [1, 7]},
								"up": {"uv": [69, 15], "uv_size": [1, 3]},
								"down": {"uv": [70, 18], "uv_size": [1, -3]}
							}
						}
					]
				},
				{
					"name": "rightLeg",
					"parent": "torso",
					"pivot": [-6.625, 14.375, -1.125],
					"cubes": [
						{
							"origin": [-7.5, 9, -4.5],
							"size": [4.5, 7.5, 4.5],
							"pivot": [-6, 10.5, -4.5],
							"rotation": [-22.5, 0, 0],
							"uv": {
								"north": {"uv": [64, 65], "uv_size": [4, 7]},
								"east": {"uv": [60, 65], "uv_size": [4, 7]},
								"south": {"uv": [56, 65], "uv_size": [4, 7]},
								"west": {"uv": [68, 65], "uv_size": [4, 7]},
								"up": {"uv": [60, 61], "uv_size": [4, 4]},
								"down": {"uv": [64, 65], "uv_size": [4, -4]}
							}
						}
					]
				},
				{
					"name": "rightLeg2",
					"parent": "rightLeg",
					"pivot": [-4.5, 8.9125, -3.625],
					"cubes": [
						{
							"origin": [-6, 0, -3],
							"size": [3, 6, 2.5],
							"uv": {
								"north": {"uv": [30, 61], "uv_size": [3, 7]},
								"east": {"uv": [29, 61], "uv_size": [1, 7]},
								"south": {"uv": [26, 61], "uv_size": [3, 7]},
								"west": {"uv": [33, 61], "uv_size": [1, 7]},
								"up": {"uv": [29, 58], "uv_size": [1, 3]},
								"down": {"uv": [30, 61], "uv_size": [1, -3]}
							}
						},
						{
							"origin": [-6, 6, -3],
							"size": [3, 1.65, 3],
							"uv": {
								"north": {"uv": [6, 16], "uv_size": [3, 1]},
								"east": {"uv": [3, 16], "uv_size": [3, 1]},
								"south": {"uv": [0, 16], "uv_size": [3, 1]},
								"west": {"uv": [9, 16], "uv_size": [3, 1]},
								"up": {"uv": [3, 13], "uv_size": [3, 3]},
								"down": {"uv": [6, 16], "uv_size": [3, -3]}
							}
						}
					]
				},
				{
					"name": "rightArm",
					"parent": "torso",
					"pivot": [-12.4565, 25.1525, -0.415],
					"cubes": [
						{
							"origin": [-17.838, 18.21, -1.17],
							"size": [5.85, 8.19, 4.68],
							"pivot": [-13.158, 20.55, 2.34],
							"rotation": [22.5, 0, 0],
							"uv": {
								"north": {"uv": [9, 5], "uv_size": [5, 8]},
								"east": {"uv": [5, 5], "uv_size": [4, 8]},
								"south": {"uv": [0, 5], "uv_size": [5, 8]},
								"west": {"uv": [14, 5], "uv_size": [4, 8]},
								"up": {"uv": [5, 0], "uv_size": [4, 5]},
								"down": {"uv": [9, 5], "uv_size": [4, -5]}
							}
						}
					]
				},
				{
					"name": "rightArm2",
					"parent": "rightArm",
					"pivot": [-13.615, 15.455, 3.15],
					"rotation": [0, -90, 0],
					"cubes": [
						{
							"origin": [-32.58, 13.53, 2.51],
							"size": [21.06, 5.85, 5.85],
							"pivot": [-12.69, 18.21, 3.51],
							"rotation": [0, 0, -22.5],
							"uv": {
								"north": {"uv": [31, 53], "uv_size": [21, 5]},
								"east": {"uv": [26, 53], "uv_size": [5, 5]},
								"south": {"uv": [5, 53], "uv_size": [21, 5]},
								"west": {"uv": [0, 53], "uv_size": [5, 5]},
								"up": {"uv": [5, 48], "uv_size": [21, 5]},
								"down": {"uv": [26, 53], "uv_size": [21, -5]}
							}
						}
					]
				}
			]
		}
	]
}