{
	"format_version": "1.12.0",
	"minecraft:geometry": [
		{
			"description": {
				"identifier": "geometry.unknown",
				"texture_width": 64,
				"texture_height": 64,
				"visible_bounds_width": 3,
				"visible_bounds_height": 3,
				"visible_bounds_offset": [0, 0.5, 0]
			},
			"bones": [
				{
					"name": "hitbox",
					"pivot": [3, 9, -4],
					"cubes": [
						{
							"origin": [-6, 0, -6],
							"size": [10, 15, 13],
							"uv": {}
						}
					]
				},
				{
					"name": "bone",
					"pivot": [-1, 8, 0],
					"rotation": [-27.5, 0, 0],
					"cubes": [
						{
							"origin": [-0.25, 1.8921, -5.97136],
							"size": [1, 5, 1],
							"pivot": [1, 10, -5],
							"rotation": [22.5, 0, 0],
							"uv": {
								"north": {"uv": [18, 28], "uv_size": [1, 5]},
								"east": {"uv": [19, 28], "uv_size": [1, 5]},
								"south": {"uv": [20, 28], "uv_size": [1, 5]},
								"west": {"uv": [21, 28], "uv_size": [1, 5]},
								"up": {"uv": [19, 19], "uv_size": [-1, -1]},
								"down": {"uv": [21, 16], "uv_size": [-1, -1]}
							}
						},
						{
							"origin": [-2.75, 1.87031, -6.22041],
							"size": [1, 5, 1],
							"pivot": [-2, 10, -5],
							"rotation": [22.5, 0, 0],
							"uv": {
								"north": {"uv": [6, 27], "uv_size": [1, 5]},
								"east": {"uv": [7, 27], "uv_size": [1, 5]},
								"south": {"uv": [16, 28], "uv_size": [1, 5]},
								"west": {"uv": [17, 28], "uv_size": [1, 5]},
								"up": {"uv": [19, 19], "uv_size": [-1, -1]},
								"down": {"uv": [19, 16], "uv_size": [-1, -1]}
							}
						},
						{
							"origin": [-3, 1.01903, -3.56422],
							"size": [4, 3, 6],
							"pivot": [0, 6, 0],
							"rotation": [22.5, 0, 0],
							"uv": {
								"north": {"uv": [16, 25], "uv_size": [4, 3]},
								"east": {"uv": [8, 5], "uv_size": [6, 3]},
								"south": {"uv": [20, 25], "uv_size": [4, 3]},
								"west": {"uv": [21, 11], "uv_size": [6, 3]},
								"up": {"uv": [16, 18], "uv_size": [-4, 6]},
								"down": {"uv": [24, 11], "uv_size": [-4, -6]}
							}
						},
						{
							"origin": [-5, 3.56495, -1.69126],
							"size": [8, 5, 8],
							"uv": {
								"north": {"uv": [8, 8], "uv_size": [8, 5]},
								"east": {"uv": [8, 0], "uv_size": [8, 5]},
								"south": {"uv": [8, 13], "uv_size": [8, 5]},
								"west": {"uv": [0, 16], "uv_size": [8, 5]},
								"up": {"uv": [8, 0], "uv_size": [-8, 8]},
								"down": {"uv": [8, 8], "uv_size": [-8, 8]}
							}
						},
						{
							"origin": [-3.5, 8.56495, 0.30874],
							"size": [5, 4, 5],
							"uv": {
								"north": {"uv": [16, 11], "uv_size": [5, 4]},
								"east": {"uv": [16, 21], "uv_size": [5, 4]},
								"south": {"uv": [21, 21], "uv_size": [5, 4]},
								"west": {"uv": [21, 0], "uv_size": [5, 4]},
								"up": {"uv": [21, 25], "uv_size": [-5, -5]},
								"down": {"uv": [26, 5], "uv_size": [-5, -5]}
							}
						},
						{
							"origin": [-2, 12.56495, 2.30874],
							"size": [2, 3, 2],
							"uv": {
								"north": {"uv": [14, 5], "uv_size": [2, 3]},
								"east": {"uv": [0, 27], "uv_size": [2, 3]},
								"south": {"uv": [2, 27], "uv_size": [2, 3]},
								"west": {"uv": [4, 27], "uv_size": [2, 3]},
								"up": {"uv": [29, 14], "uv_size": [-2, -2]},
								"down": {"uv": [26, 30], "uv_size": [-2, -2]}
							}
						}
					]
				},
				{
					"name": "bone2",
					"parent": "bone",
					"pivot": [-3, 9, 0],
					"rotation": [-22.5, 0, 47.5],
					"cubes": [
						{
							"origin": [4.17717, 4.53752, -3.0531],
							"size": [4, 6, 2],
							"uv": {
								"north": {"uv": [16, 5], "uv_size": [4, 6]},
								"east": {"uv": [14, 24], "uv_size": [2, 6]},
								"south": {"uv": [8, 18], "uv_size": [4, 6]},
								"west": {"uv": [24, 14], "uv_size": [2, 6]},
								"up": {"uv": [30, 20], "uv_size": [-4, -2]},
								"down": {"uv": [30, 26], "uv_size": [-4, -2]}
							}
						}
					]
				},
				{
					"name": "bone3",
					"parent": "bone",
					"pivot": [-2, 12, 0],
					"rotation": [-22.5, 0, -47.5],
					"cubes": [
						{
							"origin": [-13.14971, 3.19569, -1.83307],
							"size": [4, 6, 2],
							"uv": {
								"north": {"uv": [0, 21], "uv_size": [4, 6]},
								"east": {"uv": [24, 25], "uv_size": [2, 6]},
								"south": {"uv": [4, 21], "uv_size": [4, 6]},
								"west": {"uv": [26, 26], "uv_size": [2, 6]},
								"up": {"uv": [30, 20], "uv_size": [-4, -2]},
								"down": {"uv": [30, 22], "uv_size": [-4, -2]}
							}
						}
					]
				},
				{
					"name": "bone4",
					"parent": "bone",
					"pivot": [-1, 7, 0],
					"rotation": [27.5, 0, 0],
					"cubes": [
						{
							"origin": [0.96037, 0, -3.19239],
							"size": [3, 2, 6],
							"pivot": [3, 0, -3.75],
							"rotation": [0, -22.5, 0],
							"uv": {
								"north": {"uv": [27, 4], "uv_size": [3, 2]},
								"east": {"uv": [26, 0], "uv_size": [6, 2]},
								"south": {"uv": [27, 6], "uv_size": [3, 2]},
								"west": {"uv": [26, 2], "uv_size": [6, 2]},
								"up": {"uv": [14, 29], "uv_size": [-3, -6]},
								"down": {"uv": [11, 30], "uv_size": [-3, -6]}
							}
						},
						{
							"origin": [-5.96037, 0, -3.44239],
							"size": [3, 2, 6],
							"pivot": [-4, 0, -4],
							"rotation": [0, 22.5, 0],
							"uv": {
								"north": {"uv": [27, 8], "uv_size": [3, 2]},
								"east": {"uv": [26, 14], "uv_size": [6, 2]},
								"south": {"uv": [27, 10], "uv_size": [3, 2]},
								"west": {"uv": [26, 16], "uv_size": [6, 2]},
								"up": {"uv": [13, 29], "uv_size": [-3, -6]},
								"down": {"uv": [30, 10], "uv_size": [-3, -6]}
							}
						}
					]
				}
			]
		}
	]
}