{
	"format_version": "1.12.0",
	"minecraft:geometry": [
		{
			"description": {
				"identifier": "geometry.rhino",
				"texture_width": 64,
				"texture_height": 64,
				"visible_bounds_width": 3,
				"visible_bounds_height": 2.5,
				"visible_bounds_offset": [0, 0.75, 0]
			},
			"bones": [
				{
					"name": "body",
					"pivot": [-0.06111, 4.33174, 1.83588],
					"cubes": [
						{
							"origin": [-1.3, 6.18023, -7.27926],
							"size": [2.4, 3.6, 2.7],
							"pivot": [-0.1, 9.18023, -5.92926],
							"rotation": [45, 0, 0],
							"uv": {
								"north": {"uv": [2, 2], "uv_size": [2, 3]},
								"east": {"uv": [0, 2], "uv_size": [2, 3]},
								"south": {"uv": [6, 2], "uv_size": [2, 3]},
								"west": {"uv": [4, 2], "uv_size": [2, 3]},
								"up": {"uv": [2, 0], "uv_size": [2, 2]},
								"down": {"uv": [4, 2], "uv_size": [2, -2]}
							}
						},
						{
							"origin": [-3.1, 5.45, -5],
							"size": [6, 2.4, 4.8],
							"uv": {
								"north": {"uv": [21, 15], "uv_size": [6, 2]},
								"east": {"uv": [17, 15], "uv_size": [4, 2]},
								"south": {"uv": [31, 15], "uv_size": [6, 2]},
								"west": {"uv": [27, 15], "uv_size": [4, 2]},
								"up": {"uv": [21, 11], "uv_size": [6, 4]},
								"down": {"uv": [27, 15], "uv_size": [6, -4]}
							}
						},
						{
							"origin": [-3.5, 3.05, -0.2],
							"size": [7, 2.5, 8.5],
							"uv": {
								"north": {"uv": [8, 8], "uv_size": [7, 2]},
								"east": {"uv": [0, 8], "uv_size": [8, 2]},
								"south": {"uv": [23, 8], "uv_size": [7, 2]},
								"west": {"uv": [15, 8], "uv_size": [8, 2]},
								"up": {"uv": [8, 0], "uv_size": [7, 8]},
								"down": {"uv": [15, 8], "uv_size": [7, -8]}
							}
						},
						{
							"origin": [-3.1, 3.05, -3.8],
							"size": [6, 2.4, 3.6],
							"uv": {
								"north": {"uv": [31, 31], "uv_size": [6, 2]},
								"east": {"uv": [28, 31], "uv_size": [3, 2]},
								"south": {"uv": [40, 31], "uv_size": [6, 2]},
								"west": {"uv": [37, 31], "uv_size": [3, 2]},
								"up": {"uv": [31, 28], "uv_size": [6, 3]},
								"down": {"uv": [37, 31], "uv_size": [6, -3]}
							}
						},
						{
							"origin": [-0.5, 7.38023, -6.67926],
							"size": [1, 6, 1.5],
							"pivot": [-0.1, 9.18023, -5.92926],
							"rotation": [45, 0, 0],
							"uv": {
								"north": {"uv": [1, 21], "uv_size": [1, 6]},
								"east": {"uv": [0, 21], "uv_size": [1, 6]},
								"south": {"uv": [3, 21], "uv_size": [1, 6]},
								"west": {"uv": [2, 21], "uv_size": [1, 6]},
								"up": {"uv": [1, 20], "uv_size": [1, 1]},
								"down": {"uv": [2, 21], "uv_size": [1, -1]}
							}
						},
						{
							"origin": [-0.5, 11.68041, -11.96878],
							"size": [1, 1, 3.6],
							"uv": {
								"north": {"uv": [3, 13], "uv_size": [1, 1]},
								"east": {"uv": [0, 13], "uv_size": [3, 1]},
								"south": {"uv": [7, 13], "uv_size": [1, 1]},
								"west": {"uv": [4, 13], "uv_size": [3, 1]},
								"up": {"uv": [3, 10], "uv_size": [1, 3]},
								"down": {"uv": [4, 13], "uv_size": [1, -3]}
							}
						},
						{
							"origin": [-0.5, 11.26686, -14.04782],
							"size": [1, 1, 2.4],
							"pivot": [-0.1, 11.86686, -12.84782],
							"rotation": [22.5, 0, 0],
							"uv": {
								"north": {"uv": [24, 6], "uv_size": [1, 1]},
								"east": {"uv": [22, 6], "uv_size": [2, 1]},
								"south": {"uv": [27, 6], "uv_size": [1, 1]},
								"west": {"uv": [25, 6], "uv_size": [2, 1]},
								"up": {"uv": [24, 4], "uv_size": [1, 2]},
								"down": {"uv": [25, 6], "uv_size": [1, -2]}
							}
						},
						{
							"origin": [-2.5, 5.45, -0.2],
							"size": [4.8, 1.8, 8.4],
							"uv": {
								"north": {"uv": [30, 10], "uv_size": [4, 1]},
								"east": {"uv": [22, 10], "uv_size": [8, 1]},
								"south": {"uv": [42, 10], "uv_size": [4, 1]},
								"west": {"uv": [34, 10], "uv_size": [8, 1]},
								"up": {"uv": [30, 2], "uv_size": [4, 8]},
								"down": {"uv": [34, 10], "uv_size": [4, -8]}
							}
						}
					]
				},
				{
					"name": "leftShell",
					"parent": "body",
					"pivot": [2.7, 7.9, 0],
					"cubes": [
						{
							"origin": [2.4, 5.55, -0.2],
							"size": [1.15, 3, 8.5],
							"uv": {
								"north": {"uv": [8.5, 28], "uv_size": [-0.5, 3]},
								"east": {"uv": [8, 28], "uv_size": [-8, 3]},
								"south": {"uv": [22, 28], "uv_size": [-1, 3]},
								"west": {"uv": [8, 28], "uv_size": [-8, 3]},
								"up": {"uv": [9, 20], "uv_size": [-1, 8]},
								"down": {"uv": [11, 28], "uv_size": [-1, -8]}
							}
						},
						{
							"origin": [0, 7.05, -0.2],
							"size": [2.4, 1.5, 8.5],
							"uv": {
								"north": {"uv": [11, 28], "uv_size": [-3, 1]},
								"east": {"uv": [8, 28], "uv_size": [-8, 1]},
								"south": {"uv": [21, 28], "uv_size": [-2, 1]},
								"west": {"uv": [8, 28], "uv_size": [-8, 3]},
								"up": {"uv": [11, 20], "uv_size": [-2, 8]},
								"down": {"uv": [11, 28], "uv_size": [-3, -8]}
							}
						}
					]
				},
				{
					"name": "rightShell",
					"parent": "body",
					"pivot": [-2.85, 7.9, 0],
					"cubes": [
						{
							"origin": [-3.55, 5.55, -0.2],
							"size": [1.15, 3, 8.5],
							"uv": {
								"north": {"uv": [8, 28], "uv_size": [0.5, 3]},
								"east": {"uv": [0, 28], "uv_size": [8, 3]},
								"south": {"uv": [21, 28], "uv_size": [1, 3]},
								"west": {"uv": [0, 28], "uv_size": [8, 3]},
								"up": {"uv": [8, 20], "uv_size": [1, 8]},
								"down": {"uv": [10, 28], "uv_size": [1, -8]}
							}
						},
						{
							"origin": [-2.4, 7.05, -0.2],
							"size": [2.4, 1.5, 8.5],
							"uv": {
								"north": {"uv": [8, 28], "uv_size": [3, 1]},
								"east": {"uv": [0, 28], "uv_size": [8, 3]},
								"south": {"uv": [19, 28], "uv_size": [2, 1]},
								"west": {"uv": [0, 28], "uv_size": [8, 1]},
								"up": {"uv": [9, 20], "uv_size": [2, 8]},
								"down": {"uv": [8, 28], "uv_size": [3, -8]}
							}
						}
					]
				},
				{
					"name": "Legs1",
					"parent": "body",
					"pivot": [0, 3.4013, 3.1],
					"cubes": [
						{
							"origin": [-6.46968, -1.71981, 2.7],
							"size": [1, 3.5, 1],
							"pivot": [-1.64295, 3.34267, 3.3],
							"rotation": [0, 0, 22.5],
							"uv": {
								"north": {"uv": [7, 36], "uv_size": [1, 3]},
								"east": {"uv": [6, 36], "uv_size": [1, 3]},
								"south": {"uv": [9, 36], "uv_size": [1, 3]},
								"west": {"uv": [8, 36], "uv_size": [1, 3]},
								"up": {"uv": [7, 35], "uv_size": [1, 1]},
								"down": {"uv": [8, 36], "uv_size": [1, -1]}
							}
						},
						{
							"origin": [5.32317, -1.88874, 2.7],
							"size": [1.2, 3.6, 1],
							"pivot": [1.49644, 3.17375, 3.3],
							"rotation": [0, 0, -22.5],
							"uv": {
								"north": {"uv": [35, 22], "uv_size": [1, 3]},
								"east": {"uv": [34, 22], "uv_size": [1, 3]},
								"south": {"uv": [37, 22], "uv_size": [1, 3]},
								"west": {"uv": [36, 22], "uv_size": [1, 3]},
								"up": {"uv": [35, 21], "uv_size": [1, 1]},
								"down": {"uv": [36, 22], "uv_size": [1, -1]}
							}
						},
						{
							"origin": [-3.46663, 2.40684, 2.5],
							"size": [2.4, 1.2, 1.2],
							"uv": {
								"north": {"uv": [35, 34], "uv_size": [2, 1]},
								"east": {"uv": [34, 34], "uv_size": [1, 1]},
								"south": {"uv": [38, 34], "uv_size": [2, 1]},
								"west": {"uv": [37, 34], "uv_size": [1, 1]},
								"up": {"uv": [35, 33], "uv_size": [2, 1]},
								"down": {"uv": [37, 34], "uv_size": [2, -1]}
							}
						},
						{
							"origin": [1.06663, 2.40684, 2.5],
							"size": [2.4, 1.2, 1.2],
							"uv": {
								"north": {"uv": [35, 20], "uv_size": [2, 1]},
								"east": {"uv": [34, 20], "uv_size": [1, 1]},
								"south": {"uv": [38, 20], "uv_size": [2, 1]},
								"west": {"uv": [37, 20], "uv_size": [1, 1]},
								"up": {"uv": [35, 19], "uv_size": [2, 1]},
								"down": {"uv": [37, 20], "uv_size": [2, -1]}
							}
						},
						{
							"origin": [-6.51556, 1.74953, 2.7],
							"size": [3.5, 1, 1],
							"pivot": [-1.58883, 3.21202, 3.3],
							"rotation": [0, 0, 22.5],
							"uv": {
								"north": {"uv": [23, 3], "uv_size": [3, 1]},
								"east": {"uv": [22, 3], "uv_size": [1, 1]},
								"south": {"uv": [27, 3], "uv_size": [3, 1]},
								"west": {"uv": [26, 3], "uv_size": [1, 1]},
								"up": {"uv": [23, 2], "uv_size": [3, 1]},
								"down": {"uv": [26, 3], "uv_size": [3, -1]}
							}
						},
						{
							"origin": [3.02317, 1.71126, 2.7],
							"size": [3.5, 1, 1],
							"pivot": [1.49644, 3.17375, 3.3],
							"rotation": [0, 0, -22.5],
							"uv": {
								"north": {"uv": [23, 1], "uv_size": [3, 1]},
								"east": {"uv": [22, 1], "uv_size": [1, 1]},
								"south": {"uv": [27, 1], "uv_size": [3, 1]},
								"west": {"uv": [26, 1], "uv_size": [1, 1]},
								"up": {"uv": [23, 0], "uv_size": [3, 1]},
								"down": {"uv": [26, 1], "uv_size": [3, -1]}
							}
						},
						{
							"origin": [-9.0616, -0.00068, 2.7],
							"size": [2, 1, 1],
							"uv": {
								"north": {"uv": [1, 36], "uv_size": [2, 1]},
								"east": {"uv": [0, 36], "uv_size": [1, 1]},
								"south": {"uv": [4, 36], "uv_size": [2, 1]},
								"west": {"uv": [3, 36], "uv_size": [1, 1]},
								"up": {"uv": [1, 35], "uv_size": [2, 1]},
								"down": {"uv": [3, 36], "uv_size": [2, -1]}
							}
						},
						{
							"origin": [6.96921, -0.03895, 2.7],
							"size": [2, 1, 1],
							"uv": {
								"north": {"uv": [35, 18], "uv_size": [2, 1]},
								"east": {"uv": [34, 18], "uv_size": [1, 1]},
								"south": {"uv": [38, 18], "uv_size": [2, 1]},
								"west": {"uv": [37, 18], "uv_size": [1, 1]},
								"up": {"uv": [35, 17], "uv_size": [2, 1]},
								"down": {"uv": [37, 18], "uv_size": [2, -1]}
							}
						}
					]
				},
				{
					"name": "Legs2",
					"parent": "body",
					"pivot": [0, 3.4013, 6.6],
					"cubes": [
						{
							"origin": [-6.46968, -1.71981, 6.2],
							"size": [1, 3.5, 1],
							"pivot": [-1.64295, 3.34267, 6.8],
							"rotation": [0, 0, 22.5],
							"uv": {
								"north": {"uv": [5, 25], "uv_size": [1, 3]},
								"east": {"uv": [4, 25], "uv_size": [1, 3]},
								"south": {"uv": [7, 25], "uv_size": [1, 3]},
								"west": {"uv": [6, 25], "uv_size": [1, 3]},
								"up": {"uv": [5, 24], "uv_size": [1, 1]},
								"down": {"uv": [6, 25], "uv_size": [1, -1]}
							}
						},
						{
							"origin": [5.32317, -1.88874, 6.2],
							"size": [1.2, 3.6, 1],
							"pivot": [1.49644, 3.17375, 6.8],
							"rotation": [0, 0, -22.5],
							"uv": {
								"north": {"uv": [15, 21], "uv_size": [1, 3]},
								"east": {"uv": [14, 21], "uv_size": [1, 3]},
								"south": {"uv": [17, 21], "uv_size": [1, 3]},
								"west": {"uv": [16, 21], "uv_size": [1, 3]},
								"up": {"uv": [15, 20], "uv_size": [1, 1]},
								"down": {"uv": [16, 21], "uv_size": [1, -1]}
							}
						},
						{
							"origin": [-3.46663, 2.40684, 6],
							"size": [2.4, 1.2, 1.2],
							"uv": {
								"north": {"uv": [34, 14], "uv_size": [2, 1]},
								"east": {"uv": [33, 14], "uv_size": [1, 1]},
								"south": {"uv": [37, 14], "uv_size": [2, 1]},
								"west": {"uv": [36, 14], "uv_size": [1, 1]},
								"up": {"uv": [34, 13], "uv_size": [2, 1]},
								"down": {"uv": [36, 14], "uv_size": [2, -1]}
							}
						},
						{
							"origin": [1.06663, 2.40684, 6],
							"size": [2.4, 1.2, 1.2],
							"uv": {
								"north": {"uv": [34, 12], "uv_size": [2, 1]},
								"east": {"uv": [33, 12], "uv_size": [1, 1]},
								"south": {"uv": [37, 12], "uv_size": [2, 1]},
								"west": {"uv": [36, 12], "uv_size": [1, 1]},
								"up": {"uv": [34, 11], "uv_size": [2, 1]},
								"down": {"uv": [36, 12], "uv_size": [2, -1]}
							}
						},
						{
							"origin": [-6.51556, 1.74953, 6.2],
							"size": [3.5, 1, 1],
							"pivot": [-1.58883, 3.21202, 6.8],
							"rotation": [0, 0, 22.5],
							"uv": {
								"north": {"uv": [18, 18], "uv_size": [3, 1]},
								"east": {"uv": [17, 18], "uv_size": [1, 1]},
								"south": {"uv": [22, 18], "uv_size": [3, 1]},
								"west": {"uv": [21, 18], "uv_size": [1, 1]},
								"up": {"uv": [18, 17], "uv_size": [3, 1]},
								"down": {"uv": [21, 18], "uv_size": [3, -1]}
							}
						},
						{
							"origin": [3.02317, 1.71126, 6.2],
							"size": [3.5, 1, 1],
							"pivot": [1.49644, 3.17375, 6.8],
							"rotation": [0, 0, -22.5],
							"uv": {
								"north": {"uv": [1, 17], "uv_size": [3, 1]},
								"east": {"uv": [0, 17], "uv_size": [1, 1]},
								"south": {"uv": [5, 17], "uv_size": [3, 1]},
								"west": {"uv": [4, 17], "uv_size": [1, 1]},
								"up": {"uv": [1, 16], "uv_size": [3, 1]},
								"down": {"uv": [4, 17], "uv_size": [3, -1]}
							}
						},
						{
							"origin": [-9.0616, -0.00068, 6.4],
							"size": [2, 1, 1],
							"uv": {
								"north": {"uv": [29, 34], "uv_size": [2, 1]},
								"east": {"uv": [28, 34], "uv_size": [1, 1]},
								"south": {"uv": [32, 34], "uv_size": [2, 1]},
								"west": {"uv": [31, 34], "uv_size": [1, 1]},
								"up": {"uv": [29, 33], "uv_size": [2, 1]},
								"down": {"uv": [31, 34], "uv_size": [2, -1]}
							}
						},
						{
							"origin": [6.96921, -0.03895, 6.2],
							"size": [2, 1, 1],
							"uv": {
								"north": {"uv": [17, 34], "uv_size": [2, 1]},
								"east": {"uv": [16, 34], "uv_size": [1, 1]},
								"south": {"uv": [20, 34], "uv_size": [2, 1]},
								"west": {"uv": [19, 34], "uv_size": [1, 1]},
								"up": {"uv": [17, 33], "uv_size": [2, 1]},
								"down": {"uv": [19, 34], "uv_size": [2, -1]}
							}
						}
					]
				},
				{
					"name": "Legs3",
					"parent": "body",
					"pivot": [0, 3.4013, -0.4],
					"cubes": [
						{
							"origin": [-6.46968, -1.71981, -0.8],
							"size": [1, 3.5, 1],
							"pivot": [-1.64295, 3.34267, -0.2],
							"rotation": [0, 0, 22.5],
							"uv": {
								"north": {"uv": [5, 21], "uv_size": [1, 3]},
								"east": {"uv": [4, 21], "uv_size": [1, 3]},
								"south": {"uv": [7, 21], "uv_size": [1, 3]},
								"west": {"uv": [6, 21], "uv_size": [1, 3]},
								"up": {"uv": [5, 20], "uv_size": [1, 1]},
								"down": {"uv": [6, 21], "uv_size": [1, -1]}
							}
						},
						{
							"origin": [5.32317, -1.88874, -0.8],
							"size": [1.2, 3.6, 1],
							"pivot": [1.49644, 3.17375, -0.2],
							"rotation": [0, 0, -22.5],
							"uv": {
								"north": {"uv": [18, 11], "uv_size": [1, 3]},
								"east": {"uv": [17, 11], "uv_size": [1, 3]},
								"south": {"uv": [20, 11], "uv_size": [1, 3]},
								"west": {"uv": [19, 11], "uv_size": [1, 3]},
								"up": {"uv": [18, 10], "uv_size": [1, 1]},
								"down": {"uv": [19, 11], "uv_size": [1, -1]}
							}
						},
						{
							"origin": [-3.46663, 2.40684, -1],
							"size": [2.4, 1.2, 1.2],
							"uv": {
								"north": {"uv": [11, 34], "uv_size": [2, 1]},
								"east": {"uv": [10, 34], "uv_size": [1, 1]},
								"south": {"uv": [14, 34], "uv_size": [2, 1]},
								"west": {"uv": [13, 34], "uv_size": [1, 1]},
								"up": {"uv": [11, 33], "uv_size": [2, 1]},
								"down": {"uv": [13, 34], "uv_size": [2, -1]}
							}
						},
						{
							"origin": [1.06663, 2.40684, -1],
							"size": [2.4, 1.2, 1.2],
							"uv": {
								"north": {"uv": [15, 32], "uv_size": [2, 1]},
								"east": {"uv": [14, 32], "uv_size": [1, 1]},
								"south": {"uv": [18, 32], "uv_size": [2, 1]},
								"west": {"uv": [17, 32], "uv_size": [1, 1]},
								"up": {"uv": [15, 31], "uv_size": [2, 1]},
								"down": {"uv": [17, 32], "uv_size": [2, -1]}
							}
						},
						{
							"origin": [-6.51556, 1.74953, -0.8],
							"size": [3.5, 1, 1],
							"pivot": [-1.58883, 3.21202, -0.2],
							"rotation": [0, 0, 22.5],
							"uv": {
								"north": {"uv": [1, 15], "uv_size": [3, 1]},
								"east": {"uv": [0, 15], "uv_size": [1, 1]},
								"south": {"uv": [5, 15], "uv_size": [3, 1]},
								"west": {"uv": [4, 15], "uv_size": [1, 1]},
								"up": {"uv": [1, 14], "uv_size": [3, 1]},
								"down": {"uv": [4, 15], "uv_size": [3, -1]}
							}
						},
						{
							"origin": [3.02317, 1.71126, -0.8],
							"size": [3.5, 1, 1],
							"pivot": [1.49644, 3.17375, -0.2],
							"rotation": [0, 0, -22.5],
							"uv": {
								"north": {"uv": [1, 6], "uv_size": [3, 1]},
								"east": {"uv": [0, 6], "uv_size": [1, 1]},
								"south": {"uv": [5, 6], "uv_size": [3, 1]},
								"west": {"uv": [4, 6], "uv_size": [1, 1]},
								"up": {"uv": [1, 5], "uv_size": [3, 1]},
								"down": {"uv": [4, 6], "uv_size": [3, -1]}
							}
						},
						{
							"origin": [-9.0616, -0.00068, -0.8],
							"size": [2, 1, 1],
							"uv": {
								"north": {"uv": [9, 32], "uv_size": [2, 1]},
								"east": {"uv": [8, 32], "uv_size": [1, 1]},
								"south": {"uv": [12, 32], "uv_size": [2, 1]},
								"west": {"uv": [11, 32], "uv_size": [1, 1]},
								"up": {"uv": [9, 31], "uv_size": [2, 1]},
								"down": {"uv": [11, 32], "uv_size": [2, -1]}
							}
						},
						{
							"origin": [6.96921, -0.03895, -0.8],
							"size": [2, 1, 1],
							"uv": {
								"north": {"uv": [31, 1], "uv_size": [2, 1]},
								"east": {"uv": [30, 1], "uv_size": [1, 1]},
								"south": {"uv": [34, 1], "uv_size": [2, 1]},
								"west": {"uv": [33, 1], "uv_size": [1, 1]},
								"up": {"uv": [31, 0], "uv_size": [2, 1]},
								"down": {"uv": [33, 1], "uv_size": [2, -1]}
							}
						}
					]
				},
				{
					"name": "leftWing",
					"parent": "body",
					"pivot": [2.1, 7.05, -0.4],
					"cubes": [
						{
							"origin": [-2.3, 6.45, -0.2],
							"size": [4.8, 1.2, 9.6],
							"uv": {
								"north": {"uv": [26, 26], "uv_size": [4, 1]},
								"east": {"uv": [17, 26], "uv_size": [9, 1]},
								"south": {"uv": [39, 26], "uv_size": [4, 1]},
								"west": {"uv": [30, 26], "uv_size": [9, 1]},
								"up": {"uv": [26, 17], "uv_size": [4, 9]},
								"down": {"uv": [30, 26], "uv_size": [4, -9]}
							}
						},
						{
							"origin": [-2.3, 7.6, -0.2],
							"size": [4.8, 1.2, 9.6],
							"uv": {
								"north": {"uv": [26, 27], "uv_size": [4, -1]},
								"east": {"uv": [17, 27], "uv_size": [9, -1]},
								"south": {"uv": [39, 27], "uv_size": [4, -1]},
								"west": {"uv": [30, 27], "uv_size": [9, -1]},
								"up": {"uv": [30, 17], "uv_size": [4, 9]},
								"down": {"uv": [26, 26], "uv_size": [4, -9]}
							}
						}
					]
				},
				{
					"name": "rightWing",
					"parent": "body",
					"pivot": [-1.85, 7.05, -0.4],
					"cubes": [
						{
							"origin": [-2.25, 6.45, -0.2],
							"size": [4.8, 1.2, 9.6],
							"uv": {
								"north": {"uv": [9, 19], "uv_size": [4, 1]},
								"east": {"uv": [0, 19], "uv_size": [9, 1]},
								"south": {"uv": [22, 19], "uv_size": [4, 1]},
								"west": {"uv": [13, 19], "uv_size": [9, 1]},
								"up": {"uv": [9, 10], "uv_size": [4, 9]},
								"down": {"uv": [13, 19], "uv_size": [4, -9]}
							}
						},
						{
							"origin": [-2.25, 7.6, -0.2],
							"size": [4.8, 1.2, 9.6],
							"uv": {
								"north": {"uv": [9, 20], "uv_size": [4, -1]},
								"east": {"uv": [0, 20], "uv_size": [9, -1]},
								"south": {"uv": [22, 20], "uv_size": [4, -1]},
								"west": {"uv": [13, 20], "uv_size": [9, -1]},
								"up": {"uv": [13, 10], "uv_size": [4, 9]},
								"down": {"uv": [9, 19], "uv_size": [4, -9]}
							}
						}
					]
				},
				{
					"name": "head",
					"parent": "body",
					"pivot": [-0.1, 4.78785, -4.49302],
					"cubes": [
						{
							"origin": [-0.5, 4.25, -11],
							"size": [1, 1, 4.8],
							"uv": {
								"north": {"uv": [18, 24], "uv_size": [1, 1]},
								"east": {"uv": [14, 24], "uv_size": [4, 1]},
								"south": {"uv": [23, 24], "uv_size": [1, 1]},
								"west": {"uv": [19, 24], "uv_size": [4, 1]},
								"up": {"uv": [18, 20], "uv_size": [1, 4]},
								"down": {"uv": [19, 24], "uv_size": [1, -4]}
							}
						},
						{
							"origin": [-0.5, 4.66355, -13.07905],
							"size": [1, 1, 2.4],
							"pivot": [-0.1, 5.26355, -11.87905],
							"rotation": [-22.5, 0, 0],
							"uv": {
								"north": {"uv": [22, 22], "uv_size": [1, 1]},
								"east": {"uv": [20, 22], "uv_size": [2, 1]},
								"south": {"uv": [25, 22], "uv_size": [1, 1]},
								"west": {"uv": [23, 22], "uv_size": [2, 1]},
								"up": {"uv": [22, 20], "uv_size": [1, 2]},
								"down": {"uv": [23, 22], "uv_size": [1, -2]}
							}
						},
						{
							"origin": [-1.9, 3.05, -6.2],
							"size": [3.6, 2.4, 2.4],
							"uv": {
								"north": {"uv": [2, 33], "uv_size": [3, 2]},
								"east": {"uv": [0, 33], "uv_size": [2, 2]},
								"south": {"uv": [7, 33], "uv_size": [3, 2]},
								"west": {"uv": [5, 33], "uv_size": [2, 2]},
								"up": {"uv": [2, 31], "uv_size": [3, 2]},
								"down": {"uv": [5, 33], "uv_size": [3, -2]}
							}
						}
					]
				},
				{
					"name": "hitbox",
					"pivot": [-0.06111, 4.33174, 1.83588],
					"cubes": [
						{
							"origin": [-9.06111, 0.33174, -8.16412],
							"size": [18, 12, 17],
							"uv": {}
						}
					]
				}
			]
		}
	]
}