{
	"format_version": "1.12.0",
	"minecraft:geometry": [
		{
			"description": {
				"identifier": "geometry.unknown",
				"texture_width": 64,
				"texture_height": 64,
				"visible_bounds_width": 5,
				"visible_bounds_height": 3,
				"visible_bounds_offset": [0, 0.5, 0]
			},
			"bones": [
				{
					"name": "hitbox",
					"pivot": [-0.5, 11, -2.5],
					"cubes": [
						{
							"origin": [-14, 0, -16],
							"size": [25, 24, 27],
							"uv": {}
						}
					]
				},
				{
					"name": "body",
					"pivot": [0, 4, 5],
					"rotation": [10, 0, 0],
					"cubes": [
						{
							"origin": [-4, 3, -3],
							"size": [8, 5, 14],
							"uv": {
								"north": {"uv": [0, 14], "uv_size": [8, 5]},
								"east": {"uv": [8, 0], "uv_size": [14, 5]},
								"south": {"uv": [16, 5], "uv_size": [8, 5]},
								"west": {"uv": [16, 16], "uv_size": [14, 5]},
								"up": {"uv": [0, 0], "uv_size": [8, 14]},
								"down": {"uv": [8, 22], "uv_size": [8, -14]}
							}
						}
					]
				},
				{
					"name": "rightArm",
					"parent": "body",
					"pivot": [-4, 5.98481, -0.82635],
					"rotation": [-5.3191, -19.92066, 1.81693],
					"cubes": [
						{
							"origin": [-10, 4.98481, -1.82635],
							"size": [8, 2, 2],
							"uv": {
								"north": {"uv": [36, 19], "uv_size": [8, 2]},
								"east": {"uv": [48, 39], "uv_size": [2, 2]},
								"south": {"uv": [36, 21], "uv_size": [8, 2]},
								"west": {"uv": [48, 41], "uv_size": [2, 2]},
								"up": {"uv": [36, 23], "uv_size": [8, 2]},
								"down": {"uv": [36, 27], "uv_size": [8, -2]}
							}
						}
					]
				},
				{
					"name": "rightClaw",
					"parent": "rightArm",
					"pivot": [-8.75, 5.98481, -0.20135],
					"rotation": [-5, 10, 0],
					"cubes": [
						{
							"origin": [-10.5, 4.48481, -3.82635],
							"size": [3, 3, 5],
							"uv": {
								"north": {"uv": [13, 47], "uv_size": [3, 3]},
								"east": {"uv": [16, 38], "uv_size": [5, 3]},
								"south": {"uv": [36, 47], "uv_size": [3, 3]},
								"west": {"uv": [34, 38], "uv_size": [5, 3]},
								"up": {"uv": [26, 37], "uv_size": [3, 5]},
								"down": {"uv": [39, 44], "uv_size": [3, -5]}
							}
						},
						{
							"origin": [-12, 3.98481, -9.82635],
							"size": [6, 4, 6],
							"uv": {
								"north": {"uv": [0, 29], "uv_size": [6, 4]},
								"east": {"uv": [29, 4], "uv_size": [6, 4]},
								"south": {"uv": [30, 30], "uv_size": [6, 4]},
								"west": {"uv": [12, 27], "uv_size": [6, 4]},
								"up": {"uv": [22, 22], "uv_size": [6, 6]},
								"down": {"uv": [22, 16], "uv_size": [6, -6]}
							}
						},
						{
							"origin": [-12, 2.98481, -15.82635],
							"size": [4, 1, 6],
							"uv": {
								"north": {"uv": [54, 26], "uv_size": [-4, 4]},
								"east": {"uv": [59, 27], "uv_size": [-6, 4]},
								"south": {"uv": [54, 29], "uv_size": [-4, 4]},
								"west": {"uv": [57, 29], "uv_size": [-6, 4]},
								"up": {"uv": [32, 10], "uv_size": [-4, 6]},
								"down": {"uv": [61, 30], "uv_size": [-4, -6]}
							}
						},
						{
							"origin": [-12, 3.98481, -15.82635],
							"size": [1, 4, 6],
							"uv": {
								"north": {"uv": [60, 26], "uv_size": [-4, 4]},
								"east": {"uv": [58, 27], "uv_size": [-6, 4]},
								"south": {"uv": [38, 51], "uv_size": [-4, 4]},
								"west": {"uv": [15, 12], "uv_size": [-6, 4]},
								"up": {"uv": [62, 20], "uv_size": [-4, 6]},
								"down": {"uv": [58, 30], "uv_size": [-4, -6]}
							}
						},
						{
							"origin": [-12, 3.98481, -15.82635],
							"size": [4, 4, 6],
							"uv": {
								"north": {"uv": [36, 27], "uv_size": [4, 4]},
								"east": {"uv": [12, 31], "uv_size": [6, 4]},
								"south": {"uv": [0, 37], "uv_size": [4, 4]},
								"west": {"uv": [6, 32], "uv_size": [6, 4]},
								"up": {"uv": [18, 32], "uv_size": [4, 6]},
								"down": {"uv": [22, 38], "uv_size": [4, -6]}
							}
						},
						{
							"origin": [-8, 4.98481, -13.82635],
							"size": [2, 2, 4],
							"uv": {
								"north": {"uv": [47, 49], "uv_size": [2, 2]},
								"east": {"uv": [47, 0], "uv_size": [4, 2]},
								"south": {"uv": [49, 49], "uv_size": [2, 2]},
								"west": {"uv": [47, 2], "uv_size": [4, 2]},
								"up": {"uv": [10, 40], "uv_size": [2, 4]},
								"down": {"uv": [47, 29], "uv_size": [2, -4]}
							}
						}
					]
				},
				{
					"name": "leftArm",
					"parent": "body",
					"pivot": [4, 5.98481, -0.82635],
					"rotation": [-5.3191, 19.92066, -1.81693],
					"cubes": [
						{
							"origin": [2, 4.98481, -1.82635],
							"size": [8, 2, 2],
							"uv": {
								"north": {"uv": [8, 5], "uv_size": [8, 2]},
								"east": {"uv": [30, 27], "uv_size": [2, 2]},
								"south": {"uv": [32, 13], "uv_size": [8, 2]},
								"west": {"uv": [4, 33], "uv_size": [2, 2]},
								"up": {"uv": [33, 0], "uv_size": [8, 2]},
								"down": {"uv": [33, 4], "uv_size": [8, -2]}
							}
						}
					]
				},
				{
					"name": "leftClaw",
					"parent": "leftArm",
					"pivot": [8.75, 5.98481, -0.20135],
					"rotation": [-2.5, -10, 0],
					"cubes": [
						{
							"origin": [7.5, 4.48481, -3.82635],
							"size": [3, 3, 5],
							"uv": {
								"north": {"uv": [46, 22], "uv_size": [3, 3]},
								"east": {"uv": [36, 31], "uv_size": [5, 3]},
								"south": {"uv": [10, 47], "uv_size": [3, 3]},
								"west": {"uv": [16, 38], "uv_size": [5, 3]},
								"up": {"uv": [26, 37], "uv_size": [3, 5]},
								"down": {"uv": [21, 43], "uv_size": [3, -5]}
							}
						},
						{
							"origin": [6, 3.98481, -9.82635],
							"size": [6, 4, 6],
							"uv": {
								"north": {"uv": [0, 25], "uv_size": [6, 4]},
								"east": {"uv": [12, 27], "uv_size": [6, 4]},
								"south": {"uv": [27, 0], "uv_size": [6, 4]},
								"west": {"uv": [6, 28], "uv_size": [6, 4]},
								"up": {"uv": [16, 10], "uv_size": [6, 6]},
								"down": {"uv": [0, 25], "uv_size": [6, -6]}
							}
						},
						{
							"origin": [8, 3.98481, -15.82635],
							"size": [4, 4, 6],
							"uv": {
								"north": {"uv": [32, 25], "uv_size": [4, 4]},
								"east": {"uv": [18, 28], "uv_size": [6, 4]},
								"south": {"uv": [0, 33], "uv_size": [4, 4]},
								"west": {"uv": [24, 28], "uv_size": [6, 4]},
								"up": {"uv": [28, 21], "uv_size": [4, 6]},
								"down": {"uv": [28, 16], "uv_size": [4, -6]}
							}
						},
						{
							"origin": [8, 2.98481, -15.82635],
							"size": [4, 1, 6],
							"uv": {
								"north": {"uv": [50, 26], "uv_size": [4, 4]},
								"east": {"uv": [51, 29], "uv_size": [6, 4]},
								"south": {"uv": [50, 29], "uv_size": [4, 4]},
								"west": {"uv": [53, 27], "uv_size": [6, 4]},
								"up": {"uv": [28, 10], "uv_size": [4, 6]},
								"down": {"uv": [57, 30], "uv_size": [4, -6]}
							}
						},
						{
							"origin": [11, 3.98481, -15.82635],
							"size": [1, 4, 6],
							"uv": {
								"north": {"uv": [56, 26], "uv_size": [4, 4]},
								"east": {"uv": [9, 12], "uv_size": [6, 4]},
								"south": {"uv": [34, 51], "uv_size": [4, 4]},
								"west": {"uv": [52, 27], "uv_size": [6, 4]},
								"up": {"uv": [58, 20], "uv_size": [4, 6]},
								"down": {"uv": [54, 30], "uv_size": [4, -6]}
							}
						},
						{
							"origin": [6, 4.98481, -13.82635],
							"size": [2, 2, 4],
							"uv": {
								"north": {"uv": [6, 19], "uv_size": [2, 2]},
								"east": {"uv": [46, 43], "uv_size": [4, 2]},
								"south": {"uv": [29, 8], "uv_size": [2, 2]},
								"west": {"uv": [47, 47], "uv_size": [4, 2]},
								"up": {"uv": [10, 40], "uv_size": [2, 4]},
								"down": {"uv": [2, 51], "uv_size": [2, -4]}
							}
						}
					]
				},
				{
					"name": "backLegs",
					"parent": "body",
					"pivot": [0, 4.55797, 6.75],
					"rotation": [-7.5, 0, 0],
					"cubes": [
						{
							"origin": [7.94245, 0.54132, 6.98351],
							"size": [1.5, 6, 1.5],
							"pivot": [8.88361, 4.00282, 7.75532],
							"rotation": [0, 0, -22.5],
							"uv": {
								"north": {"uv": [45, 45], "uv_size": [2, 6]},
								"east": {"uv": [45, 0], "uv_size": [2, 6]},
								"south": {"uv": [45, 25], "uv_size": [2, 6]},
								"west": {"uv": [45, 31], "uv_size": [2, 6]},
								"up": {"uv": [4, 48], "uv_size": [2, 2]},
								"down": {"uv": [6, 50], "uv_size": [2, -2]}
							}
						},
						{
							"origin": [2.17866, 5.39483, 6.98351],
							"size": [6, 1.5, 1.5],
							"pivot": [5.36982, 6.60633, 7.75532],
							"rotation": [0, 0, -22.5],
							"uv": {
								"north": {"uv": [44, 12], "uv_size": [6, 2]},
								"east": {"uv": [8, 48], "uv_size": [2, 2]},
								"south": {"uv": [44, 14], "uv_size": [6, 2]},
								"west": {"uv": [25, 48], "uv_size": [2, 2]},
								"up": {"uv": [45, 6], "uv_size": [6, 2]},
								"down": {"uv": [4, 48], "uv_size": [6, -2]}
							}
						},
						{
							"origin": [-9.08078, 5.39483, 6.83402],
							"size": [6, 1.5, 1.5],
							"pivot": [-6.27194, 6.60633, 7.60583],
							"rotation": [0, 0, 22.5],
							"uv": {
								"north": {"uv": [30, 46], "uv_size": [6, 2]},
								"east": {"uv": [30, 48], "uv_size": [2, 2]},
								"south": {"uv": [46, 16], "uv_size": [6, 2]},
								"west": {"uv": [32, 48], "uv_size": [2, 2]},
								"up": {"uv": [46, 18], "uv_size": [6, 2]},
								"down": {"uv": [46, 22], "uv_size": [6, -2]}
							}
						},
						{
							"origin": [-10.34457, 0.54132, 6.83402],
							"size": [1.5, 6, 1.5],
							"pivot": [-9.78573, 4.00282, 7.60583],
							"rotation": [0, 0, 22.5],
							"uv": {
								"north": {"uv": [18, 46], "uv_size": [2, 6]},
								"east": {"uv": [20, 46], "uv_size": [2, 6]},
								"south": {"uv": [46, 37], "uv_size": [2, 6]},
								"west": {"uv": [0, 47], "uv_size": [2, 6]},
								"up": {"uv": [34, 48], "uv_size": [2, 2]},
								"down": {"uv": [48, 39], "uv_size": [2, -2]}
							}
						}
					]
				},
				{
					"name": "frontLegs",
					"parent": "body",
					"pivot": [0, 5.71643, 0.93884],
					"rotation": [-10, 0, 0],
					"cubes": [
						{
							"origin": [7.94227, 1.69933, 1.19416],
							"size": [1.5, 6, 1.5],
							"pivot": [8.88361, 5.16127, 1.94416],
							"rotation": [0, 0, -22.5],
							"uv": {
								"north": {"uv": [24, 38], "uv_size": [2, 6]},
								"east": {"uv": [4, 40], "uv_size": [2, 6]},
								"south": {"uv": [6, 40], "uv_size": [2, 6]},
								"west": {"uv": [8, 40], "uv_size": [2, 6]},
								"up": {"uv": [47, 4], "uv_size": [2, 2]},
								"down": {"uv": [47, 31], "uv_size": [2, -2]}
							}
						},
						{
							"origin": [2.17848, 6.55284, 1.19416],
							"size": [6, 1.5, 1.5],
							"pivot": [5.36982, 7.76478, 1.94416],
							"rotation": [0, 0, -22.5],
							"uv": {
								"north": {"uv": [38, 34], "uv_size": [6, 2]},
								"east": {"uv": [16, 35], "uv_size": [2, 2]},
								"south": {"uv": [38, 36], "uv_size": [6, 2]},
								"west": {"uv": [19, 41], "uv_size": [2, 2]},
								"up": {"uv": [39, 4], "uv_size": [6, 2]},
								"down": {"uv": [39, 8], "uv_size": [6, -2]}
							}
						},
						{
							"origin": [-9.0806, 6.55284, 1.04467],
							"size": [6, 1.5, 1.5],
							"pivot": [-6.27194, 7.76478, 1.79467],
							"rotation": [0, 0, 22.5],
							"uv": {
								"north": {"uv": [40, 17], "uv_size": [6, 2]},
								"east": {"uv": [47, 31], "uv_size": [2, 2]},
								"south": {"uv": [30, 44], "uv_size": [6, 2]},
								"west": {"uv": [47, 33], "uv_size": [2, 2]},
								"up": {"uv": [44, 8], "uv_size": [6, 2]},
								"down": {"uv": [44, 12], "uv_size": [6, -2]}
							}
						},
						{
							"origin": [-10.34439, 1.69933, 1.04467],
							"size": [1.5, 6, 1.5],
							"pivot": [-9.78573, 5.16127, 1.79467],
							"rotation": [0, 0, 22.5],
							"uv": {
								"north": {"uv": [39, 44], "uv_size": [2, 6]},
								"east": {"uv": [44, 19], "uv_size": [2, 6]},
								"south": {"uv": [41, 45], "uv_size": [2, 6]},
								"west": {"uv": [43, 45], "uv_size": [2, 6]},
								"up": {"uv": [47, 35], "uv_size": [2, 2]},
								"down": {"uv": [47, 47], "uv_size": [2, -2]}
							}
						}
					]
				},
				{
					"name": "bone",
					"parent": "body",
					"pivot": [0, 5, 11],
					"rotation": [35, 0, 0],
					"cubes": [
						{
							"origin": [-2, 5, 11],
							"size": [4, 3, 4],
							"uv": {
								"north": {"uv": [40, 8], "uv_size": [4, 3]},
								"east": {"uv": [40, 11], "uv_size": [4, 3]},
								"south": {"uv": [40, 14], "uv_size": [4, 3]},
								"west": {"uv": [40, 27], "uv_size": [4, 3]},
								"up": {"uv": [30, 34], "uv_size": [4, 4]},
								"down": {"uv": [34, 38], "uv_size": [4, -4]}
							}
						}
					]
				},
				{
					"name": "bone2",
					"parent": "bone",
					"pivot": [0, 5, 15],
					"rotation": [32.5, 0, 0],
					"cubes": [
						{
							"origin": [-2, 5, 15],
							"size": [4, 3, 4],
							"uv": {
								"north": {"uv": [0, 41], "uv_size": [4, 3]},
								"east": {"uv": [15, 41], "uv_size": [4, 3]},
								"south": {"uv": [29, 41], "uv_size": [4, 3]},
								"west": {"uv": [33, 41], "uv_size": [4, 3]},
								"up": {"uv": [12, 35], "uv_size": [4, 4]},
								"down": {"uv": [35, 8], "uv_size": [4, -4]}
							}
						}
					]
				},
				{
					"name": "bone3",
					"parent": "bone2",
					"pivot": [0, 5, 19],
					"rotation": [25, 0, 0],
					"cubes": [
						{
							"origin": [-2, 5, 19],
							"size": [4, 3, 4],
							"uv": {
								"north": {"uv": [41, 0], "uv_size": [4, 3]},
								"east": {"uv": [41, 30], "uv_size": [4, 3]},
								"south": {"uv": [42, 42], "uv_size": [4, 3]},
								"west": {"uv": [42, 38], "uv_size": [4, 3]},
								"up": {"uv": [4, 36], "uv_size": [4, 4]},
								"down": {"uv": [8, 40], "uv_size": [4, -4]}
							}
						}
					]
				},
				{
					"name": "bone4",
					"parent": "bone3",
					"pivot": [0, 5, 23],
					"rotation": [30, 0, 0],
					"cubes": [
						{
							"origin": [-2, 5, 23],
							"size": [4, 3, 4],
							"uv": {
								"north": {"uv": [19, 43], "uv_size": [4, 3]},
								"east": {"uv": [0, 44], "uv_size": [4, 3]},
								"south": {"uv": [10, 44], "uv_size": [4, 3]},
								"west": {"uv": [14, 44], "uv_size": [4, 3]},
								"up": {"uv": [36, 8], "uv_size": [4, 4]},
								"down": {"uv": [36, 19], "uv_size": [4, -4]}
							}
						}
					]
				},
				{
					"name": "bone5",
					"parent": "bone4",
					"pivot": [0, 5, 27],
					"rotation": [17.5, 0, 0],
					"cubes": [
						{
							"origin": [-2, 8.05801, 26.10048],
							"size": [2, 6, 6],
							"uv": {
								"north": {"uv": [37, 41], "uv_size": [2, 6]},
								"east": {"uv": [16, 21], "uv_size": [6, 6]},
								"south": {"uv": [26, 42], "uv_size": [2, 6]},
								"west": {"uv": [12, 22], "uv_size": [-6, 6]},
								"up": {"uv": [23, 44], "uv_size": [2, 6]},
								"down": {"uv": [28, 50], "uv_size": [2, -6]}
							}
						},
						{
							"origin": [0, 8.05801, 26.10048],
							"size": [2, 6, 6],
							"uv": {
								"north": {"uv": [37, 41], "uv_size": [2, 6]},
								"east": {"uv": [6, 22], "uv_size": [6, 6]},
								"south": {"uv": [26, 42], "uv_size": [2, 6]},
								"west": {"uv": [11, 50], "uv_size": [-6, 6]},
								"up": {"uv": [23, 44], "uv_size": [2, 6]},
								"down": {"uv": [28, 50], "uv_size": [2, -6]}
							}
						},
						{
							"origin": [-2, 5, 27],
							"size": [4, 5, 5],
							"uv": {
								"north": {"uv": [12, 22], "uv_size": [4, 5]},
								"east": {"uv": [22, 0], "uv_size": [5, 5]},
								"south": {"uv": [26, 32], "uv_size": [4, 5]},
								"west": {"uv": [24, 5], "uv_size": [5, 5]},
								"up": {"uv": [32, 8], "uv_size": [4, 5]},
								"down": {"uv": [32, 25], "uv_size": [4, -5]}
							}
						}
					]
				}
			]
		}
	]
}