{
	"credit": "Made by MadstonMagic, using Cubik Pro & Blockbench",
	"textures": {
		"5": "block/stone",
		"6": "block/granite",
		"7": "block/diorite",
		"8": "block/spruce_planks",
		"10": "towers/mage_lvl_1",
		"particle": "block/stone",
		"log_oak": "block/oak_log",
		"planks_oak": "block/dark_oak_planks",
		"concrete_purple": "block/cobblestone"
	},
	"elements": [
		{
			"from": [0, -5, 0],
			"to": [16, -2, 16],
			"rotation": {"angle": 0, "axis": "y", "origin": [8, 3, 8]},
			"faces": {
				"north": {"uv": [0, 0, 4, 0.6875], "rotation": 180, "texture": "#10"},
				"east": {"uv": [3.3125, 0, 4, 4], "rotation": 90, "texture": "#10"},
				"south": {"uv": [0, 3.3125, 4, 4], "texture": "#10"},
				"west": {"uv": [0, 0, 0.6875, 4], "rotation": 270, "texture": "#10"},
				"up": {"uv": [0, 0, 4, 4], "texture": "#10"}
			}
		},
		{
			"from": [1, -3.5, 1.5],
			"to": [5, 0, 5.5],
			"rotation": {"angle": 0, "axis": "y", "origin": [8, 3, 8]},
			"faces": {
				"north": {"uv": [0, 0, 16, 14], "texture": "#5"},
				"east": {"uv": [0, 0, 16, 14], "texture": "#5"},
				"south": {"uv": [0, 0, 16, 14], "texture": "#5"},
				"west": {"uv": [0, 0, 16, 14], "texture": "#5"},
				"up": {"uv": [0, 0, 16, 16], "texture": "#5"}
			}
		},
		{
			"from": [11, -4.5, 1],
			"to": [15, -1, 5],
			"rotation": {"angle": 0, "axis": "y", "origin": [8, 3, 8]},
			"faces": {
				"north": {"uv": [0, 0, 16, 14], "texture": "#concrete_purple"},
				"east": {"uv": [0, 0, 16, 14], "texture": "#concrete_purple"},
				"south": {"uv": [0, 0, 16, 14], "texture": "#concrete_purple"},
				"west": {"uv": [0, 0, 16, 14], "texture": "#concrete_purple"},
				"up": {"uv": [0, 0, 16, 16], "texture": "#concrete_purple"}
			}
		},
		{
			"from": [0.875, -4.5, 10.875],
			"to": [5, -1, 15],
			"rotation": {"angle": 0, "axis": "y", "origin": [8, 3, 8]},
			"faces": {
				"north": {"uv": [0, 0, 16, 14], "texture": "#5"},
				"east": {"uv": [0, 0, 16, 14], "texture": "#5"},
				"south": {"uv": [0, 0, 16, 14], "texture": "#5"},
				"west": {"uv": [0, 0, 16, 14], "texture": "#5"},
				"up": {"uv": [0, 0, 16, 16], "texture": "#5"}
			}
		},
		{
			"from": [11, -3.5, 11],
			"to": [15, 0, 15],
			"rotation": {"angle": 0, "axis": "y", "origin": [8, 3, 8]},
			"faces": {
				"north": {"uv": [0, 0, 16, 14], "texture": "#5"},
				"east": {"uv": [0, 0, 16, 14], "texture": "#5"},
				"south": {"uv": [0, 0, 16, 14], "texture": "#5"},
				"west": {"uv": [0, 0, 16, 14], "texture": "#5"},
				"up": {"uv": [0, 0, 16, 16], "texture": "#5"}
			}
		},
		{
			"from": [11.5, -4.5, 7],
			"to": [15.5, -1, 11],
			"rotation": {"angle": 0, "axis": "y", "origin": [8, 3, 8]},
			"faces": {
				"north": {"uv": [0, 0, 16, 14], "texture": "#5"},
				"east": {"uv": [0, 0, 16, 14], "texture": "#5"},
				"south": {"uv": [0, 0, 16, 14], "texture": "#5"},
				"west": {"uv": [0, 0, 16, 14], "texture": "#5"},
				"up": {"uv": [0, 0, 16, 16], "texture": "#5"}
			}
		},
		{
			"from": [3, -4.625, 0.5],
			"to": [7.03125, -1, 4.625],
			"rotation": {"angle": 0, "axis": "y", "origin": [8, 3, 8]},
			"faces": {
				"north": {"uv": [0, 0, 16, 14], "texture": "#concrete_purple"},
				"east": {"uv": [0, 0, 16, 14], "texture": "#concrete_purple"},
				"south": {"uv": [0, 0, 16, 14], "texture": "#concrete_purple"},
				"west": {"uv": [0, 0, 16, 14], "texture": "#concrete_purple"},
				"up": {"uv": [0, 0, 16, 16], "texture": "#concrete_purple"}
			}
		},
		{
			"from": [3.5, -3.5, 10.5],
			"to": [8, 0.125, 14.5],
			"rotation": {"angle": 0, "axis": "y", "origin": [8, 3, 8]},
			"faces": {
				"east": {"uv": [0, 0, 16, 14], "texture": "#concrete_purple"},
				"south": {"uv": [0, 0, 16, 14], "texture": "#concrete_purple"},
				"west": {"uv": [0, 0, 16, 14], "texture": "#concrete_purple"},
				"up": {"uv": [0, 0, 16, 16], "texture": "#concrete_purple"}
			}
		},
		{
			"from": [1, -3.5, 7],
			"to": [5, 0, 11],
			"rotation": {"angle": 0, "axis": "y", "origin": [8, 3, 8]},
			"faces": {
				"north": {"uv": [0, 0, 16, 14], "texture": "#5"},
				"south": {"uv": [0, 0, 16, 14], "texture": "#5"},
				"west": {"uv": [0, 0, 16, 14], "texture": "#5"},
				"up": {"uv": [0, 0, 16, 16], "texture": "#5"}
			}
		},
		{
			"from": [2, -4, 1.875],
			"to": [6, -0.5, 6],
			"rotation": {"angle": 0, "axis": "y", "origin": [8, 3, 8]},
			"faces": {
				"north": {"uv": [0, 0, 16, 14], "texture": "#concrete_purple"},
				"east": {"uv": [0, 0, 16, 14], "texture": "#concrete_purple"},
				"west": {"uv": [0, 0, 16, 14], "texture": "#concrete_purple"},
				"up": {"uv": [0, 0, 16, 16], "texture": "#concrete_purple"}
			}
		},
		{
			"from": [10, -4, 2],
			"to": [14, -0.5, 6],
			"rotation": {"angle": 0, "axis": "y", "origin": [8, 3, 8]},
			"faces": {
				"north": {"uv": [0, 0, 16, 14], "texture": "#concrete_purple"},
				"east": {"uv": [0, 0, 16, 14], "texture": "#concrete_purple"},
				"west": {"uv": [0, 0, 16, 14], "texture": "#concrete_purple"},
				"up": {"uv": [0, 0, 16, 16], "texture": "#concrete_purple"}
			}
		},
		{
			"from": [9.875, -4.125, 10],
			"to": [14, -0.375, 14.125],
			"rotation": {"angle": 0, "axis": "y", "origin": [8, 3, 8]},
			"faces": {
				"north": {"uv": [0, 0, 16, 16], "texture": "#concrete_purple"},
				"east": {"uv": [0, 0, 16, 14], "texture": "#concrete_purple"},
				"south": {"uv": [0, 0, 16, 14], "texture": "#concrete_purple"},
				"west": {"uv": [0, 0, 16, 16], "texture": "#concrete_purple"},
				"up": {"uv": [0, 0, 16, 16], "texture": "#concrete_purple"}
			}
		},
		{
			"from": [2, -4, 10],
			"to": [6, -0.5, 14],
			"rotation": {"angle": 0, "axis": "y", "origin": [8, 3, 8]},
			"faces": {
				"south": {"uv": [0, 0, 16, 14], "texture": "#concrete_purple"},
				"west": {"uv": [0, 0, 16, 14], "texture": "#concrete_purple"},
				"up": {"uv": [0, 0, 16, 16], "texture": "#concrete_purple"}
			}
		},
		{
			"from": [6, -4, 10],
			"to": [10, -0.5, 14],
			"rotation": {"angle": 0, "axis": "y", "origin": [8, 3, 8]},
			"faces": {
				"south": {"uv": [0, 0, 16, 14], "texture": "#concrete_purple"},
				"up": {"uv": [0, 0, 16, 16], "texture": "#concrete_purple"}
			}
		},
		{
			"from": [2, -4, 6],
			"to": [6, -0.5, 10],
			"rotation": {"angle": 0, "axis": "y", "origin": [8, 3, 8]},
			"faces": {
				"west": {"uv": [0, 0, 16, 14], "texture": "#concrete_purple"},
				"up": {"uv": [0, 0, 16, 16], "texture": "#concrete_purple"}
			}
		},
		{
			"from": [5.96875, -3.25, 1.75],
			"to": [10.125, 0.25, 6],
			"rotation": {"angle": 0, "axis": "y", "origin": [8, 3.75, 8]},
			"faces": {
				"north": {"uv": [0, 0, 16, 14], "texture": "#concrete_purple"},
				"east": {"uv": [0, 0, 16, 14], "texture": "#concrete_purple"},
				"west": {"uv": [0, 0, 16, 14], "texture": "#concrete_purple"},
				"up": {"uv": [0, 0, 16, 16], "texture": "#concrete_purple"}
			}
		},
		{
			"from": [10, -4, 6],
			"to": [14, -0.5, 10],
			"rotation": {"angle": 0, "axis": "y", "origin": [8, 3, 8]},
			"faces": {
				"east": {"uv": [0, 0, 16, 14], "texture": "#5"},
				"up": {"uv": [0, 0, 16, 16], "texture": "#5"}
			}
		},
		{
			"from": [6, -4, 6],
			"to": [10, -0.5, 10],
			"rotation": {"angle": 0, "axis": "y", "origin": [8, 3, 8]},
			"faces": {
				"north": {"uv": [0, 0, 16, 14], "texture": "#concrete_purple"}
			}
		},
		{
			"from": [8, -0.5, 8.25],
			"to": [12, 3.5, 12.25],
			"rotation": {"angle": 0, "axis": "y", "origin": [8, 3, 8.25]},
			"faces": {
				"north": {"uv": [0, 0, 16, 14], "texture": "#concrete_purple"},
				"east": {"uv": [0, 0, 16, 14], "texture": "#concrete_purple"},
				"south": {"uv": [0, 0, 16, 14], "texture": "#concrete_purple"},
				"west": {"uv": [0, 0, 16, 14], "texture": "#concrete_purple"},
				"up": {"uv": [0, 0, 16, 16], "texture": "#concrete_purple"}
			}
		},
		{
			"from": [4.25, -1.5, 8],
			"to": [8.25, 2.5, 12],
			"rotation": {"angle": 0, "axis": "y", "origin": [8.25, 3, 8]},
			"faces": {
				"north": {"uv": [0, 0, 16, 14], "texture": "#concrete_purple"},
				"south": {"uv": [0, 0, 16, 14], "texture": "#concrete_purple"},
				"west": {"uv": [0, 0, 16, 14], "texture": "#concrete_purple"},
				"up": {"uv": [0, 0, 16, 16], "texture": "#concrete_purple"}
			}
		},
		{
			"from": [5.5, -0.5, 4],
			"to": [9.5, 3.5, 8.25],
			"rotation": {"angle": 0, "axis": "y", "origin": [8, 3, 8]},
			"faces": {
				"north": {"uv": [0, 0, 16, 14], "texture": "#6"},
				"east": {"uv": [0, 0, 16, 14], "texture": "#6"},
				"south": {"uv": [0, 0, 16, 14], "texture": "#6"},
				"west": {"uv": [0, 0, 16, 14], "texture": "#6"},
				"up": {"uv": [0, 0, 16, 16], "texture": "#6"}
			}
		},
		{
			"from": [3, -3, 4.5],
			"to": [7, 1, 8.5],
			"rotation": {"angle": 0, "axis": "y", "origin": [8, 3, 8]},
			"faces": {
				"north": {"uv": [0, 0, 16, 14], "texture": "#concrete_purple"},
				"south": {"uv": [0, 0, 16, 14], "texture": "#concrete_purple"},
				"west": {"uv": [0, 0, 16, 14], "texture": "#concrete_purple"},
				"up": {"uv": [0, 0, 16, 16], "texture": "#concrete_purple"}
			}
		},
		{
			"from": [8.5, -2.5, 3],
			"to": [12.5, 1.5, 7],
			"rotation": {"angle": 0, "axis": "y", "origin": [8, 3, 8]},
			"faces": {
				"north": {"uv": [0, 0, 16, 14], "texture": "#concrete_purple"},
				"east": {"uv": [0, 0, 16, 14], "texture": "#concrete_purple"},
				"south": {"uv": [0, 0, 16, 14], "texture": "#concrete_purple"},
				"west": {"uv": [0, 0, 16, 14], "texture": "#concrete_purple"},
				"up": {"uv": [0, 0, 16, 16], "texture": "#concrete_purple"}
			}
		},
		{
			"from": [9, -3, 6.5],
			"to": [13, 1, 11],
			"rotation": {"angle": 0, "axis": "y", "origin": [8, 3, 8]},
			"faces": {
				"north": {"uv": [0, 0, 16, 14], "texture": "#7"},
				"east": {"uv": [0, 0, 16, 14], "texture": "#7"},
				"south": {"uv": [0, 0, 16, 14], "texture": "#7"},
				"up": {"uv": [0, 0, 16, 16], "texture": "#7"}
			}
		},
		{
			"from": [6.5, -2.5, 9],
			"to": [10.5, 1.5, 13],
			"rotation": {"angle": 0, "axis": "y", "origin": [8, 3, 8]},
			"faces": {
				"east": {"uv": [0, 0, 16, 14], "texture": "#5"},
				"south": {"uv": [0, 0, 16, 14], "texture": "#5"},
				"west": {"uv": [0, 0, 16, 14], "texture": "#5"},
				"up": {"uv": [0, 0, 16, 16], "texture": "#5"}
			}
		},
		{
			"from": [6, 2.5, 6],
			"to": [10, 6.625, 10],
			"rotation": {"angle": 0, "axis": "y", "origin": [8, 3, 8]},
			"faces": {
				"north": {"uv": [0, 0, 16, 14], "texture": "#5"},
				"east": {"uv": [0, 0, 16, 14], "texture": "#5"},
				"south": {"uv": [0, 0, 16, 14], "texture": "#5"},
				"west": {"uv": [0, 0, 16, 14], "texture": "#5"}
			}
		},
		{
			"from": [6, -1.5, 6],
			"to": [10, 2.5, 10],
			"rotation": {"angle": 0, "axis": "y", "origin": [8, 3, 8]},
			"faces": {
				"north": {"uv": [0, 0, 16, 14], "texture": "#concrete_purple"},
				"east": {"uv": [0, 0, 16, 14], "texture": "#concrete_purple"}
			}
		},
		{
			"from": [2, -0.5, 2],
			"to": [4, 6.5, 4],
			"rotation": {"angle": 0, "axis": "y", "origin": [7.5, 3, 8.5]},
			"faces": {
				"north": {"uv": [0, 0, 4, 16], "texture": "#log_oak"},
				"east": {"uv": [3, 0, 7, 16], "texture": "#log_oak"},
				"south": {"uv": [5, 0, 9, 16], "texture": "#log_oak"},
				"west": {"uv": [9, 0, 13, 16], "texture": "#log_oak"}
			}
		},
		{
			"from": [2, -0.5, 12],
			"to": [4, 6.5, 14],
			"rotation": {"angle": 0, "axis": "y", "origin": [7.5, 3, 8.5]},
			"faces": {
				"north": {"uv": [0, 0, 4, 16], "texture": "#log_oak"},
				"east": {"uv": [3, 0, 7, 16], "texture": "#log_oak"},
				"south": {"uv": [5, 0, 9, 16], "texture": "#log_oak"},
				"west": {"uv": [9, 0, 13, 16], "texture": "#log_oak"}
			}
		},
		{
			"from": [12.25, -0.5, 12],
			"to": [14.25, 6.5, 14],
			"rotation": {"angle": 0, "axis": "y", "origin": [7.75, 3, 8.5]},
			"faces": {
				"north": {"uv": [0, 0, 4, 16], "texture": "#log_oak"},
				"east": {"uv": [3, 0, 7, 16], "texture": "#log_oak"},
				"south": {"uv": [5, 0, 9, 16], "texture": "#log_oak"},
				"west": {"uv": [9, 0, 13, 16], "texture": "#log_oak"}
			}
		},
		{
			"from": [12, -0.5, 2],
			"to": [14, 6.5, 4],
			"rotation": {"angle": 0, "axis": "y", "origin": [7.5, 3, 8.5]},
			"faces": {
				"north": {"uv": [0, 0, 4, 16], "texture": "#log_oak"},
				"east": {"uv": [3, 0, 7, 16], "texture": "#log_oak"},
				"south": {"uv": [5, 0, 9, 16], "texture": "#log_oak"},
				"west": {"uv": [9, 0, 13, 16], "texture": "#log_oak"}
			}
		},
		{
			"from": [7, -3.5, 1.125],
			"to": [11.125, 0, 5],
			"rotation": {"angle": 0, "axis": "y", "origin": [8, 3, 8]},
			"faces": {
				"north": {"uv": [0, 0, 16, 14], "texture": "#5"},
				"east": {"uv": [0, 0, 16, 14], "texture": "#5"},
				"south": {"uv": [0, 0, 16, 14], "texture": "#5"},
				"west": {"uv": [0, 0, 16, 14], "texture": "#5"},
				"up": {"uv": [0, 0, 16, 16], "texture": "#5"}
			}
		},
		{
			"from": [0.5, -4.5, 4],
			"to": [4.5, -0.9375, 8],
			"rotation": {"angle": 0, "axis": "y", "origin": [8, 3, 8]},
			"faces": {
				"north": {"uv": [0, 0, 16, 14], "texture": "#concrete_purple"},
				"east": {"uv": [0, 0, 16, 14], "texture": "#concrete_purple"},
				"south": {"uv": [0, 0, 16, 14], "texture": "#concrete_purple"},
				"west": {"uv": [0, 0, 16, 14], "texture": "#concrete_purple"},
				"up": {"uv": [0, 0, 16, 16], "texture": "#concrete_purple"}
			}
		},
		{
			"from": [7.875, -4.5, 11.5],
			"to": [12, -1, 15.5],
			"rotation": {"angle": 0, "axis": "y", "origin": [8, 3, 8]},
			"faces": {
				"north": {"uv": [0, 0, 16, 14], "texture": "#5"},
				"east": {"uv": [0, 0, 16, 14], "texture": "#5"},
				"south": {"uv": [0, 0, 16, 14], "texture": "#5"},
				"west": {"uv": [0, 0, 16, 14], "texture": "#5"},
				"up": {"uv": [0, 0, 16, 16], "texture": "#5"}
			}
		},
		{
			"from": [3, 3.5, 13.25],
			"to": [13, 4, 13.75],
			"rotation": {"angle": 0, "axis": "y", "origin": [8, -6, 19]},
			"faces": {
				"north": {"uv": [0, 3.5, 16, 4.5], "texture": "#planks_oak"},
				"south": {"uv": [0, 8.5, 16, 9.5], "texture": "#planks_oak"},
				"up": {"uv": [0, 8.5, 16, 9.5], "rotation": 180, "texture": "#planks_oak"},
				"down": {"uv": [0, 12.5, 16, 13.5], "rotation": 180, "texture": "#planks_oak"}
			}
		},
		{
			"from": [2.25, 3.5, 3],
			"to": [2.75, 4, 13],
			"rotation": {"angle": 0, "axis": "y", "origin": [8, 6.25, 8]},
			"faces": {
				"east": {"uv": [0, 3.5, 16, 4.5], "texture": "#planks_oak"},
				"west": {"uv": [0, 8.5, 16, 9.5], "texture": "#planks_oak"},
				"up": {"uv": [0, 8.5, 16, 9.5], "rotation": 270, "texture": "#planks_oak"},
				"down": {"uv": [0, 12.5, 16, 13.5], "rotation": 90, "texture": "#planks_oak"}
			}
		},
		{
			"from": [3, 3.5, 2.25],
			"to": [13, 4, 2.75],
			"rotation": {"angle": 0, "axis": "y", "origin": [8, -6, 8]},
			"faces": {
				"north": {"uv": [0, 9, 16, 10], "texture": "#planks_oak"},
				"south": {"uv": [0, 5, 16, 6], "texture": "#planks_oak"},
				"up": {"uv": [0, 13, 16, 14], "rotation": 180, "texture": "#planks_oak"},
				"down": {"uv": [0, 8.5, 16, 9.5], "rotation": 180, "texture": "#planks_oak"}
			}
		},
		{
			"from": [12.75, 3.5, 3],
			"to": [13.25, 4, 13],
			"rotation": {"angle": 0, "axis": "y", "origin": [7.5, 6.25, 8]},
			"faces": {
				"east": {"uv": [0, 9, 16, 10], "texture": "#planks_oak"},
				"west": {"uv": [0, 5, 16, 6], "texture": "#planks_oak"},
				"up": {"uv": [0, 13, 16, 14], "rotation": 270, "texture": "#planks_oak"},
				"down": {"uv": [0, 8.5, 16, 9.5], "rotation": 90, "texture": "#planks_oak"}
			}
		},
		{
			"from": [2, 7, 9.5],
			"to": [3, 10.5, 10.5],
			"rotation": {"angle": 0, "axis": "y", "origin": [8, -1, 8]},
			"faces": {
				"north": {"uv": [1, 0, 4, 16], "texture": "#planks_oak"},
				"east": {"uv": [5, 0, 8, 16], "texture": "#planks_oak"},
				"south": {"uv": [12, 0, 15, 16], "texture": "#planks_oak"},
				"west": {"uv": [6, 0, 9, 16], "texture": "#planks_oak"},
				"up": {"uv": [2, 0, 5, 3], "texture": "#planks_oak"}
			}
		},
		{
			"from": [2, 7, 5.5],
			"to": [3, 10.5, 6.5],
			"rotation": {"angle": 0, "axis": "y", "origin": [8, -1, 8]},
			"faces": {
				"north": {"uv": [1, 0, 4, 16], "texture": "#planks_oak"},
				"east": {"uv": [5, 0, 8, 16], "texture": "#planks_oak"},
				"south": {"uv": [12, 0, 15, 16], "texture": "#planks_oak"},
				"west": {"uv": [6, 0, 9, 16], "texture": "#planks_oak"},
				"up": {"uv": [2, 0, 5, 3], "texture": "#planks_oak"}
			}
		},
		{
			"from": [2, 7, 2],
			"to": [3, 10.5, 3],
			"rotation": {"angle": 0, "axis": "y", "origin": [8, -1, 8]},
			"faces": {
				"north": {"uv": [1, 0, 4, 16], "texture": "#planks_oak"},
				"east": {"uv": [5, 0, 8, 16], "texture": "#planks_oak"},
				"south": {"uv": [12, 0, 15, 16], "texture": "#planks_oak"},
				"west": {"uv": [6, 0, 9, 16], "texture": "#planks_oak"},
				"up": {"uv": [2, 0, 5, 3], "texture": "#planks_oak"}
			}
		},
		{
			"from": [2, 7, 13],
			"to": [3, 10.5, 14],
			"rotation": {"angle": 0, "axis": "y", "origin": [8, -1, 8]},
			"faces": {
				"north": {"uv": [1, 0, 4, 16], "texture": "#planks_oak"},
				"east": {"uv": [5, 0, 8, 16], "texture": "#planks_oak"},
				"south": {"uv": [12, 0, 15, 16], "texture": "#planks_oak"},
				"west": {"uv": [6, 0, 9, 16], "texture": "#planks_oak"},
				"up": {"uv": [2, 0, 5, 3], "texture": "#planks_oak"}
			}
		},
		{
			"from": [13, 7, 13],
			"to": [14, 10.5, 14],
			"rotation": {"angle": 0, "axis": "y", "origin": [8, -1, 8]},
			"faces": {
				"north": {"uv": [1, 0, 4, 16], "texture": "#planks_oak"},
				"east": {"uv": [5, 0, 8, 16], "texture": "#planks_oak"},
				"south": {"uv": [12, 0, 15, 16], "texture": "#planks_oak"},
				"west": {"uv": [6, 0, 9, 16], "texture": "#planks_oak"},
				"up": {"uv": [2, 0, 5, 3], "texture": "#planks_oak"}
			}
		},
		{
			"from": [13, 7, 2],
			"to": [14, 10.5, 3],
			"rotation": {"angle": 0, "axis": "y", "origin": [8, -1, 8]},
			"faces": {
				"north": {"uv": [1, 0, 4, 16], "texture": "#planks_oak"},
				"east": {"uv": [5, 0, 8, 16], "texture": "#planks_oak"},
				"south": {"uv": [12, 0, 15, 16], "texture": "#planks_oak"},
				"west": {"uv": [6, 0, 9, 16], "texture": "#planks_oak"},
				"up": {"uv": [2, 0, 5, 3], "texture": "#planks_oak"}
			}
		},
		{
			"from": [13, 7, 5.5],
			"to": [14, 10.5, 6.5],
			"rotation": {"angle": 0, "axis": "y", "origin": [8, -1, 8]},
			"faces": {
				"north": {"uv": [1, 0, 4, 16], "texture": "#planks_oak"},
				"east": {"uv": [5, 0, 8, 16], "texture": "#planks_oak"},
				"south": {"uv": [12, 0, 15, 16], "texture": "#planks_oak"},
				"west": {"uv": [6, 0, 9, 16], "texture": "#planks_oak"},
				"up": {"uv": [2, 0, 5, 3], "texture": "#planks_oak"}
			}
		},
		{
			"from": [13, 7, 9.5],
			"to": [14, 10.5, 10.5],
			"rotation": {"angle": 0, "axis": "y", "origin": [8, -1, 8]},
			"faces": {
				"north": {"uv": [1, 0, 4, 16], "texture": "#planks_oak"},
				"east": {"uv": [5, 0, 8, 16], "texture": "#planks_oak"},
				"south": {"uv": [12, 0, 15, 16], "texture": "#planks_oak"},
				"west": {"uv": [6, 0, 9, 16], "texture": "#planks_oak"},
				"up": {"uv": [2, 0, 5, 3], "texture": "#planks_oak"}
			}
		},
		{
			"from": [9.5, 7, 13],
			"to": [10.5, 10.5, 14],
			"rotation": {"angle": 0, "axis": "y", "origin": [8, -1, 8]},
			"faces": {
				"north": {"uv": [1, 0, 4, 16], "texture": "#planks_oak"},
				"east": {"uv": [5, 0, 8, 16], "texture": "#planks_oak"},
				"south": {"uv": [12, 0, 15, 16], "texture": "#planks_oak"},
				"west": {"uv": [6, 0, 9, 16], "texture": "#planks_oak"},
				"up": {"uv": [2, 0, 5, 3], "texture": "#planks_oak"}
			}
		},
		{
			"from": [5.5, 7, 13],
			"to": [6.5, 10.5, 14],
			"rotation": {"angle": 0, "axis": "y", "origin": [8, -1, 8]},
			"faces": {
				"north": {"uv": [1, 0, 4, 16], "texture": "#planks_oak"},
				"east": {"uv": [5, 0, 8, 16], "texture": "#planks_oak"},
				"south": {"uv": [12, 0, 15, 16], "texture": "#planks_oak"},
				"west": {"uv": [6, 0, 9, 16], "texture": "#planks_oak"},
				"up": {"uv": [2, 0, 5, 3], "texture": "#planks_oak"}
			}
		},
		{
			"from": [9.5, 7, 2],
			"to": [10.5, 10.5, 3],
			"rotation": {"angle": 0, "axis": "y", "origin": [8, -1, 8]},
			"faces": {
				"north": {"uv": [1, 0, 4, 16], "texture": "#planks_oak"},
				"east": {"uv": [5, 0, 8, 16], "texture": "#planks_oak"},
				"south": {"uv": [12, 0, 15, 16], "texture": "#planks_oak"},
				"west": {"uv": [6, 0, 9, 16], "texture": "#planks_oak"},
				"up": {"uv": [2, 0, 5, 3], "texture": "#planks_oak"}
			}
		},
		{
			"from": [5.5, 7, 2],
			"to": [6.5, 10.5, 3],
			"rotation": {"angle": 0, "axis": "y", "origin": [8, -1, 8]},
			"faces": {
				"north": {"uv": [1, 0, 4, 16], "texture": "#planks_oak"},
				"east": {"uv": [5, 0, 8, 16], "texture": "#planks_oak"},
				"south": {"uv": [12, 0, 15, 16], "texture": "#planks_oak"},
				"west": {"uv": [6, 0, 9, 16], "texture": "#planks_oak"},
				"up": {"uv": [2, 0, 5, 3], "texture": "#planks_oak"}
			}
		},
		{
			"from": [1, 6.5, 1],
			"to": [15, 7, 15],
			"rotation": {"angle": 0, "axis": "y", "origin": [8, -1, 8]},
			"faces": {
				"north": {"uv": [4.0625, 0, 8.0625, 0.3125], "texture": "#10"},
				"east": {"uv": [4.0625, 0, 8.0625, 0.3125], "texture": "#10"},
				"south": {"uv": [4.0625, 0, 8.0625, 0.3125], "texture": "#10"},
				"west": {"uv": [4.0625, 0, 8.0625, 0.3125], "texture": "#10"},
				"up": {"uv": [4.0625, 0, 8.0625, 4], "texture": "#10"},
				"down": {"uv": [4.0625, 0, 8.0625, 4], "texture": "#10"}
			}
		},
		{
			"from": [2.5, 7.5, 2.5],
			"to": [13.5, 10, 13.5],
			"rotation": {"angle": 0, "axis": "y", "origin": [8, -1, 8]},
			"faces": {
				"north": {"uv": [0, 4.125, 5, 5.125], "texture": "#10"},
				"east": {"uv": [0, 4.125, 5, 5.125], "texture": "#10"},
				"south": {"uv": [0, 4.125, 5, 5.125], "texture": "#10"},
				"west": {"uv": [0, 4.125, 5, 5.125], "texture": "#10"}
			}
		},
		{
			"from": [13.498, 7.5, 13.498],
			"to": [2.497, 10, 2.497],
			"rotation": {"angle": 0, "axis": "y", "origin": [19, -1, 19]},
			"faces": {
				"north": {"uv": [0, 4.125, 5, 5.125], "texture": "#10"},
				"east": {"uv": [0, 4.125, 5, 5.125], "texture": "#10"},
				"south": {"uv": [0, 4.125, 5, 5.125], "texture": "#10"},
				"west": {"uv": [0, 4.125, 5, 5.125], "texture": "#10"}
			}
		},
		{
			"from": [1.78128, 7, 6.0345],
			"to": [2.28128, 11, 10.0345],
			"rotation": {"angle": 0, "axis": "y", "origin": [6.47349, -0.98716, 8.06127]},
			"faces": {
				"north": {"uv": [8.125, 0, 8.3125, 4], "texture": "#10"},
				"east": {"uv": [0, 0, 16, 16], "texture": "#8"},
				"south": {"uv": [11.9375, 0, 12.125, 4], "texture": "#10"},
				"west": {"uv": [8.125, 0, 12.125, 4], "texture": "#10"},
				"up": {"uv": [8.125, 0, 12.125, 0.25], "rotation": 90, "texture": "#10"}
			}
		}
	],
	"display": {
		"thirdperson_righthand": {
			"rotation": [75, -145, 0],
			"translation": [0, 2.5, 0],
			"scale": [0.375, 0.375, 0.375]
		},
		"thirdperson_lefthand": {
			"rotation": [75, -145, 0],
			"translation": [0, 2.5, 0],
			"scale": [-0.375, 0.375, 0.375]
		},
		"firstperson_righthand": {
			"rotation": [0, -45, 0],
			"translation": [0, 1, -1],
			"scale": [0.3, 0.3, 0.3]
		},
		"firstperson_lefthand": {
			"rotation": [0, -45, 0],
			"translation": [0, 1, -1],
			"scale": [-0.3, 0.3, 0.3]
		},
		"ground": {
			"translation": [0, 3, 0],
			"scale": [0.25, 0.25, 0.25]
		},
		"gui": {
			"rotation": [30, 45, 0],
			"translation": [0, 2, 0],
			"scale": [0.5, 0.5, 0.5]
		},
		"head": {
			"rotation": [0, -90, 0],
			"translation": [0, -17, 0],
			"scale": [4, 4, 4]
		},
		"fixed": {
			"rotation": [0, 90, 0],
			"translation": [0, -2, -3.25],
			"scale": [0.5, 0.5, 0.5]
		}
	},
	"groups": [0, 1, 2, 3, 4, 5, 6, 7, 8, 9, 10, 11, 12, 13, 14, 15, 16, 17, 18, 19, 20, 21, 22, 23, 24, 25, 26, 27, 28, 29, 30, 31, 32, 33, 34, 35, 36, 37,
		{
			"name": "top",
			"origin": [8, 11, 8],
			"children": [38, 39, 40, 41, 42, 43, 44, 45, 46, 47, 48, 49, 50, 51, 52,
				{
					"name": "roof",
					"origin": [7, 12, 5],
					"children": []
				}
			]
		}, 53]
}