{
	"credit": "Made by MadstonMagic, using Cubik Pro & Blockbench",
	"textures": {
		"5": "block/stone",
		"8": "block/stone_bricks",
		"9": "towers/mage_lvl_1",
		"particle": "block/stone",
		"log_oak": "block/oak_log",
		"planks_oak": "block/oak_planks",
		"concrete_purple": "block/cobblestone"
	},
	"elements": [
		{
			"name": "top_neg",
			"from": [11.996, 3, 11.996],
			"to": [3.998, 6.5, 3.998],
			"rotation": {"angle": 0, "axis": "y", "origin": [15.72609, 5.7499, 15.80854]},
			"faces": {
				"north": {"uv": [13, 14.5625, 16, 16], "texture": "#9"},
				"east": {"uv": [13, 14.5625, 16, 16], "texture": "#9"},
				"south": {"uv": [13, 14.5625, 16, 16], "texture": "#9"},
				"west": {"uv": [13, 14.5625, 16, 16], "texture": "#9"}
			}
		},
		{
			"name": "top_pos",
			"from": [4, 3, 4],
			"to": [12, 6.5, 12],
			"rotation": {"angle": 0, "axis": "y", "origin": [7.97609, 5.7499, 7.80854]},
			"faces": {
				"north": {"uv": [13, 14.5625, 16, 16], "texture": "#9"},
				"east": {"uv": [13, 14.5625, 16, 16], "texture": "#9"},
				"south": {"uv": [13, 14.5625, 16, 16], "texture": "#9"},
				"west": {"uv": [13, 14.5625, 16, 16], "texture": "#9"}
			}
		},
		{
			"from": [1, -13.5, 1.5],
			"to": [5.125, -10, 5.5],
			"rotation": {"angle": 0, "axis": "y", "origin": [7.94224, -3.48716, 8.06127]},
			"faces": {
				"north": {"uv": [0, 0, 16, 14], "texture": "#5"},
				"east": {"uv": [0, 0, 16, 14], "texture": "#5"},
				"south": {"uv": [0, 0, 16, 14], "texture": "#5"},
				"west": {"uv": [0, 0, 16, 14], "texture": "#5"},
				"up": {"uv": [0, 0, 16, 16], "texture": "#5"}
			}
		},
		{
			"from": [11, -14.5, 3.125],
			"to": [15, -10.75, 7.125],
			"rotation": {"angle": 0, "axis": "y", "origin": [7.94224, -3.48716, 10.06127]},
			"faces": {
				"north": {"uv": [0, 0, 16, 14], "texture": "#concrete_purple"},
				"east": {"uv": [0, 0, 16, 14], "texture": "#concrete_purple"},
				"south": {"uv": [0, 0, 16, 14], "texture": "#concrete_purple"},
				"west": {"uv": [0, 0, 16, 14], "texture": "#concrete_purple"},
				"up": {"uv": [0, 0, 16, 16], "texture": "#concrete_purple"}
			}
		},
		{
			"from": [1, -14.5, 10.34375],
			"to": [5.125, -11, 14.46875],
			"rotation": {"angle": 0, "axis": "y", "origin": [7.94224, -3.48716, 7.53002]},
			"faces": {
				"north": {"uv": [0, 0, 16, 14], "texture": "#5"},
				"east": {"uv": [0, 0, 16, 14], "texture": "#5"},
				"south": {"uv": [0, 0, 16, 14], "texture": "#5"},
				"west": {"uv": [0, 0, 16, 14], "texture": "#5"},
				"up": {"uv": [0, 0, 16, 16], "texture": "#5"}
			}
		},
		{
			"from": [10.875, -13.5, 10.875],
			"to": [15, -10, 15],
			"rotation": {"angle": 0, "axis": "y", "origin": [7.94224, -3.48716, 8.06127]},
			"faces": {
				"north": {"uv": [0, 0, 16, 14], "texture": "#5"},
				"east": {"uv": [0, 0, 16, 14], "texture": "#5"},
				"south": {"uv": [0, 0, 16, 14], "texture": "#5"},
				"west": {"uv": [0, 0, 16, 14], "texture": "#5"},
				"up": {"uv": [0, 0, 16, 16], "texture": "#5"}
			}
		},
		{
			"from": [11.5, -14.5, 7],
			"to": [15.5, -11, 11.125],
			"rotation": {"angle": 0, "axis": "y", "origin": [7.94224, -3.48716, 8.06127]},
			"faces": {
				"north": {"uv": [0, 0, 16, 14], "texture": "#5"},
				"east": {"uv": [0, 0, 16, 14], "texture": "#5"},
				"south": {"uv": [0, 0, 16, 14], "texture": "#5"},
				"west": {"uv": [0, 0, 16, 14], "texture": "#5"},
				"up": {"uv": [0, 0, 16, 16], "texture": "#5"}
			}
		},
		{
			"from": [3, -14.5, 0.5],
			"to": [7.125, -11, 4.5],
			"rotation": {"angle": 0, "axis": "y", "origin": [7.94224, -3.48716, 8.06127]},
			"faces": {
				"north": {"uv": [0, 0, 16, 14], "texture": "#concrete_purple"},
				"east": {"uv": [0, 0, 16, 14], "texture": "#concrete_purple"},
				"south": {"uv": [0, 0, 16, 14], "texture": "#concrete_purple"},
				"west": {"uv": [0, 0, 16, 14], "texture": "#concrete_purple"},
				"up": {"uv": [0, 0, 16, 16], "texture": "#concrete_purple"}
			}
		},
		{
			"from": [4, -13.5, 10.5],
			"to": [8, -10, 14.5],
			"rotation": {"angle": 0, "axis": "y", "origin": [7.94224, -3.48716, 8.06127]},
			"faces": {
				"east": {"uv": [0, 0, 16, 14], "texture": "#concrete_purple"},
				"south": {"uv": [0, 0, 16, 14], "texture": "#concrete_purple"},
				"west": {"uv": [0, 0, 16, 14], "texture": "#concrete_purple"},
				"up": {"uv": [0, 0, 16, 16], "texture": "#concrete_purple"}
			}
		},
		{
			"from": [1, -13.5, 6.75],
			"to": [5, -10, 10.375],
			"rotation": {"angle": 0, "axis": "y", "origin": [7.94224, -3.48716, 7.81127]},
			"faces": {
				"north": {"uv": [0, 0, 16, 14], "texture": "#5"},
				"south": {"uv": [0, 0, 16, 14], "texture": "#5"},
				"west": {"uv": [0, 0, 16, 14], "texture": "#5"},
				"up": {"uv": [0, 0, 16, 16], "texture": "#5"}
			}
		},
		{
			"from": [2, -0.5, 2],
			"to": [14, 5.5, 14],
			"rotation": {"angle": 0, "axis": "y", "origin": [7.94224, -3.48716, 8.31127]},
			"faces": {
				"north": {"uv": [12.4375, 7.625, 15.9375, 8.6875], "texture": "#9"},
				"east": {"uv": [12.4375, 7.625, 15.9375, 8.6875], "texture": "#9"},
				"south": {"uv": [12.4375, 7.625, 15.9375, 8.6875], "texture": "#9"},
				"west": {"uv": [12.4375, 7.625, 15.9375, 8.6875], "texture": "#9"},
				"up": {"uv": [9.375, 7.625, 12.375, 10.625], "texture": "#9"},
				"down": {"uv": [9.375, 4.0625, 11.9375, 6.625], "texture": "#9"}
			}
		},
		{
			"from": [2, 1.005, 1],
			"to": [14, 4.505, 15],
			"rotation": {"angle": 0, "axis": "y", "origin": [-0.05776, -3.48716, -4.93873]},
			"faces": {
				"north": {"uv": [12.9375, 7.625, 15.9375, 8.25], "texture": "#9"},
				"east": {"uv": [9.375, 4.0625, 12.875, 4.6875], "texture": "#9"},
				"south": {"uv": [12.9375, 7.625, 15.9375, 8.25], "texture": "#9"},
				"west": {"uv": [9.375, 4.0625, 12.875, 4.6875], "texture": "#9"},
				"up": {"uv": [9.375, 4.0625, 12.875, 7.0625], "texture": "#9"},
				"down": {"uv": [9.375, 4.0625, 12.875, 7.0625], "texture": "#9"}
			}
		},
		{
			"from": [0.50003, 2.5, 1.5],
			"to": [15.50003, 3.25, 14.5],
			"rotation": {"angle": 0, "axis": "y", "origin": [7.94224, -3.48716, 8.06127]},
			"faces": {
				"north": {"uv": [0, 10, 4, 13], "texture": "#planks_oak"},
				"east": {"uv": [0, 2, 16, 5], "texture": "#planks_oak"},
				"south": {"uv": [0, 10, 4, 13], "texture": "#planks_oak"},
				"west": {"uv": [0, 2, 16, 5], "texture": "#planks_oak"},
				"up": {"uv": [0, 11, 16, 16], "rotation": 90, "texture": "#planks_oak"},
				"down": {"uv": [0, 11, 16, 16], "rotation": 90, "texture": "#planks_oak"}
			}
		},
		{
			"from": [4, 2.75, 4],
			"to": [12, 3.5, 12],
			"faces": {
				"up": {"uv": [3.0625, 8.25, 5.0625, 10.25], "rotation": 90, "texture": "#9"}
			}
		},
		{
			"from": [5.5, 2.498, -0.5],
			"to": [10.5, 3.248, 16.5],
			"faces": {
				"north": {"uv": [0, 2, 16, 5], "texture": "#planks_oak"},
				"east": {"uv": [0, 10, 4, 13], "texture": "#planks_oak"},
				"south": {"uv": [0, 2, 16, 5], "texture": "#planks_oak"},
				"west": {"uv": [0, 10, 4, 13], "texture": "#planks_oak"},
				"up": {"uv": [0, 11, 16, 16], "texture": "#planks_oak"},
				"down": {"uv": [0, 11, 16, 16], "texture": "#planks_oak"}
			}
		},
		{
			"from": [-0.5, 2.498, 5.5],
			"to": [16.5, 3.248, 10.5],
			"faces": {
				"north": {"uv": [0, 10, 4, 13], "texture": "#planks_oak"},
				"east": {"uv": [0, 2, 16, 5], "texture": "#planks_oak"},
				"south": {"uv": [0, 10, 4, 13], "texture": "#planks_oak"},
				"west": {"uv": [0, 2, 16, 5], "texture": "#planks_oak"},
				"up": {"uv": [0, 11, 16, 16], "rotation": 90, "texture": "#planks_oak"},
				"down": {"uv": [0, 11, 16, 16], "rotation": 270, "texture": "#planks_oak"}
			}
		},
		{
			"from": [6, 1, 0],
			"to": [10, 4.5, 16],
			"faces": {
				"north": {"uv": [0, 0, 16, 16], "texture": "#5"},
				"east": {"uv": [8.25, 4.0625, 9.25, 8.0625], "rotation": 90, "texture": "#9"},
				"south": {"uv": [0, 0, 16, 16], "texture": "#5"},
				"west": {"uv": [8.25, 4.0625, 9.25, 8.0625], "rotation": 90, "texture": "#9"},
				"up": {"uv": [8.25, 4.0625, 9.25, 8.0625], "texture": "#9"},
				"down": {"uv": [8.25, 4.0625, 9.25, 8.0625], "texture": "#9"}
			}
		},
		{
			"from": [0, 1, 6],
			"to": [16, 4.5, 10],
			"faces": {
				"north": {"uv": [8.25, 4.0625, 9.25, 8.0625], "rotation": 90, "texture": "#9"},
				"east": {"uv": [0, 0, 16, 16], "texture": "#5"},
				"south": {"uv": [8.25, 4.0625, 9.25, 8.0625], "rotation": 90, "texture": "#9"},
				"west": {"uv": [0, 0, 16, 16], "texture": "#5"},
				"up": {"uv": [8.25, 4.0625, 9.25, 8.0625], "rotation": 90, "texture": "#9"},
				"down": {"uv": [8.25, 4.0625, 9.25, 8.0625], "rotation": 90, "texture": "#9"}
			}
		},
		{
			"from": [1.5, 2.5, 0.5],
			"to": [14.5, 3.25, 15.5],
			"rotation": {"angle": 0, "axis": "y", "origin": [16.94224, -3.48716, 7.93873]},
			"faces": {
				"north": {"uv": [16, 2, 0, 5], "texture": "#planks_oak"},
				"east": {"uv": [4, 10, 0, 13], "texture": "#planks_oak"},
				"south": {"uv": [16, 2, 0, 5], "texture": "#planks_oak"},
				"west": {"uv": [4, 10, 0, 13], "texture": "#planks_oak"},
				"up": {"uv": [0, 16, 16, 11], "texture": "#planks_oak"},
				"down": {"uv": [0, 16, 16, 11], "texture": "#planks_oak"}
			}
		},
		{
			"from": [1, 1, 2],
			"to": [15, 4.5, 14],
			"rotation": {"angle": 0, "axis": "y", "origin": [7.94224, -3.48716, 16.06127]},
			"faces": {
				"north": {"uv": [9.375, 4.0625, 12.875, 4.6875], "texture": "#9"},
				"east": {"uv": [12.9375, 7.625, 15.9375, 8.25], "texture": "#9"},
				"south": {"uv": [9.375, 4.0625, 12.875, 4.6875], "texture": "#9"},
				"west": {"uv": [12.9375, 7.625, 15.9375, 8.25], "texture": "#9"},
				"up": {"uv": [12.9375, 4.0625, 15.9375, 7.5625], "texture": "#9"},
				"down": {"uv": [12.9375, 4.0625, 15.9375, 7.5625], "texture": "#9"}
			}
		},
		{
			"from": [2, -14, 2],
			"to": [5.125, -10.5, 4.75],
			"rotation": {"angle": 0, "axis": "y", "origin": [7.94224, -3.48716, 8.06127]},
			"faces": {
				"east": {"uv": [0, 0, 16, 14], "texture": "#concrete_purple"}
			}
		},
		{
			"from": [1.875, -14, 2],
			"to": [13.875, -10.5, 14],
			"rotation": {"angle": 0, "axis": "y", "origin": [7.94224, -3.48716, 8.06127]},
			"faces": {
				"north": {"uv": [0, 0, 4, 0.6875], "rotation": 180, "texture": "#9"},
				"east": {"uv": [3.3125, 0, 4, 4], "rotation": 90, "texture": "#9"},
				"south": {"uv": [0, 3.3125, 4, 4], "texture": "#9"},
				"west": {"uv": [0, 0, 0.6875, 4], "rotation": 270, "texture": "#9"},
				"up": {"uv": [0, 0, 4, 4], "texture": "#9"}
			}
		},
		{
			"from": [6, -14, 6],
			"to": [10, -10.5, 10],
			"rotation": {"angle": 0, "axis": "y", "origin": [7.94224, -3.48716, 8.06127]},
			"faces": {
				"north": {"uv": [0, 0, 16, 14], "texture": "#concrete_purple"},
				"up": {"uv": [0, 0, 16, 16], "texture": "#concrete_purple"}
			}
		},
		{
			"from": [3.5, -10.5, 3.5],
			"to": [12.5, -0.5, 12.5],
			"rotation": {"angle": 0, "axis": "y", "origin": [7.94224, -3.48716, 8.06127]},
			"faces": {
				"north": {"uv": [0, 8.25, 3, 11.25], "texture": "#9"},
				"east": {"uv": [0, 8.25, 3, 11.25], "texture": "#9"},
				"south": {"uv": [0, 8.25, 3, 11.25], "texture": "#9"},
				"west": {"uv": [0, 8.25, 3, 11.25], "texture": "#9"}
			}
		},
		{
			"from": [6, -11, 2.5],
			"to": [10, -0.5, 13.5],
			"faces": {
				"north": {"uv": [0, 5.1875, 1, 8.1875], "texture": "#9"},
				"east": {"uv": [1.0625, 5.1875, 5.4375, 8.1875], "texture": "#9"},
				"south": {"uv": [0, 5.1875, 1, 8.1875], "texture": "#9"},
				"west": {"uv": [1.0625, 5.1875, 5.4375, 8.1875], "texture": "#9"}
			}
		},
		{
			"from": [2.5, -11, 6],
			"to": [13.5, -0.5, 10],
			"faces": {
				"north": {"uv": [1.0625, 5.1875, 5.4375, 8.1875], "texture": "#9"},
				"east": {"uv": [0, 5.1875, 1, 8.1875], "texture": "#9"},
				"south": {"uv": [1.0625, 5.1875, 5.4375, 8.1875], "texture": "#9"},
				"west": {"uv": [0, 5.1875, 1, 8.1875], "texture": "#9"}
			}
		},
		{
			"from": [6.5, -12.5, 9],
			"to": [10.5, -8.5, 13],
			"rotation": {"angle": 0, "axis": "y", "origin": [7.94224, -3.48716, 8.06127]},
			"faces": {
				"north": {"uv": [0, 0, 16, 14], "texture": "#5"},
				"east": {"uv": [0, 0, 16, 14], "texture": "#5"},
				"up": {"uv": [0, 0, 16, 16], "texture": "#5"}
			}
		},
		{
			"from": [3, -10.5, 3],
			"to": [4, -0.25, 4],
			"rotation": {"angle": 0, "axis": "y", "origin": [7.94224, -3.48716, 8.06127]},
			"faces": {
				"north": {"uv": [0, 0, 4, 16], "texture": "#log_oak"},
				"east": {"uv": [3, 0, 7, 16], "texture": "#log_oak"},
				"south": {"uv": [5, 0, 9, 16], "texture": "#log_oak"},
				"west": {"uv": [9, 0, 13, 16], "texture": "#log_oak"}
			}
		},
		{
			"from": [3, -10.5, 12],
			"to": [4, -0.25, 13],
			"rotation": {"angle": 0, "axis": "y", "origin": [7.94224, -3.48716, 8.06127]},
			"faces": {
				"north": {"uv": [0, 0, 4, 16], "texture": "#log_oak"},
				"east": {"uv": [3, 0, 7, 16], "texture": "#log_oak"},
				"south": {"uv": [5, 0, 9, 16], "texture": "#log_oak"},
				"west": {"uv": [9, 0, 13, 16], "texture": "#log_oak"}
			}
		},
		{
			"from": [12, -10.5, 12],
			"to": [13, -0.25, 13],
			"rotation": {"angle": 0, "axis": "y", "origin": [7.94224, -3.48716, 8.06127]},
			"faces": {
				"north": {"uv": [0, 0, 4, 16], "texture": "#log_oak"},
				"east": {"uv": [3, 0, 7, 16], "texture": "#log_oak"},
				"south": {"uv": [5, 0, 9, 16], "texture": "#log_oak"},
				"west": {"uv": [9, 0, 13, 16], "texture": "#log_oak"}
			}
		},
		{
			"from": [12, -10.5, 3],
			"to": [13, -0.25, 4],
			"rotation": {"angle": 0, "axis": "y", "origin": [7.94224, -3.48716, 8.06127]},
			"faces": {
				"north": {"uv": [0, 0, 4, 16], "texture": "#log_oak"},
				"east": {"uv": [3, 0, 7, 16], "texture": "#log_oak"},
				"south": {"uv": [5, 0, 9, 16], "texture": "#log_oak"},
				"west": {"uv": [9, 0, 13, 16], "texture": "#log_oak"}
			}
		},
		{
			"from": [7, -13.5, 1],
			"to": [11.125, -10, 5],
			"rotation": {"angle": 0, "axis": "y", "origin": [7.94224, -3.48716, 8.06127]},
			"faces": {
				"north": {"uv": [0, 0, 16, 14], "texture": "#5"},
				"east": {"uv": [0, 0, 16, 14], "texture": "#5"},
				"south": {"uv": [0, 0, 16, 14], "texture": "#5"},
				"west": {"uv": [0, 0, 16, 14], "texture": "#5"},
				"up": {"uv": [0, 0, 16, 16], "texture": "#5"}
			}
		},
		{
			"from": [0.5, -14.5, 3.9375],
			"to": [4.75, -10.875, 8],
			"rotation": {"angle": 0, "axis": "y", "origin": [7.94224, -3.48716, 8.06127]},
			"faces": {
				"north": {"uv": [0, 0, 16, 14], "texture": "#concrete_purple"},
				"east": {"uv": [0, 0, 16, 14], "texture": "#concrete_purple"},
				"south": {"uv": [0, 0, 16, 14], "texture": "#concrete_purple"},
				"west": {"uv": [0, 0, 16, 14], "texture": "#concrete_purple"},
				"up": {"uv": [0, 0, 16, 16], "texture": "#concrete_purple"}
			}
		},
		{
			"from": [8, -14.5, 11.5],
			"to": [12, -11, 15.5],
			"rotation": {"angle": 0, "axis": "y", "origin": [7.94224, -3.48716, 8.06127]},
			"faces": {
				"north": {"uv": [0, 0, 16, 14], "texture": "#5"},
				"east": {"uv": [0, 0, 16, 14], "texture": "#5"},
				"south": {"uv": [0, 0, 16, 14], "texture": "#5"},
				"west": {"uv": [0, 0, 16, 14], "texture": "#5"},
				"up": {"uv": [0, 0, 16, 16], "texture": "#5"}
			}
		},
		{
			"from": [3.34076, -3.19774, 5],
			"to": [6.34076, 3.30226, 6.125],
			"rotation": {"angle": 22.5, "axis": "z", "origin": [7.94224, -3.48716, 8.06127]},
			"faces": {
				"north": {"uv": [0, 0, 16, 16], "texture": "#8"},
				"south": {"uv": [0, 0, 16, 16], "texture": "#8"},
				"west": {"uv": [0, 0, 4.5, 16], "texture": "#8"}
			}
		},
		{
			"from": [9.87061, -3.13883, 3.31757],
			"to": [10.99561, 3.36117, 6.31757],
			"rotation": {"angle": -22.5, "axis": "x", "origin": [7.94224, -3.48716, 8.06127]},
			"faces": {
				"north": {"uv": [0, 0, 4.5, 16], "texture": "#8"},
				"east": {"uv": [0, 0, 16, 16], "texture": "#8"},
				"west": {"uv": [0, 0, 16, 16], "texture": "#8"}
			}
		},
		{
			"from": [9.65045, -3.15354, 5],
			"to": [12.65045, 3.34646, 6.125],
			"rotation": {"angle": -22.5, "axis": "z", "origin": [7.94224, -3.48716, 8.06127]},
			"faces": {
				"north": {"uv": [16, 0, 0, 16], "texture": "#8"},
				"east": {"uv": [4.5, 0, 0, 16], "texture": "#8"},
				"south": {"uv": [16, 0, 0, 16], "texture": "#8"}
			}
		},
		{
			"from": [10.46368, -14.0425, 5],
			"to": [13.46368, -7.5425, 6.125],
			"rotation": {"angle": 22.5, "axis": "z", "origin": [8.03083, -9.6634, 7.96912]},
			"faces": {
				"north": {"uv": [16, 0, 0, 16], "texture": "#8"},
				"east": {"uv": [4.5, 0, 0, 16], "texture": "#8"},
				"south": {"uv": [16, 0, 0, 16], "texture": "#8"}
			}
		},
		{
			"from": [9.87495, -14.5425, 10.40197],
			"to": [10.99995, -8.0425, 13.40197],
			"rotation": {"angle": -22.5, "axis": "x", "origin": [8.03083, -9.6634, 7.96912]},
			"faces": {
				"east": {"uv": [16, 0, 0, 16], "texture": "#8"},
				"south": {"uv": [4.5, 0, 0, 16], "texture": "#8"},
				"west": {"uv": [16, 0, 0, 16], "texture": "#8"}
			}
		},
		{
			"from": [2.54101, -14.5661, 5],
			"to": [5.54101, -8.0661, 6.125],
			"rotation": {"angle": -22.5, "axis": "z", "origin": [8.03083, -9.6634, 7.96912]},
			"faces": {
				"north": {"uv": [0, 0, 16, 16], "texture": "#8"},
				"south": {"uv": [0, 0, 16, 16], "texture": "#8"},
				"west": {"uv": [0, 0, 4.5, 16], "texture": "#8"}
			}
		},
		{
			"from": [9.87495, -14.5661, 2.4793],
			"to": [10.99995, -8.0661, 5.4793],
			"rotation": {"angle": 22.5, "axis": "x", "origin": [8.03083, -9.6634, 7.96912]},
			"faces": {
				"north": {"uv": [0, 0, 4.5, 16], "texture": "#8"},
				"east": {"uv": [0, 0, 16, 16], "texture": "#8"},
				"west": {"uv": [0, 0, 16, 16], "texture": "#8"}
			}
		},
		{
			"from": [9.87061, -3.21244, 9.62726],
			"to": [10.99561, 3.28756, 12.62726],
			"rotation": {"angle": 22.5, "axis": "x", "origin": [7.94224, -3.48716, 8.06127]},
			"faces": {
				"east": {"uv": [16, 0, 0, 16], "texture": "#8"},
				"south": {"uv": [4.5, 0, 0, 16], "texture": "#8"},
				"west": {"uv": [16, 0, 0, 16], "texture": "#8"}
			}
		},
		{
			"from": [3.34076, -3.19774, 9.875],
			"to": [6.34076, 3.30226, 11],
			"rotation": {"angle": 22.5, "axis": "z", "origin": [7.94224, -3.48716, 8.06127]},
			"faces": {
				"north": {"uv": [16, 0, 0, 16], "texture": "#8"},
				"south": {"uv": [16, 0, 0, 16], "texture": "#8"},
				"west": {"uv": [4.5, 0, 0, 16], "texture": "#8"}
			}
		},
		{
			"from": [4.99561, -3.13883, 3.31757],
			"to": [6.12061, 3.36117, 6.31757],
			"rotation": {"angle": -22.5, "axis": "x", "origin": [7.94224, -3.48716, 8.06127]},
			"faces": {
				"north": {"uv": [4.5, 0, 0, 16], "texture": "#8"},
				"east": {"uv": [16, 0, 0, 16], "texture": "#8"},
				"west": {"uv": [16, 0, 0, 16], "texture": "#8"}
			}
		},
		{
			"from": [9.65045, -3.15354, 9.875],
			"to": [12.65045, 3.34646, 11],
			"rotation": {"angle": -22.5, "axis": "z", "origin": [7.94224, -3.48716, 8.06127]},
			"faces": {
				"north": {"uv": [0, 0, 16, 16], "texture": "#8"},
				"east": {"uv": [0, 0, 4.5, 16], "texture": "#8"},
				"south": {"uv": [0, 0, 16, 16], "texture": "#8"}
			}
		},
		{
			"from": [10.46368, -14.5425, 9.875],
			"to": [13.46368, -8.0425, 11],
			"rotation": {"angle": 22.5, "axis": "z", "origin": [8.03083, -9.6634, 7.96912]},
			"faces": {
				"north": {"uv": [0, 0, 16, 16], "texture": "#8"},
				"east": {"uv": [0, 0, 4.5, 16], "texture": "#8"},
				"south": {"uv": [0, 0, 16, 16], "texture": "#8"}
			}
		},
		{
			"from": [4.99995, -13.5425, 10.40197],
			"to": [6.12495, -7.0425, 13.40197],
			"rotation": {"angle": -22.5, "axis": "x", "origin": [8.03083, -9.6634, 7.96912]},
			"faces": {
				"east": {"uv": [0, 0, 16, 16], "texture": "#8"},
				"south": {"uv": [0, 0, 4.5, 16], "texture": "#8"},
				"west": {"uv": [0, 0, 16, 16], "texture": "#8"}
			}
		},
		{
			"from": [2.54101, -14.5661, 9.875],
			"to": [5.54101, -8.0661, 11],
			"rotation": {"angle": -22.5, "axis": "z", "origin": [8.03083, -9.6634, 7.96912]},
			"faces": {
				"north": {"uv": [16, 0, 0, 16], "texture": "#8"},
				"south": {"uv": [16, 0, 0, 16], "texture": "#8"},
				"west": {"uv": [4.5, 0, 0, 16], "texture": "#8"}
			}
		},
		{
			"from": [4.99995, -14.5661, 2.4793],
			"to": [6.12495, -8.0661, 5.4793],
			"rotation": {"angle": 22.5, "axis": "x", "origin": [8.03083, -9.6634, 7.96912]},
			"faces": {
				"north": {"uv": [4.5, 0, 0, 16], "texture": "#8"},
				"east": {"uv": [16, 0, 0, 16], "texture": "#8"},
				"west": {"uv": [16, 0, 0, 16], "texture": "#8"}
			}
		},
		{
			"from": [4.99561, -3.21244, 9.62726],
			"to": [6.12061, 3.28756, 12.62726],
			"rotation": {"angle": 22.5, "axis": "x", "origin": [7.94224, -3.48716, 8.06127]},
			"faces": {
				"east": {"uv": [0, 0, 16, 16], "texture": "#8"},
				"south": {"uv": [0, 0, 4.5, 16], "texture": "#8"},
				"west": {"uv": [0, 0, 16, 16], "texture": "#8"}
			}
		},
		{
			"from": [0, -16, 0],
			"to": [16, -13, 16],
			"rotation": {"angle": 0, "axis": "y", "origin": [8, -8, 8]},
			"faces": {
				"north": {"uv": [0, 0, 4, 0.6875], "rotation": 180, "texture": "#9"},
				"east": {"uv": [3.3125, 0, 4, 4], "rotation": 90, "texture": "#9"},
				"south": {"uv": [0, 3.3125, 4, 4], "texture": "#9"},
				"west": {"uv": [0, 0, 0.6875, 4], "rotation": 270, "texture": "#9"},
				"up": {"uv": [0, 0, 4, 4], "texture": "#9"}
			}
		},
		{
			"from": [-0.71872, 0.75, 6.0345],
			"to": [-0.21872, 4.75, 10.0345],
			"rotation": {"angle": 0, "axis": "y", "origin": [3.97349, -7.23716, 8.06127]},
			"faces": {
				"north": {"uv": [8.125, 0, 8.3125, 4], "texture": "#9"},
				"east": {"uv": [0, 0, 16, 16], "texture": "#9"},
				"south": {"uv": [11.9375, 0, 12.125, 4], "texture": "#9"},
				"west": {"uv": [8.125, 0, 12.125, 4], "texture": "#9"},
				"up": {"uv": [8.125, 0, 12.125, 0.25], "rotation": 90, "texture": "#9"},
				"down": {"uv": [0, 0, 0, 0], "texture": "#9"}
			}
		}
	],
	"display": {
		"thirdperson_righthand": {
			"rotation": [75, -145, 0],
			"translation": [0, 2.5, 0],
			"scale": [0.375, 0.375, 0.375]
		},
		"thirdperson_lefthand": {
			"rotation": [75, -145, 0],
			"translation": [0, 2.5, 0],
			"scale": [-0.375, 0.375, 0.375]
		},
		"firstperson_righthand": {
			"rotation": [0, -45, 0],
			"translation": [0, 1, -1],
			"scale": [0.3, 0.3, 0.3]
		},
		"firstperson_lefthand": {
			"rotation": [0, -45, 0],
			"translation": [0, 1, -1],
			"scale": [-0.3, 0.3, 0.3]
		},
		"ground": {
			"translation": [0, 3, 0],
			"scale": [0.25, 0.25, 0.25]
		},
		"gui": {
			"rotation": [30, 45, 0],
			"translation": [0, 6, 0],
			"scale": [0.5, 0.5, 0.5]
		},
		"head": {
			"rotation": [0, -90, 0],
			"translation": [0, 22, 0],
			"scale": [4, 4, 4]
		},
		"fixed": {
			"rotation": [0, 90, 0],
			"translation": [0, -2, -3.25],
			"scale": [0.5, 0.5, 0.5]
		}
	}
}