{
	"credit": "Made by MadstonMagic, using Cubik Pro & Blockbench",
	"textures": {
		"7": "block/chiseled_stone_bricks",
		"9": "towers/mage_lvl_2",
		"10": "block/spruce_planks",
		"11": "towers/mage_lvl_3",
		"12": "towers/mage_lvl_2_spike",
		"13": "towers/mage_lvl_1",
		"15": "block/cauldron_side",
		"16": "block/stone_bricks",
		"particle": "block/chiseled_stone_bricks",
		"log_oak": "block/oak_log",
		"planks_oak": "block/oak_planks"
	},
	"elements": [
		{
			"from": [3.5, -4.5, 4],
			"to": [16.5, -3.75, 12],
			"rotation": {"angle": 0, "axis": "y", "origin": [14.75, -5.875, 10.25]},
			"faces": {
				"north": {"uv": [5, 11.3125, 6.5, 11.5625], "texture": "#9"},
				"east": {"uv": [5, 11.3125, 6.5, 11.5625], "texture": "#9"},
				"south": {"uv": [5, 11.3125, 6.5, 11.5625], "texture": "#9"},
				"up": {"uv": [5, 11.3125, 6.5, 13.3125], "rotation": 90, "texture": "#9"},
				"down": {"uv": [5, 11.3125, 6.5, 13.3125], "rotation": 90, "texture": "#9"}
			}
		},
		{
			"from": [13.5, 1.5, 4],
			"to": [19, 1.501, 9.65625],
			"rotation": {"angle": -45, "axis": "x", "origin": [17.25, 1.5, 4]},
			"faces": {
				"up": {"uv": [12.9375, 2, 15.9375, 4], "texture": "#9"},
				"down": {"uv": [12.9375, 2, 15.9375, 4], "texture": "#9"}
			}
		},
		{
			"from": [15, 1.5, 4],
			"to": [15.501, 5.4375, 12],
			"rotation": {"angle": 0, "axis": "y", "origin": [15, 1.5, 10]},
			"faces": {
				"east": {"uv": [0, 0.125, 16, 16], "texture": "#12"},
				"down": {"uv": [12.9375, 4, 15.9375, 3.625], "rotation": 90, "texture": "#9"}
			}
		},
		{
			"from": [13.5, 1.5, 6.34375],
			"to": [19, 1.501, 12],
			"rotation": {"angle": 45, "axis": "x", "origin": [17.25, 1.5, 12]},
			"faces": {
				"up": {"uv": [12.9375, 4, 15.9375, 2], "texture": "#9"},
				"down": {"uv": [12.9375, 4, 15.9375, 2], "texture": "#9"}
			}
		},
		{
			"from": [3, -10.5, 3],
			"to": [4, 0, 4],
			"rotation": {"angle": 0, "axis": "y", "origin": [7.94224, -3.48716, 8.06127]},
			"faces": {
				"north": {"uv": [0, 0, 4, 16], "texture": "#log_oak"},
				"east": {"uv": [3, 0, 7, 16], "texture": "#log_oak"},
				"south": {"uv": [5, 0, 9, 16], "texture": "#log_oak"},
				"west": {"uv": [9, 0, 13, 16], "texture": "#log_oak"}
			}
		},
		{
			"from": [3, -10.5, 12],
			"to": [4, 0, 13],
			"rotation": {"angle": 0, "axis": "y", "origin": [7.94224, -3.48716, 8.06127]},
			"faces": {
				"north": {"uv": [0, 0, 4, 16], "texture": "#log_oak"},
				"east": {"uv": [3, 0, 7, 16], "texture": "#log_oak"},
				"south": {"uv": [5, 0, 9, 16], "texture": "#log_oak"},
				"west": {"uv": [9, 0, 13, 16], "texture": "#log_oak"}
			}
		},
		{
			"from": [12, -10.5, 12],
			"to": [13, 0, 13],
			"rotation": {"angle": 0, "axis": "y", "origin": [7.94224, -3.48716, 8.06127]},
			"faces": {
				"north": {"uv": [0, 0, 4, 16], "texture": "#log_oak"},
				"east": {"uv": [3, 0, 7, 16], "texture": "#log_oak"},
				"south": {"uv": [5, 0, 9, 16], "texture": "#log_oak"},
				"west": {"uv": [9, 0, 13, 16], "texture": "#log_oak"}
			}
		},
		{
			"from": [12, -10.5, 3],
			"to": [13, 0, 4],
			"rotation": {"angle": 0, "axis": "y", "origin": [7.94224, -3.48716, 8.06127]},
			"faces": {
				"north": {"uv": [0, 0, 4, 16], "texture": "#log_oak"},
				"east": {"uv": [3, 0, 7, 16], "texture": "#log_oak"},
				"south": {"uv": [5, 0, 9, 16], "texture": "#log_oak"},
				"west": {"uv": [9, 0, 13, 16], "texture": "#log_oak"}
			}
		},
		{
			"from": [14.46875, -3.86937, 4.35646],
			"to": [15.46875, 2.63063, 5.35646],
			"rotation": {"angle": 0, "axis": "x", "origin": [14.96875, -0.11937, 4.85646]},
			"faces": {
				"north": {"uv": [1, 0, 4, 16], "texture": "#planks_oak"},
				"east": {"uv": [5, 0, 8, 16], "texture": "#planks_oak"},
				"south": {"uv": [12, 0, 15, 16], "texture": "#planks_oak"},
				"west": {"uv": [6, 0, 9, 16], "texture": "#planks_oak"}
			}
		},
		{
			"from": [14.46875, -3.86937, 10.64354],
			"to": [15.46875, 2.63063, 11.64354],
			"rotation": {"angle": 0, "axis": "x", "origin": [14.96875, -0.11937, 11.14354]},
			"faces": {
				"north": {"uv": [15, 0, 12, 16], "texture": "#planks_oak"},
				"east": {"uv": [8, 0, 5, 16], "texture": "#planks_oak"},
				"south": {"uv": [4, 0, 1, 16], "texture": "#planks_oak"},
				"west": {"uv": [9, 0, 6, 16], "texture": "#planks_oak"}
			}
		},
		{
			"from": [0, -16, 0],
			"to": [16, -13, 16],
			"rotation": {"angle": 0, "axis": "y", "origin": [8, -8, 8]},
			"faces": {
				"north": {"uv": [0, 0, 4, 0.6875], "rotation": 180, "texture": "#13"},
				"east": {"uv": [3.3125, 0, 4, 4], "rotation": 90, "texture": "#13"},
				"south": {"uv": [0, 3.3125, 4, 4], "texture": "#13"},
				"west": {"uv": [0, 0, 0.6875, 4], "rotation": 270, "texture": "#13"},
				"up": {"uv": [0, 0, 4, 4], "texture": "#13"},
				"down": {"uv": [0, 0, 0, 0], "texture": "#13"}
			}
		},
		{
			"from": [2, -13, 2],
			"to": [14, -10.5, 14],
			"rotation": {"angle": 0, "axis": "y", "origin": [7.94224, -15.98716, 8.31127]},
			"faces": {
				"north": {"uv": [12.4375, 7.625, 15.9375, 8.6875], "texture": "#13"},
				"east": {"uv": [12.4375, 7.625, 15.9375, 8.6875], "texture": "#13"},
				"south": {"uv": [12.4375, 7.625, 15.9375, 8.6875], "texture": "#13"},
				"west": {"uv": [12.4375, 7.625, 15.9375, 8.6875], "texture": "#13"},
				"up": {"uv": [9.375, 7.625, 12.375, 10.625], "rotation": 90, "texture": "#13"}
			}
		},
		{
			"name": "top_pos",
			"from": [4, 2.75, 4],
			"to": [12, 6.25, 12],
			"rotation": {"angle": 0, "axis": "y", "origin": [7.97609, 5.4999, 7.80854]},
			"faces": {
				"north": {"uv": [13, 14.5625, 16, 16], "texture": "#13"},
				"east": {"uv": [13, 14.5625, 16, 16], "texture": "#13"},
				"south": {"uv": [13, 14.5625, 16, 16], "texture": "#13"},
				"west": {"uv": [13, 14.5625, 16, 16], "texture": "#13"}
			}
		},
		{
			"name": "top_neg",
			"from": [11.996, 2.75, 11.996],
			"to": [3.998, 6.25, 3.998],
			"rotation": {"angle": 0, "axis": "y", "origin": [15.72609, 5.4999, 15.80854]},
			"faces": {
				"north": {"uv": [13, 14.5625, 16, 16], "texture": "#13"},
				"east": {"uv": [13, 14.5625, 16, 16], "texture": "#13"},
				"south": {"uv": [13, 14.5625, 16, 16], "texture": "#13"},
				"west": {"uv": [13, 14.5625, 16, 16], "texture": "#13"}
			}
		},
		{
			"from": [2, 1.005, 1],
			"to": [14, 4.505, 15],
			"rotation": {"angle": 0, "axis": "y", "origin": [-0.05776, -3.48716, -4.93873]},
			"faces": {
				"north": {"uv": [12.5625, 7.625, 15.8125, 8.625], "texture": "#9"},
				"east": {"uv": [12.4375, 7.625, 15.9375, 8.625], "texture": "#9"},
				"south": {"uv": [12.5625, 7.625, 15.8125, 8.625], "texture": "#9"},
				"west": {"uv": [12.4375, 7.625, 15.9375, 8.625], "texture": "#9"},
				"up": {"uv": [9.375, 4.0625, 12.875, 7.0625], "texture": "#9"},
				"down": {"uv": [9.375, 4.0625, 12.875, 7.0625], "texture": "#9"}
			}
		},
		{
			"from": [2, -0.03125, 2],
			"to": [14, 5.5, 14],
			"rotation": {"angle": 0, "axis": "y", "origin": [7.94224, -3.48716, 8.31127]},
			"faces": {
				"north": {"uv": [12.4375, 7.625, 15.9375, 8.6875], "texture": "#13"},
				"east": {"uv": [12.4375, 7.625, 15.9375, 8.6875], "texture": "#13"},
				"south": {"uv": [12.4375, 7.625, 15.9375, 8.6875], "texture": "#13"},
				"west": {"uv": [12.4375, 7.625, 15.9375, 8.6875], "texture": "#13"},
				"up": {"uv": [9.375, 7.625, 12.375, 10.625], "texture": "#13"},
				"down": {"uv": [12.9375, 10.6875, 15.9375, 13.6875], "texture": "#13"}
			}
		},
		{
			"from": [3, 4.5, 5.25],
			"to": [13, 16.875, 5.251],
			"rotation": {"angle": -22.5, "axis": "x", "origin": [8, 4.5, 5.25]},
			"faces": {
				"north": {"uv": [9.375, 10.6875, 12.875, 14.6875], "texture": "#9"},
				"east": {"uv": [0, 0, 0, 0], "texture": "#9"},
				"south": {"uv": [9.375, 10.6875, 12.875, 14.6875], "texture": "#9"},
				"west": {"uv": [0, 0, 0, 0], "texture": "#9"},
				"up": {"uv": [0, 0, 0, 0], "texture": "#9"},
				"down": {"uv": [0, 0, 0, 0], "texture": "#9"}
			}
		},
		{
			"from": [12.5, 4.5, 5],
			"to": [13.25, 16.875, 5.501],
			"rotation": {"angle": -22.5, "axis": "x", "origin": [8, 4.5, 5.25]},
			"faces": {
				"north": {"uv": [6, 0, 9, 16], "texture": "#log_oak"},
				"east": {"uv": [0, 0, 2, 16], "texture": "#log_oak"},
				"south": {"uv": [12, 0, 15, 16], "texture": "#log_oak"},
				"west": {"uv": [13, 0, 15, 16], "texture": "#log_oak"},
				"up": {"uv": [0, 0, 0, 0], "texture": "#log_oak"},
				"down": {"uv": [0, 0, 0, 0], "texture": "#log_oak"}
			}
		},
		{
			"from": [12.5, 4.5, 10.499],
			"to": [13.25, 16.875, 11],
			"rotation": {"angle": 22.5, "axis": "x", "origin": [8, 4.5, 10.75]},
			"faces": {
				"north": {"uv": [10, 0, 7, 16], "texture": "#log_oak"},
				"east": {"uv": [8, 0, 6, 16], "texture": "#log_oak"},
				"south": {"uv": [15, 0, 12, 16], "texture": "#log_oak"},
				"west": {"uv": [9, 0, 7, 16], "texture": "#log_oak"},
				"up": {"uv": [0, 0, 0, 0], "texture": "#log_oak"},
				"down": {"uv": [0, 0, 0, 0], "texture": "#log_oak"}
			}
		},
		{
			"from": [2.75, 4.5, 5],
			"to": [3.5, 16.875, 5.501],
			"rotation": {"angle": -22.5, "axis": "x", "origin": [-1.75, 4.5, 5.25]},
			"faces": {
				"north": {"uv": [10, 0, 13, 16], "texture": "#log_oak"},
				"east": {"uv": [6, 0, 8, 16], "texture": "#log_oak"},
				"south": {"uv": [1, 0, 4, 16], "texture": "#log_oak"},
				"west": {"uv": [3, 0, 5, 16], "texture": "#log_oak"},
				"up": {"uv": [0, 0, 0, 0], "texture": "#log_oak"},
				"down": {"uv": [0, 0, 0, 0], "texture": "#log_oak"}
			}
		},
		{
			"from": [2.75, 4.5, 10.499],
			"to": [3.5, 16.875, 11],
			"rotation": {"angle": 22.5, "axis": "x", "origin": [-1.75, 4.5, 10.75]},
			"faces": {
				"north": {"uv": [11, 0, 8, 16], "texture": "#log_oak"},
				"east": {"uv": [3, 0, 1, 16], "texture": "#log_oak"},
				"south": {"uv": [3, 0, 0, 16], "texture": "#log_oak"},
				"west": {"uv": [11, 0, 9, 16], "texture": "#log_oak"},
				"up": {"uv": [0, 0, 0, 0], "texture": "#log_oak"},
				"down": {"uv": [0, 0, 0, 0], "texture": "#log_oak"}
			}
		},
		{
			"from": [3, 4.5, 10.749],
			"to": [13, 16.875, 10.75],
			"rotation": {"angle": 22.5, "axis": "x", "origin": [8, 4.5, 10.75]},
			"faces": {
				"north": {"uv": [9.375, 10.6875, 12.875, 14.6875], "texture": "#9"},
				"south": {"uv": [9.375, 10.6875, 12.875, 14.6875], "texture": "#9"}
			}
		},
		{
			"from": [0, 1, 6],
			"to": [1, 4.5, 10],
			"faces": {
				"north": {"uv": [8.25, 4.0625, 9.25, 4.3125], "rotation": 90, "texture": "#9"},
				"south": {"uv": [8.25, 7.8125, 9.25, 8.0625], "rotation": 90, "texture": "#9"},
				"west": {"uv": [0, 0, 16, 16], "texture": "#7"},
				"up": {"uv": [8.25, 7.8125, 9.25, 8.0625], "rotation": 90, "texture": "#9"},
				"down": {"uv": [8.25, 7.8125, 9.25, 8.0625], "rotation": 90, "texture": "#9"}
			}
		},
		{
			"from": [-0.5, 2.498, 5.5],
			"to": [14.5, 3.248, 10.5],
			"faces": {
				"north": {"uv": [0, 10, 4, 13], "texture": "#10"},
				"east": {"uv": [0, 2, 16, 5], "texture": "#10"},
				"south": {"uv": [0, 10, 4, 13], "texture": "#10"},
				"west": {"uv": [0, 2, 16, 5], "texture": "#10"},
				"up": {"uv": [9.6875, 0, 10.6875, 4], "rotation": 90, "texture": "#9"},
				"down": {"uv": [9.6875, 0, 10.6875, 4], "rotation": 90, "texture": "#9"}
			}
		},
		{
			"from": [1.5, 2.502, 0.5],
			"to": [14.5, 3.252, 15.5],
			"rotation": {"angle": 0, "axis": "y", "origin": [16.94224, -3.48716, 7.93873]},
			"faces": {
				"north": {"uv": [16, 2, 0, 5], "texture": "#10"},
				"east": {"uv": [4, 10, 0, 13], "texture": "#10"},
				"south": {"uv": [16, 2, 0, 5], "texture": "#10"},
				"west": {"uv": [4, 10, 0, 13], "texture": "#10"},
				"up": {"uv": [7.6875, 0, 10.6875, 4], "texture": "#9"},
				"down": {"uv": [7.6875, 0, 10.6875, 4], "texture": "#9"}
			}
		},
		{
			"from": [0.50003, 2.5, 1.5],
			"to": [15.50003, 3.25, 14.5],
			"rotation": {"angle": 0, "axis": "y", "origin": [7.94224, -3.48716, 8.06127]},
			"faces": {
				"north": {"uv": [0, 10, 4, 13], "texture": "#10"},
				"east": {"uv": [0, 2, 16, 5], "texture": "#10"},
				"south": {"uv": [0, 10, 4, 13], "texture": "#10"},
				"west": {"uv": [0, 2, 16, 5], "texture": "#10"},
				"up": {"uv": [7.6875, 0, 10.6875, 4], "rotation": 90, "texture": "#9"},
				"down": {"uv": [7.6875, 0, 10.6875, 4], "rotation": 90, "texture": "#9"}
			}
		},
		{
			"from": [15.00003, 1.375, 3.875],
			"to": [19.00003, 1.625, 4.375],
			"rotation": {"angle": 0, "axis": "y", "origin": [7.94224, -5.11216, 7.93627]},
			"faces": {
				"north": {"uv": [0, 11, 16, 12], "texture": "#planks_oak"},
				"east": {"uv": [0, 11, 3, 16], "rotation": 90, "texture": "#planks_oak"},
				"south": {"uv": [0, 15, 16, 16], "texture": "#planks_oak"},
				"west": {"uv": [0, 0, 0, 0], "texture": "#planks_oak"},
				"up": {"uv": [0, 11, 16, 16], "texture": "#planks_oak"},
				"down": {"uv": [0, 11, 16, 16], "texture": "#planks_oak"}
			}
		},
		{
			"from": [14.00003, 5.25, 7.75],
			"to": [19.00003, 5.5, 8.25],
			"rotation": {"angle": 0, "axis": "y", "origin": [7.94224, -1.23716, 11.81127]},
			"faces": {
				"north": {"uv": [0, 11, 16, 12], "texture": "#planks_oak"},
				"east": {"uv": [0, 11, 3, 16], "rotation": 90, "texture": "#planks_oak"},
				"south": {"uv": [0, 15, 16, 16], "texture": "#planks_oak"},
				"west": {"uv": [0, 0, 0, 0], "texture": "#planks_oak"},
				"up": {"uv": [0, 11, 16, 16], "texture": "#planks_oak"},
				"down": {"uv": [0, 11, 16, 16], "texture": "#planks_oak"}
			}
		},
		{
			"from": [15.00003, 1.375, 11.625],
			"to": [19.00003, 1.625, 12.125],
			"rotation": {"angle": 0, "axis": "y", "origin": [7.94224, -5.11216, 15.68627]},
			"faces": {
				"north": {"uv": [0, 11, 16, 12], "texture": "#planks_oak"},
				"east": {"uv": [0, 11, 3, 16], "rotation": 90, "texture": "#planks_oak"},
				"south": {"uv": [0, 15, 16, 16], "texture": "#planks_oak"},
				"west": {"uv": [0, 0, 0, 0], "texture": "#planks_oak"},
				"up": {"uv": [0, 11, 16, 16], "texture": "#planks_oak"},
				"down": {"uv": [0, 11, 16, 16], "texture": "#planks_oak"}
			}
		},
		{
			"from": [1, 1, 2],
			"to": [15, 4.5, 14],
			"rotation": {"angle": 0, "axis": "y", "origin": [7.94224, -3.48716, 16.06127]},
			"faces": {
				"north": {"uv": [12.4375, 7.625, 15.9375, 8.625], "texture": "#9"},
				"east": {"uv": [12.5625, 7.625, 15.8125, 8.625], "texture": "#9"},
				"south": {"uv": [12.4375, 7.625, 15.9375, 8.625], "texture": "#9"},
				"west": {"uv": [12.5625, 7.625, 15.8125, 8.625], "texture": "#9"},
				"up": {"uv": [12.9375, 4.0625, 15.9375, 7.5625], "texture": "#9"},
				"down": {"uv": [12.9375, 4.0625, 15.9375, 7.5625], "texture": "#9"}
			}
		},
		{
			"from": [6, 1, 0],
			"to": [10, 4.5, 16],
			"faces": {
				"north": {"uv": [0, 0, 16, 16], "texture": "#7"},
				"east": {"uv": [8.25, 4.0625, 9.25, 8.0625], "rotation": 90, "texture": "#9"},
				"south": {"uv": [0, 0, 16, 16], "texture": "#7"},
				"west": {"uv": [8.25, 4.0625, 9.25, 8.0625], "rotation": 90, "texture": "#9"},
				"up": {"uv": [8.25, 4.0625, 9.25, 8.0625], "texture": "#13"},
				"down": {"uv": [8.25, 4.0625, 9.25, 8.0625], "texture": "#13"}
			}
		},
		{
			"from": [5.5, 2.498, -0.5],
			"to": [10.5, 3.248, 16.5],
			"faces": {
				"north": {"uv": [0, 2, 16, 5], "texture": "#10"},
				"east": {"uv": [0, 10, 4, 13], "texture": "#10"},
				"south": {"uv": [0, 2, 16, 5], "texture": "#10"},
				"west": {"uv": [0, 10, 4, 13], "texture": "#10"},
				"up": {"uv": [9.6875, 0, 10.6875, 4], "texture": "#9"},
				"down": {"uv": [9.6875, 0, 10.6875, 4], "texture": "#9"}
			}
		},
		{
			"from": [2.5, -10.5, 6],
			"to": [13.5, 0, 10],
			"rotation": {"angle": 0, "axis": "y", "origin": [8, 8.5, 8]},
			"faces": {
				"north": {"uv": [5.5, 5.1875, 1.0625, 8.1875], "texture": "#9"},
				"east": {"uv": [5.5625, 5.1875, 6.5625, 8.1875], "texture": "#9"},
				"south": {"uv": [0, 11.3125, 4.4375, 14.3125], "texture": "#9"},
				"west": {"uv": [0, 5.1875, 1, 8.1875], "texture": "#9"}
			}
		},
		{
			"from": [13.501, -10.5, 9.999],
			"to": [2.503, 0, 6.001],
			"rotation": {"angle": 0, "axis": "y", "origin": [19, 8.5, 12]},
			"faces": {
				"north": {"uv": [0, 11.3125, 4.4375, 14.3125], "texture": "#9"},
				"south": {"uv": [5.5, 5.1875, 1.0625, 8.1875], "texture": "#9"},
				"west": {"uv": [5.5625, 5.1875, 6.5625, 8.1875], "texture": "#9"}
			}
		},
		{
			"from": [5.001, -3.75, 6.749],
			"to": [5.503, -1.25, 9.251],
			"rotation": {"angle": 0, "axis": "y", "origin": [20, 7.75, 9.25]},
			"faces": {
				"east": {"uv": [0, 0, 16, 16], "texture": "#15"}
			}
		},
		{
			"from": [3.5, -10.5, 3.5],
			"to": [12.5, 0, 12.5],
			"rotation": {"angle": 0, "axis": "y", "origin": [7.94224, -2.98716, 8.06127]},
			"faces": {
				"north": {"uv": [0, 8.25, 3, 11.25], "texture": "#9"},
				"east": {"uv": [3.0625, 8.25, 6.0625, 11.25], "texture": "#9"},
				"south": {"uv": [0, 8.25, 3, 11.25], "texture": "#9"},
				"west": {"uv": [0, 8.25, 3, 11.25], "texture": "#9"}
			}
		},
		{
			"from": [6, -10.5, 2.5],
			"to": [10, 0, 13.5],
			"rotation": {"angle": 0, "axis": "y", "origin": [8, 8.5, 8]},
			"faces": {
				"north": {"uv": [0, 5.1875, 1, 8.1875], "texture": "#9"},
				"east": {"uv": [0, 2.125, 4.4375, 5.125], "texture": "#9"},
				"south": {"uv": [0, 5.1875, 1, 8.1875], "texture": "#9"},
				"west": {"uv": [0, 2.125, 4.4375, 5.125], "texture": "#9"}
			}
		},
		{
			"from": [3.375, 14.75, -0.125],
			"to": [6.5, 17.78125, 3],
			"rotation": {"angle": 0, "axis": "y", "origin": [9.5, 0.75, -3]},
			"faces": {
				"north": {"uv": [16, 0, 0, 16], "texture": "#10"},
				"east": {"uv": [16, 0, 0, 16], "texture": "#10"},
				"south": {"uv": [16, 0, 0, 16], "texture": "#10"},
				"west": {"uv": [16, 0, 0, 16], "texture": "#10"},
				"up": {"uv": [16, 0, 0, 16], "texture": "#10"},
				"down": {"uv": [16, 0, 0, 16], "texture": "#10"}
			}
		},
		{
			"from": [6.46875, 14.25, 0],
			"to": [9.53125, 17.28125, 3],
			"rotation": {"angle": 0, "axis": "y", "origin": [12.5, 0.25, -3]},
			"faces": {
				"north": {"uv": [16, 0, 0, 16], "texture": "#10"},
				"east": {"uv": [16, 0, 0, 16], "texture": "#10"},
				"south": {"uv": [16, 0, 0, 16], "texture": "#10"},
				"west": {"uv": [16, 0, 0, 16], "texture": "#10"},
				"up": {"uv": [16, 0, 0, 16], "texture": "#10"},
				"down": {"uv": [16, 0, 0, 16], "texture": "#10"}
			}
		},
		{
			"from": [9.5, 14.75, -0.125],
			"to": [12.625, 17.78125, 3],
			"rotation": {"angle": 0, "axis": "y", "origin": [15.5, 0.75, -3]},
			"faces": {
				"north": {"uv": [16, 0, 0, 16], "texture": "#10"},
				"east": {"uv": [16, 0, 0, 16], "texture": "#10"},
				"south": {"uv": [16, 0, 0, 16], "texture": "#10"},
				"west": {"uv": [16, 0, 0, 16], "texture": "#10"},
				"up": {"uv": [16, 0, 0, 16], "texture": "#10"},
				"down": {"uv": [16, 0, 0, 16], "texture": "#10"}
			}
		},
		{
			"from": [12.5, 15.75, 0],
			"to": [15.5, 18.75, 3],
			"rotation": {"angle": 0, "axis": "y", "origin": [9.5, 1.75, -3]},
			"faces": {
				"north": {"uv": [0, 0, 16, 16], "texture": "#10"},
				"south": {"uv": [0, 0, 16, 16], "texture": "#10"},
				"west": {"uv": [0, 0, 16, 16], "texture": "#10"},
				"up": {"uv": [0, 0, 16, 16], "texture": "#10"},
				"down": {"uv": [0, 0, 16, 16], "texture": "#10"}
			}
		},
		{
			"from": [13.5, 16.7875, 1],
			"to": [16.5, 19.7875, 4],
			"rotation": {"angle": 0, "axis": "y", "origin": [10.5, 2.7875, -2]},
			"faces": {
				"north": {"uv": [0, 0, 16, 16], "texture": "#10"},
				"south": {"uv": [0, 0, 16, 16], "texture": "#10"},
				"west": {"uv": [0, 0, 16, 16], "texture": "#10"},
				"up": {"uv": [0, 0, 16, 16], "texture": "#10"},
				"down": {"uv": [0, 0, 16, 16], "texture": "#10"}
			}
		},
		{
			"from": [14.5, 19.75, 3],
			"to": [17.5, 22.75, 6],
			"rotation": {"angle": 0, "axis": "y", "origin": [11.5, 5.75, 0]},
			"faces": {
				"north": {"uv": [0, 0, 16, 16], "texture": "#10"},
				"south": {"uv": [0, 0, 16, 16], "texture": "#10"},
				"west": {"uv": [0, 0, 16, 16], "texture": "#10"},
				"up": {"uv": [0, 0, 16, 16], "texture": "#10"},
				"down": {"uv": [0, 0, 16, 16], "texture": "#10"}
			}
		},
		{
			"from": [12.5, 18.6875, 2],
			"to": [15.5, 21.75, 5],
			"rotation": {"angle": 0, "axis": "y", "origin": [9.5, 4.75, -1]},
			"faces": {
				"north": {"uv": [0, 0, 16, 16], "texture": "#10"},
				"east": {"uv": [0, 0, 16, 16], "texture": "#10"},
				"south": {"uv": [0, 0, 16, 16], "texture": "#10"},
				"west": {"uv": [0, 0, 16, 16], "texture": "#10"},
				"up": {"uv": [0, 0, 16, 16], "texture": "#10"},
				"down": {"uv": [0, 0, 16, 16], "texture": "#10"}
			}
		},
		{
			"from": [10.27763, 18.59594, 3.25],
			"to": [15.52763, 21.59594, 4.875],
			"rotation": {"angle": 22.5, "axis": "z", "origin": [12.27763, 20.09594, 3.75]},
			"faces": {
				"north": {"uv": [9, 0, 0, 16], "rotation": 90, "texture": "#16"},
				"west": {"uv": [16, 0, 0, 16], "rotation": 270, "texture": "#16"},
				"up": {"uv": [4.5, 0, 0, 16], "rotation": 270, "texture": "#16"}
			}
		},
		{
			"from": [9.5, 17.75, 1.875],
			"to": [12.625, 20.78125, 5],
			"rotation": {"angle": 0, "axis": "y", "origin": [15.5, 3.75, -1]},
			"faces": {
				"north": {"uv": [16, 0, 0, 16], "texture": "#10"},
				"east": {"uv": [16, 0, 0, 16], "texture": "#10"},
				"south": {"uv": [16, 0, 0, 16], "texture": "#10"},
				"west": {"uv": [16, 0, 0, 16], "texture": "#10"},
				"up": {"uv": [16, 0, 0, 16], "texture": "#10"},
				"down": {"uv": [16, 0, 0, 16], "texture": "#10"}
			}
		},
		{
			"from": [6.46875, 17.25, 2],
			"to": [9.53125, 20.28125, 5],
			"rotation": {"angle": 0, "axis": "y", "origin": [12.5, 3.25, -1]},
			"faces": {
				"north": {"uv": [16, 0, 0, 16], "texture": "#10"},
				"east": {"uv": [16, 0, 0, 16], "texture": "#10"},
				"south": {"uv": [16, 0, 0, 16], "texture": "#10"},
				"west": {"uv": [16, 0, 0, 16], "texture": "#10"},
				"up": {"uv": [16, 0, 0, 16], "texture": "#10"},
				"down": {"uv": [16, 0, 0, 16], "texture": "#10"}
			}
		},
		{
			"from": [3.375, 17.75, 1.875],
			"to": [6.5, 20.78125, 5],
			"rotation": {"angle": 0, "axis": "y", "origin": [9.5, 3.75, -1]},
			"faces": {
				"north": {"uv": [16, 0, 0, 16], "texture": "#10"},
				"east": {"uv": [16, 0, 0, 16], "texture": "#10"},
				"south": {"uv": [16, 0, 0, 16], "texture": "#10"},
				"west": {"uv": [16, 0, 0, 16], "texture": "#10"},
				"up": {"uv": [16, 0, 0, 16], "texture": "#10"},
				"down": {"uv": [16, 0, 0, 16], "texture": "#10"}
			}
		},
		{
			"from": [0.47237, 18.59594, 3.25],
			"to": [5.72237, 21.59594, 4.875],
			"rotation": {"angle": -22.5, "axis": "z", "origin": [3.72237, 20.09594, 3.75]},
			"faces": {
				"north": {"uv": [9, 0, 0, 16], "rotation": 270, "texture": "#16"},
				"east": {"uv": [16, 16, 0, 0], "rotation": 270, "texture": "#16"},
				"up": {"uv": [4.5, 16, 0, 0], "rotation": 270, "texture": "#16"}
			}
		},
		{
			"from": [0.5, 18.6875, 2],
			"to": [3.5, 21.75, 5],
			"rotation": {"angle": 0, "axis": "y", "origin": [6.5, 4.75, -1]},
			"faces": {
				"north": {"uv": [16, 0, 0, 16], "texture": "#10"},
				"east": {"uv": [16, 0, 0, 16], "texture": "#10"},
				"south": {"uv": [16, 0, 0, 16], "texture": "#10"},
				"west": {"uv": [16, 0, 0, 16], "texture": "#10"},
				"up": {"uv": [16, 0, 0, 16], "texture": "#10"},
				"down": {"uv": [16, 0, 0, 16], "texture": "#10"}
			}
		},
		{
			"from": [-1.5, 19.75, 3],
			"to": [1.5, 22.75, 6],
			"rotation": {"angle": 0, "axis": "y", "origin": [4.5, 5.75, 0]},
			"faces": {
				"north": {"uv": [16, 0, 0, 16], "texture": "#10"},
				"east": {"uv": [16, 0, 0, 16], "texture": "#10"},
				"south": {"uv": [16, 0, 0, 16], "texture": "#10"},
				"up": {"uv": [16, 0, 0, 16], "texture": "#10"},
				"down": {"uv": [16, 0, 0, 16], "texture": "#10"}
			}
		},
		{
			"from": [-2.5, 19.75, 3],
			"to": [18.5, 22.75, 6],
			"rotation": {"angle": 0, "axis": "y", "origin": [3.5, 10.75, 3.5]},
			"faces": {
				"north": {"uv": [10.4375, 4.25, 0, 5.25], "texture": "#11"},
				"east": {"uv": [0, 0, 16, 16], "texture": "#16"},
				"south": {"uv": [10.4375, 4.25, 0, 5.25], "texture": "#11"},
				"west": {"uv": [0, 0, 16, 16], "texture": "#16"},
				"up": {"uv": [10.4375, 5.3125, 0, 6.3125], "texture": "#11"},
				"down": {"uv": [10.4375, 5.3125, 0, 6.3125], "texture": "#11"}
			}
		},
		{
			"from": [-2.5, 19.75, 10],
			"to": [18.5, 22.75, 13],
			"rotation": {"angle": 0, "axis": "y", "origin": [3.5, 10.75, 12.5]},
			"faces": {
				"north": {"uv": [0, 4.25, 10.4375, 5.25], "texture": "#11"},
				"east": {"uv": [16, 0, 0, 16], "texture": "#16"},
				"south": {"uv": [0, 4.25, 10.4375, 5.25], "texture": "#11"},
				"west": {"uv": [16, 0, 0, 16], "texture": "#16"},
				"up": {"uv": [10.4375, 6.3125, 0, 5.3125], "texture": "#11"},
				"down": {"uv": [10.4375, 6.3125, 0, 5.3125], "texture": "#11"}
			}
		},
		{
			"from": [-1.5, 16.78125, 1],
			"to": [17.5, 19.78125, 4],
			"rotation": {"angle": 0, "axis": "y", "origin": [3.5, 10.78125, 3.5]},
			"faces": {
				"north": {"uv": [9.375, 2.125, 0, 3.125], "texture": "#11"},
				"east": {"uv": [0, 0, 16, 16], "texture": "#16"},
				"south": {"uv": [9.375, 2.125, 0, 3.125], "texture": "#11"},
				"west": {"uv": [0, 0, 16, 16], "texture": "#16"},
				"up": {"uv": [9.375, 3.1875, 0, 4.1875], "texture": "#11"},
				"down": {"uv": [9.375, 3.1875, 0, 4.1875], "texture": "#11"}
			}
		},
		{
			"from": [-1.5, 16.78125, 12],
			"to": [17.5, 19.78125, 15],
			"rotation": {"angle": 0, "axis": "y", "origin": [3.5, 10.78125, 12.5]},
			"faces": {
				"north": {"uv": [0, 2.125, 9.375, 3.125], "texture": "#11"},
				"east": {"uv": [16, 0, 0, 16], "texture": "#16"},
				"south": {"uv": [0, 2.125, 9.375, 3.125], "texture": "#11"},
				"west": {"uv": [16, 0, 0, 16], "texture": "#16"},
				"up": {"uv": [9.375, 4.1875, 0, 3.1875], "texture": "#11"},
				"down": {"uv": [9.375, 4.1875, 0, 3.1875], "texture": "#11"}
			}
		},
		{
			"from": [-0.5, 16.78125, 1],
			"to": [2.5, 19.78125, 4],
			"rotation": {"angle": 0, "axis": "y", "origin": [5.5, 2.78125, -2]},
			"faces": {
				"north": {"uv": [16, 0, 0, 16], "texture": "#10"},
				"east": {"uv": [16, 0, 0, 16], "texture": "#10"},
				"south": {"uv": [16, 0, 0, 16], "texture": "#10"},
				"up": {"uv": [16, 0, 0, 16], "texture": "#10"},
				"down": {"uv": [16, 0, 0, 16], "texture": "#10"}
			}
		},
		{
			"from": [0.5, 15.75, 0],
			"to": [3.5, 18.75, 3],
			"rotation": {"angle": 0, "axis": "y", "origin": [6.5, 1.75, -3]},
			"faces": {
				"north": {"uv": [16, 0, 0, 16], "texture": "#10"},
				"east": {"uv": [16, 0, 0, 16], "texture": "#10"},
				"south": {"uv": [16, 0, 0, 16], "texture": "#10"},
				"up": {"uv": [16, 0, 0, 16], "texture": "#10"},
				"down": {"uv": [16, 0, 0, 16], "texture": "#10"}
			}
		},
		{
			"from": [-0.5, 15.75, 0],
			"to": [16.5, 18.75, 3],
			"rotation": {"angle": 0, "axis": "y", "origin": [3.5, 10.75, 3.5]},
			"faces": {
				"north": {"uv": [8.4375, 0, 0, 1], "texture": "#11"},
				"east": {"uv": [0, 0, 16, 16], "texture": "#16"},
				"south": {"uv": [8.4375, 0, 0, 1], "texture": "#11"},
				"west": {"uv": [0, 0, 16, 16], "texture": "#16"},
				"up": {"uv": [8.4375, 1.0625, 0, 2.0625], "texture": "#11"},
				"down": {"uv": [8.4375, 1.0625, 0, 2.0625], "texture": "#11"}
			}
		},
		{
			"from": [-0.5, 15.75, 13],
			"to": [16.5, 18.75, 16],
			"rotation": {"angle": 0, "axis": "y", "origin": [3.5, 10.75, 12.5]},
			"faces": {
				"north": {"uv": [0, 0, 8.4375, 1], "texture": "#11"},
				"east": {"uv": [16, 0, 0, 16], "texture": "#16"},
				"south": {"uv": [0, 0, 8.4375, 1], "texture": "#11"},
				"west": {"uv": [16, 0, 0, 16], "texture": "#16"},
				"up": {"uv": [8.4375, 2.0625, 0, 1.0625], "texture": "#11"},
				"down": {"uv": [8.4375, 2.0625, 0, 1.0625], "texture": "#11"}
			}
		},
		{
			"from": [-3.5, 22.71875, 5],
			"to": [19.5, 25.75, 11],
			"rotation": {"angle": 0, "axis": "y", "origin": [2.5, 10.75, 3.5]},
			"faces": {
				"north": {"uv": [11.4375, 6.375, 0, 7.375], "texture": "#11"},
				"east": {"uv": [13.5, 6.375, 11.5, 7.375], "texture": "#11"},
				"south": {"uv": [11.4375, 6.375, 0, 7.375], "texture": "#11"},
				"west": {"uv": [13.5, 6.375, 11.5, 7.375], "texture": "#11"},
				"up": {"uv": [11.4375, 7.4375, 0, 9.4375], "texture": "#11"},
				"down": {"uv": [11.4375, 7.4375, 0, 9.4375], "texture": "#11"}
			}
		},
		{
			"from": [-2.5, 22.71875, 5],
			"to": [0.5, 25.75, 11],
			"rotation": {"angle": 0, "axis": "y", "origin": [3.5, 8.75, 2]},
			"faces": {
				"north": {"uv": [16, 0, 0, 16], "texture": "#10"},
				"east": {"uv": [16, 0, 0, 16], "texture": "#10"},
				"south": {"uv": [0, 0, 16, 16], "texture": "#10"},
				"up": {"uv": [16, 0, 0, 16], "texture": "#10"},
				"down": {"uv": [16, 0, 0, 16], "texture": "#10"}
			}
		},
		{
			"from": [-3.5, 24.75, 6.5],
			"to": [-0.5, 27.75, 9.5],
			"rotation": {"angle": 0, "axis": "y", "origin": [2.5, 10.75, 3.5]},
			"faces": {
				"north": {"uv": [16, 0, 0, 16], "texture": "#10"},
				"east": {"uv": [16, 0, 0, 16], "texture": "#10"},
				"south": {"uv": [16, 0, 0, 16], "texture": "#10"},
				"up": {"uv": [16, 0, 0, 16], "texture": "#10"}
			}
		},
		{
			"from": [-4.5, 24.75, 6.5],
			"to": [20.5, 27.75, 9.5],
			"rotation": {"angle": 0, "axis": "y", "origin": [2.5, 10.75, 3.5]},
			"faces": {
				"north": {"uv": [12.4375, 9.5, 0, 10.5], "texture": "#11"},
				"east": {"uv": [0, 0, 16, 16], "texture": "#16"},
				"south": {"uv": [12.4375, 9.5, 0, 10.5], "texture": "#11"},
				"west": {"uv": [0, 0, 16, 16], "texture": "#16"},
				"up": {"uv": [12.4375, 10.5625, 0, 11.5625], "texture": "#11"},
				"down": {"uv": [12.4375, 10.5625, 0, 11.5625], "texture": "#11"}
			}
		},
		{
			"from": [-1.27763, 23.59594, 7.25],
			"to": [5.22237, 26.59594, 8.25],
			"rotation": {"angle": -22.5, "axis": "z", "origin": [1.97237, 25.09594, 7.75]},
			"faces": {
				"north": {"uv": [9, 0, 0, 16], "rotation": 270, "texture": "#16"},
				"south": {"uv": [9, 0, 0, 16], "rotation": 90, "texture": "#16"},
				"west": {"uv": [16, 5, 0, 0], "rotation": 270, "texture": "#16"},
				"up": {"uv": [4.5, 16, 0, 0], "rotation": 270, "texture": "#16"}
			}
		},
		{
			"from": [0.5, 22.75, 6.5],
			"to": [3.53125, 25.75, 9.5],
			"rotation": {"angle": 0, "axis": "y", "origin": [-2.5, 8.75, 3.5]},
			"faces": {
				"north": {"uv": [0, 0, 16, 16], "texture": "#10"},
				"east": {"uv": [0, 0, 16, 16], "texture": "#10"},
				"south": {"uv": [0, 0, 16, 16], "texture": "#10"},
				"up": {"uv": [0, 0, 16, 16], "texture": "#10"},
				"down": {"uv": [0, 0, 16, 16], "texture": "#10"}
			}
		},
		{
			"from": [0.375, 21.625, 4],
			"to": [3.5, 24.75, 7.03125],
			"rotation": {"angle": 0, "axis": "y", "origin": [6.5, 7.75, 1]},
			"faces": {
				"north": {"uv": [16, 0, 0, 16], "texture": "#10"},
				"east": {"uv": [16, 0, 0, 16], "texture": "#10"},
				"south": {"uv": [16, 0, 0, 16], "texture": "#10"},
				"west": {"uv": [16, 0, 0, 16], "texture": "#10"},
				"up": {"uv": [16, 0, 0, 16], "texture": "#10"},
				"down": {"uv": [16, 0, 0, 16], "texture": "#10"}
			}
		},
		{
			"from": [3.34375, 20.75, 3.875],
			"to": [6.5, 23.78125, 7],
			"rotation": {"angle": 0, "axis": "y", "origin": [9.5, 6.75, 1]},
			"faces": {
				"north": {"uv": [16, 0, 0, 16], "texture": "#10"},
				"east": {"uv": [16, 0, 0, 16], "texture": "#10"},
				"south": {"uv": [16, 0, 0, 16], "texture": "#10"},
				"west": {"uv": [16, 0, 0, 16], "texture": "#10"},
				"up": {"uv": [16, 0, 0, 16], "texture": "#10"},
				"down": {"uv": [16, 0, 0, 16], "texture": "#10"}
			}
		},
		{
			"from": [3.375, 22.25, 6.375],
			"to": [6.5, 25.25, 9.75],
			"rotation": {"angle": 0, "axis": "y", "origin": [0.5, 8.25, 3.5]},
			"faces": {
				"north": {"uv": [0, 0, 16, 16], "texture": "#10"},
				"east": {"uv": [0, 0, 16, 16], "texture": "#10"},
				"south": {"uv": [0, 0, 16, 16], "texture": "#10"},
				"west": {"uv": [0, 0, 16, 16], "texture": "#10"},
				"up": {"uv": [0, 0, 16, 16], "texture": "#10"},
				"down": {"uv": [0, 0, 16, 16], "texture": "#10"}
			}
		},
		{
			"from": [6.46875, 21.75, 6.5],
			"to": [9.53125, 24.75, 9.5],
			"rotation": {"angle": 0, "axis": "y", "origin": [3.5, 7.75, 3.5]},
			"faces": {
				"north": {"uv": [0, 0, 16, 16], "texture": "#10"},
				"east": {"uv": [0, 0, 16, 16], "texture": "#10"},
				"south": {"uv": [0, 0, 16, 16], "texture": "#10"},
				"west": {"uv": [0, 0, 16, 16], "texture": "#10"},
				"up": {"uv": [0, 0, 16, 16], "texture": "#10"},
				"down": {"uv": [0, 0, 16, 16], "texture": "#10"}
			}
		},
		{
			"from": [6.46875, 20.25, 4],
			"to": [9.53125, 23.28125, 7],
			"rotation": {"angle": 0, "axis": "y", "origin": [12.5, 6.25, 1]},
			"faces": {
				"north": {"uv": [16, 0, 0, 16], "texture": "#10"},
				"east": {"uv": [16, 0, 0, 16], "texture": "#10"},
				"south": {"uv": [16, 0, 0, 16], "texture": "#10"},
				"west": {"uv": [16, 0, 0, 16], "texture": "#10"},
				"up": {"uv": [16, 0, 0, 16], "texture": "#10"},
				"down": {"uv": [16, 0, 0, 16], "texture": "#10"}
			}
		},
		{
			"from": [9.5, 20.75, 3.875],
			"to": [12.65625, 23.78125, 7],
			"rotation": {"angle": 0, "axis": "y", "origin": [15.5, 6.75, 1]},
			"faces": {
				"north": {"uv": [16, 0, 0, 16], "texture": "#10"},
				"east": {"uv": [16, 0, 0, 16], "texture": "#10"},
				"south": {"uv": [16, 0, 0, 16], "texture": "#10"},
				"west": {"uv": [16, 0, 0, 16], "texture": "#10"},
				"up": {"uv": [16, 0, 0, 16], "texture": "#10"},
				"down": {"uv": [16, 0, 0, 16], "texture": "#10"}
			}
		},
		{
			"from": [9.5, 22.25, 6.375],
			"to": [12.625, 25.25, 9.625],
			"rotation": {"angle": 0, "axis": "y", "origin": [6.5, 8.25, 3.5]},
			"faces": {
				"north": {"uv": [0, 0, 16, 16], "texture": "#10"},
				"east": {"uv": [0, 0, 16, 16], "texture": "#10"},
				"south": {"uv": [0, 0, 16, 16], "texture": "#10"},
				"west": {"uv": [0, 0, 16, 16], "texture": "#10"},
				"up": {"uv": [0, 0, 16, 16], "texture": "#10"},
				"down": {"uv": [0, 0, 16, 16], "texture": "#10"}
			}
		},
		{
			"from": [12.46875, 22.75, 6.5],
			"to": [15.5, 25.75, 9.5],
			"rotation": {"angle": 0, "axis": "y", "origin": [9.5, 8.75, 3.5]},
			"faces": {
				"north": {"uv": [0, 0, 16, 16], "texture": "#10"},
				"south": {"uv": [0, 0, 16, 16], "texture": "#10"},
				"west": {"uv": [0, 0, 16, 16], "texture": "#10"},
				"up": {"uv": [0, 0, 16, 16], "texture": "#10"},
				"down": {"uv": [0, 0, 16, 16], "texture": "#10"}
			}
		},
		{
			"from": [10.77763, 23.59594, 7.25],
			"to": [17.27763, 26.59594, 8.25],
			"rotation": {"angle": 22.5, "axis": "z", "origin": [14.02763, 25.09594, 7.75]},
			"faces": {
				"north": {"uv": [9, 0, 0, 16], "rotation": 90, "texture": "#16"},
				"east": {"uv": [16, 0, 0, 5], "rotation": 270, "texture": "#16"},
				"south": {"uv": [9, 0, 0, 16], "rotation": 270, "texture": "#16"},
				"up": {"uv": [4.5, 0, 0, 16], "rotation": 270, "texture": "#16"}
			}
		},
		{
			"from": [16.5, 24.75, 6.5],
			"to": [19.5, 27.75, 9.5],
			"rotation": {"angle": 0, "axis": "y", "origin": [13.5, 10.75, 3.5]},
			"faces": {
				"north": {"uv": [0, 0, 16, 16], "texture": "#10"},
				"south": {"uv": [0, 0, 16, 16], "texture": "#10"},
				"west": {"uv": [0, 0, 16, 16], "texture": "#10"},
				"up": {"uv": [0, 0, 16, 16], "texture": "#10"}
			}
		},
		{
			"from": [15.5, 22.71875, 5],
			"to": [18.5, 25.75, 11],
			"rotation": {"angle": 0, "axis": "y", "origin": [12.5, 8.75, 2]},
			"faces": {
				"north": {"uv": [0, 0, 16, 16], "texture": "#10"},
				"south": {"uv": [0, 0, 16, 16], "texture": "#10"},
				"west": {"uv": [0, 0, 16, 16], "texture": "#10"},
				"up": {"uv": [0, 0, 16, 16], "texture": "#10"},
				"down": {"uv": [0, 0, 16, 16], "texture": "#10"}
			}
		},
		{
			"from": [12.5, 21.625, 4],
			"to": [15.625, 24.75, 7.03125],
			"rotation": {"angle": 0, "axis": "y", "origin": [9.5, 7.75, 1]},
			"faces": {
				"north": {"uv": [0, 0, 16, 16], "texture": "#10"},
				"east": {"uv": [0, 0, 16, 16], "texture": "#10"},
				"south": {"uv": [0, 0, 16, 16], "texture": "#10"},
				"west": {"uv": [0, 0, 16, 16], "texture": "#10"},
				"up": {"uv": [0, 0, 16, 16], "texture": "#10"},
				"down": {"uv": [0, 0, 16, 16], "texture": "#10"}
			}
		},
		{
			"from": [14.5, 19.75, 10],
			"to": [17.5, 22.75, 13],
			"rotation": {"angle": 0, "axis": "y", "origin": [11.5, 5.75, 7]},
			"faces": {
				"north": {"uv": [0, 0, 16, 16], "texture": "#10"},
				"south": {"uv": [0, 0, 16, 16], "texture": "#10"},
				"west": {"uv": [0, 0, 16, 16], "texture": "#10"},
				"up": {"uv": [0, 0, 16, 16], "texture": "#10"},
				"down": {"uv": [0, 0, 16, 16], "texture": "#10"}
			}
		},
		{
			"from": [12.5, 18.6875, 11],
			"to": [15.5, 21.75, 14],
			"rotation": {"angle": 0, "axis": "y", "origin": [9.5, 4.75, 8]},
			"faces": {
				"north": {"uv": [0, 0, 16, 16], "texture": "#10"},
				"east": {"uv": [0, 0, 16, 16], "texture": "#10"},
				"south": {"uv": [0, 0, 16, 16], "texture": "#10"},
				"west": {"uv": [0, 0, 16, 16], "texture": "#10"},
				"up": {"uv": [0, 0, 16, 16], "texture": "#10"},
				"down": {"uv": [0, 0, 16, 16], "texture": "#10"}
			}
		},
		{
			"from": [9.5, 20.75, 9],
			"to": [12.65625, 23.78125, 12.125],
			"rotation": {"angle": 0, "axis": "y", "origin": [15.5, 6.75, 6]},
			"faces": {
				"north": {"uv": [16, 0, 0, 16], "texture": "#10"},
				"east": {"uv": [16, 0, 0, 16], "texture": "#10"},
				"south": {"uv": [16, 0, 0, 16], "texture": "#10"},
				"west": {"uv": [16, 0, 0, 16], "texture": "#10"},
				"up": {"uv": [16, 0, 0, 16], "texture": "#10"},
				"down": {"uv": [16, 0, 0, 16], "texture": "#10"}
			}
		},
		{
			"from": [9.5, 17.75, 11],
			"to": [12.625, 20.78125, 14.125],
			"rotation": {"angle": 0, "axis": "y", "origin": [15.5, 3.75, 8]},
			"faces": {
				"north": {"uv": [16, 0, 0, 16], "texture": "#10"},
				"east": {"uv": [16, 0, 0, 16], "texture": "#10"},
				"south": {"uv": [16, 0, 0, 16], "texture": "#10"},
				"west": {"uv": [16, 0, 0, 16], "texture": "#10"},
				"up": {"uv": [16, 0, 0, 16], "texture": "#10"},
				"down": {"uv": [16, 0, 0, 16], "texture": "#10"}
			}
		},
		{
			"from": [10.27763, 18.59594, 11.125],
			"to": [15.52763, 21.59594, 12.75],
			"rotation": {"angle": 22.5, "axis": "z", "origin": [12.27763, 20.09594, 12.25]},
			"faces": {
				"south": {"uv": [9, 0, 0, 16], "rotation": 270, "texture": "#16"},
				"west": {"uv": [16, 16, 0, 0], "rotation": 270, "texture": "#16"},
				"up": {"uv": [0, 0, 4.5, 16], "rotation": 270, "texture": "#16"}
			}
		},
		{
			"from": [12.5, 21.625, 8.96875],
			"to": [15.625, 24.75, 12],
			"rotation": {"angle": 0, "axis": "y", "origin": [9.5, 7.75, 6]},
			"faces": {
				"north": {"uv": [0, 0, 16, 16], "texture": "#10"},
				"east": {"uv": [0, 0, 16, 16], "texture": "#10"},
				"south": {"uv": [0, 0, 16, 16], "texture": "#10"},
				"west": {"uv": [0, 0, 16, 16], "texture": "#10"},
				"up": {"uv": [0, 0, 16, 16], "texture": "#10"},
				"down": {"uv": [0, 0, 16, 16], "texture": "#10"}
			}
		},
		{
			"from": [13.5, 16.78125, 12],
			"to": [16.5, 19.78125, 15],
			"rotation": {"angle": 0, "axis": "y", "origin": [10.5, 2.78125, 9]},
			"faces": {
				"north": {"uv": [0, 0, 16, 16], "texture": "#10"},
				"south": {"uv": [0, 0, 16, 16], "texture": "#10"},
				"west": {"uv": [0, 0, 16, 16], "texture": "#10"},
				"up": {"uv": [0, 0, 16, 16], "texture": "#10"},
				"down": {"uv": [0, 0, 16, 16], "texture": "#10"}
			}
		},
		{
			"from": [12.5, 15.75, 13],
			"to": [15.5, 18.75, 16],
			"rotation": {"angle": 0, "axis": "y", "origin": [9.5, 1.75, 10]},
			"faces": {
				"north": {"uv": [0, 0, 16, 16], "texture": "#10"},
				"south": {"uv": [0, 0, 16, 16], "texture": "#10"},
				"west": {"uv": [0, 0, 16, 16], "texture": "#10"},
				"up": {"uv": [0, 0, 16, 16], "texture": "#10"},
				"down": {"uv": [0, 0, 16, 16], "texture": "#10"}
			}
		},
		{
			"from": [9.5, 14.75, 13],
			"to": [12.625, 17.78125, 16.125],
			"rotation": {"angle": 0, "axis": "y", "origin": [15.5, 0.75, 10]},
			"faces": {
				"north": {"uv": [16, 0, 0, 16], "texture": "#10"},
				"east": {"uv": [16, 0, 0, 16], "texture": "#10"},
				"south": {"uv": [16, 0, 0, 16], "texture": "#10"},
				"west": {"uv": [16, 0, 0, 16], "texture": "#10"},
				"up": {"uv": [16, 0, 0, 16], "texture": "#10"},
				"down": {"uv": [16, 0, 0, 16], "texture": "#10"}
			}
		},
		{
			"from": [3.375, 14.75, 13],
			"to": [6.5, 17.78125, 16.125],
			"rotation": {"angle": 0, "axis": "y", "origin": [9.5, 0.75, 10]},
			"faces": {
				"north": {"uv": [16, 0, 0, 16], "texture": "#10"},
				"east": {"uv": [16, 0, 0, 16], "texture": "#10"},
				"south": {"uv": [16, 0, 0, 16], "texture": "#10"},
				"west": {"uv": [16, 0, 0, 16], "texture": "#10"},
				"up": {"uv": [16, 0, 0, 16], "texture": "#10"},
				"down": {"uv": [16, 0, 0, 16], "texture": "#10"}
			}
		},
		{
			"from": [-0.5, 16.78125, 12],
			"to": [2.5, 19.78125, 15],
			"rotation": {"angle": 0, "axis": "y", "origin": [5.5, 2.78125, 9]},
			"faces": {
				"north": {"uv": [16, 0, 0, 16], "texture": "#10"},
				"east": {"uv": [16, 0, 0, 16], "texture": "#10"},
				"south": {"uv": [16, 0, 0, 16], "texture": "#10"},
				"up": {"uv": [16, 0, 0, 16], "texture": "#10"},
				"down": {"uv": [16, 0, 0, 16], "texture": "#10"}
			}
		},
		{
			"from": [0.5, 15.75, 13],
			"to": [3.5, 18.75, 16],
			"rotation": {"angle": 0, "axis": "y", "origin": [6.5, 1.75, 10]},
			"faces": {
				"north": {"uv": [16, 0, 0, 16], "texture": "#10"},
				"east": {"uv": [16, 0, 0, 16], "texture": "#10"},
				"south": {"uv": [16, 0, 0, 16], "texture": "#10"},
				"up": {"uv": [16, 0, 0, 16], "texture": "#10"},
				"down": {"uv": [16, 0, 0, 16], "texture": "#10"}
			}
		},
		{
			"from": [6.46875, 14.25, 13],
			"to": [9.53125, 17.28125, 16],
			"rotation": {"angle": 0, "axis": "y", "origin": [12.5, 0.25, 10]},
			"faces": {
				"north": {"uv": [16, 0, 0, 16], "texture": "#10"},
				"east": {"uv": [16, 0, 0, 16], "texture": "#10"},
				"south": {"uv": [16, 0, 0, 16], "texture": "#10"},
				"west": {"uv": [16, 0, 0, 16], "texture": "#10"},
				"up": {"uv": [16, 0, 0, 16], "texture": "#10"},
				"down": {"uv": [16, 0, 0, 16], "texture": "#10"}
			}
		},
		{
			"from": [6.46875, 17.25, 11],
			"to": [9.53125, 20.28125, 14],
			"rotation": {"angle": 0, "axis": "y", "origin": [12.5, 3.25, 8]},
			"faces": {
				"north": {"uv": [16, 0, 0, 16], "texture": "#10"},
				"east": {"uv": [16, 0, 0, 16], "texture": "#10"},
				"south": {"uv": [16, 0, 0, 16], "texture": "#10"},
				"west": {"uv": [16, 0, 0, 16], "texture": "#10"},
				"up": {"uv": [16, 0, 0, 16], "texture": "#10"},
				"down": {"uv": [16, 0, 0, 16], "texture": "#10"}
			}
		},
		{
			"from": [0.5, 18.6875, 11],
			"to": [3.5, 21.75, 14],
			"rotation": {"angle": 0, "axis": "y", "origin": [6.5, 4.75, 8]},
			"faces": {
				"north": {"uv": [16, 0, 0, 16], "texture": "#10"},
				"east": {"uv": [16, 0, 0, 16], "texture": "#10"},
				"south": {"uv": [16, 0, 0, 16], "texture": "#10"},
				"west": {"uv": [16, 0, 0, 16], "texture": "#10"},
				"up": {"uv": [16, 0, 0, 16], "texture": "#10"},
				"down": {"uv": [16, 0, 0, 16], "texture": "#10"}
			}
		},
		{
			"from": [3.375, 17.75, 11],
			"to": [6.5, 20.78125, 14.125],
			"rotation": {"angle": 0, "axis": "y", "origin": [9.5, 3.75, 8]},
			"faces": {
				"north": {"uv": [16, 0, 0, 16], "texture": "#10"},
				"east": {"uv": [16, 0, 0, 16], "texture": "#10"},
				"south": {"uv": [16, 0, 0, 16], "texture": "#10"},
				"west": {"uv": [16, 0, 0, 16], "texture": "#10"},
				"up": {"uv": [16, 0, 0, 16], "texture": "#10"},
				"down": {"uv": [16, 0, 0, 16], "texture": "#10"}
			}
		},
		{
			"from": [0.47237, 18.59594, 11.125],
			"to": [5.72237, 21.59594, 12.75],
			"rotation": {"angle": -22.5, "axis": "z", "origin": [3.72237, 20.09594, 12.25]},
			"faces": {
				"east": {"uv": [16, 0, 0, 16], "rotation": 270, "texture": "#16"},
				"south": {"uv": [9, 0, 0, 16], "rotation": 90, "texture": "#16"},
				"up": {"uv": [0, 16, 4.5, 0], "rotation": 270, "texture": "#16"}
			}
		},
		{
			"from": [-1.5, 19.75, 10],
			"to": [1.5, 22.75, 13],
			"rotation": {"angle": 0, "axis": "y", "origin": [4.5, 5.75, 7]},
			"faces": {
				"north": {"uv": [16, 0, 0, 16], "texture": "#10"},
				"east": {"uv": [16, 0, 0, 16], "texture": "#10"},
				"south": {"uv": [16, 0, 0, 16], "texture": "#10"},
				"up": {"uv": [16, 0, 0, 16], "texture": "#10"},
				"down": {"uv": [16, 0, 0, 16], "texture": "#10"}
			}
		},
		{
			"from": [0.375, 21.625, 8.96875],
			"to": [3.5, 24.75, 12],
			"rotation": {"angle": 0, "axis": "y", "origin": [6.5, 7.75, 6]},
			"faces": {
				"north": {"uv": [16, 0, 0, 16], "texture": "#10"},
				"east": {"uv": [16, 0, 0, 16], "texture": "#10"},
				"south": {"uv": [16, 0, 0, 16], "texture": "#10"},
				"west": {"uv": [16, 0, 0, 16], "texture": "#10"},
				"up": {"uv": [16, 0, 0, 16], "texture": "#10"},
				"down": {"uv": [16, 0, 0, 16], "texture": "#10"}
			}
		},
		{
			"from": [3.34375, 20.75, 9],
			"to": [6.5, 23.78125, 12.125],
			"rotation": {"angle": 0, "axis": "y", "origin": [9.5, 6.75, 6]},
			"faces": {
				"north": {"uv": [16, 0, 0, 16], "texture": "#10"},
				"east": {"uv": [16, 0, 0, 16], "texture": "#10"},
				"south": {"uv": [16, 0, 0, 16], "texture": "#10"},
				"west": {"uv": [16, 0, 0, 16], "texture": "#10"},
				"up": {"uv": [16, 0, 0, 16], "texture": "#10"},
				"down": {"uv": [16, 0, 0, 16], "texture": "#10"}
			}
		},
		{
			"from": [6.46875, 20.25, 9],
			"to": [9.53125, 23.28125, 12],
			"rotation": {"angle": 0, "axis": "y", "origin": [12.5, 6.25, 6]},
			"faces": {
				"north": {"uv": [16, 0, 0, 16], "texture": "#10"},
				"east": {"uv": [16, 0, 0, 16], "texture": "#10"},
				"south": {"uv": [16, 0, 0, 16], "texture": "#10"},
				"west": {"uv": [16, 0, 0, 16], "texture": "#10"},
				"up": {"uv": [16, 0, 0, 16], "texture": "#10"},
				"down": {"uv": [16, 0, 0, 16], "texture": "#10"}
			}
		},
		{
			"from": [2, 17.97506, 4.01614],
			"to": [3, 18.97506, 12.01614],
			"rotation": {"angle": 0, "axis": "y", "origin": [7.98386, 18.4956, 7.52054]},
			"faces": {
				"north": {"uv": [2, 0, 5, 3], "rotation": 180, "texture": "#planks_oak"},
				"east": {"uv": [5, 0, 8, 16], "rotation": 90, "texture": "#planks_oak"},
				"south": {"uv": [1, 3, 4, 6], "texture": "#planks_oak"},
				"west": {"uv": [6, 0, 9, 16], "rotation": 270, "texture": "#planks_oak"},
				"up": {"uv": [12, 0, 15, 16], "texture": "#planks_oak"},
				"down": {"uv": [1, 0, 4, 16], "rotation": 180, "texture": "#planks_oak"}
			}
		},
		{
			"from": [13, 17.97506, 4.01614],
			"to": [14, 18.97506, 12.01614],
			"rotation": {"angle": 0, "axis": "y", "origin": [7.98386, 18.4956, 7.52054]},
			"faces": {
				"north": {"uv": [2, 0, 5, 3], "rotation": 180, "texture": "#planks_oak"},
				"east": {"uv": [5, 0, 8, 16], "rotation": 90, "texture": "#planks_oak"},
				"south": {"uv": [1, 3, 4, 6], "texture": "#planks_oak"},
				"west": {"uv": [6, 0, 9, 16], "rotation": 270, "texture": "#planks_oak"},
				"up": {"uv": [12, 0, 15, 16], "texture": "#planks_oak"},
				"down": {"uv": [1, 0, 4, 16], "rotation": 180, "texture": "#planks_oak"}
			}
		},
		{
			"from": [13.71872, 15.25, 6.0345],
			"to": [14.21872, 19.25, 10.0345],
			"rotation": {"angle": 0, "axis": "y", "origin": [9.52651, 7.26284, 8.06127]},
			"faces": {
				"north": {"uv": [8.3125, 0, 8.125, 4], "texture": "#13"},
				"east": {"uv": [12.125, 0, 8.125, 4], "texture": "#13"},
				"south": {"uv": [12.125, 0, 11.9375, 4], "texture": "#13"},
				"west": {"uv": [16, 0, 0, 16], "texture": "#10"},
				"up": {"uv": [8.125, 0.25, 12.125, 0], "rotation": 90, "texture": "#13"},
				"down": {"uv": [8.125, 0.25, 12.125, 0], "rotation": 90, "texture": "#13"}
			}
		}
	],
	"display": {
		"thirdperson_righthand": {
			"rotation": [75, -145, 0],
			"translation": [0, 2.5, 0],
			"scale": [0.375, 0.375, 0.375]
		},
		"thirdperson_lefthand": {
			"rotation": [75, -145, 0],
			"translation": [0, 2.5, 0],
			"scale": [-0.375, 0.375, 0.375]
		},
		"firstperson_righthand": {
			"rotation": [0, -45, 0],
			"translation": [0, 1, -1],
			"scale": [0.3, 0.3, 0.3]
		},
		"firstperson_lefthand": {
			"rotation": [0, -45, 0],
			"translation": [0, 1, -1],
			"scale": [-0.3, 0.3, 0.3]
		},
		"ground": {
			"translation": [0, 3, 0],
			"scale": [0.25, 0.25, 0.25]
		},
		"gui": {
			"rotation": [30, 45, 0],
			"translation": [0, 1.25, 0],
			"scale": [0.32, 0.32, 0.32]
		},
		"head": {
			"rotation": [0, 90, 0],
			"translation": [0, 22, 0],
			"scale": [4, 4, 4]
		},
		"fixed": {
			"rotation": [0, 90, 0],
			"translation": [0, -2, -3.25],
			"scale": [0.5, 0.5, 0.5]
		}
	}
}