{
	"credit": "Made by MadstonMagic, using Cubik Pro & Blockbench",
	"textures": {
		"8": "block/stone_bricks",
		"10": "block/magenta_wool",
		"11": "towers/mage_lvl_1",
		"12": "block/chiseled_stone_bricks",
		"13": "block/purple_concrete",
		"15": "towers/mage_lvl_4",
		"16": "towers/mage_lvl_4_sides",
		"17": "custom/stonebrick_carved_purple",
		"18": "towers/mage_lvl_5",
		"19": "custom/wool_spike",
		"particle": "block/stone",
		"log_oak": "block/dark_oak_log",
		"concrete_purple": "block/cobblestone"
	},
	"elements": [
		{
			"from": [11, -13, 1],
			"to": [15, -9, 5],
			"rotation": {"angle": 0, "axis": "y", "origin": [8.4889, 7.62688, 7.84078]},
			"faces": {
				"north": {"uv": [0, 0, 16, 16], "texture": "#17"},
				"east": {"uv": [0, 0, 16, 16], "texture": "#17"},
				"south": {"uv": [0, 0, 16, 16], "texture": "#17"},
				"west": {"uv": [0, 0, 16, 16], "texture": "#17"},
				"up": {"uv": [0, 0, 16, 16], "texture": "#17"},
				"down": {"uv": [0, 0, 0, 0], "texture": "#17"}
			}
		},
		{
			"from": [11, -1, 1],
			"to": [15, 3, 5],
			"rotation": {"angle": 0, "axis": "y", "origin": [8.4889, 7.62688, 7.84078]},
			"faces": {
				"north": {"uv": [0, 0, 16, 16], "texture": "#17"},
				"east": {"uv": [0, 0, 16, 16], "texture": "#17"},
				"south": {"uv": [0, 0, 16, 16], "texture": "#17"},
				"west": {"uv": [0, 0, 16, 16], "texture": "#17"},
				"up": {"uv": [0, 0, 16, 16], "texture": "#17"},
				"down": {"uv": [0, 0, 16, 16], "texture": "#17"}
			}
		},
		{
			"from": [11, -13, 11],
			"to": [15, -9, 15],
			"rotation": {"angle": 0, "axis": "y", "origin": [8.4889, 7.62688, 7.84078]},
			"faces": {
				"north": {"uv": [16, 0, 0, 16], "texture": "#17"},
				"east": {"uv": [16, 0, 0, 16], "texture": "#17"},
				"south": {"uv": [16, 0, 0, 16], "texture": "#17"},
				"west": {"uv": [16, 0, 0, 16], "texture": "#17"},
				"up": {"uv": [0, 16, 16, 0], "texture": "#17"},
				"down": {"uv": [0, 0, 0, 0], "texture": "#17"}
			}
		},
		{
			"from": [11, -1, 11],
			"to": [15, 3, 15],
			"rotation": {"angle": 0, "axis": "y", "origin": [8.4889, 7.62688, 7.84078]},
			"faces": {
				"north": {"uv": [16, 0, 0, 16], "texture": "#17"},
				"east": {"uv": [16, 0, 0, 16], "texture": "#17"},
				"south": {"uv": [16, 0, 0, 16], "texture": "#17"},
				"west": {"uv": [16, 0, 0, 16], "texture": "#17"},
				"up": {"uv": [0, 16, 16, 0], "texture": "#17"},
				"down": {"uv": [0, 16, 16, 0], "texture": "#17"}
			}
		},
		{
			"from": [1, -13, 1],
			"to": [5, -9, 5],
			"rotation": {"angle": 0, "axis": "y", "origin": [8.4889, 7.62688, 7.84078]},
			"faces": {
				"north": {"uv": [0, 0, 16, 16], "texture": "#17"},
				"east": {"uv": [0, 0, 16, 16], "texture": "#17"},
				"south": {"uv": [0, 0, 16, 16], "texture": "#17"},
				"west": {"uv": [0, 0, 16, 16], "texture": "#17"},
				"up": {"uv": [0, 0, 16, 16], "texture": "#17"},
				"down": {"uv": [0, 0, 0, 0], "texture": "#17"}
			}
		},
		{
			"from": [1, -1, 1],
			"to": [5, 3, 5],
			"rotation": {"angle": 0, "axis": "y", "origin": [8.4889, 7.62688, 7.84078]},
			"faces": {
				"north": {"uv": [0, 0, 16, 16], "texture": "#17"},
				"east": {"uv": [0, 0, 16, 16], "texture": "#17"},
				"south": {"uv": [0, 0, 16, 16], "texture": "#17"},
				"west": {"uv": [0, 0, 16, 16], "texture": "#17"},
				"up": {"uv": [0, 0, 16, 16], "texture": "#17"},
				"down": {"uv": [0, 0, 16, 16], "texture": "#17"}
			}
		},
		{
			"from": [2, -4, 2],
			"to": [5, -1, 5],
			"rotation": {"angle": 0, "axis": "y", "origin": [8.4889, 7.62688, 7.84078]},
			"faces": {
				"north": {"uv": [0, 0, 16, 16], "texture": "#12"},
				"east": {"uv": [0, 0, 16, 16], "texture": "#12"},
				"south": {"uv": [0, 0, 16, 16], "texture": "#12"},
				"west": {"uv": [0, 0, 16, 16], "texture": "#12"},
				"down": {"uv": [0, 0, 16, 16], "texture": "#12"}
			}
		},
		{
			"from": [2, -9, 2],
			"to": [5, -6, 5],
			"rotation": {"angle": 0, "axis": "y", "origin": [8.4889, 7.62688, 7.84078]},
			"faces": {
				"north": {"uv": [0, 0, 16, 16], "texture": "#12"},
				"east": {"uv": [0, 0, 16, 16], "texture": "#12"},
				"south": {"uv": [0, 0, 16, 16], "texture": "#12"},
				"west": {"uv": [0, 0, 16, 16], "texture": "#12"},
				"up": {"uv": [0, 0, 16, 16], "texture": "#12"}
			}
		},
		{
			"from": [2, -4, 11],
			"to": [5, -1, 14],
			"rotation": {"angle": 0, "axis": "y", "origin": [8.4889, 7.62688, 7.84078]},
			"faces": {
				"north": {"uv": [16, 0, 0, 16], "texture": "#12"},
				"east": {"uv": [16, 0, 0, 16], "texture": "#12"},
				"south": {"uv": [16, 0, 0, 16], "texture": "#12"},
				"west": {"uv": [16, 0, 0, 16], "texture": "#12"},
				"down": {"uv": [0, 16, 16, 0], "texture": "#12"}
			}
		},
		{
			"from": [2, -9, 11],
			"to": [5, -6, 14],
			"rotation": {"angle": 0, "axis": "y", "origin": [8.4889, 7.62688, 7.84078]},
			"faces": {
				"north": {"uv": [16, 0, 0, 16], "texture": "#12"},
				"east": {"uv": [16, 0, 0, 16], "texture": "#12"},
				"south": {"uv": [16, 0, 0, 16], "texture": "#12"},
				"west": {"uv": [16, 0, 0, 16], "texture": "#12"},
				"up": {"uv": [0, 16, 16, 0], "texture": "#12"}
			}
		},
		{
			"from": [11, -4, 2],
			"to": [14, -1, 5],
			"rotation": {"angle": 0, "axis": "y", "origin": [8.4889, 7.62688, 7.84078]},
			"faces": {
				"north": {"uv": [0, 0, 16, 16], "texture": "#12"},
				"east": {"uv": [0, 0, 16, 16], "texture": "#12"},
				"south": {"uv": [0, 0, 16, 16], "texture": "#12"},
				"west": {"uv": [0, 0, 16, 16], "texture": "#12"},
				"down": {"uv": [0, 0, 16, 16], "texture": "#12"}
			}
		},
		{
			"from": [11, -9, 2],
			"to": [14, -6, 5],
			"rotation": {"angle": 0, "axis": "y", "origin": [8.4889, 7.62688, 7.84078]},
			"faces": {
				"north": {"uv": [0, 0, 16, 16], "texture": "#12"},
				"east": {"uv": [0, 0, 16, 16], "texture": "#12"},
				"south": {"uv": [0, 0, 16, 16], "texture": "#12"},
				"west": {"uv": [0, 0, 16, 16], "texture": "#12"},
				"up": {"uv": [0, 0, 16, 16], "texture": "#12"}
			}
		},
		{
			"from": [11, -4, 11],
			"to": [14, -1, 14],
			"rotation": {"angle": 0, "axis": "y", "origin": [8.4889, 7.62688, 7.84078]},
			"faces": {
				"north": {"uv": [16, 0, 0, 16], "texture": "#12"},
				"east": {"uv": [16, 0, 0, 16], "texture": "#12"},
				"south": {"uv": [16, 0, 0, 16], "texture": "#12"},
				"west": {"uv": [16, 0, 0, 16], "texture": "#12"},
				"down": {"uv": [0, 16, 16, 0], "texture": "#12"}
			}
		},
		{
			"from": [11, -9, 11],
			"to": [14, -6, 14],
			"rotation": {"angle": 0, "axis": "y", "origin": [8.4889, 7.62688, 7.84078]},
			"faces": {
				"north": {"uv": [16, 0, 0, 16], "texture": "#12"},
				"east": {"uv": [16, 0, 0, 16], "texture": "#12"},
				"south": {"uv": [16, 0, 0, 16], "texture": "#12"},
				"west": {"uv": [16, 0, 0, 16], "texture": "#12"},
				"up": {"uv": [0, 16, 16, 0], "texture": "#12"}
			}
		},
		{
			"from": [1, -13, 11],
			"to": [5, -9, 15],
			"rotation": {"angle": 0, "axis": "y", "origin": [8.4889, 7.62688, 7.84078]},
			"faces": {
				"north": {"uv": [16, 0, 0, 16], "texture": "#17"},
				"east": {"uv": [16, 0, 0, 16], "texture": "#17"},
				"south": {"uv": [16, 0, 0, 16], "texture": "#17"},
				"west": {"uv": [16, 0, 0, 16], "texture": "#17"},
				"up": {"uv": [0, 16, 16, 0], "texture": "#17"},
				"down": {"uv": [0, 0, 0, 0], "texture": "#17"}
			}
		},
		{
			"from": [1, -1, 11],
			"to": [5, 3, 15],
			"rotation": {"angle": 0, "axis": "y", "origin": [8.4889, 7.62688, 7.84078]},
			"faces": {
				"north": {"uv": [16, 0, 0, 16], "texture": "#17"},
				"east": {"uv": [16, 0, 0, 16], "texture": "#17"},
				"south": {"uv": [16, 0, 0, 16], "texture": "#17"},
				"west": {"uv": [16, 0, 0, 16], "texture": "#17"},
				"up": {"uv": [0, 16, 16, 0], "texture": "#17"},
				"down": {"uv": [0, 16, 16, 0], "texture": "#17"}
			}
		},
		{
			"from": [3, -10.5, 3],
			"to": [4, -0.25, 4],
			"rotation": {"angle": 0, "axis": "y", "origin": [8.4889, 7.62688, 7.84078]},
			"faces": {
				"north": {"uv": [0, 0, 4, 16], "texture": "#log_oak"},
				"east": {"uv": [3, 0, 7, 16], "texture": "#log_oak"},
				"south": {"uv": [5, 0, 9, 16], "texture": "#log_oak"},
				"west": {"uv": [9, 0, 13, 16], "texture": "#log_oak"}
			}
		},
		{
			"from": [1.25, -0.25, 1.25],
			"to": [2.25, 13.5, 2.25],
			"rotation": {"angle": 0, "axis": "y", "origin": [8.52015, 7.62688, 7.80953]},
			"faces": {
				"north": {"uv": [4, 0, 8, 16], "texture": "#log_oak"},
				"east": {"uv": [0, 0, 4, 16], "texture": "#log_oak"},
				"south": {"uv": [11, 0, 15, 16], "texture": "#log_oak"},
				"west": {"uv": [8.5, 0, 12.5, 16], "texture": "#log_oak"}
			}
		},
		{
			"from": [1.25, -0.25, 13.75],
			"to": [2.25, 13.5, 14.75],
			"rotation": {"angle": 0, "axis": "y", "origin": [8.52015, 7.62688, 8.19047]},
			"faces": {
				"north": {"uv": [15, 0, 11, 16], "texture": "#log_oak"},
				"east": {"uv": [4, 0, 0, 16], "texture": "#log_oak"},
				"south": {"uv": [8, 0, 4, 16], "texture": "#log_oak"},
				"west": {"uv": [12.5, 0, 8.5, 16], "texture": "#log_oak"}
			}
		},
		{
			"from": [2.25, 2.375, 1.25],
			"to": [13.75, 3.375, 2.25],
			"rotation": {"angle": 0, "axis": "z", "origin": [8.4889, 7.62688, 7.84078]},
			"faces": {
				"north": {"uv": [4, 0, 8, 16], "rotation": 270, "texture": "#log_oak"},
				"south": {"uv": [4, 0, 8, 16], "rotation": 270, "texture": "#log_oak"},
				"up": {"uv": [5, 0, 9, 16], "rotation": 90, "texture": "#log_oak"},
				"down": {"uv": [0, 0, 4, 16], "rotation": 90, "texture": "#log_oak"}
			}
		},
		{
			"from": [2.25, 2.375, 13.75],
			"to": [13.75, 3.375, 14.75],
			"rotation": {"angle": 0, "axis": "z", "origin": [8.4889, 7.62688, 8.15922]},
			"faces": {
				"north": {"uv": [4, 0, 8, 16], "rotation": 270, "texture": "#log_oak"},
				"south": {"uv": [4, 16, 8, 0], "rotation": 270, "texture": "#log_oak"},
				"up": {"uv": [9, 0, 5, 16], "rotation": 90, "texture": "#log_oak"},
				"down": {"uv": [4, 0, 0, 16], "rotation": 90, "texture": "#log_oak"}
			}
		},
		{
			"from": [3, -10.5, 12],
			"to": [4, -0.25, 13],
			"rotation": {"angle": 0, "axis": "y", "origin": [8.4889, 7.62688, 7.84078]},
			"faces": {
				"north": {"uv": [0, 0, 4, 16], "texture": "#log_oak"},
				"east": {"uv": [3, 0, 7, 16], "texture": "#log_oak"},
				"south": {"uv": [5, 0, 9, 16], "texture": "#log_oak"},
				"west": {"uv": [9, 0, 13, 16], "texture": "#log_oak"}
			}
		},
		{
			"from": [12, -10.5, 12],
			"to": [13, -0.25, 13],
			"rotation": {"angle": 0, "axis": "y", "origin": [8.4889, 7.62688, 7.84078]},
			"faces": {
				"north": {"uv": [0, 0, 4, 16], "texture": "#log_oak"},
				"east": {"uv": [3, 0, 7, 16], "texture": "#log_oak"},
				"south": {"uv": [5, 0, 9, 16], "texture": "#log_oak"},
				"west": {"uv": [9, 0, 13, 16], "texture": "#log_oak"}
			}
		},
		{
			"from": [12, -10.5, 3],
			"to": [13, -0.25, 4],
			"rotation": {"angle": 0, "axis": "y", "origin": [8.4889, 7.62688, 7.84078]},
			"faces": {
				"north": {"uv": [0, 0, 4, 16], "texture": "#log_oak"},
				"east": {"uv": [3, 0, 7, 16], "texture": "#log_oak"},
				"south": {"uv": [5, 0, 9, 16], "texture": "#log_oak"},
				"west": {"uv": [9, 0, 13, 16], "texture": "#log_oak"}
			}
		},
		{
			"from": [13.75, 2.75, 1.25],
			"to": [14.75, 13.5, 2.25],
			"rotation": {"angle": 0, "axis": "y", "origin": [8.45765, 1.37688, 7.80953]},
			"faces": {
				"north": {"uv": [12, 0, 16, 16], "texture": "#log_oak"},
				"east": {"uv": [3, 0, 7, 16], "texture": "#log_oak"},
				"south": {"uv": [5, 0, 9, 16], "texture": "#log_oak"},
				"west": {"uv": [2, 0, 6, 16], "texture": "#log_oak"}
			}
		},
		{
			"from": [13.75, 2.75, 13.75],
			"to": [14.75, 13.5, 14.75],
			"rotation": {"angle": 0, "axis": "y", "origin": [8.45765, 1.37688, 8.19047]},
			"faces": {
				"north": {"uv": [9, 0, 5, 16], "texture": "#log_oak"},
				"east": {"uv": [7, 0, 3, 16], "texture": "#log_oak"},
				"south": {"uv": [16, 0, 12, 16], "texture": "#log_oak"},
				"west": {"uv": [6, 0, 2, 16], "texture": "#log_oak"}
			}
		},
		{
			"from": [9.46875, 20.25, 6.53125],
			"to": [12.53125, 23.25, 9.46875],
			"rotation": {"angle": 0, "axis": "y", "origin": [8.52015, 7.62688, 7.80953]},
			"faces": {
				"north": {"uv": [0, 0, 16, 16], "texture": "#10"},
				"east": {"uv": [0, 0, 16, 16], "texture": "#10"},
				"south": {"uv": [0, 0, 16, 16], "texture": "#10"},
				"west": {"uv": [0, 0, 16, 16], "texture": "#10"},
				"up": {"uv": [0, 0, 16, 16], "texture": "#10"},
				"down": {"uv": [0, 0, 16, 16], "texture": "#10"}
			}
		},
		{
			"from": [6.5, 19.75, 6.46875],
			"to": [9.5, 22.75, 9.53125],
			"rotation": {"angle": 0, "axis": "y", "origin": [8.4889, 7.62688, 7.84078]},
			"faces": {
				"north": {"uv": [0, 0, 16, 16], "texture": "#10"},
				"east": {"uv": [0, 0, 16, 16], "texture": "#10"},
				"south": {"uv": [0, 0, 16, 16], "texture": "#10"},
				"west": {"uv": [0, 0, 16, 16], "texture": "#10"},
				"up": {"uv": [0, 0, 16, 16], "texture": "#10"},
				"down": {"uv": [0, 0, 16, 16], "texture": "#10"}
			}
		},
		{
			"from": [3.46875, 20.25, 6.53125],
			"to": [6.53125, 23.25, 9.46875],
			"rotation": {"angle": 0, "axis": "y", "origin": [8.45765, 7.62688, 7.80953]},
			"faces": {
				"north": {"uv": [0, 0, 16, 16], "texture": "#10"},
				"east": {"uv": [0, 0, 16, 16], "texture": "#10"},
				"south": {"uv": [0, 0, 16, 16], "texture": "#10"},
				"west": {"uv": [0, 0, 16, 16], "texture": "#10"},
				"up": {"uv": [0, 0, 16, 16], "texture": "#10"},
				"down": {"uv": [0, 0, 16, 16], "texture": "#10"}
			}
		},
		{
			"from": [0.4375, 20.71875, 6.5],
			"to": [3.5, 23.75, 9.5],
			"rotation": {"angle": 0, "axis": "y", "origin": [8.4889, 7.62688, 7.84078]},
			"faces": {
				"north": {"uv": [0, 0, 16, 16], "texture": "#10"},
				"east": {"uv": [0, 0, 16, 16], "texture": "#10"},
				"south": {"uv": [0, 0, 16, 16], "texture": "#10"},
				"west": {"uv": [0, 0, 16, 16], "texture": "#10"},
				"up": {"uv": [0, 0, 16, 16], "texture": "#10"},
				"down": {"uv": [0, 0, 16, 16], "texture": "#10"}
			}
		},
		{
			"from": [12.5, 20.71875, 6.5],
			"to": [15.5625, 23.75, 9.5],
			"rotation": {"angle": 0, "axis": "y", "origin": [8.4889, 7.62688, 7.84078]},
			"faces": {
				"north": {"uv": [0, 0, 16, 16], "texture": "#10"},
				"east": {"uv": [0, 0, 16, 16], "texture": "#10"},
				"south": {"uv": [0, 0, 16, 16], "texture": "#10"},
				"west": {"uv": [0, 0, 16, 16], "texture": "#10"},
				"up": {"uv": [0, 0, 16, 16], "texture": "#10"},
				"down": {"uv": [0, 0, 16, 16], "texture": "#10"}
			}
		},
		{
			"from": [15.5, 20.75, 3.96875],
			"to": [18.59375, 23.78125, 7.03125],
			"rotation": {"angle": 0, "axis": "y", "origin": [8.4889, 7.62688, 7.84078]},
			"faces": {
				"north": {"uv": [0, 0, 16, 16], "texture": "#13"},
				"east": {"uv": [0, 0, 16, 16], "texture": "#13"},
				"south": {"uv": [0, 0, 16, 16], "texture": "#13"},
				"west": {"uv": [0, 0, 16, 16], "texture": "#13"},
				"up": {"uv": [0, 0, 16, 16], "texture": "#13"},
				"down": {"uv": [0, 0, 16, 16], "texture": "#13"}
			}
		},
		{
			"from": [12.46875, 19.71875, 4],
			"to": [15.53125, 22.75, 7],
			"rotation": {"angle": 0, "axis": "y", "origin": [8.4889, 7.62688, 7.84078]},
			"faces": {
				"north": {"uv": [0, 0, 16, 16], "texture": "#10"},
				"east": {"uv": [0, 0, 16, 16], "texture": "#10"},
				"south": {"uv": [0, 0, 16, 16], "texture": "#10"},
				"west": {"uv": [0, 0, 16, 16], "texture": "#10"},
				"up": {"uv": [0, 0, 16, 16], "texture": "#10"},
				"down": {"uv": [0, 0, 16, 16], "texture": "#10"}
			}
		},
		{
			"from": [0.46875, 19.71875, 4],
			"to": [3.53125, 22.75, 7],
			"rotation": {"angle": 0, "axis": "y", "origin": [8.4889, 7.62688, 7.84078]},
			"faces": {
				"north": {"uv": [16, 0, 0, 16], "texture": "#10"},
				"east": {"uv": [16, 0, 0, 16], "texture": "#10"},
				"south": {"uv": [16, 0, 0, 16], "texture": "#10"},
				"west": {"uv": [16, 0, 0, 16], "texture": "#10"},
				"up": {"uv": [16, 0, 0, 16], "texture": "#10"},
				"down": {"uv": [16, 0, 0, 16], "texture": "#10"}
			}
		},
		{
			"from": [-2.59375, 20.75, 3.96875],
			"to": [0.5, 23.78125, 7.03125],
			"rotation": {"angle": 0, "axis": "y", "origin": [8.4889, 7.62688, 7.84078]},
			"faces": {
				"north": {"uv": [16, 0, 0, 16], "texture": "#13"},
				"east": {"uv": [16, 0, 0, 16], "texture": "#13"},
				"south": {"uv": [16, 0, 0, 16], "texture": "#13"},
				"west": {"uv": [16, 0, 0, 16], "texture": "#13"},
				"up": {"uv": [16, 0, 0, 16], "texture": "#13"},
				"down": {"uv": [16, 0, 0, 16], "texture": "#13"}
			}
		},
		{
			"from": [-2.5625, 17.75, 1.96875],
			"to": [0.5, 20.78125, 5.03125],
			"rotation": {"angle": 0, "axis": "y", "origin": [8.4889, 7.62688, 7.84078]},
			"faces": {
				"north": {"uv": [16, 0, 0, 16], "texture": "#13"},
				"east": {"uv": [16, 0, 0, 16], "texture": "#13"},
				"south": {"uv": [16, 0, 0, 16], "texture": "#13"},
				"west": {"uv": [16, 0, 0, 16], "texture": "#13"},
				"up": {"uv": [16, 0, 0, 16], "texture": "#13"},
				"down": {"uv": [16, 0, 0, 16], "texture": "#13"}
			}
		},
		{
			"from": [0.46875, 16.71875, 2],
			"to": [3.5, 19.75, 5],
			"rotation": {"angle": 0, "axis": "y", "origin": [8.4889, 7.62688, 7.84078]},
			"faces": {
				"north": {"uv": [16, 0, 0, 16], "texture": "#10"},
				"east": {"uv": [16, 0, 0, 16], "texture": "#10"},
				"south": {"uv": [16, 0, 0, 16], "texture": "#10"},
				"west": {"uv": [16, 0, 0, 16], "texture": "#10"},
				"up": {"uv": [16, 0, 0, 16], "texture": "#10"},
				"down": {"uv": [16, 0, 0, 16], "texture": "#10"}
			}
		},
		{
			"from": [12.5, 16.71875, 2],
			"to": [15.53125, 19.75, 5],
			"rotation": {"angle": 0, "axis": "y", "origin": [8.4889, 7.62688, 7.84078]},
			"faces": {
				"north": {"uv": [0, 0, 16, 16], "texture": "#10"},
				"east": {"uv": [0, 0, 16, 16], "texture": "#10"},
				"south": {"uv": [0, 0, 16, 16], "texture": "#10"},
				"west": {"uv": [0, 0, 16, 16], "texture": "#10"},
				"up": {"uv": [0, 0, 16, 16], "texture": "#10"},
				"down": {"uv": [0, 0, 16, 16], "texture": "#10"}
			}
		},
		{
			"from": [15.5, 17.75, 1.96875],
			"to": [18.5625, 20.78125, 5.03125],
			"rotation": {"angle": 0, "axis": "y", "origin": [8.4889, 7.62688, 7.84078]},
			"faces": {
				"north": {"uv": [0, 0, 16, 16], "texture": "#13"},
				"east": {"uv": [0, 0, 16, 16], "texture": "#13"},
				"south": {"uv": [0, 0, 16, 16], "texture": "#13"},
				"west": {"uv": [0, 0, 16, 16], "texture": "#13"},
				"up": {"uv": [0, 0, 16, 16], "texture": "#13"},
				"down": {"uv": [0, 0, 16, 16], "texture": "#13"}
			}
		},
		{
			"from": [15.5, 14.75, -0.03125],
			"to": [18.53125, 17.78125, 3.03125],
			"rotation": {"angle": 0, "axis": "y", "origin": [8.4889, 7.62688, 7.84078]},
			"faces": {
				"north": {"uv": [0, 0, 16, 16], "texture": "#13"},
				"east": {"uv": [0, 0, 16, 16], "texture": "#13"},
				"south": {"uv": [0, 0, 16, 16], "texture": "#13"},
				"west": {"uv": [0, 0, 16, 16], "texture": "#13"},
				"up": {"uv": [0, 0, 16, 16], "texture": "#13"}
			}
		},
		{
			"from": [12.5, 13.71875, 0],
			"to": [15.53125, 16.75, 3],
			"rotation": {"angle": 0, "axis": "y", "origin": [8.4889, 7.62688, 7.84078]},
			"faces": {
				"north": {"uv": [0, 0, 16, 16], "texture": "#10"},
				"south": {"uv": [0, 0, 16, 16], "texture": "#10"},
				"west": {"uv": [16, 0, 0, 16], "texture": "#10"},
				"up": {"uv": [0, 0, 16, 16], "texture": "#10"}
			}
		},
		{
			"from": [0.46875, 13.71875, 0],
			"to": [3.5, 16.75, 3],
			"rotation": {"angle": 0, "axis": "y", "origin": [8.4889, 7.62688, 7.84078]},
			"faces": {
				"north": {"uv": [16, 0, 0, 16], "texture": "#10"},
				"east": {"uv": [16, 0, 0, 16], "texture": "#10"},
				"south": {"uv": [16, 0, 0, 16], "texture": "#10"},
				"up": {"uv": [16, 0, 0, 16], "texture": "#10"}
			}
		},
		{
			"from": [-2.53125, 14.75, -0.03125],
			"to": [0.5, 17.78125, 3.03125],
			"rotation": {"angle": 0, "axis": "y", "origin": [8.4889, 7.62688, 7.84078]},
			"faces": {
				"north": {"uv": [16, 0, 0, 16], "texture": "#13"},
				"east": {"uv": [16, 0, 0, 16], "texture": "#13"},
				"south": {"uv": [16, 0, 0, 16], "texture": "#13"},
				"west": {"uv": [16, 0, 0, 16], "texture": "#13"},
				"up": {"uv": [16, 0, 0, 16], "texture": "#13"}
			}
		},
		{
			"from": [4.86659, -5.40818, 4.99072],
			"to": [8.61659, -4.40818, 5.99072],
			"rotation": {"angle": 45, "axis": "z", "origin": [8.4889, 7.62688, 7.84078]},
			"faces": {
				"north": {"uv": [0, 0, 5, 16], "rotation": 270, "texture": "#8"},
				"east": {"uv": [0, 0, 16, 16], "rotation": 180, "texture": "#8"},
				"south": {"uv": [0, 0, 5, 16], "rotation": 90, "texture": "#8"},
				"west": {"uv": [16, 0, 0, 5], "rotation": 90, "texture": "#8"},
				"up": {"uv": [0, 0, 16, 14], "rotation": 90, "texture": "#8"},
				"down": {"uv": [0, 0, 5, 16], "rotation": 90, "texture": "#8"}
			}
		},
		{
			"from": [6.58619, -5.68707, 5.02197],
			"to": [10.33619, -4.68707, 5.95947],
			"rotation": {"angle": 22.5, "axis": "z", "origin": [8.4889, 7.62688, 7.93453]},
			"faces": {
				"north": {"uv": [0, 0, 5, 16], "rotation": 270, "texture": "#8"},
				"south": {"uv": [0, 0, 5, 16], "rotation": 90, "texture": "#8"},
				"up": {"uv": [0, 0, 16, 14], "rotation": 90, "texture": "#8"},
				"down": {"uv": [0, 0, 5, 16], "rotation": 90, "texture": "#8"}
			}
		},
		{
			"from": [4.86659, -5.40818, 9.99072],
			"to": [8.61659, -4.40818, 10.99072],
			"rotation": {"angle": 45, "axis": "z", "origin": [8.4889, 7.62688, 7.84078]},
			"faces": {
				"north": {"uv": [0, 0, 5, 16], "rotation": 270, "texture": "#8"},
				"east": {"uv": [0, 0, 16, 16], "rotation": 180, "texture": "#8"},
				"south": {"uv": [0, 0, 5, 16], "rotation": 90, "texture": "#8"},
				"west": {"uv": [16, 0, 0, 5], "rotation": 90, "texture": "#8"},
				"up": {"uv": [0, 0, 16, 14], "rotation": 90, "texture": "#8"},
				"down": {"uv": [0, 0, 5, 16], "rotation": 90, "texture": "#8"}
			}
		},
		{
			"from": [6.58619, -5.68707, 10.02197],
			"to": [10.33619, -4.68707, 10.95947],
			"rotation": {"angle": 22.5, "axis": "z", "origin": [8.4889, 7.62688, 7.93453]},
			"faces": {
				"north": {"uv": [0, 0, 5, 16], "rotation": 270, "texture": "#8"},
				"south": {"uv": [0, 0, 5, 16], "rotation": 90, "texture": "#8"},
				"up": {"uv": [0, 0, 16, 14], "rotation": 90, "texture": "#8"},
				"down": {"uv": [0, 0, 5, 16], "rotation": 90, "texture": "#8"}
			}
		},
		{
			"from": [3.5, -1.5, 3.5],
			"to": [19, -0.75, 12.5],
			"rotation": {"angle": 0, "axis": "y", "origin": [8.4889, 7.62688, 7.84078]},
			"faces": {
				"north": {"uv": [4.0625, 0, 7.0625, 0.25], "texture": "#11"},
				"east": {"uv": [4.0625, 0, 4.25, 2], "rotation": 90, "texture": "#11"},
				"south": {"uv": [4.0625, 0, 7.0625, 0.25], "texture": "#11"},
				"up": {"uv": [4.0625, 0, 7.0625, 2], "texture": "#11"},
				"down": {"uv": [4.0625, 0, 7.0625, 2], "texture": "#11"}
			}
		},
		{
			"from": [1.5, 2.5, 1.5],
			"to": [14.5, 2.75, 14.5],
			"rotation": {"angle": 0, "axis": "y", "origin": [6.4889, 11.62688, 7.84078]},
			"faces": {
				"up": {"uv": [4.0625, 0, 7.0625, 2], "texture": "#11"}
			}
		},
		{
			"from": [15, -0.75, 11.5],
			"to": [19, 2.25, 12.5],
			"rotation": {"angle": 0, "axis": "y", "origin": [17.13984, 2.15, 7.47688]},
			"faces": {
				"north": {"uv": [14.1875, 0, 16, 1], "texture": "#15"},
				"east": {"uv": [13.9375, 0, 14.25, 1], "texture": "#15"},
				"south": {"uv": [14.1875, 0, 16, 1], "texture": "#15"},
				"west": {"uv": [0, 0, 0, 0], "texture": "#15"}
			}
		},
		{
			"from": [15, -0.75, 3.5],
			"to": [19, 2.25, 4.5],
			"rotation": {"angle": 0, "axis": "y", "origin": [17.13984, 2.15, -0.52312]},
			"faces": {
				"north": {"uv": [14.1875, 0, 16, 1], "texture": "#15"},
				"east": {"uv": [13.9375, 0, 14.25, 1], "texture": "#15"},
				"south": {"uv": [14.1875, 0, 16, 1], "texture": "#15"}
			}
		},
		{
			"from": [15.25, 14.21875, -0.1875],
			"to": [18.75, 15.25, 3.1875],
			"rotation": {"angle": 0, "axis": "y", "origin": [8.4889, 7.62688, 7.80953]},
			"faces": {
				"north": {"uv": [9, 4, 7, 5], "texture": "#13"},
				"east": {"uv": [9, 4, 7, 5], "texture": "#13"},
				"south": {"uv": [9, 4, 7, 5], "texture": "#13"},
				"west": {"uv": [9, 4, 7, 5], "texture": "#13"},
				"up": {"uv": [9, 4, 7, 5], "texture": "#13"},
				"down": {"uv": [9, 4, 7, 5], "texture": "#13"}
			}
		},
		{
			"from": [15.25, 14.21875, 12.8125],
			"to": [18.75, 15.25, 16.1875],
			"rotation": {"angle": 0, "axis": "y", "origin": [8.4889, 7.62688, 8.12797]},
			"faces": {
				"north": {"uv": [7, 4, 9, 5], "texture": "#13"},
				"east": {"uv": [7, 4, 9, 5], "texture": "#13"},
				"south": {"uv": [7, 4, 9, 5], "texture": "#13"},
				"west": {"uv": [7, 4, 9, 5], "texture": "#13"},
				"up": {"uv": [9, 5, 7, 4], "texture": "#13"},
				"down": {"uv": [9, 5, 7, 4], "texture": "#13"}
			}
		},
		{
			"from": [-2.75, 14.21875, -0.1875],
			"to": [0.75, 15.25, 3.1875],
			"rotation": {"angle": 0, "axis": "y", "origin": [8.4889, 7.62688, 7.80953]},
			"faces": {
				"north": {"uv": [9, 4, 7, 5], "texture": "#13"},
				"east": {"uv": [9, 4, 7, 5], "texture": "#13"},
				"south": {"uv": [9, 4, 7, 5], "texture": "#13"},
				"west": {"uv": [9, 4, 7, 5], "texture": "#13"},
				"up": {"uv": [9, 4, 7, 5], "texture": "#13"},
				"down": {"uv": [9, 4, 7, 5], "texture": "#13"}
			}
		},
		{
			"from": [-2.75, 14.21875, 12.8125],
			"to": [0.75, 15.25, 16.1875],
			"rotation": {"angle": 0, "axis": "y", "origin": [8.4889, 7.62688, 8.12797]},
			"faces": {
				"north": {"uv": [7, 4, 9, 5], "texture": "#13"},
				"east": {"uv": [7, 4, 9, 5], "texture": "#13"},
				"south": {"uv": [7, 4, 9, 5], "texture": "#13"},
				"west": {"uv": [7, 4, 9, 5], "texture": "#13"},
				"up": {"uv": [9, 5, 7, 4], "texture": "#13"},
				"down": {"uv": [9, 5, 7, 4], "texture": "#13"}
			}
		},
		{
			"from": [12.25, 13.21875, -0.21875],
			"to": [15.75, 14.25, 3.21875],
			"rotation": {"angle": 0, "axis": "y", "origin": [8.4889, 7.62688, 7.84078]},
			"faces": {
				"north": {"uv": [9, 4, 7, 5], "texture": "#13"},
				"east": {"uv": [9, 4, 7, 5], "texture": "#13"},
				"south": {"uv": [9, 4, 7, 5], "texture": "#13"},
				"west": {"uv": [9, 4, 7, 5], "texture": "#13"},
				"up": {"uv": [9, 4, 7, 5], "texture": "#13"},
				"down": {"uv": [9, 4, 7, 5], "texture": "#13"}
			}
		},
		{
			"from": [12.25, 13.21875, 12.78125],
			"to": [15.75, 14.25, 16.21875],
			"rotation": {"angle": 0, "axis": "y", "origin": [8.4889, 7.62688, 8.15922]},
			"faces": {
				"north": {"uv": [7, 4, 9, 5], "texture": "#13"},
				"east": {"uv": [7, 4, 9, 5], "texture": "#13"},
				"south": {"uv": [7, 4, 9, 5], "texture": "#13"},
				"west": {"uv": [7, 4, 9, 5], "texture": "#13"},
				"up": {"uv": [9, 5, 7, 4], "texture": "#13"},
				"down": {"uv": [9, 5, 7, 4], "texture": "#13"}
			}
		},
		{
			"from": [0.25, 13.21875, -0.21875],
			"to": [3.75, 14.25, 3.21875],
			"rotation": {"angle": 0, "axis": "y", "origin": [8.4889, 7.62688, 7.84078]},
			"faces": {
				"north": {"uv": [9, 4, 7, 5], "texture": "#13"},
				"east": {"uv": [9, 4, 7, 5], "texture": "#13"},
				"south": {"uv": [9, 4, 7, 5], "texture": "#13"},
				"west": {"uv": [9, 4, 7, 5], "texture": "#13"},
				"up": {"uv": [9, 4, 7, 5], "texture": "#13"},
				"down": {"uv": [9, 4, 7, 5], "texture": "#13"}
			}
		},
		{
			"from": [0.25, 13.21875, 12.78125],
			"to": [3.75, 14.25, 16.21875],
			"rotation": {"angle": 0, "axis": "y", "origin": [8.4889, 7.62688, 8.15922]},
			"faces": {
				"north": {"uv": [7, 4, 9, 5], "texture": "#13"},
				"east": {"uv": [7, 4, 9, 5], "texture": "#13"},
				"south": {"uv": [7, 4, 9, 5], "texture": "#13"},
				"west": {"uv": [7, 4, 9, 5], "texture": "#13"},
				"up": {"uv": [9, 5, 7, 4], "texture": "#13"},
				"down": {"uv": [9, 5, 7, 4], "texture": "#13"}
			}
		},
		{
			"from": [3.25, 12.25, -0.25],
			"to": [12.75, 13.25, 3.25],
			"rotation": {"angle": 0, "axis": "y", "origin": [8.4889, 7.62688, 7.84078]},
			"faces": {
				"north": {"uv": [9, 4, 7, 5], "texture": "#13"},
				"east": {"uv": [9, 4, 7, 5], "texture": "#13"},
				"south": {"uv": [9, 4, 7, 5], "texture": "#13"},
				"west": {"uv": [9, 4, 7, 5], "texture": "#13"},
				"up": {"uv": [9, 4, 7, 5], "texture": "#13"},
				"down": {"uv": [9, 4, 7, 5], "texture": "#13"}
			}
		},
		{
			"from": [3.25, 12.25, 12.75],
			"to": [12.75, 13.25, 16.25],
			"rotation": {"angle": 0, "axis": "y", "origin": [8.4889, 7.62688, 8.15922]},
			"faces": {
				"north": {"uv": [7, 4, 9, 5], "texture": "#13"},
				"east": {"uv": [7, 4, 9, 5], "texture": "#13"},
				"south": {"uv": [7, 4, 9, 5], "texture": "#13"},
				"west": {"uv": [7, 4, 9, 5], "texture": "#13"},
				"up": {"uv": [9, 5, 7, 4], "texture": "#13"},
				"down": {"uv": [9, 5, 7, 4], "texture": "#13"}
			}
		},
		{
			"from": [15.5, 20.75, 8.96875],
			"to": [18.59375, 23.78125, 12.03125],
			"rotation": {"angle": 0, "axis": "y", "origin": [8.4889, 7.62688, 7.84078]},
			"faces": {
				"north": {"uv": [16, 0, 0, 16], "texture": "#13"},
				"east": {"uv": [16, 0, 0, 16], "texture": "#13"},
				"south": {"uv": [16, 0, 0, 16], "texture": "#13"},
				"west": {"uv": [16, 0, 0, 16], "texture": "#13"},
				"up": {"uv": [0, 16, 16, 0], "texture": "#13"},
				"down": {"uv": [0, 16, 16, 0], "texture": "#13"}
			}
		},
		{
			"from": [12.46875, 19.71875, 9],
			"to": [15.53125, 22.75, 12],
			"rotation": {"angle": 0, "axis": "y", "origin": [8.4889, 7.62688, 7.84078]},
			"faces": {
				"north": {"uv": [16, 0, 0, 16], "texture": "#10"},
				"east": {"uv": [16, 0, 0, 16], "texture": "#10"},
				"south": {"uv": [16, 0, 0, 16], "texture": "#10"},
				"west": {"uv": [16, 0, 0, 16], "texture": "#10"},
				"up": {"uv": [0, 16, 16, 0], "texture": "#10"},
				"down": {"uv": [0, 16, 16, 0], "texture": "#10"}
			}
		},
		{
			"from": [9.4375, 18.75, 9.03125],
			"to": [12.53125, 21.75, 11.96875],
			"rotation": {"angle": 0, "axis": "y", "origin": [8.52015, 7.62688, 7.80953]},
			"faces": {
				"north": {"uv": [0, 0, 16, 16], "texture": "#10"},
				"east": {"uv": [0, 0, 16, 16], "texture": "#10"},
				"south": {"uv": [0, 0, 16, 16], "texture": "#10"},
				"west": {"uv": [0, 0, 16, 16], "texture": "#10"},
				"up": {"uv": [16, 16, 0, 0], "texture": "#10"},
				"down": {"uv": [16, 16, 0, 0], "texture": "#10"}
			}
		},
		{
			"from": [3.46875, 18.75, 9.03125],
			"to": [6.5625, 21.75, 11.96875],
			"rotation": {"angle": 0, "axis": "y", "origin": [8.45765, 7.62688, 7.80953]},
			"faces": {
				"north": {"uv": [0, 0, 16, 16], "texture": "#10"},
				"east": {"uv": [0, 0, 16, 16], "texture": "#10"},
				"south": {"uv": [0, 0, 16, 16], "texture": "#10"},
				"west": {"uv": [0, 0, 16, 16], "texture": "#10"},
				"up": {"uv": [16, 16, 0, 0], "texture": "#10"},
				"down": {"uv": [16, 16, 0, 0], "texture": "#10"}
			}
		},
		{
			"from": [0.46875, 19.6875, 9],
			"to": [3.53125, 22.75, 12],
			"rotation": {"angle": 0, "axis": "y", "origin": [8.4889, 7.62688, 7.84078]},
			"faces": {
				"north": {"uv": [0, 0, 16, 16], "texture": "#10"},
				"east": {"uv": [0, 0, 16, 16], "texture": "#10"},
				"south": {"uv": [0, 0, 16, 16], "texture": "#10"},
				"west": {"uv": [0, 0, 16, 16], "texture": "#10"},
				"up": {"uv": [16, 16, 0, 0], "texture": "#10"},
				"down": {"uv": [16, 16, 0, 0], "texture": "#10"}
			}
		},
		{
			"from": [-2.59375, 20.75, 8.96875],
			"to": [0.5, 23.78125, 12.03125],
			"rotation": {"angle": 0, "axis": "y", "origin": [8.4889, 7.62688, 7.84078]},
			"faces": {
				"north": {"uv": [0, 0, 16, 16], "texture": "#13"},
				"east": {"uv": [0, 0, 16, 16], "texture": "#13"},
				"south": {"uv": [0, 0, 16, 16], "texture": "#13"},
				"west": {"uv": [0, 0, 16, 16], "texture": "#13"},
				"up": {"uv": [16, 16, 0, 0], "texture": "#13"},
				"down": {"uv": [16, 16, 0, 0], "texture": "#13"}
			}
		},
		{
			"from": [-2.5625, 17.75, 10.96875],
			"to": [0.5, 20.78125, 14.03125],
			"rotation": {"angle": 0, "axis": "y", "origin": [8.4889, 7.62688, 7.84078]},
			"faces": {
				"north": {"uv": [0, 0, 16, 16], "texture": "#13"},
				"east": {"uv": [0, 0, 16, 16], "texture": "#13"},
				"south": {"uv": [0, 0, 16, 16], "texture": "#13"},
				"west": {"uv": [0, 0, 16, 16], "texture": "#13"},
				"up": {"uv": [16, 16, 0, 0], "texture": "#13"},
				"down": {"uv": [16, 16, 0, 0], "texture": "#13"}
			}
		},
		{
			"from": [0.46875, 16.6875, 11],
			"to": [3.5, 19.75, 14],
			"rotation": {"angle": 0, "axis": "y", "origin": [8.4889, 7.62688, 7.84078]},
			"faces": {
				"north": {"uv": [0, 0, 16, 16], "texture": "#10"},
				"east": {"uv": [0, 0, 16, 16], "texture": "#10"},
				"south": {"uv": [0, 0, 16, 16], "texture": "#10"},
				"west": {"uv": [0, 0, 16, 16], "texture": "#10"},
				"up": {"uv": [16, 16, 0, 0], "texture": "#10"},
				"down": {"uv": [16, 16, 0, 0], "texture": "#10"}
			}
		},
		{
			"from": [12.5, 16.71875, 11],
			"to": [15.53125, 19.75, 14],
			"rotation": {"angle": 0, "axis": "y", "origin": [8.4889, 7.62688, 7.84078]},
			"faces": {
				"north": {"uv": [16, 0, 0, 16], "texture": "#10"},
				"east": {"uv": [16, 0, 0, 16], "texture": "#10"},
				"south": {"uv": [16, 0, 0, 16], "texture": "#10"},
				"west": {"uv": [16, 0, 0, 16], "texture": "#10"},
				"up": {"uv": [0, 16, 16, 0], "texture": "#10"},
				"down": {"uv": [0, 16, 16, 0], "texture": "#10"}
			}
		},
		{
			"from": [15.5, 17.75, 10.96875],
			"to": [18.5625, 20.78125, 14.03125],
			"rotation": {"angle": 0, "axis": "y", "origin": [8.4889, 7.62688, 7.84078]},
			"faces": {
				"north": {"uv": [16, 0, 0, 16], "texture": "#13"},
				"east": {"uv": [16, 0, 0, 16], "texture": "#13"},
				"south": {"uv": [16, 0, 0, 16], "texture": "#13"},
				"west": {"uv": [16, 0, 0, 16], "texture": "#13"},
				"up": {"uv": [0, 16, 16, 0], "texture": "#13"},
				"down": {"uv": [0, 16, 16, 0], "texture": "#13"}
			}
		},
		{
			"from": [15.5, 14.75, 12.96875],
			"to": [18.53125, 17.78125, 16.03125],
			"rotation": {"angle": 0, "axis": "y", "origin": [8.4889, 7.62688, 7.84078]},
			"faces": {
				"north": {"uv": [16, 0, 0, 16], "texture": "#13"},
				"east": {"uv": [16, 0, 0, 16], "texture": "#13"},
				"south": {"uv": [16, 0, 0, 16], "texture": "#13"},
				"west": {"uv": [16, 0, 0, 16], "texture": "#13"},
				"up": {"uv": [0, 16, 16, 0], "texture": "#13"}
			}
		},
		{
			"from": [12.5, 13.71875, 13],
			"to": [15.53125, 16.75, 16],
			"rotation": {"angle": 0, "axis": "y", "origin": [8.4889, 7.62688, 7.84078]},
			"faces": {
				"north": {"uv": [16, 0, 0, 16], "texture": "#10"},
				"south": {"uv": [16, 0, 0, 16], "texture": "#10"},
				"up": {"uv": [0, 16, 16, 0], "texture": "#10"}
			}
		},
		{
			"from": [0.46875, 13.71875, 13],
			"to": [3.5, 16.75, 16],
			"rotation": {"angle": 0, "axis": "y", "origin": [8.4889, 7.62688, 7.84078]},
			"faces": {
				"north": {"uv": [0, 0, 16, 16], "texture": "#10"},
				"south": {"uv": [0, 0, 16, 16], "texture": "#10"},
				"up": {"uv": [16, 16, 0, 0], "texture": "#10"}
			}
		},
		{
			"from": [-2.53125, 14.75, 12.96875],
			"to": [0.5, 17.78125, 16.03125],
			"rotation": {"angle": 0, "axis": "y", "origin": [8.4889, 7.62688, 7.84078]},
			"faces": {
				"north": {"uv": [0, 0, 16, 16], "texture": "#13"},
				"east": {"uv": [0, 0, 16, 16], "texture": "#13"},
				"south": {"uv": [0, 0, 16, 16], "texture": "#13"},
				"west": {"uv": [0, 0, 16, 16], "texture": "#13"},
				"up": {"uv": [16, 16, 0, 0], "texture": "#13"}
			}
		},
		{
			"from": [9.5, 12.75, 13],
			"to": [12.5, 15.78125, 16],
			"rotation": {"angle": 0, "axis": "y", "origin": [8.4889, 7.62688, 7.84078]},
			"faces": {
				"north": {"uv": [0, 0, 16, 16], "texture": "#10"},
				"south": {"uv": [0, 0, 16, 16], "texture": "#10"}
			}
		},
		{
			"from": [6.5, 12.5, 13],
			"to": [9.5, 15.53125, 16],
			"rotation": {"angle": 0, "axis": "y", "origin": [8.4889, 7.62688, 7.84078]},
			"faces": {
				"north": {"uv": [0, 0, 16, 16], "texture": "#10"},
				"south": {"uv": [0, 0, 16, 16], "texture": "#10"}
			}
		},
		{
			"from": [3.5, 12.75, 13],
			"to": [6.5, 15.78125, 16],
			"rotation": {"angle": 0, "axis": "y", "origin": [8.4889, 7.62688, 7.84078]},
			"faces": {
				"north": {"uv": [0, 0, 16, 16], "texture": "#10"},
				"south": {"uv": [0, 0, 16, 16], "texture": "#10"}
			}
		},
		{
			"from": [5, 6.13168, 15.72025],
			"to": [6, 7.13168, 19.47025],
			"rotation": {"angle": -45, "axis": "x", "origin": [8.4889, 7.62688, 6.84078]},
			"faces": {
				"east": {"uv": [0, 16, 5, 0], "rotation": 90, "texture": "#8"},
				"west": {"uv": [0, 16, 5, 0], "rotation": 270, "texture": "#8"},
				"down": {"uv": [0, 16, 5, 0], "rotation": 180, "texture": "#8"}
			}
		},
		{
			"from": [10, 6.13168, 15.72025],
			"to": [11, 7.13168, 19.47025],
			"rotation": {"angle": -45, "axis": "x", "origin": [8.4889, 7.62688, 6.84078]},
			"faces": {
				"east": {"uv": [0, 16, 5, 0], "rotation": 90, "texture": "#8"},
				"west": {"uv": [0, 16, 5, 0], "rotation": 270, "texture": "#8"},
				"down": {"uv": [0, 16, 5, 0], "rotation": 180, "texture": "#8"}
			}
		},
		{
			"from": [-2.625, 23.75, 6.46875],
			"to": [0.5, 26.78125, 9.53125],
			"rotation": {"angle": 0, "axis": "y", "origin": [8.4889, 7.62688, 7.84078]},
			"faces": {
				"north": {"uv": [16, 0, 0, 16], "texture": "#13"},
				"east": {"uv": [16, 0, 0, 16], "texture": "#13"},
				"south": {"uv": [16, 0, 0, 16], "texture": "#13"},
				"west": {"uv": [16, 0, 0, 16], "texture": "#13"},
				"up": {"uv": [16, 0, 0, 16], "texture": "#13"},
				"down": {"uv": [16, 0, 0, 16], "texture": "#13"}
			}
		},
		{
			"from": [5.03116, 27.24639, 7.25],
			"to": [7.03116, 31.24639, 8.75],
			"rotation": {"angle": 22.5, "axis": "z", "origin": [8.4889, 7.62688, 7.84078]},
			"faces": {
				"north": {"uv": [9, 0, 0, 16], "texture": "#13"},
				"east": {"uv": [7, 0, 2, 16], "rotation": 180, "texture": "#13"},
				"south": {"uv": [9, 0, 0, 16], "texture": "#13"},
				"west": {"uv": [7, 0, 2, 16], "rotation": 180, "texture": "#13"},
				"up": {"uv": [7, 1, 2, 4], "texture": "#13"}
			}
		},
		{
			"from": [9.04327, 26.8722, 7.25],
			"to": [11.04327, 30.8722, 8.75],
			"rotation": {"angle": -22.5, "axis": "z", "origin": [8.4889, 7.62688, 7.84078]},
			"faces": {
				"north": {"uv": [9, 0, 0, 16], "texture": "#13"},
				"east": {"uv": [7, 0, 2, 16], "rotation": 180, "texture": "#13"},
				"south": {"uv": [9, 0, 0, 16], "texture": "#13"},
				"west": {"uv": [7, 0, 2, 16], "rotation": 180, "texture": "#13"},
				"up": {"uv": [7, 1, 2, 4], "texture": "#13"}
			}
		},
		{
			"from": [-10.42016, 21.82795, 7.5],
			"to": [-8.42016, 24.82795, 8.5],
			"rotation": {"angle": -22.5, "axis": "z", "origin": [8.4889, 7.62688, 7.84078]},
			"faces": {
				"north": {"uv": [9, 0, 0, 11], "texture": "#13"},
				"east": {"uv": [7, 2, 2, 13], "texture": "#13"},
				"south": {"uv": [9, 0, 0, 11], "texture": "#13"},
				"west": {"uv": [7, 2, 2, 13], "texture": "#13"},
				"up": {"uv": [7, 1, 2, 4], "texture": "#13"}
			}
		},
		{
			"from": [24.49459, 22.20214, 7.5],
			"to": [26.49459, 25.20214, 8.5],
			"rotation": {"angle": 22.5, "axis": "z", "origin": [8.4889, 7.62688, 7.84078]},
			"faces": {
				"north": {"uv": [9, 0, 0, 11], "texture": "#13"},
				"east": {"uv": [7, 2, 2, 13], "texture": "#13"},
				"south": {"uv": [9, 0, 0, 11], "texture": "#13"},
				"west": {"uv": [7, 2, 2, 13], "texture": "#13"},
				"up": {"uv": [7, 1, 2, 4], "texture": "#13"}
			}
		},
		{
			"from": [15.5, 23.75, 6.46875],
			"to": [18.625, 26.75, 9.53125],
			"rotation": {"angle": 0, "axis": "y", "origin": [8.4889, 7.62688, 7.84078]},
			"faces": {
				"north": {"uv": [16, 0, 0, 16], "texture": "#13"},
				"east": {"uv": [16, 0, 0, 16], "texture": "#13"},
				"south": {"uv": [16, 0, 0, 16], "texture": "#13"},
				"west": {"uv": [16, 0, 0, 16], "texture": "#13"},
				"up": {"uv": [16, 0, 0, 16], "texture": "#13"},
				"down": {"uv": [16, 0, 0, 16], "texture": "#13"}
			}
		},
		{
			"from": [2, 16, 3],
			"to": [4, 18, 13],
			"rotation": {"angle": 0, "axis": "y", "origin": [8.4889, 7.62688, 8.84078]},
			"faces": {
				"east": {"uv": [0, 0, 4, 16], "rotation": 270, "texture": "#log_oak"},
				"west": {"uv": [5, 0, 9, 16], "rotation": 90, "texture": "#log_oak"},
				"up": {"uv": [9, 0, 13, 16], "rotation": 180, "texture": "#log_oak"},
				"down": {"uv": [3, 0, 7, 16], "texture": "#log_oak"}
			}
		},
		{
			"from": [12, 16, 3],
			"to": [14, 18, 13],
			"rotation": {"angle": 0, "axis": "y", "origin": [8.4889, 7.62688, 8.84078]},
			"faces": {
				"east": {"uv": [5, 16, 9, 0], "rotation": 90, "texture": "#log_oak"},
				"west": {"uv": [0, 16, 4, 0], "rotation": 270, "texture": "#log_oak"},
				"up": {"uv": [13, 0, 9, 16], "rotation": 180, "texture": "#log_oak"},
				"down": {"uv": [7, 0, 3, 16], "texture": "#log_oak"}
			}
		},
		{
			"from": [17.21872, -5.375, 6.0345],
			"to": [17.71872, -1.375, 10.0345],
			"rotation": {"angle": 0, "axis": "y", "origin": [13.02651, -13.36216, 8.06127]},
			"faces": {
				"north": {"uv": [8.3125, 0, 8.125, 4], "texture": "#11"},
				"east": {"uv": [12.125, 0, 8.125, 4], "texture": "#11"},
				"south": {"uv": [12.125, 0, 11.9375, 4], "texture": "#11"},
				"west": {"uv": [16, 0, 0, 16], "texture": "#11"},
				"up": {"uv": [8.125, 0.25, 12.125, 0], "rotation": 90, "texture": "#11"},
				"down": {"uv": [8.125, 0.25, 12.125, 0], "rotation": 90, "texture": "#11"}
			}
		},
		{
			"from": [2, -13.25, 2],
			"to": [14, -10.25, 14],
			"rotation": {"angle": 0, "axis": "y", "origin": [7.94224, -15.73716, 8.31127]},
			"faces": {
				"north": {"uv": [12.4375, 7.625, 15.9375, 8.6875], "texture": "#15"},
				"east": {"uv": [12.4375, 7.625, 15.9375, 8.6875], "texture": "#15"},
				"south": {"uv": [12.4375, 7.625, 15.9375, 8.6875], "texture": "#15"},
				"west": {"uv": [12.4375, 7.625, 15.9375, 8.6875], "texture": "#15"},
				"up": {"uv": [9.375, 7.625, 12.375, 10.625], "rotation": 90, "texture": "#15"},
				"down": {"uv": [0, 0, 0, 0], "texture": "#15"}
			}
		},
		{
			"from": [6.25, -10.5, 2.5],
			"to": [9.75, -0.75, 13.5],
			"rotation": {"angle": 0, "axis": "y", "origin": [7.75, 8.5, 8]},
			"faces": {
				"north": {"uv": [0, 5.1875, 1, 8.1875], "texture": "#15"},
				"east": {"uv": [0, 2.125, 4.4375, 5.125], "texture": "#15"},
				"south": {"uv": [0, 5.1875, 1, 8.1875], "texture": "#15"},
				"west": {"uv": [0, 2.125, 4.4375, 5.125], "texture": "#15"},
				"up": {"uv": [0, 0, 0, 0], "texture": "#15"},
				"down": {"uv": [0, 0, 0, 0], "texture": "#15"}
			}
		},
		{
			"from": [3.5, -10.5, 3.5],
			"to": [12.5, -0.75, 12.5],
			"rotation": {"angle": 0, "axis": "y", "origin": [7.94224, -2.98716, 8.06127]},
			"faces": {
				"north": {"uv": [0, 8.25, 3, 11.25], "texture": "#15"},
				"east": {"uv": [3.0625, 8.25, 6.0625, 11.25], "texture": "#15"},
				"south": {"uv": [0, 8.25, 3, 11.25], "texture": "#15"},
				"west": {"uv": [0, 8.25, 3, 11.25], "texture": "#15"},
				"up": {"uv": [0, 0, 0, 0], "texture": "#15"},
				"down": {"uv": [0, 0, 0, 0], "texture": "#15"}
			}
		},
		{
			"from": [2.5, -10.5, 6.25],
			"to": [13.5, -0.75, 9.75],
			"rotation": {"angle": 0, "axis": "y", "origin": [8, 8.5, 8.25]},
			"faces": {
				"north": {"uv": [5.5, 5.1875, 1.0625, 8.1875], "texture": "#15"},
				"east": {"uv": [0, 5.1875, 1, 8.1875], "texture": "#15"},
				"south": {"uv": [0, 11.3125, 4.4375, 14.3125], "texture": "#15"},
				"west": {"uv": [0, 5.1875, 1, 8.1875], "texture": "#15"},
				"up": {"uv": [0, 0, 0, 0], "texture": "#15"},
				"down": {"uv": [0, 0, 0, 0], "texture": "#15"}
			}
		},
		{
			"from": [14.5, 1.5, 9.67188],
			"to": [19, 2.251, 12.5],
			"rotation": {"angle": 45, "axis": "x", "origin": [17.25, 2.25, 12.5]},
			"faces": {
				"north": {"uv": [14.125, 3, 14.4375, 4], "rotation": 90, "texture": "#15"},
				"east": {"uv": [14.3125, 0, 14.625, 1], "rotation": 90, "texture": "#15"},
				"up": {"uv": [14.1875, 1, 16, 0], "texture": "#15"},
				"down": {"uv": [14.1875, 1, 16, 0], "texture": "#15"}
			}
		},
		{
			"from": [14.5, 1.5, 3.5],
			"to": [19, 2.251, 6.32813],
			"rotation": {"angle": -45, "axis": "x", "origin": [17.25, 2.25, 3.5]},
			"faces": {
				"east": {"uv": [14.3125, 0, 14.625, 1], "rotation": 90, "texture": "#15"},
				"south": {"uv": [14.125, 4, 14.4375, 3], "rotation": 90, "texture": "#15"},
				"up": {"uv": [14.1875, 1, 16, 0], "texture": "#15"},
				"down": {"uv": [14.1875, 1, 16, 0], "texture": "#15"}
			}
		},
		{
			"from": [14.5, 3.5, 5.5],
			"to": [19, 4.25, 10.5],
			"rotation": {"angle": 0, "axis": "x", "origin": [17.25, 4.25, 5.5]},
			"faces": {
				"east": {"uv": [13.0625, 0.3125, 14.5625, 0], "texture": "#15"},
				"south": {"uv": [14.125, 4, 14.4375, 3], "rotation": 90, "texture": "#15"},
				"up": {"uv": [13.0625, 1, 14.5625, 0], "texture": "#15"},
				"down": {"uv": [13.0625, 1, 14.5625, 0], "texture": "#15"}
			}
		},
		{
			"name": "top_neg",
			"from": [14.496, -1.75, 14.496],
			"to": [1.498, 20.625, 1.498],
			"rotation": {"angle": 0, "axis": "y", "origin": [15.72609, 3.9999, 15.80854]},
			"faces": {
				"north": {"uv": [0, 8.5, 4, 16], "texture": "#16"},
				"east": {"uv": [0, 0.9375, 4, 8.4375], "texture": "#16"},
				"south": {"uv": [0, 8.5, 4, 16], "texture": "#18"},
				"west": {"uv": [4.0625, 8.5, 8.0625, 16], "texture": "#16"},
				"down": {"uv": [12, 12, 16, 16], "texture": "#16"}
			}
		},
		{
			"name": "top_pos",
			"from": [1.5, -1.75, 1.5],
			"to": [14.5, 20.625, 14.5],
			"rotation": {"angle": 0, "axis": "y", "origin": [7.97609, 3.9999, 7.80854]},
			"faces": {
				"north": {"uv": [0, 8.5, 4, 16], "texture": "#18"},
				"east": {"uv": [4.0625, 8.5, 8.0625, 16], "texture": "#16"},
				"south": {"uv": [0, 8.5, 4, 16], "texture": "#16"},
				"west": {"uv": [0, 0.9375, 4, 8.4375], "texture": "#16"},
				"down": {"uv": [12, 12, 16, 16], "texture": "#16"}
			}
		},
		{
			"from": [0, -16, 0],
			"to": [16, -13, 16],
			"rotation": {"angle": 0, "axis": "y", "origin": [8, -8, 8]},
			"faces": {
				"north": {"uv": [0, 0, 4, 0.6875], "rotation": 180, "texture": "#11"},
				"east": {"uv": [3.3125, 0, 4, 4], "rotation": 90, "texture": "#11"},
				"south": {"uv": [0, 3.3125, 4, 4], "texture": "#11"},
				"west": {"uv": [0, 0, 0.6875, 4], "rotation": 270, "texture": "#11"},
				"up": {"uv": [0, 0, 4, 4], "texture": "#11"}
			}
		},
		{
			"name": "window_side",
			"from": [5.5, 20.5, 9.5],
			"to": [10.5, 21.25, 17],
			"rotation": {"angle": 0, "axis": "x", "origin": [10.5, 21.25, 15.25]},
			"faces": {
				"south": {"uv": [13.0625, 0.3125, 14.5625, 0], "texture": "#15"},
				"west": {"uv": [14.125, 4, 14.4375, 3], "rotation": 90, "texture": "#15"},
				"up": {"uv": [10.125, 2.75, 12.125, 1.1875], "rotation": 90, "texture": "#16"},
				"down": {"uv": [10.125, 2.75, 12.125, 1.1875], "rotation": 90, "texture": "#16"}
			}
		},
		{
			"name": "window_side",
			"from": [3.5, 18.5, 12],
			"to": [6.32813, 19.251, 17],
			"rotation": {"angle": 45, "axis": "z", "origin": [3.5, 19.25, 15.25]},
			"faces": {
				"east": {"uv": [14.125, 3, 14.4375, 4], "rotation": 90, "texture": "#15"},
				"south": {"uv": [14.3125, 0, 14.625, 1], "rotation": 90, "texture": "#15"},
				"up": {"uv": [7.3125, 1, 8.75, 0], "rotation": 90, "texture": "#16"},
				"down": {"uv": [7.3125, 1, 8.75, 0], "rotation": 90, "texture": "#16"}
			}
		},
		{
			"name": "window_side",
			"from": [3.5, 16.25, 11.5],
			"to": [4.5, 19.25, 17],
			"rotation": {"angle": 0, "axis": "y", "origin": [8.52312, 19.15, 15.13984]},
			"faces": {
				"north": {"uv": [13.9375, 0, 14.25, 1], "texture": "#15"},
				"east": {"uv": [14.1875, 0, 16, 1], "texture": "#15"},
				"south": {"uv": [13.9375, 0, 14.25, 1], "texture": "#15"},
				"west": {"uv": [14.1875, 0, 16, 1], "texture": "#15"}
			}
		},
		{
			"name": "window_side",
			"from": [11.5, 16.25, 11],
			"to": [12.5, 19.25, 17],
			"rotation": {"angle": 0, "axis": "y", "origin": [16.52312, 19.15, 15.13984]},
			"faces": {
				"north": {"uv": [13.9375, 0, 14.25, 1], "texture": "#15"},
				"east": {"uv": [14.1875, 0, 16, 1], "texture": "#15"},
				"south": {"uv": [13.9375, 0, 14.25, 1], "texture": "#15"},
				"west": {"uv": [14.1875, 0, 16, 1], "texture": "#15"}
			}
		},
		{
			"name": "window_side",
			"from": [9.67188, 18.5, 12],
			"to": [12.5, 19.251, 17],
			"rotation": {"angle": -45, "axis": "z", "origin": [12.5, 19.25, 15.25]},
			"faces": {
				"south": {"uv": [14.3125, 0, 14.625, 1], "rotation": 90, "texture": "#15"},
				"west": {"uv": [14.125, 4, 14.4375, 3], "rotation": 90, "texture": "#15"},
				"up": {"uv": [7.3125, 1, 8.75, 0], "rotation": 90, "texture": "#16"},
				"down": {"uv": [7.3125, 1, 8.75, 0], "rotation": 90, "texture": "#16"}
			}
		},
		{
			"name": "window_side",
			"from": [3.5, 15.5, 12.5],
			"to": [12.5, 16.25, 17],
			"rotation": {"angle": 0, "axis": "y", "origin": [8.15922, 24.62688, 6.4889]},
			"faces": {
				"north": {"uv": [15, 0, 15.1875, 2], "rotation": 90, "texture": "#16"},
				"east": {"uv": [15, 0, 16, 0.25], "texture": "#16"},
				"south": {"uv": [15, 0, 15.1875, 2], "rotation": 90, "texture": "#16"},
				"west": {"uv": [15, 0, 16, 0.25], "texture": "#16"},
				"up": {"uv": [15, 0, 16, 2], "rotation": 90, "texture": "#16"},
				"down": {"uv": [15, 0, 16, 2], "rotation": 90, "texture": "#16"}
			}
		},
		{
			"name": "sides",
			"from": [13.621, -11.75, 13.621],
			"to": [2.373, -1.25, 2.373],
			"rotation": {"angle": 0, "axis": "y", "origin": [15.72609, -5.5001, 15.80854]},
			"faces": {
				"north": {"uv": [13.1875, 2.9375, 15.9375, 5.625], "texture": "#16"},
				"east": {"uv": [13.1875, 2.9375, 15.9375, 5.625], "texture": "#16"},
				"south": {"uv": [13.1875, 2.9375, 15.9375, 5.625], "texture": "#16"},
				"west": {"uv": [13.1875, 2.9375, 15.9375, 5.625], "texture": "#16"}
			}
		},
		{
			"name": "sides",
			"from": [2.375, -11.75, 2.375],
			"to": [13.625, -1.25, 13.625],
			"rotation": {"angle": 0, "axis": "y", "origin": [7.97609, -5.5001, 7.80854]},
			"faces": {
				"north": {"uv": [13.1875, 2.9375, 15.9375, 5.625], "texture": "#16"},
				"east": {"uv": [13.1875, 2.9375, 15.9375, 5.625], "texture": "#16"},
				"south": {"uv": [13.1875, 2.9375, 15.9375, 5.625], "texture": "#16"},
				"west": {"uv": [13.1875, 2.9375, 15.9375, 5.625], "texture": "#16"},
				"up": {"uv": [0, 0, 0, 0], "texture": "#16"}
			}
		},
		{
			"from": [6.5, 17.75, 4],
			"to": [9.5, 20.75, 7.03125],
			"rotation": {"angle": 0, "axis": "y", "origin": [8.4889, 7.12688, 8.19047]},
			"faces": {
				"north": {"uv": [16, 0, 0, 16], "texture": "#10"},
				"east": {"uv": [16, 0, 0, 16], "texture": "#10"},
				"south": {"uv": [16, 0, 0, 16], "texture": "#10"},
				"west": {"uv": [16, 0, 0, 16], "texture": "#10"},
				"up": {"uv": [0, 0, 16, 16], "texture": "#10"},
				"down": {"uv": [16, 0, 0, 16], "texture": "#10"}
			}
		},
		{
			"from": [3.46875, 18.25, 4.03125],
			"to": [6.5625, 21.25, 6.96875],
			"rotation": {"angle": 0, "axis": "y", "origin": [8.45765, 7.12688, 7.80953]},
			"faces": {
				"north": {"uv": [16, 0, 0, 16], "texture": "#10"},
				"east": {"uv": [16, 0, 0, 16], "texture": "#10"},
				"south": {"uv": [16, 0, 0, 16], "texture": "#10"},
				"west": {"uv": [16, 0, 0, 16], "texture": "#10"},
				"up": {"uv": [16, 0, 0, 16], "texture": "#10"},
				"down": {"uv": [16, 0, 0, 16], "texture": "#10"}
			}
		},
		{
			"from": [9.4375, 18.25, 4.03125],
			"to": [12.53125, 21.25, 6.96875],
			"rotation": {"angle": 0, "axis": "y", "origin": [8.52015, 7.12688, 7.80953]},
			"faces": {
				"north": {"uv": [16, 0, 0, 16], "texture": "#10"},
				"east": {"uv": [16, 0, 0, 16], "texture": "#10"},
				"south": {"uv": [16, 0, 0, 16], "texture": "#10"},
				"west": {"uv": [16, 0, 0, 16], "texture": "#10"},
				"up": {"uv": [16, 0, 0, 16], "texture": "#10"},
				"down": {"uv": [16, 0, 0, 16], "texture": "#10"}
			}
		},
		{
			"from": [6.5, 15.25, 1.8125],
			"to": [9.5, 18.25, 4.84375],
			"rotation": {"angle": 0, "axis": "y", "origin": [8.4889, 4.62688, 6.00297]},
			"faces": {
				"north": {"uv": [16, 0, 0, 16], "texture": "#10"},
				"east": {"uv": [16, 0, 0, 16], "texture": "#10"},
				"south": {"uv": [16, 0, 0, 16], "texture": "#10"},
				"west": {"uv": [16, 0, 0, 16], "texture": "#10"},
				"up": {"uv": [0, 0, 16, 16], "texture": "#10"},
				"down": {"uv": [16, 0, 0, 16], "texture": "#10"}
			}
		},
		{
			"from": [9.4375, 15.75, 1.84375],
			"to": [12.53125, 18.75, 4.78125],
			"rotation": {"angle": 0, "axis": "y", "origin": [8.52015, 4.62688, 5.62203]},
			"faces": {
				"north": {"uv": [16, 0, 0, 16], "texture": "#10"},
				"east": {"uv": [16, 0, 0, 16], "texture": "#10"},
				"south": {"uv": [16, 0, 0, 16], "texture": "#10"},
				"west": {"uv": [16, 0, 0, 16], "texture": "#10"},
				"up": {"uv": [16, 0, 0, 16], "texture": "#10"},
				"down": {"uv": [16, 0, 0, 16], "texture": "#10"}
			}
		},
		{
			"from": [3.46875, 15.75, 1.84375],
			"to": [6.5625, 18.75, 4.78125],
			"rotation": {"angle": 0, "axis": "y", "origin": [8.45765, 4.62688, 5.62203]},
			"faces": {
				"north": {"uv": [16, 0, 0, 16], "texture": "#10"},
				"east": {"uv": [16, 0, 0, 16], "texture": "#10"},
				"south": {"uv": [16, 0, 0, 16], "texture": "#10"},
				"west": {"uv": [16, 0, 0, 16], "texture": "#10"},
				"up": {"uv": [16, 0, 0, 16], "texture": "#10"},
				"down": {"uv": [16, 0, 0, 16], "texture": "#10"}
			}
		},
		{
			"from": [3.5, 12.75, 0],
			"to": [6.5, 15.78125, 3],
			"rotation": {"angle": 0, "axis": "y", "origin": [8.4889, 7.62688, 7.84078]},
			"faces": {
				"north": {"uv": [16, 0, 0, 16], "texture": "#10"},
				"east": {"uv": [16, 0, 0, 16], "texture": "#10"},
				"south": {"uv": [16, 0, 0, 16], "texture": "#10"},
				"west": {"uv": [0, 0, 0, 0], "texture": "#10"},
				"up": {"uv": [16, 0, 0, 16], "texture": "#10"},
				"down": {"uv": [0, 0, 0, 0], "texture": "#10"}
			}
		},
		{
			"from": [6.5, 12.5, 0.03125],
			"to": [9.5, 15.53125, 3],
			"rotation": {"angle": 0, "axis": "y", "origin": [8.4889, 7.62688, 7.84078]},
			"faces": {
				"north": {"uv": [16, 0, 0, 16], "texture": "#10"},
				"east": {"uv": [0, 0, 0, 0], "texture": "#10"},
				"south": {"uv": [16, 0, 0, 16], "texture": "#10"},
				"west": {"uv": [0, 0, 0, 0], "texture": "#10"},
				"up": {"uv": [16, 0, 0, 16], "texture": "#10"},
				"down": {"uv": [0, 0, 0, 0], "texture": "#10"}
			}
		},
		{
			"from": [9.5, 12.75, 0],
			"to": [12.5, 15.78125, 3],
			"rotation": {"angle": 0, "axis": "y", "origin": [8.4889, 7.62688, 7.84078]},
			"faces": {
				"north": {"uv": [16, 0, 0, 16], "texture": "#10"},
				"east": {"uv": [0, 0, 0, 0], "texture": "#10"},
				"south": {"uv": [16, 0, 0, 16], "texture": "#10"},
				"west": {"uv": [16, 0, 0, 16], "texture": "#10"},
				"up": {"uv": [16, 0, 0, 16], "texture": "#10"},
				"down": {"uv": [0, 0, 0, 0], "texture": "#10"}
			}
		},
		{
			"from": [10, 9, -7],
			"to": [11.03125, 16.25, -6],
			"rotation": {"angle": 0, "axis": "y", "origin": [8.83974, 6.80422, 6.86862]},
			"faces": {
				"north": {"uv": [12, 0, 16, 16], "texture": "#log_oak"},
				"east": {"uv": [3, 0, 7, 16], "texture": "#log_oak"},
				"south": {"uv": [5, 0, 9, 16], "texture": "#log_oak"},
				"west": {"uv": [2, 0, 6, 16], "texture": "#log_oak"},
				"up": {"uv": [0, 0, 0, 0], "texture": "#log_oak"},
				"down": {"uv": [0, 0, 0, 0], "texture": "#log_oak"}
			}
		},
		{
			"from": [5, 9, -7],
			"to": [6.03125, 16.25, -6],
			"rotation": {"angle": 0, "axis": "y", "origin": [8.83974, 6.80422, 6.86862]},
			"faces": {
				"north": {"uv": [12, 0, 16, 16], "texture": "#log_oak"},
				"east": {"uv": [3, 0, 7, 16], "texture": "#log_oak"},
				"south": {"uv": [5, 0, 9, 16], "texture": "#log_oak"},
				"west": {"uv": [2, 0, 6, 16], "texture": "#log_oak"},
				"up": {"uv": [0, 0, 0, 0], "texture": "#log_oak"},
				"down": {"uv": [0, 0, 0, 0], "texture": "#log_oak"}
			}
		},
		{
			"from": [10, 9, -2],
			"to": [11, 16.25, -1],
			"rotation": {"angle": 0, "axis": "y", "origin": [8.83974, 6.80422, 6.86862]},
			"faces": {
				"north": {"uv": [12, 0, 16, 16], "texture": "#log_oak"},
				"east": {"uv": [3, 0, 7, 16], "texture": "#log_oak"},
				"south": {"uv": [5, 0, 9, 16], "texture": "#log_oak"},
				"west": {"uv": [2, 0, 6, 16], "texture": "#log_oak"},
				"up": {"uv": [0, 0, 0, 0], "texture": "#log_oak"},
				"down": {"uv": [0, 0, 0, 0], "texture": "#log_oak"}
			}
		},
		{
			"from": [5, 9, -2],
			"to": [6, 16.25, -1],
			"rotation": {"angle": 0, "axis": "y", "origin": [8.83974, 6.80422, 6.86862]},
			"faces": {
				"north": {"uv": [12, 0, 16, 16], "texture": "#log_oak"},
				"east": {"uv": [3, 0, 7, 16], "texture": "#log_oak"},
				"south": {"uv": [5, 0, 9, 16], "texture": "#log_oak"},
				"west": {"uv": [2, 0, 6, 16], "texture": "#log_oak"},
				"up": {"uv": [0, 0, 0, 0], "texture": "#log_oak"},
				"down": {"uv": [0, 0, 0, 0], "texture": "#log_oak"}
			}
		},
		{
			"from": [9.75, 17.5, -7.75],
			"to": [11.75, 19.5, -5.75],
			"rotation": {"angle": 0, "axis": "y", "origin": [8.83974, 6.80422, 6.86862]},
			"faces": {
				"north": {"uv": [0, 0, 16, 16], "texture": "#13"},
				"east": {"uv": [0, 0, 16, 16], "texture": "#13"},
				"south": {"uv": [0, 0, 16, 16], "texture": "#13"},
				"west": {"uv": [0, 0, 16, 16], "texture": "#13"},
				"up": {"uv": [0, 0, 16, 16], "texture": "#13"},
				"down": {"uv": [0, 0, 16, 16], "texture": "#13"}
			}
		},
		{
			"from": [8.875, 16.75, -8],
			"to": [11, 18.75, -7],
			"rotation": {"angle": 0, "axis": "y", "origin": [8.83974, 6.80422, 7.11862]},
			"faces": {
				"north": {"uv": [0, 0, 16, 16], "texture": "#13"},
				"east": {"uv": [0, 0, 16, 16], "texture": "#13"},
				"south": {"uv": [0, 0, 16, 16], "texture": "#13"},
				"west": {"uv": [0, 0, 16, 16], "texture": "#13"},
				"up": {"uv": [0, 0, 16, 16], "texture": "#13"},
				"down": {"uv": [0, 0, 16, 16], "texture": "#13"}
			}
		},
		{
			"from": [8.875, 16.75, -1],
			"to": [11, 18.75, 0],
			"rotation": {"angle": 0, "axis": "y", "origin": [8.83974, 6.80422, 6.61862]},
			"faces": {
				"north": {"uv": [0, 0, 16, 16], "texture": "#13"},
				"east": {"uv": [0, 0, 16, 16], "texture": "#13"},
				"south": {"uv": [0, 0, 16, 16], "texture": "#13"},
				"west": {"uv": [0, 0, 16, 16], "texture": "#13"},
				"up": {"uv": [0, 0, 16, 16], "texture": "#13"},
				"down": {"uv": [0, 0, 16, 16], "texture": "#13"}
			}
		},
		{
			"from": [5.75, 16.25, -8.25],
			"to": [10.25, 18.25, -6.25],
			"rotation": {"angle": 0, "axis": "y", "origin": [8.83974, 6.80422, 7.36862]},
			"faces": {
				"north": {"uv": [0, 0, 16, 16], "texture": "#13"},
				"east": {"uv": [0, 0, 16, 16], "texture": "#13"},
				"south": {"uv": [0, 0, 16, 16], "texture": "#13"},
				"west": {"uv": [0, 0, 16, 16], "texture": "#13"},
				"up": {"uv": [0, 0, 16, 16], "texture": "#13"},
				"down": {"uv": [0, 0, 16, 16], "texture": "#13"}
			}
		},
		{
			"from": [5.75, 16.25, -1.75],
			"to": [10.25, 18.25, 0.25],
			"rotation": {"angle": 0, "axis": "y", "origin": [8.83974, 6.80422, 6.36862]},
			"faces": {
				"north": {"uv": [0, 0, 16, 16], "texture": "#13"},
				"east": {"uv": [0, 0, 16, 16], "texture": "#13"},
				"south": {"uv": [0, 0, 16, 16], "texture": "#13"},
				"west": {"uv": [0, 0, 16, 16], "texture": "#13"},
				"up": {"uv": [0, 0, 16, 16], "texture": "#13"},
				"down": {"uv": [0, 0, 16, 16], "texture": "#13"}
			}
		},
		{
			"from": [5, 16.75, -8],
			"to": [7.125, 18.75, -7],
			"rotation": {"angle": 0, "axis": "y", "origin": [8.83974, 6.80422, 7.11862]},
			"faces": {
				"north": {"uv": [0, 0, 16, 16], "texture": "#13"},
				"east": {"uv": [0, 0, 16, 16], "texture": "#13"},
				"south": {"uv": [0, 0, 16, 16], "texture": "#13"},
				"west": {"uv": [0, 0, 16, 16], "texture": "#13"},
				"up": {"uv": [0, 0, 16, 16], "texture": "#13"},
				"down": {"uv": [0, 0, 16, 16], "texture": "#13"}
			}
		},
		{
			"from": [5, 16.75, -1],
			"to": [7.125, 18.75, 0],
			"rotation": {"angle": 0, "axis": "y", "origin": [8.83974, 6.80422, 6.61862]},
			"faces": {
				"north": {"uv": [0, 0, 16, 16], "texture": "#13"},
				"east": {"uv": [0, 0, 16, 16], "texture": "#13"},
				"south": {"uv": [0, 0, 16, 16], "texture": "#13"},
				"west": {"uv": [0, 0, 16, 16], "texture": "#13"},
				"up": {"uv": [0, 0, 16, 16], "texture": "#13"},
				"down": {"uv": [0, 0, 16, 16], "texture": "#13"}
			}
		},
		{
			"from": [4.25, 17.5, -7.75],
			"to": [6.25, 19.5, -5.75],
			"rotation": {"angle": 0, "axis": "y", "origin": [8.83974, 6.80422, 6.86862]},
			"faces": {
				"north": {"uv": [0, 0, 16, 16], "texture": "#13"},
				"east": {"uv": [0, 0, 16, 16], "texture": "#13"},
				"south": {"uv": [0, 0, 16, 16], "texture": "#13"},
				"west": {"uv": [0, 0, 16, 16], "texture": "#13"},
				"up": {"uv": [0, 0, 16, 16], "texture": "#13"},
				"down": {"uv": [0, 0, 16, 16], "texture": "#13"}
			}
		},
		{
			"from": [4.25, 17.5, -2.25],
			"to": [6.25, 19.5, -0.25],
			"rotation": {"angle": 0, "axis": "y", "origin": [8.83974, 6.80422, 6.86862]},
			"faces": {
				"north": {"uv": [0, 0, 16, 16], "texture": "#13"},
				"east": {"uv": [0, 0, 16, 16], "texture": "#13"},
				"south": {"uv": [0, 0, 16, 16], "texture": "#13"},
				"west": {"uv": [0, 0, 16, 16], "texture": "#13"},
				"up": {"uv": [0, 0, 16, 16], "texture": "#13"},
				"down": {"uv": [0, 0, 16, 16], "texture": "#13"}
			}
		},
		{
			"from": [9.75, 17.5, -2.25],
			"to": [11.75, 19.5, -0.25],
			"rotation": {"angle": 0, "axis": "y", "origin": [8.83974, 6.80422, 6.86862]},
			"faces": {
				"north": {"uv": [0, 0, 16, 16], "texture": "#13"},
				"east": {"uv": [0, 0, 16, 16], "texture": "#13"},
				"south": {"uv": [0, 0, 16, 16], "texture": "#13"},
				"west": {"uv": [0, 0, 16, 16], "texture": "#13"},
				"up": {"uv": [0, 0, 16, 16], "texture": "#13"},
				"down": {"uv": [0, 0, 16, 16], "texture": "#13"}
			}
		},
		{
			"from": [11, 16.75, -3.125],
			"to": [12, 18.75, -1],
			"rotation": {"angle": 0, "axis": "y", "origin": [8.58974, 6.80422, 6.86862]},
			"faces": {
				"north": {"uv": [0, 0, 16, 16], "texture": "#13"},
				"east": {"uv": [0, 0, 16, 16], "texture": "#13"},
				"south": {"uv": [0, 0, 16, 16], "texture": "#13"},
				"west": {"uv": [0, 0, 16, 16], "texture": "#13"},
				"up": {"uv": [0, 0, 16, 16], "rotation": 90, "texture": "#13"},
				"down": {"uv": [0, 0, 16, 16], "rotation": 270, "texture": "#13"}
			}
		},
		{
			"from": [4, 16.75, -3.125],
			"to": [5, 18.75, -1],
			"rotation": {"angle": 0, "axis": "y", "origin": [9.08974, 6.80422, 6.86862]},
			"faces": {
				"north": {"uv": [0, 0, 16, 16], "texture": "#13"},
				"east": {"uv": [0, 0, 16, 16], "texture": "#13"},
				"south": {"uv": [0, 0, 16, 16], "texture": "#13"},
				"west": {"uv": [0, 0, 16, 16], "texture": "#13"},
				"up": {"uv": [0, 0, 16, 16], "rotation": 90, "texture": "#13"},
				"down": {"uv": [0, 0, 16, 16], "rotation": 270, "texture": "#13"}
			}
		},
		{
			"from": [10.25, 16.25, -6.25],
			"to": [12.25, 18.25, -1.75],
			"rotation": {"angle": 0, "axis": "y", "origin": [8.33974, 6.80422, 6.86862]},
			"faces": {
				"north": {"uv": [0, 0, 16, 16], "texture": "#13"},
				"east": {"uv": [0, 0, 16, 16], "texture": "#13"},
				"south": {"uv": [0, 0, 16, 16], "texture": "#13"},
				"west": {"uv": [0, 0, 16, 16], "texture": "#13"},
				"up": {"uv": [0, 0, 16, 16], "rotation": 90, "texture": "#13"},
				"down": {"uv": [0, 0, 16, 16], "rotation": 270, "texture": "#13"}
			}
		},
		{
			"from": [3.75, 16.25, -6.25],
			"to": [5.75, 18.25, -1.75],
			"rotation": {"angle": 0, "axis": "y", "origin": [9.33974, 6.80422, 6.86862]},
			"faces": {
				"north": {"uv": [0, 0, 16, 16], "texture": "#13"},
				"east": {"uv": [0, 0, 16, 16], "texture": "#13"},
				"south": {"uv": [0, 0, 16, 16], "texture": "#13"},
				"west": {"uv": [0, 0, 16, 16], "texture": "#13"},
				"up": {"uv": [0, 0, 16, 16], "rotation": 90, "texture": "#13"},
				"down": {"uv": [0, 0, 16, 16], "rotation": 270, "texture": "#13"}
			}
		},
		{
			"from": [11, 16.75, -7],
			"to": [12, 18.75, -4.875],
			"rotation": {"angle": 0, "axis": "y", "origin": [8.58974, 6.80422, 6.86862]},
			"faces": {
				"north": {"uv": [0, 0, 16, 16], "texture": "#13"},
				"east": {"uv": [0, 0, 16, 16], "texture": "#13"},
				"south": {"uv": [0, 0, 16, 16], "texture": "#13"},
				"west": {"uv": [0, 0, 16, 16], "texture": "#13"},
				"up": {"uv": [0, 0, 16, 16], "rotation": 90, "texture": "#13"},
				"down": {"uv": [0, 0, 16, 16], "rotation": 270, "texture": "#13"}
			}
		},
		{
			"from": [4, 16.75, -7],
			"to": [5, 18.75, -4.875],
			"rotation": {"angle": 0, "axis": "y", "origin": [9.08974, 6.80422, 6.86862]},
			"faces": {
				"north": {"uv": [0, 0, 16, 16], "texture": "#13"},
				"east": {"uv": [0, 0, 16, 16], "texture": "#13"},
				"south": {"uv": [0, 0, 16, 16], "texture": "#13"},
				"west": {"uv": [0, 0, 16, 16], "texture": "#13"},
				"up": {"uv": [0, 0, 16, 16], "rotation": 90, "texture": "#13"},
				"down": {"uv": [0, 0, 16, 16], "rotation": 270, "texture": "#13"}
			}
		},
		{
			"from": [5, 7, -7],
			"to": [11, 9, -1],
			"rotation": {"angle": 0, "axis": "y", "origin": [8.83974, 6.80422, 6.86862]},
			"faces": {
				"north": {"uv": [7.125, 12.5625, 10.125, 13.5625], "texture": "#18"},
				"east": {"uv": [7.125, 12.5625, 10.125, 13.5625], "texture": "#18"},
				"south": {"uv": [7.125, 12.5625, 10.125, 13.5625], "texture": "#18"},
				"west": {"uv": [7.125, 12.5625, 10.125, 13.5625], "texture": "#18"},
				"up": {"uv": [4.0625, 12.5625, 7.0625, 15.5625], "texture": "#18"},
				"down": {"uv": [4.0625, 12.5625, 7.0625, 15.5625], "texture": "#18"}
			}
		},
		{
			"from": [6, 5, -6],
			"to": [10, 7, -2],
			"rotation": {"angle": 0, "axis": "y", "origin": [8.83974, 6.80422, 6.86862]},
			"faces": {
				"north": {"uv": [4.0625, 10.5, 6.0625, 11.5], "texture": "#18"},
				"east": {"uv": [4.0625, 10.5, 6.0625, 11.5], "texture": "#18"},
				"south": {"uv": [4.0625, 10.5, 6.0625, 11.5], "texture": "#18"},
				"west": {"uv": [4.0625, 10.5, 6.0625, 11.5], "texture": "#18"},
				"up": {"uv": [4.0625, 10.5, 6.0625, 12.5], "texture": "#18"},
				"down": {"uv": [4.0625, 10.5, 6.0625, 12.5], "texture": "#18"}
			}
		},
		{
			"from": [7, 3, -5],
			"to": [9, 5, -3],
			"rotation": {"angle": 0, "axis": "y", "origin": [8.83974, 6.80422, 6.86862]},
			"faces": {
				"north": {"uv": [0, 4, 16, 16], "texture": "#8"},
				"east": {"uv": [0, 0, 16, 14], "texture": "#8"},
				"south": {"uv": [0, 0, 16, 14], "texture": "#8"},
				"west": {"uv": [0, 0, 16, 14], "texture": "#8"},
				"up": {"uv": [0, 0, 0, 0], "texture": "#8"},
				"down": {"uv": [0, 0, 16, 16], "texture": "#8"}
			}
		},
		{
			"from": [6.25, -0.06123, -4.69863],
			"to": [9.75, 1.18877, 3.42637],
			"rotation": {"angle": 22.5, "axis": "x", "origin": [8.83974, 5.30422, 8.11862]},
			"faces": {
				"north": {"uv": [0, 0, 0, 0], "texture": "#concrete_purple"},
				"east": {"uv": [12, 0, 16, 16], "rotation": 90, "texture": "#concrete_purple"},
				"south": {"uv": [0, 0, 0, 0], "texture": "#concrete_purple"},
				"west": {"uv": [6, 0, 10, 16], "rotation": 90, "texture": "#concrete_purple"},
				"up": {"uv": [4, 0, 12, 16], "rotation": 180, "texture": "#concrete_purple"},
				"down": {"uv": [4, 0, 12, 16], "rotation": 180, "texture": "#concrete_purple"}
			}
		},
		{
			"from": [7.5, 23.96875, -3.75],
			"to": [8.5, 25.46875, -1.375],
			"rotation": {"angle": -22.5, "axis": "x", "origin": [8, 24.84375, -2.625]},
			"faces": {
				"north": {"uv": [0, 0, 0, 0], "texture": "#10"},
				"east": {"uv": [16, 0, 0, 10], "texture": "#10"},
				"south": {"uv": [7, 0, 0, 12], "texture": "#10"},
				"west": {"uv": [16, 0, 0, 10], "texture": "#10"},
				"up": {"uv": [5, 12, 11, 0], "texture": "#10"},
				"down": {"uv": [5, 12, 11, 0], "texture": "#10"}
			}
		},
		{
			"from": [7.75, 23.96875, -1.875],
			"to": [8.25, 25.21875, -0.375],
			"rotation": {"angle": 22.5, "axis": "x", "origin": [8, 24.84375, -0.625]},
			"faces": {
				"north": {"uv": [0, 0, 0, 0], "texture": "#10"},
				"east": {"uv": [16, 8, 4, 16], "texture": "#10"},
				"south": {"uv": [4, 0, 0, 9], "texture": "#10"},
				"west": {"uv": [12, 0, 0, 8], "texture": "#10"},
				"up": {"uv": [4, 9, 8, 0], "texture": "#10"},
				"down": {"uv": [4, 9, 8, 0], "texture": "#10"}
			}
		},
		{
			"from": [7.25, 25.62613, -12.11745],
			"to": [8.75, 28.12613, -10.49245],
			"rotation": {"angle": 22.5, "axis": "x", "origin": [8.83974, 5.89797, -15.11862]},
			"faces": {
				"north": {"uv": [8, 0, 0, 16], "texture": "#10"},
				"east": {"uv": [12, 0, 0, 16], "texture": "#10"},
				"south": {"uv": [8, 0, 0, 16], "texture": "#10"},
				"west": {"uv": [12, 0, 0, 16], "texture": "#10"},
				"up": {"uv": [10, 0, 0, 7], "rotation": 90, "texture": "#10"},
				"down": {"uv": [0, 0, 0, 0], "texture": "#10"}
			}
		},
		{
			"name": "side_neg",
			"from": [10.496, 9, -1.504],
			"to": [5.498, 16.25, -6.502],
			"rotation": {"angle": 0, "axis": "y", "origin": [15.72609, 3.9999, 7.80854]},
			"faces": {
				"north": {"uv": [10.1875, 12.5625, 12.1875, 15.5625], "texture": "#18"},
				"east": {"uv": [12.25, 12.5625, 14.25, 15.5625], "texture": "#18"},
				"south": {"uv": [12.25, 12.5625, 14.25, 15.5625], "texture": "#18"},
				"west": {"uv": [12.25, 12.5625, 14.25, 15.5625], "texture": "#18"},
				"down": {"uv": [12, 12, 16, 16], "texture": "#16"}
			}
		},
		{
			"name": "side_pos",
			"from": [5.5, 9, -6.5],
			"to": [10.5, 16.25, -1.5],
			"rotation": {"angle": 0, "axis": "y", "origin": [7.97609, 3.9999, -0.19146]},
			"faces": {
				"north": {"uv": [12.25, 12.5625, 14.25, 15.5625], "texture": "#18"},
				"east": {"uv": [12.25, 12.5625, 14.25, 15.5625], "texture": "#18"},
				"south": {"uv": [10.1875, 12.5625, 12.1875, 15.5625], "texture": "#18"},
				"west": {"uv": [12.25, 12.5625, 14.25, 15.5625], "texture": "#18"},
				"down": {"uv": [12, 12, 16, 16], "texture": "#16"}
			}
		},
		{
			"from": [11.84383, 16.1138, -7.125],
			"to": [11.85632, 24.2388, -0.875],
			"rotation": {"angle": 22.5, "axis": "z", "origin": [8, 15, -0.25]},
			"faces": {
				"north": {"uv": [13.938, 1.875, 13.25, 2.625], "texture": "#19"},
				"east": {"uv": [0, 16, 16, 0], "rotation": 180, "texture": "#19"},
				"south": {"uv": [13.938, 1.875, 13.25, 2.625], "texture": "#19"},
				"west": {"uv": [0, 16, 16, 0], "rotation": 180, "texture": "#19"},
				"up": {"uv": [13.25, 2.625, 13.938, 1.875], "rotation": 90, "texture": "#19"},
				"down": {"uv": [13.25, 2.625, 13.938, 1.875], "rotation": 270, "texture": "#19"}
			}
		},
		{
			"from": [4.875, 17.54885, 0.1293],
			"to": [11.125, 25.67385, 0.1418],
			"rotation": {"angle": -22.5, "axis": "x", "origin": [8, 15, -0.25]},
			"faces": {
				"north": {"uv": [0, 0, 16, 16], "texture": "#19"},
				"east": {"uv": [13.938, 2.625, 13.25, 1.875], "rotation": 180, "texture": "#19"},
				"south": {"uv": [0, 0, 16, 16], "texture": "#19"},
				"west": {"uv": [13.938, 2.625, 13.25, 1.875], "rotation": 180, "texture": "#19"},
				"up": {"uv": [13.938, 2.625, 13.25, 1.875], "rotation": 180, "texture": "#19"},
				"down": {"uv": [13.938, 2.625, 13.25, 1.875], "rotation": 180, "texture": "#19"}
			}
		},
		{
			"from": [4.14365, 16.1138, -7.125],
			"to": [4.15615, 24.2388, -0.875],
			"rotation": {"angle": -22.5, "axis": "z", "origin": [8, 15, -0.25]},
			"faces": {
				"north": {"uv": [13.25, 1.875, 13.938, 2.625], "texture": "#19"},
				"east": {"uv": [16, 16, 0, 0], "rotation": 180, "texture": "#19"},
				"south": {"uv": [13.25, 1.875, 13.938, 2.625], "texture": "#19"},
				"west": {"uv": [16, 16, 0, 0], "rotation": 180, "texture": "#19"},
				"up": {"uv": [13.25, 1.875, 13.938, 2.625], "rotation": 90, "texture": "#19"},
				"down": {"uv": [13.25, 1.875, 13.938, 2.625], "rotation": 270, "texture": "#19"}
			}
		},
		{
			"from": [4.875, 14.67873, -7.5709],
			"to": [11.125, 22.80373, -7.5584],
			"rotation": {"angle": 22.5, "axis": "x", "origin": [8, 15, -0.25]},
			"faces": {
				"north": {"uv": [16, 0, 0, 16], "texture": "#19"},
				"east": {"uv": [13.25, 2.625, 13.938, 1.875], "rotation": 180, "texture": "#19"},
				"south": {"uv": [16, 0, 0, 16], "texture": "#19"},
				"west": {"uv": [13.25, 2.625, 13.938, 1.875], "rotation": 180, "texture": "#19"},
				"up": {"uv": [13.938, 1.875, 13.25, 2.625], "rotation": 180, "texture": "#19"},
				"down": {"uv": [13.938, 1.875, 13.25, 2.625], "rotation": 180, "texture": "#19"}
			}
		}
	],
	"display": {
		"thirdperson_righthand": {
			"rotation": [75, -145, 0],
			"translation": [0, 2.5, 0],
			"scale": [0.375, 0.375, 0.375]
		},
		"thirdperson_lefthand": {
			"rotation": [75, -145, 0],
			"translation": [0, 2.5, 0],
			"scale": [-0.375, 0.375, 0.375]
		},
		"firstperson_righthand": {
			"rotation": [0, -45, 0],
			"translation": [0, 1, -1],
			"scale": [0.3, 0.3, 0.3]
		},
		"firstperson_lefthand": {
			"rotation": [0, -45, 0],
			"translation": [0, 1, -1],
			"scale": [-0.3, 0.3, 0.3]
		},
		"ground": {
			"translation": [0, 3, 0],
			"scale": [0.25, 0.25, 0.25]
		},
		"gui": {
			"rotation": [30, 45, 0],
			"translation": [0, 1.25, 0],
			"scale": [0.3, 0.3, 0.3]
		},
		"head": {
			"rotation": [0, 90, 0],
			"translation": [0, 25, 0],
			"scale": [4, 4, 4]
		},
		"fixed": {
			"rotation": [0, 90, 0],
			"translation": [0, -2, -3.25],
			"scale": [0.5, 0.5, 0.5]
		}
	},
	"groups": [0, 1, 2, 3, 4, 5, 6, 7, 8, 9, 10, 11, 12, 13, 14, 15, 16, 17, 18, 19, 20, 21, 22, 23, 24, 25,
		{
			"name": "roof",
			"origin": [7.98386, 13.7456, 6.47946],
			"children": [26, 27, 28, 29, 30,
				{
					"name": "roof_side",
					"origin": [8.12611, 3.77299, 5.84183],
					"children": [31, 32, 33, 34, 35, 36, 37, 38, 39, 40, 41, 42, 43, 44, 45, 46, 47, 48, 49, 50, 51, 52, 53, 54, 55, 56, 57, 58, 59, 60]
				},
				{
					"name": "roof_side",
					"origin": [8.12611, 3.77299, 5.84183],
					"children": [61, 62, 63, 64, 65, 66, 67, 68, 69, 70, 71, 72, 73, 74, 75, 76, 77, 78, 79]
				}, 80, 81, 82, 83, 84, 85, 86, 87]
		}, 88, 89, 90, 91, 92, 93, 94, 95, 96, 97, 98, 99, 100, 101, 102, 103, 104, 105, 106, 107, 108, 109, 110, 111, 112, 113, 114, 115,
		{
			"name": "tower_side",
			"origin": [11.7389, 18.62688, 2.59078],
			"children": [116, 117, 118, 119, 120, 121, 122, 123, 124, 125, 126, 127, 128, 129, 130, 131, 132, 133, 134, 135, 136, 137, 138, 139, 140, 141, 142, 143, 144]
		}, 145, 146, 147, 148]
}