{
	"credit": "Made by MadstonMagic, using Cubik Pro & Blockbench",
	"textures": {
		"0": "block/stone",
		"1": "block/cobweb",
		"2": "block/cobblestone",
		"3": "custom/cobblestone_end",
		"4": "custom/cobblestone_stairs",
		"6": "block/coal_ore",
		"7": "block/mossy_cobblestone",
		"8": "custom/mobs/spider",
		"particle": "block/stone"
	},
	"elements": [
		{
			"from": [5.5, -0.9375, 14.25],
			"to": [11.5, 0.5625, 17.75],
			"faces": {
				"north": {"uv": [0, 8, 16, 12.5], "texture": "#0"},
				"south": {"uv": [0, 8, 16, 12.5], "texture": "#0"},
				"up": {"uv": [0, 0, 16, 8], "rotation": 180, "texture": "#0"}
			}
		},
		{
			"from": [-0.5, -0.9375, 11.75],
			"to": [5.5, 0.5625, 17.75],
			"faces": {
				"north": {"uv": [0, 8, 16, 12.5], "texture": "#0"},
				"south": {"uv": [0, 8, 16, 12.5], "texture": "#0"},
				"west": {"uv": [0, 8, 16, 12.5], "texture": "#0"},
				"up": {"uv": [0, 0, 16, 16], "rotation": 180, "texture": "#0"}
			}
		},
		{
			"from": [0.25, 0.5625, 14.25],
			"to": [3, 3.3125, 17],
			"faces": {
				"south": {"uv": [0, 0, 16, 16], "texture": "#3"},
				"west": {"uv": [0, 0, 16, 16], "texture": "#3"}
			}
		},
		{
			"from": [11.25, 0.5625, 14.25],
			"to": [14, 3.3125, 17],
			"faces": {
				"north": {"uv": [0, 0, 16, 16], "texture": "#3"},
				"south": {"uv": [0, 0, 16, 16], "texture": "#3"},
				"up": {"uv": [0, 0, 16, 16], "rotation": 90, "texture": "#3"}
			}
		},
		{
			"from": [14, 0.5625, 14.25],
			"to": [16.75, 3.3125, 17],
			"faces": {
				"north": {"uv": [16, 0, 0, 16], "texture": "#0"},
				"east": {"uv": [16, 0, 0, 16], "texture": "#0"},
				"south": {"uv": [16, 0, 0, 16], "texture": "#0"}
			}
		},
		{
			"from": [5.75, 0.5625, 14.25],
			"to": [8.5, 3.3125, 17],
			"faces": {
				"north": {"uv": [16, 0, 0, 16], "texture": "#3"},
				"south": {"uv": [16, 0, 0, 16], "texture": "#3"}
			}
		},
		{
			"from": [3, 0.5625, 14.25],
			"to": [5.75, 3.3125, 17],
			"faces": {
				"north": {"uv": [16, 0, 0, 16], "texture": "#0"},
				"south": {"uv": [16, 0, 0, 16], "texture": "#0"}
			}
		},
		{
			"from": [2.96875, -0.5625, 11.5],
			"to": [5.71875, 2.1875, 14.25],
			"faces": {
				"north": {"uv": [16, 0, 0, 16], "texture": "#0"},
				"east": {"uv": [16, 0, 0, 16], "texture": "#0"},
				"west": {"uv": [16, 0, 0, 16], "texture": "#0"},
				"up": {"uv": [0, 16, 16, 0], "rotation": 90, "texture": "#0"}
			}
		},
		{
			"from": [3, 7.3125, 8.75],
			"to": [5.75, 8.8125, 11.5],
			"faces": {
				"north": {"uv": [16, 6.5, 0, 16], "texture": "#0"},
				"east": {"uv": [16, 6.5, 0, 16], "texture": "#0"},
				"up": {"uv": [0, 16, 16, 0], "rotation": 90, "texture": "#0"},
				"down": {"uv": [0, 16, 16, 0], "rotation": 270, "texture": "#0"}
			}
		},
		{
			"from": [5.25, 7.9375, 10.125],
			"to": [8, 8.9375, 12.875],
			"faces": {
				"north": {"uv": [4, 8, 16, 4], "texture": "#0"},
				"east": {"uv": [0, 16, 12, 12], "texture": "#0"},
				"south": {"uv": [4, 12, 16, 8], "texture": "#0"},
				"up": {"uv": [0, 16, 12, 4], "rotation": 270, "texture": "#0"},
				"down": {"uv": [0, 16, 12, 4], "rotation": 270, "texture": "#0"}
			}
		},
		{
			"from": [10.875, -0.6875, 4.75],
			"to": [13.625, 1.9375, 7.5],
			"faces": {
				"north": {"uv": [12, 16, 0, 4], "texture": "#0"},
				"east": {"uv": [12, 16, 0, 4], "texture": "#0"},
				"south": {"uv": [12, 16, 0, 4], "texture": "#0"},
				"west": {"uv": [12, 16, 0, 4], "texture": "#0"},
				"up": {"uv": [12, 16, 0, 4], "texture": "#0"}
			}
		},
		{
			"from": [3, 6.0625, 11.5],
			"to": [5.75, 8.8125, 14.25],
			"faces": {
				"north": {"uv": [16, 0, 0, 16], "texture": "#0"},
				"east": {"uv": [16, 0, 0, 16], "texture": "#0"},
				"up": {"uv": [0, 16, 16, 0], "rotation": 90, "texture": "#0"},
				"down": {"uv": [0, 16, 16, 0], "rotation": 270, "texture": "#0"}
			}
		},
		{
			"from": [2.46875, -0.9375, 8.875],
			"to": [5.21875, 1.8125, 11.625],
			"faces": {
				"north": {"uv": [16, 0, 0, 16], "texture": "#0"},
				"east": {"uv": [16, 0, 0, 16], "texture": "#0"},
				"south": {"uv": [16, 0, 0, 16], "texture": "#0"},
				"up": {"uv": [0, 16, 16, 0], "rotation": 90, "texture": "#0"}
			}
		},
		{
			"from": [5.21875, -0.9375, 10.625],
			"to": [7.96875, 0.9375, 13.375],
			"faces": {
				"north": {"uv": [16, 5.5, 0, 16], "texture": "#0"},
				"east": {"uv": [16, 5.5, 0, 16], "texture": "#0"},
				"south": {"uv": [16, 0, 0, 16], "texture": "#0"},
				"up": {"uv": [0, 16, 16, 0], "rotation": 90, "texture": "#0"}
			}
		},
		{
			"from": [0.25, 6.0625, 14.25],
			"to": [3, 8.8125, 17],
			"faces": {
				"south": {"uv": [16, 0, 0, 16], "texture": "#3"},
				"west": {"uv": [16, 0, 0, 16], "texture": "#3"},
				"up": {"uv": [0, 16, 16, 0], "rotation": 90, "texture": "#3"}
			}
		},
		{
			"from": [14, 3.3125, 14.25],
			"to": [16.75, 6.0625, 17],
			"faces": {
				"north": {"uv": [16, 0, 0, 16], "texture": "#0"},
				"east": {"uv": [16, 0, 0, 16], "texture": "#0"},
				"south": {"uv": [16, 0, 0, 16], "texture": "#0"},
				"west": {"uv": [16, 0, 0, 16], "texture": "#0"},
				"up": {"uv": [16, 0, 0, 16], "texture": "#0"}
			}
		},
		{
			"from": [5.75, 3.3125, 14.25],
			"to": [8.5, 6.0625, 17],
			"faces": {
				"north": {"uv": [16, 0, 0, 16], "texture": "#7"},
				"east": {"uv": [16, 0, 0, 16], "texture": "#7"},
				"south": {"uv": [16, 0, 0, 16], "texture": "#7"}
			}
		},
		{
			"from": [3, 3.3125, 14.25],
			"to": [5.75, 6.0625, 17],
			"faces": {
				"north": {"uv": [16, 0, 0, 16], "texture": "#4"},
				"south": {"uv": [16, 0, 0, 16], "texture": "#4"}
			}
		},
		{
			"from": [8.5, 0.5625, 14.25],
			"to": [11.25, 3.3125, 17],
			"faces": {
				"north": {"uv": [16, 0, 0, 16], "texture": "#4"},
				"south": {"uv": [16, 0, 0, 16], "texture": "#4"},
				"up": {"uv": [0, 16, 16, 0], "rotation": 90, "texture": "#4"}
			}
		},
		{
			"from": [0.25, 3.3125, 14.25],
			"to": [3, 6.0625, 17],
			"faces": {
				"south": {"uv": [16, 0, 0, 16], "texture": "#2"},
				"west": {"uv": [16, 0, 0, 16], "texture": "#2"}
			}
		},
		{
			"from": [6.5, 5.9375, 17.25],
			"to": [9.25, 8.6875, 20],
			"rotation": {"angle": 45, "axis": "y", "origin": [8, 8, 8]},
			"faces": {
				"north": {"uv": [16, 0, 0, 16], "texture": "#7"},
				"east": {"uv": [16, 0, 0, 16], "texture": "#7"},
				"south": {"uv": [16, 0, 0, 16], "texture": "#7"},
				"west": {"uv": [16, 0, 0, 16], "texture": "#7"},
				"up": {"uv": [16, 0, 0, 16], "texture": "#7"},
				"down": {"uv": [16, 0, 0, 16], "texture": "#7"}
			}
		},
		{
			"from": [5.75, 6.0625, 14.25],
			"to": [8.5, 8.8125, 17],
			"faces": {
				"north": {"uv": [16, 0, 0, 16], "texture": "#2"},
				"south": {"uv": [16, 0, 0, 16], "texture": "#2"},
				"up": {"uv": [0, 16, 16, 0], "rotation": 90, "texture": "#2"}
			}
		},
		{
			"from": [3, 6.0625, 14.25],
			"to": [5.75, 8.8125, 17],
			"faces": {
				"south": {"uv": [16, 0, 0, 16], "texture": "#7"}
			}
		},
		{
			"from": [0.25, 0.4375, 8.75],
			"to": [3, 3.3125, 11.5],
			"faces": {
				"east": {"uv": [0, 0, 16, 16], "texture": "#2"},
				"west": {"uv": [0, 0, 16, 16], "texture": "#2"}
			}
		},
		{
			"from": [14, 0.5625, 8.75],
			"to": [16.75, 3.3125, 11.5],
			"faces": {
				"north": {"uv": [14, 16, 0, 2], "texture": "#0"},
				"east": {"uv": [14, 16, 0, 2], "texture": "#0"},
				"south": {"uv": [14, 16, 0, 2], "texture": "#0"},
				"west": {"uv": [14, 16, 0, 2], "texture": "#0"},
				"up": {"uv": [14, 16, 0, 2], "texture": "#0"}
			}
		},
		{
			"from": [0.25, 6.0625, 8.75],
			"to": [3, 8.8125, 11.5],
			"faces": {
				"east": {"uv": [16, 0, 0, 16], "texture": "#0"},
				"west": {"uv": [16, 0, 0, 16], "texture": "#0"},
				"up": {"uv": [0, 16, 16, 0], "rotation": 90, "texture": "#0"}
			}
		},
		{
			"from": [0.25, 3.3125, 8.75],
			"to": [3, 6.0625, 11.5],
			"faces": {
				"east": {"uv": [16, 0, 0, 16], "texture": "#4"},
				"west": {"uv": [16, 0, 0, 16], "texture": "#4"}
			}
		},
		{
			"from": [0.25, 0.4375, 3.25],
			"to": [3, 3.3125, 6],
			"faces": {
				"east": {"uv": [0, 0, 16, 16], "texture": "#0"},
				"west": {"uv": [0, 0, 16, 16], "texture": "#0"},
				"down": {"uv": [0, 0, 16, 16], "rotation": 270, "texture": "#0"}
			}
		},
		{
			"from": [0.25, 6.0625, 3.25],
			"to": [3, 8.8125, 6],
			"faces": {
				"north": {"uv": [16, 0, 0, 16], "texture": "#2"},
				"east": {"uv": [16, 0, 0, 16], "texture": "#2"},
				"west": {"uv": [16, 0, 0, 16], "texture": "#2"},
				"up": {"uv": [0, 16, 16, 0], "rotation": 90, "texture": "#2"}
			}
		},
		{
			"from": [0.25, 3.3125, 3.25],
			"to": [3, 6.0625, 6],
			"faces": {
				"east": {"uv": [16, 0, 0, 16], "texture": "#4"},
				"west": {"uv": [16, 0, 0, 16], "texture": "#4"}
			}
		},
		{
			"from": [0.25, 0.4375, 6],
			"to": [3, 3.3125, 8.75],
			"faces": {
				"east": {"uv": [0, 0, 16, 16], "texture": "#4"},
				"west": {"uv": [0, 0, 16, 16], "texture": "#4"},
				"down": {"uv": [0, 0, 16, 16], "rotation": 270, "texture": "#4"}
			}
		},
		{
			"from": [0.25, 6.0625, 6],
			"to": [3, 8.8125, 8.75],
			"faces": {
				"east": {"uv": [16, 0, 0, 16], "texture": "#4"},
				"west": {"uv": [16, 0, 0, 16], "texture": "#4"},
				"up": {"uv": [0, 16, 16, 0], "rotation": 90, "texture": "#4"}
			}
		},
		{
			"from": [0.25, 3.3125, 6],
			"to": [3, 6.0625, 8.75],
			"faces": {
				"east": {"uv": [16, 0, 0, 16], "texture": "#7"},
				"west": {"uv": [16, 0, 0, 16], "texture": "#7"}
			}
		},
		{
			"from": [0.25, 0.4375, 11.5],
			"to": [3, 3.3125, 14.25],
			"faces": {
				"east": {"uv": [0, 0, 16, 16], "texture": "#6"},
				"west": {"uv": [0, 0, 16, 16], "texture": "#6"}
			}
		},
		{
			"from": [0.25, 6.0625, 11.5],
			"to": [3, 8.8125, 14.25],
			"faces": {
				"west": {"uv": [16, 0, 0, 16], "texture": "#0"},
				"up": {"uv": [0, 16, 16, 0], "rotation": 90, "texture": "#0"}
			}
		},
		{
			"from": [0.25, 3.3125, 11.5],
			"to": [3, 6.0625, 14.25],
			"faces": {
				"east": {"uv": [16, 0, 0, 16], "texture": "#7"},
				"west": {"uv": [16, 0, 0, 16], "texture": "#7"}
			}
		},
		{
			"from": [8.5, 6.0625, 14.25],
			"to": [11.25, 8.8125, 17],
			"faces": {
				"north": {"uv": [16, 0, 0, 16], "texture": "#0"},
				"east": {"uv": [16, 0, 0, 16], "texture": "#0"},
				"south": {"uv": [16, 0, 0, 16], "texture": "#0"},
				"up": {"uv": [0, 16, 16, 0], "rotation": 90, "texture": "#0"},
				"down": {"uv": [0, 16, 16, 0], "rotation": 270, "texture": "#0"}
			}
		},
		{
			"from": [0.25, 0.4375, 0.5],
			"to": [3, 3.3125, 3.25],
			"faces": {
				"north": {"uv": [0, 0, 16, 16], "texture": "#7"},
				"east": {"uv": [0, 0, 16, 16], "texture": "#7"},
				"west": {"uv": [0, 0, 16, 16], "texture": "#7"}
			}
		},
		{
			"from": [0.75, 5.5625, 1],
			"to": [3.5, 8.3125, 3.75],
			"faces": {
				"north": {"uv": [16, 0, 0, 16], "texture": "#3"},
				"east": {"uv": [16, 0, 0, 16], "texture": "#3"},
				"south": {"uv": [16, 0, 0, 16], "texture": "#3"},
				"west": {"uv": [16, 0, 0, 16], "texture": "#3"},
				"up": {"uv": [0, 16, 16, 0], "rotation": 90, "texture": "#3"},
				"down": {"uv": [16, 0, 0, 16], "texture": "#3"}
			}
		},
		{
			"from": [0.25, 3.3125, 0.5],
			"to": [3, 6.0625, 3.25],
			"faces": {
				"north": {"uv": [16, 0, 0, 16], "texture": "#0"},
				"east": {"uv": [16, 0, 0, 16], "texture": "#0"},
				"west": {"uv": [16, 0, 0, 16], "texture": "#0"},
				"up": {"uv": [16, 0, 0, 16], "texture": "#0"}
			}
		},
		{
			"from": [4.70096, 3.3125, 11.05132],
			"to": [7.45096, 5.5625, 11.06132],
			"rotation": {"angle": -22.5, "axis": "y", "origin": [9.125, 8, 6.005]},
			"faces": {
				"north": {"uv": [16, 0, 0, 16], "texture": "#1"},
				"east": {"uv": [11, 15.5, 12, 14.5], "texture": "#1"},
				"south": {"uv": [16, 0, 0, 16], "texture": "#1"},
				"west": {"uv": [11, 15.5, 12, 14.5], "texture": "#1"},
				"up": {"uv": [11, 15.5, 12, 14.5], "rotation": 90, "texture": "#1"},
				"down": {"uv": [11, 15.5, 12, 14.5], "rotation": 270, "texture": "#1"}
			}
		},
		{
			"from": [15.24632, 3.3125, 7.76568],
			"to": [17.99632, 5.5625, 7.77568],
			"rotation": {"angle": -22.5, "axis": "y", "origin": [9.125, 8, 6.005]},
			"faces": {
				"north": {"uv": [16, 0, 0, 16], "texture": "#1"},
				"east": {"uv": [11, 15.5, 12, 14.5], "texture": "#1"},
				"south": {"uv": [16, 0, 0, 16], "texture": "#1"},
				"west": {"uv": [11, 15.5, 12, 14.5], "texture": "#1"},
				"up": {"uv": [11, 15.5, 12, 14.5], "rotation": 90, "texture": "#1"},
				"down": {"uv": [11, 15.5, 12, 14.5], "rotation": 270, "texture": "#1"}
			}
		},
		{
			"from": [15.20729, 0.8125, 8.87351],
			"to": [15.21729, 3.0625, 11.62351],
			"rotation": {"angle": -22.5, "axis": "y", "origin": [9.125, 8, 6.005]},
			"faces": {
				"north": {"uv": [11, 15.5, 12, 14.5], "texture": "#1"},
				"east": {"uv": [16, 0, 0, 16], "texture": "#1"},
				"south": {"uv": [11, 15.5, 12, 14.5], "texture": "#1"},
				"west": {"uv": [16, 0, 0, 16], "texture": "#1"},
				"up": {"uv": [11, 15.5, 12, 14.5], "rotation": 180, "texture": "#1"},
				"down": {"uv": [11, 15.5, 12, 14.5], "rotation": 180, "texture": "#1"}
			}
		},
		{
			"from": [8.81153, -0.6875, 3.09469],
			"to": [11.56153, 1.5625, 3.10469],
			"rotation": {"angle": 45, "axis": "y", "origin": [9.125, 8, 6.005]},
			"faces": {
				"north": {"uv": [16, 0, 0, 16], "texture": "#1"},
				"east": {"uv": [11, 15.5, 12, 14.5], "texture": "#1"},
				"south": {"uv": [16, 0, 0, 16], "texture": "#1"},
				"west": {"uv": [11, 15.5, 12, 14.5], "texture": "#1"},
				"up": {"uv": [11, 15.5, 12, 14.5], "rotation": 90, "texture": "#1"},
				"down": {"uv": [11, 15.5, 12, 14.5], "rotation": 270, "texture": "#1"}
			}
		},
		{
			"from": [6.07096, 3.3125, 9.68132],
			"to": [6.08096, 5.5625, 12.43132],
			"rotation": {"angle": -22.5, "axis": "y", "origin": [9.125, 8, 6.005]},
			"faces": {
				"north": {"uv": [11, 15.5, 12, 14.5], "texture": "#1"},
				"east": {"uv": [16, 0, 0, 16], "texture": "#1"},
				"south": {"uv": [11, 15.5, 12, 14.5], "texture": "#1"},
				"west": {"uv": [16, 0, 0, 16], "texture": "#1"},
				"up": {"uv": [11, 15.5, 12, 14.5], "texture": "#1"},
				"down": {"uv": [11, 15.5, 12, 14.5], "texture": "#1"}
			}
		},
		{
			"from": [16.61632, 3.3125, 6.39568],
			"to": [16.62632, 5.5625, 9.14568],
			"rotation": {"angle": -22.5, "axis": "y", "origin": [9.125, 8, 6.005]},
			"faces": {
				"north": {"uv": [11, 15.5, 12, 14.5], "texture": "#1"},
				"east": {"uv": [16, 0, 0, 16], "texture": "#1"},
				"south": {"uv": [11, 15.5, 12, 14.5], "texture": "#1"},
				"west": {"uv": [16, 0, 0, 16], "texture": "#1"},
				"up": {"uv": [11, 15.5, 12, 14.5], "texture": "#1"},
				"down": {"uv": [11, 15.5, 12, 14.5], "texture": "#1"}
			}
		},
		{
			"from": [13.83729, 0.8125, 10.24351],
			"to": [16.58729, 3.0625, 10.25351],
			"rotation": {"angle": -22.5, "axis": "y", "origin": [9.125, 8, 6.005]},
			"faces": {
				"north": {"uv": [16, 0, 0, 16], "texture": "#1"},
				"east": {"uv": [11, 15.5, 12, 14.5], "texture": "#1"},
				"south": {"uv": [16, 0, 0, 16], "texture": "#1"},
				"west": {"uv": [11, 15.5, 12, 14.5], "texture": "#1"},
				"up": {"uv": [11, 15.5, 12, 14.5], "rotation": 90, "texture": "#1"},
				"down": {"uv": [11, 15.5, 12, 14.5], "rotation": 270, "texture": "#1"}
			}
		},
		{
			"from": [10.18153, -0.6875, 1.72469],
			"to": [10.19153, 1.5625, 4.47469],
			"rotation": {"angle": 45, "axis": "y", "origin": [9.125, 8, 6.005]},
			"faces": {
				"north": {"uv": [11, 15.5, 12, 14.5], "texture": "#1"},
				"east": {"uv": [16, 0, 0, 16], "texture": "#1"},
				"south": {"uv": [11, 15.5, 12, 14.5], "texture": "#1"},
				"west": {"uv": [16, 0, 0, 16], "texture": "#1"},
				"up": {"uv": [11, 15.5, 12, 14.5], "texture": "#1"},
				"down": {"uv": [11, 15.5, 12, 14.5], "texture": "#1"}
			}
		},
		{
			"from": [0.52386, 8.8125, 7.12663],
			"to": [3.27386, 11.0625, 7.13663],
			"rotation": {"angle": 22.5, "axis": "y", "origin": [11.875, 8, 9.505]},
			"faces": {
				"north": {"uv": [16, 0, 0, 16], "texture": "#1"},
				"east": {"uv": [11, 15.5, 12, 14.5], "texture": "#1"},
				"south": {"uv": [16, 0, 0, 16], "texture": "#1"},
				"west": {"uv": [11, 15.5, 12, 14.5], "texture": "#1"},
				"up": {"uv": [11, 15.5, 12, 14.5], "rotation": 90, "texture": "#1"},
				"down": {"uv": [11, 15.5, 12, 14.5], "rotation": 270, "texture": "#1"}
			}
		},
		{
			"from": [1.89386, 8.8125, 5.75663],
			"to": [1.90386, 11.0625, 8.50663],
			"rotation": {"angle": 22.5, "axis": "y", "origin": [11.875, 8, 9.505]},
			"faces": {
				"north": {"uv": [11, 15.5, 12, 14.5], "texture": "#1"},
				"east": {"uv": [16, 0, 0, 16], "texture": "#1"},
				"south": {"uv": [11, 15.5, 12, 14.5], "texture": "#1"},
				"west": {"uv": [16, 0, 0, 16], "texture": "#1"},
				"up": {"uv": [11, 15.5, 12, 14.5], "texture": "#1"},
				"down": {"uv": [11, 15.5, 12, 14.5], "texture": "#1"}
			}
		},
		{
			"from": [1.75, 7.8125, 13],
			"to": [4.5, 10.5625, 15.75],
			"faces": {
				"north": {"uv": [16, 0, 0, 16], "texture": "#3"},
				"east": {"uv": [16, 0, 0, 16], "texture": "#3"},
				"south": {"uv": [16, 0, 0, 16], "texture": "#3"},
				"west": {"uv": [16, 0, 0, 16], "texture": "#3"},
				"up": {"uv": [0, 16, 16, 0], "rotation": 90, "texture": "#3"}
			}
		},
		{
			"from": [1.25, 7.8125, 3.5],
			"to": [4, 10.5625, 6.25],
			"faces": {
				"north": {"uv": [16, 0, 0, 16], "texture": "#0"},
				"east": {"uv": [16, 0, 0, 16], "texture": "#0"},
				"south": {"uv": [16, 0, 0, 16], "texture": "#0"},
				"west": {"uv": [16, 0, 0, 16], "texture": "#0"},
				"up": {"uv": [0, 16, 16, 0], "rotation": 90, "texture": "#0"},
				"down": {"uv": [0, 16, 16, 0], "rotation": 270, "texture": "#0"}
			}
		},
		{
			"from": [8.375, 9.8125, 8.625],
			"to": [11.125, 12.5625, 11.375],
			"faces": {
				"north": {"uv": [16, 0, 0, 16], "texture": "#4"},
				"east": {"uv": [16, 0, 0, 16], "texture": "#4"},
				"south": {"uv": [16, 0, 0, 16], "texture": "#4"},
				"west": {"uv": [16, 0, 0, 16], "texture": "#4"},
				"up": {"uv": [0, 16, 16, 0], "rotation": 90, "texture": "#4"},
				"down": {"uv": [0, 16, 16, 0], "rotation": 270, "texture": "#4"}
			}
		},
		{
			"from": [5.625, 9.3125, 6.125],
			"to": [8.375, 12.0625, 8.875],
			"faces": {
				"north": {"uv": [16, 0, 0, 16], "texture": "#0"},
				"east": {"uv": [16, 0, 0, 16], "texture": "#0"},
				"south": {"uv": [16, 0, 0, 16], "texture": "#0"},
				"west": {"uv": [16, 0, 0, 16], "texture": "#0"},
				"up": {"uv": [0, 16, 16, 0], "rotation": 90, "texture": "#0"},
				"down": {"uv": [0, 16, 16, 0], "rotation": 270, "texture": "#0"}
			}
		},
		{
			"from": [5.75, 8.8125, 8.75],
			"to": [8.5, 11.5625, 11.5],
			"faces": {
				"north": {"uv": [16, 0, 0, 16], "texture": "#2"},
				"east": {"uv": [16, 0, 0, 16], "texture": "#2"},
				"south": {"uv": [16, 0, 0, 16], "texture": "#2"},
				"west": {"uv": [16, 0, 0, 16], "texture": "#2"},
				"up": {"uv": [0, 16, 16, 0], "rotation": 90, "texture": "#2"},
				"down": {"uv": [0, 16, 16, 0], "rotation": 270, "texture": "#2"}
			}
		},
		{
			"from": [3, 8.8125, 3.25],
			"to": [5.75, 11.5625, 6],
			"faces": {
				"north": {"uv": [16, 0, 0, 16], "texture": "#7"},
				"east": {"uv": [16, 0, 0, 16], "texture": "#7"},
				"west": {"uv": [16, 0, 0, 16], "texture": "#7"},
				"up": {"uv": [0, 16, 16, 0], "rotation": 90, "texture": "#7"},
				"down": {"uv": [0, 16, 16, 0], "rotation": 270, "texture": "#7"}
			}
		},
		{
			"from": [3, 8.8125, 14.25],
			"to": [5.75, 11.5625, 17],
			"faces": {
				"north": {"uv": [16, 0, 0, 16], "texture": "#7"},
				"east": {"uv": [16, 0, 0, 16], "texture": "#7"},
				"south": {"uv": [16, 0, 0, 16], "texture": "#7"},
				"west": {"uv": [16, 0, 0, 16], "texture": "#7"},
				"up": {"uv": [0, 16, 16, 0], "rotation": 90, "texture": "#7"}
			}
		},
		{
			"from": [3, 8.8125, 6],
			"to": [5.75, 11.5625, 8.75],
			"faces": {
				"east": {"uv": [16, 0, 0, 16], "texture": "#2"},
				"south": {"uv": [16, 0, 0, 16], "texture": "#2"},
				"west": {"uv": [16, 0, 0, 16], "texture": "#2"},
				"up": {"uv": [0, 16, 16, 0], "rotation": 90, "texture": "#2"},
				"down": {"uv": [0, 16, 16, 0], "rotation": 270, "texture": "#2"}
			}
		},
		{
			"from": [-0.5, -0.9375, 5.75],
			"to": [2.5, 0.5625, 11.75],
			"faces": {
				"east": {"uv": [0, 8, 16, 12.5], "texture": "#0"},
				"west": {"uv": [0, 8, 16, 12.5], "texture": "#0"},
				"up": {"uv": [8, 0, 16, 16], "rotation": 180, "texture": "#0"}
			}
		},
		{
			"from": [5.5, -0.9375, -0.25],
			"to": [11.5, -0.4375, 5.75],
			"faces": {
				"north": {"uv": [0, 11, 16, 12.5], "texture": "#0"},
				"up": {"uv": [0, 0, 16, 16], "rotation": 180, "texture": "#0"}
			}
		},
		{
			"from": [11, -2.40349, 5.28934],
			"to": [12, 3.09651, 6.28934],
			"rotation": {"angle": -22.5, "axis": "x", "origin": [5.5, 8, 8.75]},
			"faces": {
				"north": {"uv": [0.25, 0.25, 4.25, 0.75], "rotation": 90, "texture": "#8"},
				"east": {"uv": [0.25, 1.25, 4.25, 1.75], "rotation": 270, "texture": "#8"},
				"south": {"uv": [5.25, 1.25, 9.25, 1.75], "rotation": 90, "texture": "#8"},
				"west": {"uv": [5.25, 0.25, 9.25, 0.75], "rotation": 90, "texture": "#8"},
				"up": {"uv": [4.5, 0.75, 5, 1.25], "rotation": 180, "texture": "#8"},
				"down": {"uv": [4.5, 0.75, 5, 1.25], "texture": "#8"}
			}
		},
		{
			"from": [1.65699, -2.27991, 12.75],
			"to": [7.15699, -1.27991, 13.75],
			"rotation": {"angle": 45, "axis": "z", "origin": [5.5, 8, 8.75]},
			"faces": {
				"north": {"uv": [5.25, 0.25, 9.25, 0.75], "texture": "#8"},
				"east": {"uv": [4.5, 0.75, 5, 1.25], "texture": "#8"},
				"south": {"uv": [0.25, 1.25, 4.25, 1.75], "texture": "#8"},
				"west": {"uv": [4.5, 0.75, 5, 1.25], "texture": "#8"},
				"up": {"uv": [5.25, 1.25, 9.25, 1.75], "rotation": 180, "texture": "#8"},
				"down": {"uv": [0.25, 0.25, 4.25, 0.75], "rotation": 180, "texture": "#8"}
			}
		},
		{
			"from": [3.5, -3.24393, 10.16529],
			"to": [4.5, 3.75607, 11.16529],
			"rotation": {"angle": 22.5, "axis": "x", "origin": [5.5, 8, 7.25]},
			"faces": {
				"north": {"uv": [5.25, 1.75, 9.25, 1.25], "rotation": 90, "texture": "#8"},
				"east": {"uv": [0.25, 1.75, 4.25, 1.25], "rotation": 270, "texture": "#8"},
				"south": {"uv": [0.25, 0.75, 4.25, 0.25], "rotation": 90, "texture": "#8"},
				"west": {"uv": [5.25, 0.75, 9.25, 0.25], "rotation": 90, "texture": "#8"},
				"up": {"uv": [4.5, 1.25, 5, 0.75], "rotation": 180, "texture": "#8"},
				"down": {"uv": [4.5, 1.25, 5, 0.75], "texture": "#8"}
			}
		},
		{
			"from": [11.125, 1.96038, 6.90097],
			"to": [11.875, 2.71038, 10.40097],
			"rotation": {"angle": 22.5, "axis": "x", "origin": [5.5, 8, 8.75]},
			"faces": {
				"north": {"uv": [4.5, 0.75, 5, 1.25], "texture": "#8"},
				"east": {"uv": [0.25, 1.25, 3.75, 1.75], "rotation": 180, "texture": "#8"},
				"west": {"uv": [5.25, 0.25, 8.75, 0.75], "texture": "#8"},
				"up": {"uv": [5.25, 1.25, 8.75, 1.75], "rotation": 90, "texture": "#8"},
				"down": {"uv": [0.25, 0.25, 4, 0.75], "rotation": 270, "texture": "#8"}
			}
		},
		{
			"from": [14.78606, 5.16436, 12.875],
			"to": [18.28606, 5.91436, 13.625],
			"rotation": {"angle": -22.5, "axis": "z", "origin": [5.5, 8, 8.75]},
			"faces": {
				"north": {"uv": [5.25, 0.25, 8.75, 0.75], "texture": "#8"},
				"east": {"uv": [4.5, 0.75, 5, 1.25], "texture": "#8"},
				"south": {"uv": [0.25, 1.25, 3.75, 1.75], "rotation": 180, "texture": "#8"},
				"up": {"uv": [5.25, 1.25, 8.75, 1.75], "rotation": 180, "texture": "#8"},
				"down": {"uv": [0.25, 0.25, 4, 0.75], "rotation": 180, "texture": "#8"}
			}
		},
		{
			"from": [3.625, 2.12983, 8.29393],
			"to": [4.375, 2.87983, 11.79393],
			"rotation": {"angle": 0, "axis": "x", "origin": [5.5, 8, 7.25]},
			"faces": {
				"east": {"uv": [3.75, 1.25, 0.25, 1.75], "rotation": 180, "texture": "#8"},
				"south": {"uv": [5, 0.75, 4.5, 1.25], "texture": "#8"},
				"west": {"uv": [8.75, 0.25, 5.25, 0.75], "texture": "#8"},
				"up": {"uv": [8.75, 1.25, 5.25, 1.75], "rotation": 90, "texture": "#8"},
				"down": {"uv": [4, 0.25, 0.25, 0.75], "rotation": 270, "texture": "#8"}
			}
		},
		{
			"from": [2.5, -0.9375, 5.75],
			"to": [15, -0.4375, 14.25],
			"faces": {
				"up": {"uv": [9.25, 4, 10.25, 5], "rotation": 90, "texture": "#8"}
			}
		},
		{
			"from": [-0.5, -0.9375, -0.25],
			"to": [5.5, 0.5625, 5.75],
			"faces": {
				"north": {"uv": [0, 8, 16, 12.5], "texture": "#0"},
				"east": {"uv": [0, 8, 16, 12.5], "texture": "#0"},
				"south": {"uv": [0, 8, 16, 12.5], "texture": "#0"},
				"west": {"uv": [0, 8, 16, 12.5], "texture": "#0"},
				"up": {"uv": [0, 0, 16, 16], "rotation": 180, "texture": "#0"}
			}
		},
		{
			"from": [11.5, -0.9375, 11.75],
			"to": [17.5, 0.5625, 17.75],
			"faces": {
				"north": {"uv": [0, 8, 16, 12.5], "texture": "#0"},
				"east": {"uv": [0, 8, 16, 12.5], "texture": "#0"},
				"south": {"uv": [0, 8, 16, 12.5], "texture": "#0"},
				"west": {"uv": [0, 8, 16, 12.5], "texture": "#0"},
				"up": {"uv": [0, 0, 16, 16], "rotation": 180, "texture": "#0"}
			}
		},
		{
			"from": [14, -0.9375, 5.75],
			"to": [17.5, 0.5625, 11.75],
			"faces": {
				"east": {"uv": [0, 8, 16, 12.5], "texture": "#0"},
				"west": {"uv": [0, 8, 16, 12.5], "texture": "#0"},
				"up": {"uv": [0, 0, 8, 16], "rotation": 180, "texture": "#0"}
			}
		},
		{
			"from": [11.5, -0.9375, -0.25],
			"to": [17.5, 0.5625, 5.75],
			"faces": {
				"north": {"uv": [0, 8, 16, 12.5], "texture": "#0"},
				"east": {"uv": [0, 8, 16, 12.5], "texture": "#0"},
				"south": {"uv": [0, 8, 16, 12.5], "texture": "#0"},
				"west": {"uv": [0, 8, 16, 12.5], "texture": "#0"},
				"up": {"uv": [0, 0, 16, 16], "rotation": 180, "texture": "#0"}
			}
		}
	],
	"display": {
		"thirdperson_righthand": {
			"rotation": [75, -145, 0],
			"translation": [0, 2.5, 0],
			"scale": [0.375, 0.375, 0.375]
		},
		"thirdperson_lefthand": {
			"rotation": [75, -145, 0],
			"translation": [0, 2.5, 0],
			"scale": [-0.375, 0.375, 0.375]
		},
		"firstperson_righthand": {
			"rotation": [0, -45, 0],
			"translation": [0, 1, -1],
			"scale": [0.3, 0.3, 0.3]
		},
		"firstperson_lefthand": {
			"rotation": [0, -45, 0],
			"translation": [0, 1, -1],
			"scale": [-0.3, 0.3, 0.3]
		},
		"ground": {
			"translation": [0, 3, 0],
			"scale": [0.25, 0.25, 0.25]
		},
		"gui": {
			"rotation": [30, -135, 0],
			"translation": [0, 1.5, 0],
			"scale": [0.45, 0.45, 0.45]
		},
		"head": {
			"translation": [-1, -32.75, -1],
			"scale": [4, 4, 4]
		},
		"fixed": {
			"rotation": [0, 90, 0],
			"translation": [0, 0, -4.25],
			"scale": [0.5, 0.5, 0.5]
		}
	},
	"groups": [
		{
			"name": "floor",
			"origin": [8, 8, 8],
			"children": [0, 1, 2, 3, 4, 5, 6, 7, 8, 9, 10, 11, 12, 13, 14, 15, 16, 17, 18, 19, 20, 21, 22, 23, 24, 25, 26, 27, 28, 29, 30, 31, 32, 33, 34, 35, 36, 37, 38, 39,
				{
					"name": "cobweb",
					"origin": [8, 12, 8],
					"children": []
				},
				{
					"name": "cobweb",
					"origin": [8, 12, 8],
					"children": []
				},
				{
					"name": "cobweb",
					"origin": [8, 12, 8],
					"children": [40, 41, 42, 43, 44, 45, 46, 47]
				},
				{
					"name": "cobweb",
					"origin": [8, 12, 8],
					"children": []
				},
				{
					"name": "cobweb",
					"origin": [8, 12, 8],
					"children": [48, 49]
				},
				{
					"name": "cobweb",
					"origin": [8, 12, 8],
					"children": []
				},
				{
					"name": "cobweb",
					"origin": [8, 12, 8],
					"children": []
				}, 50, 51, 52, 53, 54, 55, 56, 57, 58, 59,
				{
					"name": "spider",
					"origin": [8, 12, 8],
					"children": [60, 61, 62, 63, 64, 65, 66]
				}, 67, 68, 69, 70]
		}
	]
}