{
	"credit": "Made by MadstonMagic, using Cubik Pro & Blockbench",
	"textures": {
		"0": "block/stone",
		"1": "block/cobweb",
		"2": "block/cobblestone",
		"3": "custom/cobblestone_end",
		"4": "custom/cobblestone_stairs",
		"6": "block/coal_ore",
		"7": "block/mossy_cobblestone",
		"8": "custom/mobs/spider",
		"9": "custom/grass/normal/top",
		"10": "custom/grass/normal/side",
		"11": "block/dirt",
		"12": "block/andesite",
		"particle": "block/stone"
	},
	"elements": [
		{
			"from": [5, -0.9375, 15.25],
			"to": [12, 0.5625, 18.75],
			"faces": {
				"north": {"uv": [0, 8, 16, 12.5], "texture": "#0"},
				"south": {"uv": [0, 8, 16, 12.5], "texture": "#0"},
				"up": {"uv": [0, 0, 16, 8], "rotation": 180, "texture": "#0"}
			}
		},
		{
			"from": [-1.5, -0.9375, 12.25],
			"to": [5, 0.5625, 18.75],
			"faces": {
				"north": {"uv": [0, 8, 16, 12.5], "texture": "#0"},
				"east": {"uv": [0, 8, 16, 12.5], "texture": "#0"},
				"south": {"uv": [0, 8, 16, 12.5], "texture": "#0"},
				"west": {"uv": [0, 8, 16, 12.5], "texture": "#0"},
				"up": {"uv": [0, 0, 16, 16], "rotation": 180, "texture": "#0"}
			}
		},
		{
			"from": [-0.75, 0.5625, 15.6875],
			"to": [2, 3.34375, 18.5],
			"faces": {
				"south": {"uv": [0, 0, 16, 16], "texture": "#3"},
				"west": {"uv": [0, 0, 16, 16], "texture": "#3"},
				"up": {"uv": [0, 0, 16, 16], "rotation": 90, "texture": "#3"}
			}
		},
		{
			"from": [10, 0.5625, 15.75],
			"to": [12.78125, 3.34375, 18.5],
			"faces": {
				"north": {"uv": [0, 0, 16, 16], "texture": "#3"},
				"east": {"uv": [0, 0, 16, 16], "texture": "#3"},
				"south": {"uv": [0, 0, 16, 16], "texture": "#3"},
				"up": {"uv": [0, 0, 16, 16], "rotation": 90, "texture": "#3"}
			}
		},
		{
			"from": [9.9375, 8.78125, 15.75],
			"to": [12.78125, 11.59375, 18.5],
			"faces": {
				"north": {"uv": [0, 0, 16, 16], "texture": "#3"},
				"east": {"uv": [0, 0, 16, 16], "texture": "#3"},
				"south": {"uv": [0, 0, 16, 16], "texture": "#3"},
				"west": {"uv": [0, 0, 16, 16], "texture": "#3"},
				"up": {"uv": [0, 0, 16, 16], "rotation": 90, "texture": "#3"},
				"down": {"uv": [0, 0, 16, 16], "rotation": 270, "texture": "#3"}
			}
		},
		{
			"from": [15.46875, 0.5625, 15.75],
			"to": [18.25, 3.375, 18.5],
			"faces": {
				"north": {"uv": [16, 0, 0, 16], "texture": "#0"},
				"east": {"uv": [16, 0, 0, 16], "texture": "#0"},
				"south": {"uv": [16, 0, 0, 16], "texture": "#0"},
				"west": {"uv": [16, 0, 0, 16], "texture": "#0"},
				"up": {"uv": [0, 16, 16, 0], "rotation": 90, "texture": "#0"}
			}
		},
		{
			"from": [4.21875, 0.53125, 15.6875],
			"to": [7.03125, 3.34375, 18.5],
			"faces": {
				"north": {"uv": [16, 0, 0, 16], "texture": "#3"},
				"east": {"uv": [16, 0, 0, 16], "texture": "#3"},
				"south": {"uv": [16, 0, 0, 16], "texture": "#3"},
				"up": {"uv": [0, 16, 16, 0], "rotation": 90, "texture": "#3"}
			}
		},
		{
			"from": [1.5, 0.5625, 15.75],
			"to": [4.28125, 3.3125, 18.59375],
			"faces": {
				"north": {"uv": [16, 0, 0, 16], "texture": "#0"},
				"east": {"uv": [16, 0, 0, 16], "texture": "#0"},
				"south": {"uv": [16, 0, 0, 16], "texture": "#0"},
				"west": {"uv": [16, 0, 0, 16], "texture": "#0"},
				"up": {"uv": [0, 16, 16, 0], "rotation": 90, "texture": "#0"}
			}
		},
		{
			"from": [2, -0.5625, 11.5],
			"to": [4.75, 2.1875, 14.25],
			"faces": {
				"north": {"uv": [16, 0, 0, 16], "texture": "#0"},
				"east": {"uv": [16, 0, 0, 16], "texture": "#0"},
				"south": {"uv": [16, 0, 0, 16], "texture": "#0"},
				"west": {"uv": [16, 0, 0, 16], "texture": "#0"}
			}
		},
		{
			"from": [2, 2.1875, 11.5],
			"to": [4.75, 3.4375, 14.25],
			"faces": {
				"north": {"uv": [16, 8, 0, 16], "texture": "#0"},
				"east": {"uv": [16, 8, 0, 16], "texture": "#0"},
				"south": {"uv": [16, 8, 0, 16], "texture": "#0"},
				"west": {"uv": [16, 8, 0, 16], "texture": "#0"},
				"up": {"uv": [0, 16, 16, 0], "rotation": 90, "texture": "#0"}
			}
		},
		{
			"from": [11.75, -0.4375, 0.625],
			"to": [14.5, 2.4375, 3.375],
			"faces": {
				"north": {"uv": [0, 0, 16, 16], "texture": "#0"},
				"east": {"uv": [0, 0, 16, 16], "texture": "#0"},
				"south": {"uv": [0, 0, 16, 16], "texture": "#0"},
				"west": {"uv": [0, 0, 16, 16], "texture": "#0"},
				"up": {"uv": [0, 0, 16, 16], "texture": "#0"}
			}
		},
		{
			"from": [10.875, -0.9375, 4.75],
			"to": [13.625, 1.9375, 7.5],
			"faces": {
				"north": {"uv": [12, 16, 0, 4], "texture": "#0"},
				"east": {"uv": [12, 16, 0, 4], "texture": "#0"},
				"south": {"uv": [12, 16, 0, 4], "texture": "#0"},
				"west": {"uv": [12, 16, 0, 4], "texture": "#0"},
				"up": {"uv": [12, 16, 0, 4], "texture": "#0"}
			}
		},
		{
			"from": [1.34375, 0.5625, 1.71875],
			"to": [4.09375, 1.9375, 4.5],
			"rotation": {"angle": 0, "axis": "y", "origin": [7.96875, 8, 8]},
			"faces": {
				"north": {"uv": [16, 16, 0, 10], "texture": "#0"},
				"east": {"uv": [16, 11, 0, 2.5], "texture": "#0"},
				"south": {"uv": [16, 11, 0, 2.5], "texture": "#0"},
				"up": {"uv": [16, 16, 0, 0], "rotation": 90, "texture": "#0"}
			}
		},
		{
			"from": [12.75, 0.5625, 2.5],
			"to": [15.5, 2.9375, 5.25],
			"faces": {
				"north": {"uv": [16, 16, 0, 3.5], "texture": "#0"},
				"east": {"uv": [16, 16, 0, 3.5], "texture": "#0"},
				"south": {"uv": [16, 16, 0, 3.5], "texture": "#0"},
				"west": {"uv": [16, 16, 0, 10], "texture": "#0"},
				"up": {"uv": [16, 16, 0, 0], "rotation": 90, "texture": "#0"}
			}
		},
		{
			"from": [1.5, -0.9375, 8.78125],
			"to": [4.25, 1.8125, 11.53125],
			"rotation": {"angle": 0, "axis": "y", "origin": [8, 8, 8.03125]},
			"faces": {
				"north": {"uv": [16, 0, 0, 16], "texture": "#0"},
				"east": {"uv": [16, 0, 0, 16], "texture": "#0"},
				"south": {"uv": [16, 0, 0, 16], "texture": "#0"},
				"west": {"uv": [16, 0, 0, 16], "texture": "#0"},
				"up": {"uv": [0, 16, 16, 0], "rotation": 90, "texture": "#0"}
			}
		},
		{
			"from": [4.25, -0.9375, 10.625],
			"to": [7, 0.9375, 13.375],
			"faces": {
				"north": {"uv": [16, 5.5, 0, 16], "texture": "#0"},
				"east": {"uv": [16, 5.5, 0, 16], "texture": "#0"},
				"south": {"uv": [16, 0, 0, 16], "texture": "#0"},
				"up": {"uv": [0, 16, 16, 0], "rotation": 90, "texture": "#0"}
			}
		},
		{
			"from": [-1.25, 6.0625, 15.71875],
			"to": [1.5, 8.8125, 18.5],
			"faces": {
				"north": {"uv": [16, 0, 0, 16], "texture": "#3"},
				"east": {"uv": [16, 0, 0, 16], "texture": "#3"},
				"south": {"uv": [16, 0, 0, 16], "texture": "#3"},
				"west": {"uv": [16, 0, 0, 16], "texture": "#3"},
				"down": {"uv": [0, 16, 16, 0], "rotation": 270, "texture": "#3"}
			}
		},
		{
			"from": [-1.25, 8.8125, 15.71875],
			"to": [1.5, 11.5625, 18.5],
			"faces": {
				"north": {"uv": [16, 0, 0, 16], "texture": "#0"},
				"south": {"uv": [16, 0, 0, 16], "texture": "#0"},
				"west": {"uv": [16, 0, 0, 16], "texture": "#0"}
			}
		},
		{
			"from": [15, 8.8125, 15.71875],
			"to": [17.75, 11.59375, 18.5],
			"faces": {
				"north": {"uv": [16, 0, 0, 16], "texture": "#3"},
				"east": {"uv": [16, 0, 0, 16], "texture": "#3"},
				"south": {"uv": [16, 0, 0, 16], "texture": "#3"},
				"west": {"uv": [16, 0, 0, 16], "texture": "#3"},
				"up": {"uv": [0, 16, 16, 0], "rotation": 90, "texture": "#3"}
			}
		},
		{
			"from": [-1.25, 11.5625, 15.6875],
			"to": [1.5625, 14.21875, 18.5],
			"faces": {
				"north": {"uv": [16, 0, 0, 16], "texture": "#0"},
				"east": {"uv": [16, 0, 0, 16], "texture": "#0"},
				"south": {"uv": [16, 0, 0, 16], "texture": "#0"},
				"west": {"uv": [16, 0, 0, 16], "texture": "#0"},
				"up": {"uv": [0, 16, 16, 0], "rotation": 90, "texture": "#0"}
			}
		},
		{
			"from": [15.4375, 11.0625, 15.75],
			"to": [18.1875, 13.8125, 18],
			"rotation": {"angle": 0, "axis": "y", "origin": [7.9375, 8, 8]},
			"faces": {
				"east": {"uv": [12, 0, 0, 16], "texture": "#0"},
				"south": {"uv": [16, 0, 0, 16], "texture": "#0"},
				"up": {"uv": [16, 0, 0, 12], "texture": "#0"},
				"down": {"uv": [16, 0, 0, 12], "texture": "#0"}
			}
		},
		{
			"from": [9.96875, 6.0625, 16.25],
			"to": [12.75, 8.8125, 19],
			"faces": {
				"north": {"uv": [16, 0, 0, 16], "texture": "#2"},
				"south": {"uv": [16, 0, 0, 16], "texture": "#2"},
				"west": {"uv": [16, 0, 0, 16], "texture": "#2"},
				"up": {"uv": [0, 16, 16, 0], "rotation": 90, "texture": "#2"}
			}
		},
		{
			"from": [16, 3.3125, 15.78125],
			"to": [18.75, 6.0625, 18.53125],
			"rotation": {"angle": 0, "axis": "y", "origin": [8, 8, 8.03125]},
			"faces": {
				"north": {"uv": [16, 0, 0, 16], "texture": "#0"},
				"east": {"uv": [16, 0, 0, 16], "texture": "#0"},
				"south": {"uv": [16, 0, 0, 16], "texture": "#0"},
				"west": {"uv": [16, 0, 0, 16], "texture": "#0"},
				"up": {"uv": [0, 16, 16, 0], "rotation": 90, "texture": "#0"},
				"down": {"uv": [0, 16, 16, 0], "rotation": 270, "texture": "#0"}
			}
		},
		{
			"from": [12.75, 3.3125, 16.25],
			"to": [15.5, 6.0625, 19],
			"faces": {
				"north": {"uv": [16, 0, 0, 16], "texture": "#0"},
				"east": {"uv": [16, 0, 0, 16], "texture": "#0"},
				"south": {"uv": [16, 0, 0, 16], "texture": "#0"}
			}
		},
		{
			"from": [12.75, 8.75, 15.25],
			"to": [15.5, 11.5625, 18],
			"faces": {
				"north": {"uv": [16, 0, 0, 16], "texture": "#0"},
				"east": {"uv": [16, 0, 0, 16], "texture": "#0"},
				"south": {"uv": [16, 0, 0, 16], "texture": "#0"},
				"west": {"uv": [16, 0, 0, 16], "texture": "#0"},
				"up": {"uv": [0, 16, 16, 0], "rotation": 90, "texture": "#0"},
				"down": {"uv": [0, 16, 16, 0], "rotation": 270, "texture": "#0"}
			}
		},
		{
			"from": [4.21875, 3.3125, 16.25],
			"to": [7, 6.0625, 19],
			"faces": {
				"north": {"uv": [16, 0, 0, 16], "texture": "#7"},
				"east": {"uv": [16, 0, 0, 16], "texture": "#7"},
				"south": {"uv": [16, 0, 0, 16], "texture": "#7"},
				"up": {"uv": [0, 16, 16, 0], "rotation": 90, "texture": "#7"},
				"down": {"uv": [0, 16, 16, 0], "rotation": 270, "texture": "#7"}
			}
		},
		{
			"from": [4.25, 8.8125, 16.25],
			"to": [7, 11.5625, 19],
			"faces": {
				"north": {"uv": [16, 0, 0, 16], "texture": "#7"},
				"east": {"uv": [16, 0, 0, 16], "texture": "#7"},
				"south": {"uv": [16, 0, 0, 16], "texture": "#7"},
				"west": {"uv": [16, 0, 0, 16], "texture": "#7"},
				"up": {"uv": [0, 16, 16, 0], "rotation": 90, "texture": "#7"},
				"down": {"uv": [0, 16, 16, 0], "rotation": 270, "texture": "#7"}
			}
		},
		{
			"from": [4.21875, 11.53125, 15.75],
			"to": [7.03125, 14.3125, 18.5],
			"faces": {
				"north": {"uv": [16, 0, 0, 16], "texture": "#0"},
				"east": {"uv": [16, 0, 0, 16], "texture": "#0"},
				"south": {"uv": [16, 0, 0, 16], "texture": "#0"},
				"west": {"uv": [16, 0, 0, 16], "texture": "#0"},
				"up": {"uv": [0, 16, 16, 0], "rotation": 90, "texture": "#0"},
				"down": {"uv": [0, 16, 16, 0], "rotation": 270, "texture": "#0"}
			}
		},
		{
			"from": [1.4375, 11.5, 16.25],
			"to": [4.25, 14.3125, 19],
			"faces": {
				"north": {"uv": [16, 0, 0, 16], "texture": "#6"},
				"east": {"uv": [16, 0, 0, 16], "texture": "#6"},
				"south": {"uv": [16, 0, 0, 16], "texture": "#6"},
				"west": {"uv": [16, 0, 0, 16], "texture": "#6"},
				"up": {"uv": [0, 16, 16, 0], "rotation": 90, "texture": "#6"},
				"down": {"uv": [0, 16, 16, 0], "rotation": 270, "texture": "#6"}
			}
		},
		{
			"from": [9.96875, 11.5625, 16.25],
			"to": [12.75, 14.3125, 19],
			"faces": {
				"north": {"uv": [16, 0, 0, 16], "texture": "#7"},
				"east": {"uv": [16, 0, 0, 16], "texture": "#7"},
				"south": {"uv": [16, 0, 0, 16], "texture": "#7"},
				"west": {"uv": [16, 0, 0, 16], "texture": "#7"},
				"up": {"uv": [0, 16, 16, 0], "rotation": 90, "texture": "#7"},
				"down": {"uv": [0, 16, 16, 0], "rotation": 270, "texture": "#7"}
			}
		},
		{
			"from": [12.6875, 11.53125, 15.75],
			"to": [15.5, 14.375, 18.53125],
			"faces": {
				"north": {"uv": [16, 0, 0, 16], "texture": "#4"},
				"east": {"uv": [16, 0, 0, 16], "texture": "#4"},
				"south": {"uv": [16, 0, 0, 16], "texture": "#4"},
				"west": {"uv": [16, 0, 0, 16], "texture": "#4"},
				"up": {"uv": [0, 16, 16, 0], "rotation": 90, "texture": "#4"},
				"down": {"uv": [0, 16, 16, 0], "rotation": 270, "texture": "#4"}
			}
		},
		{
			"from": [1.4375, 3.25, 16.21875],
			"to": [4.3125, 6.0625, 19.09375],
			"faces": {
				"north": {"uv": [16, 0, 0, 16], "texture": "#4"},
				"east": {"uv": [16, 0, 0, 16], "texture": "#3"},
				"south": {"uv": [16, 0, 0, 16], "texture": "#4"},
				"west": {"uv": [16, 0, 0, 16], "texture": "#4"},
				"down": {"uv": [0, 16, 16, 0], "rotation": 270, "texture": "#4"}
			}
		},
		{
			"from": [1.5, 8.78125, 15.75],
			"to": [4.28125, 11.5625, 18.5],
			"faces": {
				"north": {"uv": [16, 0, 0, 16], "texture": "#4"},
				"east": {"uv": [16, 0, 0, 16], "texture": "#4"},
				"south": {"uv": [16, 0, 0, 16], "texture": "#4"},
				"up": {"uv": [0, 16, 16, 0], "rotation": 90, "texture": "#4"},
				"down": {"uv": [0, 16, 16, 0], "rotation": 270, "texture": "#4"}
			}
		},
		{
			"from": [15.5, 0.5625, 7.21875],
			"to": [18.5, 3.5625, 10.28125],
			"faces": {
				"north": {"uv": [16, 0, 0, 16], "texture": "#4"},
				"east": {"uv": [16, 0, 0, 16], "texture": "#4"},
				"south": {"uv": [16, 0, 0, 16], "texture": "#4"},
				"west": {"uv": [16, 0, 0, 16], "texture": "#4"},
				"up": {"uv": [0, 16, 16, 0], "rotation": 90, "texture": "#4"}
			}
		},
		{
			"from": [-1.5, 0.5625, 7.21875],
			"to": [1.5, 3.5625, 10.25],
			"faces": {
				"north": {"uv": [16, 0, 0, 16], "texture": "#0"},
				"east": {"uv": [16, 0, 0, 16], "texture": "#0"},
				"south": {"uv": [16, 0, 0, 16], "texture": "#0"},
				"west": {"uv": [16, 0, 0, 16], "texture": "#0"}
			}
		},
		{
			"from": [6.96875, 0.5625, 15.75],
			"to": [10, 3.5625, 18.75],
			"faces": {
				"north": {"uv": [16, 0, 0, 16], "texture": "#4"},
				"east": {"uv": [16, 0, 0, 16], "texture": "#4"},
				"south": {"uv": [16, 0, 0, 16], "texture": "#4"},
				"west": {"uv": [16, 0, 0, 16], "texture": "#4"}
			}
		},
		{
			"from": [-1.75, 3.3125, 15.75],
			"to": [1, 6.125, 18.5625],
			"faces": {
				"east": {"uv": [16, 0, 0, 16], "texture": "#2"},
				"south": {"uv": [16, 0, 0, 16], "texture": "#2"},
				"west": {"uv": [16, 0, 0, 16], "texture": "#2"},
				"up": {"uv": [0, 16, 16, 0], "rotation": 90, "texture": "#2"},
				"down": {"uv": [0, 16, 16, 0], "rotation": 270, "texture": "#2"}
			}
		},
		{
			"from": [9.96875, 3.3125, 16.25],
			"to": [12.75, 6.0625, 19],
			"faces": {
				"north": {"uv": [16, 0, 0, 16], "texture": "#2"},
				"south": {"uv": [16, 0, 0, 16], "texture": "#2"},
				"west": {"uv": [16, 0, 0, 16], "texture": "#2"},
				"down": {"uv": [0, 16, 16, 0], "rotation": 270, "texture": "#2"}
			}
		},
		{
			"from": [15.4375, 6, 15.71875],
			"to": [18.25, 8.8125, 18.5],
			"faces": {
				"north": {"uv": [16, 0, 0, 16], "texture": "#7"},
				"east": {"uv": [16, 0, 0, 16], "texture": "#7"},
				"south": {"uv": [16, 0, 0, 16], "texture": "#7"},
				"west": {"uv": [16, 0, 0, 16], "texture": "#7"},
				"up": {"uv": [0, 16, 16, 0], "rotation": 90, "texture": "#7"},
				"down": {"uv": [0, 16, 16, 0], "rotation": 270, "texture": "#7"}
			}
		},
		{
			"from": [4.21875, 6.03125, 15.75],
			"to": [7.03125, 8.84375, 18.5],
			"faces": {
				"north": {"uv": [16, 0, 0, 16], "texture": "#0"},
				"east": {"uv": [16, 0, 0, 16], "texture": "#0"},
				"south": {"uv": [16, 0, 0, 16], "texture": "#0"},
				"west": {"uv": [16, 0, 0, 16], "texture": "#0"},
				"up": {"uv": [0, 16, 16, 0], "rotation": 90, "texture": "#0"},
				"down": {"uv": [0, 16, 16, 0], "rotation": 270, "texture": "#0"}
			}
		},
		{
			"from": [1.46875, 6.0625, 16.25],
			"to": [4.25, 8.8125, 19],
			"faces": {
				"north": {"uv": [16, 0, 0, 16], "texture": "#7"},
				"east": {"uv": [16, 0, 0, 16], "texture": "#7"},
				"south": {"uv": [16, 0, 0, 16], "texture": "#7"},
				"west": {"uv": [16, 0, 0, 16], "texture": "#7"},
				"up": {"uv": [0, 16, 16, 0], "rotation": 90, "texture": "#7"}
			}
		},
		{
			"from": [12.75, 0.5, 16.25],
			"to": [15.5, 3.3125, 19],
			"faces": {
				"north": {"uv": [16, 0, 0, 16], "texture": "#7"},
				"east": {"uv": [16, 0, 0, 16], "texture": "#7"},
				"south": {"uv": [16, 0, 0, 16], "texture": "#7"},
				"west": {"uv": [16, 0, 0, 16], "texture": "#7"},
				"down": {"uv": [0, 16, 16, 0], "rotation": 270, "texture": "#7"}
			}
		},
		{
			"from": [16, 3.53125, 7.21875],
			"to": [19, 6.5625, 10.28125],
			"faces": {
				"north": {"uv": [16, 0, 0, 16], "texture": "#6"},
				"east": {"uv": [16, 0, 0, 16], "texture": "#6"},
				"south": {"uv": [16, 0, 0, 16], "texture": "#6"},
				"west": {"uv": [16, 0, 0, 16], "texture": "#6"},
				"up": {"uv": [0, 16, 16, 0], "rotation": 90, "texture": "#6"},
				"down": {"uv": [0, 16, 16, 0], "rotation": 270, "texture": "#6"}
			}
		},
		{
			"from": [-1.5, 3.5625, 7.21875],
			"to": [1.5, 6.5625, 10.25],
			"faces": {
				"north": {"uv": [16, 0, 0, 16], "texture": "#0"},
				"east": {"uv": [16, 0, 0, 16], "texture": "#0"},
				"south": {"uv": [16, 0, 0, 16], "texture": "#0"},
				"west": {"uv": [16, 0, 0, 16], "texture": "#0"}
			}
		},
		{
			"from": [6.9375, 3.5625, 15.75],
			"to": [10.03125, 6.59375, 18.75],
			"faces": {
				"north": {"uv": [16, 0, 0, 16], "texture": "#6"},
				"east": {"uv": [16, 0, 0, 16], "texture": "#6"},
				"south": {"uv": [16, 0, 0, 16], "texture": "#6"},
				"west": {"uv": [16, 0, 0, 16], "texture": "#6"},
				"up": {"uv": [0, 16, 16, 0], "rotation": 90, "texture": "#6"}
			}
		},
		{
			"from": [12.75, 6.0625, 16.25],
			"to": [15.5, 8.8125, 19],
			"faces": {
				"north": {"uv": [16, 0, 0, 16], "texture": "#6"},
				"east": {"uv": [16, 0, 0, 16], "texture": "#6"},
				"south": {"uv": [16, 0, 0, 16], "texture": "#6"},
				"up": {"uv": [0, 16, 16, 0], "rotation": 90, "texture": "#6"}
			}
		},
		{
			"from": [-1.75, 0.5, 10.21875],
			"to": [1, 3.34375, 13],
			"faces": {
				"north": {"uv": [0, 0, 16, 16], "texture": "#2"},
				"east": {"uv": [0, 0, 16, 16], "texture": "#2"},
				"south": {"uv": [0, 0, 16, 16], "texture": "#2"},
				"west": {"uv": [0, 0, 16, 16], "texture": "#2"},
				"up": {"uv": [0, 0, 16, 16], "rotation": 90, "texture": "#2"},
				"down": {"uv": [0, 0, 16, 16], "rotation": 270, "texture": "#2"}
			}
		},
		{
			"from": [15.5, 0.5625, 10.21875],
			"to": [18.25, 3.34375, 13],
			"faces": {
				"east": {"uv": [16, 0, 0, 16], "texture": "#0"},
				"south": {"uv": [16, 0, 0, 16], "texture": "#0"},
				"west": {"uv": [16, 0, 0, 16], "texture": "#0"},
				"up": {"uv": [0, 16, 16, 0], "rotation": 90, "texture": "#0"}
			}
		},
		{
			"from": [-1.6875, 6.0625, 10.21875],
			"to": [1, 8.8125, 13],
			"faces": {
				"north": {"uv": [16, 0, 0, 16], "texture": "#0"},
				"east": {"uv": [16, 0, 0, 16], "texture": "#0"},
				"south": {"uv": [16, 0, 0, 16], "texture": "#0"},
				"west": {"uv": [16, 0, 0, 16], "texture": "#0"},
				"up": {"uv": [0, 16, 16, 0], "rotation": 90, "texture": "#0"},
				"down": {"uv": [0, 16, 16, 0], "rotation": 270, "texture": "#0"}
			}
		},
		{
			"from": [-0.75, 8.78125, 10.21875],
			"to": [2, 11.59375, 13.03125],
			"faces": {
				"north": {"uv": [16, 0, 0, 16], "texture": "#0"},
				"east": {"uv": [16, 0, 0, 16], "texture": "#0"},
				"south": {"uv": [16, 0, 0, 16], "texture": "#0"},
				"west": {"uv": [16, 0, 0, 16], "texture": "#0"},
				"up": {"uv": [0, 16, 16, 0], "rotation": 90, "texture": "#0"},
				"down": {"uv": [0, 16, 16, 0], "rotation": 270, "texture": "#0"}
			}
		},
		{
			"from": [16, 8.8125, 10.1875],
			"to": [18.75, 11.5625, 13],
			"faces": {
				"north": {"uv": [16, 0, 0, 16], "texture": "#6"},
				"east": {"uv": [16, 0, 0, 16], "texture": "#6"},
				"west": {"uv": [16, 0, 0, 16], "texture": "#6"},
				"up": {"uv": [0, 16, 16, 0], "rotation": 90, "texture": "#6"},
				"down": {"uv": [0, 16, 16, 0], "rotation": 270, "texture": "#6"}
			}
		},
		{
			"from": [-1.75, 11.5625, 10.21875],
			"to": [1, 14.3125, 13],
			"faces": {
				"north": {"uv": [16, 0, 0, 16], "texture": "#6"},
				"east": {"uv": [16, 0, 0, 16], "texture": "#6"},
				"west": {"uv": [16, 0, 0, 16], "texture": "#6"},
				"up": {"uv": [0, 16, 16, 0], "rotation": 90, "texture": "#6"},
				"down": {"uv": [0, 16, 16, 0], "rotation": 270, "texture": "#6"}
			}
		},
		{
			"from": [15.5, 11.53125, 10.25],
			"to": [18.25, 14.28125, 13],
			"rotation": {"angle": 0, "axis": "y", "origin": [8, 7.96875, 8]},
			"faces": {
				"east": {"uv": [16, 0, 0, 16], "texture": "#2"},
				"west": {"uv": [16, 0, 0, 16], "texture": "#2"},
				"up": {"uv": [0, 16, 16, 0], "rotation": 90, "texture": "#2"},
				"down": {"uv": [0, 16, 16, 0], "rotation": 270, "texture": "#2"}
			}
		},
		{
			"from": [16, 3.3125, 10.25],
			"to": [18.75, 6.09375, 13.03125],
			"faces": {
				"north": {"uv": [16, 0, 0, 16], "texture": "#2"},
				"east": {"uv": [16, 0, 0, 16], "texture": "#2"},
				"south": {"uv": [16, 0, 0, 16], "texture": "#2"},
				"west": {"uv": [16, 0, 0, 16], "texture": "#2"},
				"up": {"uv": [0, 16, 16, 0], "rotation": 90, "texture": "#2"},
				"down": {"uv": [0, 16, 16, 0], "rotation": 270, "texture": "#2"}
			}
		},
		{
			"from": [-1.25, 3.3125, 10.21875],
			"to": [1.5, 6.09375, 13.03125],
			"faces": {
				"east": {"uv": [16, 0, 0, 16], "texture": "#4"},
				"south": {"uv": [16, 0, 0, 16], "texture": "#4"},
				"west": {"uv": [16, 0, 0, 16], "texture": "#4"},
				"up": {"uv": [0, 16, 16, 0], "rotation": 90, "texture": "#4"},
				"down": {"uv": [0, 16, 16, 0], "rotation": 270, "texture": "#4"}
			}
		},
		{
			"from": [15.5, 6.0625, 10.21875],
			"to": [18.25, 8.84375, 13],
			"faces": {
				"north": {"uv": [16, 0, 0, 16], "texture": "#4"},
				"east": {"uv": [16, 0, 0, 16], "texture": "#4"},
				"south": {"uv": [16, 0, 0, 16], "texture": "#4"},
				"west": {"uv": [16, 0, 0, 16], "texture": "#4"},
				"up": {"uv": [0, 16, 16, 0], "rotation": 90, "texture": "#4"},
				"down": {"uv": [0, 16, 16, 0], "rotation": 270, "texture": "#4"}
			}
		},
		{
			"from": [-1.28125, 0.5625, 1.75],
			"to": [1.625, 3.4375, 4.53125],
			"faces": {
				"north": {"uv": [16, 0, 0, 16], "texture": "#0"},
				"east": {"uv": [0, 0, 16, 16], "texture": "#0"},
				"south": {"uv": [0, 0, 16, 16], "texture": "#0"},
				"west": {"uv": [0, 0, 16, 16], "texture": "#0"},
				"up": {"uv": [16, 0, 0, 16], "texture": "#0"}
			}
		},
		{
			"from": [16, 0.53125, 1.71875],
			"to": [18.75, 3.375, 4.53125],
			"faces": {
				"east": {"uv": [16, 0, 0, 16], "texture": "#2"},
				"south": {"uv": [16, 0, 0, 16], "texture": "#2"},
				"west": {"uv": [16, 0, 0, 16], "texture": "#2"},
				"up": {"uv": [0, 16, 16, 0], "rotation": 90, "texture": "#2"},
				"down": {"uv": [0, 16, 16, 0], "rotation": 270, "texture": "#2"}
			}
		},
		{
			"from": [15.5, 3.3125, 1.75],
			"to": [18.25, 6.0625, 4.5],
			"faces": {
				"east": {"uv": [16, 0, 0, 16], "texture": "#4"},
				"west": {"uv": [16, 0, 0, 16], "texture": "#4"},
				"down": {"uv": [0, 16, 16, 0], "rotation": 270, "texture": "#4"}
			}
		},
		{
			"from": [-1.25, 6.0625, 1.75],
			"to": [1.5, 8.84375, 4.53125],
			"faces": {
				"east": {"uv": [16, 0, 0, 16], "texture": "#0"},
				"south": {"uv": [16, 0, 0, 16], "texture": "#0"},
				"west": {"uv": [16, 0, 0, 16], "texture": "#0"},
				"up": {"uv": [0, 16, 16, 0], "rotation": 90, "texture": "#0"}
			}
		},
		{
			"from": [-1.3125, 3.3125, 1.6875],
			"to": [1.4375, 6.1875, 4.5],
			"rotation": {"angle": 0, "axis": "y", "origin": [7.9375, 8, 7.9375]},
			"faces": {
				"north": {"uv": [16, 0, 0, 16], "texture": "#4"},
				"east": {"uv": [16, 0, 0, 16], "texture": "#4"},
				"south": {"uv": [16, 0, 0, 16], "texture": "#4"},
				"west": {"uv": [16, 0, 0, 16], "texture": "#4"},
				"up": {"uv": [16, 0, 0, 16], "texture": "#3"}
			}
		},
		{
			"from": [-1.75, 8.8125, 1.75],
			"to": [1, 11.5625, 4.5],
			"faces": {
				"east": {"uv": [16, 0, 0, 16], "texture": "#4"},
				"south": {"uv": [16, 0, 0, 16], "texture": "#4"},
				"west": {"uv": [16, 0, 0, 16], "texture": "#4"},
				"up": {"uv": [0, 16, 16, 0], "rotation": 90, "texture": "#4"},
				"down": {"uv": [0, 16, 16, 0], "rotation": 270, "texture": "#4"}
			}
		},
		{
			"from": [15.5, 8.8125, 1.75],
			"to": [18.25, 11.5625, 4.53125],
			"faces": {
				"east": {"uv": [16, 0, 0, 16], "texture": "#4"},
				"south": {"uv": [16, 0, 0, 16], "texture": "#4"},
				"west": {"uv": [16, 0, 0, 16], "texture": "#4"},
				"up": {"uv": [0, 16, 16, 0], "rotation": 90, "texture": "#4"}
			}
		},
		{
			"from": [-0.75, 11.0625, 1.71875],
			"to": [2, 13.8125, 4.51563],
			"faces": {
				"north": {"uv": [16, 0, 0, 16], "texture": "#0"},
				"east": {"uv": [16, 0, 0, 16], "texture": "#0"},
				"south": {"uv": [16, 0, 0, 16], "texture": "#0"},
				"west": {"uv": [16, 0, 0, 16], "texture": "#0"},
				"up": {"uv": [0, 16, 16, 0], "rotation": 90, "texture": "#0"},
				"down": {"uv": [0, 16, 16, 0], "rotation": 270, "texture": "#0"}
			}
		},
		{
			"from": [14.5, 11.03125, 1.71875],
			"to": [17.25, 13.8125, 4.5625],
			"faces": {
				"north": {"uv": [16, 0, 0, 16], "texture": "#3"},
				"east": {"uv": [16, 0, 0, 16], "texture": "#3"},
				"south": {"uv": [16, 0, 0, 16], "texture": "#3"},
				"west": {"uv": [16, 0, 0, 16], "texture": "#3"},
				"up": {"uv": [0, 16, 16, 0], "rotation": 90, "texture": "#3"},
				"down": {"uv": [0, 16, 16, 0], "rotation": 270, "texture": "#3"}
			}
		},
		{
			"from": [15.5, 6.0625, 1.75],
			"to": [18.25, 8.8125, 4.53125],
			"faces": {
				"east": {"uv": [16, 0, 0, 16], "texture": "#4"},
				"south": {"uv": [16, 0, 0, 16], "texture": "#4"},
				"west": {"uv": [16, 0, 0, 16], "texture": "#4"}
			}
		},
		{
			"from": [-1.75, 0.53125, 4.5],
			"to": [1, 3.3125, 7.25],
			"faces": {
				"north": {"uv": [0, 0, 16, 16], "texture": "#4"},
				"east": {"uv": [0, 0, 16, 16], "texture": "#4"},
				"south": {"uv": [0, 0, 16, 16], "texture": "#4"},
				"west": {"uv": [0, 0, 16, 16], "texture": "#4"},
				"up": {"uv": [0, 0, 16, 16], "rotation": 90, "texture": "#4"},
				"down": {"uv": [0, 0, 16, 16], "rotation": 270, "texture": "#4"}
			}
		},
		{
			"from": [15, 0.5625, 4.5],
			"to": [17.75, 3.3125, 7.25],
			"faces": {
				"north": {"uv": [16, 0, 0, 16], "texture": "#7"},
				"east": {"uv": [16, 0, 0, 16], "texture": "#7"},
				"south": {"uv": [16, 0, 0, 16], "texture": "#7"},
				"west": {"uv": [16, 0, 0, 16], "texture": "#7"},
				"up": {"uv": [0, 16, 16, 0], "rotation": 90, "texture": "#7"}
			}
		},
		{
			"from": [-1.75, 6, 4.5],
			"to": [1, 8.8125, 7.28125],
			"faces": {
				"north": {"uv": [16, 0, 0, 16], "texture": "#4"},
				"east": {"uv": [16, 0, 0, 16], "texture": "#4"},
				"south": {"uv": [16, 0, 0, 16], "texture": "#4"},
				"west": {"uv": [16, 0, 0, 16], "texture": "#4"},
				"up": {"uv": [0, 16, 16, 0], "rotation": 90, "texture": "#4"},
				"down": {"uv": [0, 16, 16, 0], "rotation": 270, "texture": "#4"}
			}
		},
		{
			"from": [15.5, 3.28125, 4.5],
			"to": [18.25, 6.0625, 7.25],
			"faces": {
				"east": {"uv": [16, 0, 0, 16], "texture": "#0"},
				"south": {"uv": [16, 0, 0, 16], "texture": "#0"},
				"west": {"uv": [16, 0, 0, 16], "texture": "#0"},
				"up": {"uv": [0, 16, 16, 0], "rotation": 90, "texture": "#0"},
				"down": {"uv": [0, 16, 16, 0], "rotation": 270, "texture": "#0"}
			}
		},
		{
			"from": [-0.75, 3.28125, 4.40625],
			"to": [2, 6.0625, 7.25],
			"faces": {
				"north": {"uv": [16, 0, 0, 16], "texture": "#7"},
				"east": {"uv": [16, 0, 0, 16], "texture": "#7"},
				"south": {"uv": [16, 0, 0, 16], "texture": "#7"},
				"west": {"uv": [16, 0, 0, 16], "texture": "#7"},
				"up": {"uv": [0, 16, 16, 0], "rotation": 90, "texture": "#7"},
				"down": {"uv": [0, 16, 16, 0], "rotation": 270, "texture": "#7"}
			}
		},
		{
			"from": [-1.3125, 8.78125, 4.4375],
			"to": [1.53125, 11.625, 7.34375],
			"faces": {
				"north": {"uv": [16, 0, 0, 16], "texture": "#7"},
				"east": {"uv": [16, 0, 0, 16], "texture": "#7"},
				"south": {"uv": [16, 0, 0, 16], "texture": "#7"},
				"west": {"uv": [16, 0, 0, 16], "texture": "#7"},
				"up": {"uv": [16, 0, 0, 16], "texture": "#7"},
				"down": {"uv": [0, 16, 16, 0], "rotation": 270, "texture": "#7"}
			}
		},
		{
			"from": [15, 8.8125, 4.5],
			"to": [17.75, 11.59375, 7.25],
			"faces": {
				"north": {"uv": [16, 0, 0, 16], "texture": "#0"},
				"east": {"uv": [16, 0, 0, 16], "texture": "#0"},
				"south": {"uv": [16, 0, 0, 16], "texture": "#0"},
				"west": {"uv": [16, 0, 0, 16], "texture": "#0"},
				"up": {"uv": [0, 16, 16, 0], "rotation": 90, "texture": "#0"},
				"down": {"uv": [0, 16, 16, 0], "rotation": 270, "texture": "#0"}
			}
		},
		{
			"from": [-1.25, 11.5625, 4.46875],
			"to": [1.5, 14.3125, 7.28125],
			"faces": {
				"north": {"uv": [16, 0, 0, 16], "texture": "#4"},
				"east": {"uv": [16, 0, 0, 16], "texture": "#4"},
				"south": {"uv": [16, 0, 0, 16], "texture": "#4"},
				"west": {"uv": [16, 0, 0, 16], "texture": "#4"},
				"up": {"uv": [0, 16, 16, 0], "rotation": 90, "texture": "#4"}
			}
		},
		{
			"from": [0.5, 12.5625, 3.96875],
			"to": [3.75, 15.8125, 7.3125],
			"faces": {
				"north": {"uv": [16, 0, 0, 16], "texture": "#0"},
				"east": {"uv": [16, 0, 0, 16], "texture": "#0"},
				"south": {"uv": [16, 0, 0, 16], "texture": "#0"},
				"west": {"uv": [16, 0, 0, 16], "texture": "#0"},
				"up": {"uv": [0, 16, 16, 0], "rotation": 90, "texture": "#0"},
				"down": {"uv": [0, 16, 16, 0], "rotation": 270, "texture": "#0"}
			}
		},
		{
			"from": [1, 13.0625, -1],
			"to": [3.75, 15.8125, 1.75],
			"faces": {
				"north": {"uv": [16, 0, 0, 16], "texture": "#6"},
				"east": {"uv": [16, 0, 0, 16], "texture": "#6"},
				"south": {"uv": [16, 0, 0, 16], "texture": "#6"},
				"west": {"uv": [16, 0, 0, 16], "texture": "#6"},
				"up": {"uv": [0, 16, 16, 0], "rotation": 90, "texture": "#6"},
				"down": {"uv": [0, 16, 16, 0], "rotation": 270, "texture": "#6"}
			}
		},
		{
			"from": [13.25, 13.0625, -0.84375],
			"to": [16, 15.8125, 1.90625],
			"rotation": {"angle": 0, "axis": "y", "origin": [8, 8, 8.15625]},
			"faces": {
				"north": {"uv": [0, 0, 16, 16], "texture": "#0"},
				"east": {"uv": [0, 0, 16, 16], "texture": "#0"},
				"south": {"uv": [0, 0, 16, 16], "texture": "#0"},
				"west": {"uv": [0, 0, 16, 16], "texture": "#0"},
				"up": {"uv": [0, 0, 16, 16], "rotation": 90, "texture": "#0"},
				"down": {"uv": [0, 0, 16, 16], "rotation": 270, "texture": "#0"}
			}
		},
		{
			"from": [10.5, 14.5625, -0.9375],
			"to": [13.28125, 17.28125, 1.78125],
			"faces": {
				"north": {"uv": [0, 0, 16, 16], "texture": "#4"},
				"east": {"uv": [0, 0, 16, 16], "texture": "#4"},
				"south": {"uv": [0, 0, 16, 16], "texture": "#4"},
				"west": {"uv": [0, 0, 16, 16], "texture": "#4"},
				"up": {"uv": [0, 0, 16, 16], "rotation": 90, "texture": "#4"},
				"down": {"uv": [0, 0, 16, 16], "rotation": 270, "texture": "#4"}
			}
		},
		{
			"from": [13.1875, 13.5625, 1.78125],
			"to": [15.9375, 16.3125, 4.53125],
			"rotation": {"angle": 0, "axis": "y", "origin": [7.9375, 8, 8.03125]},
			"faces": {
				"north": {"uv": [0, 0, 16, 16], "texture": "#0"},
				"east": {"uv": [0, 0, 16, 16], "texture": "#0"},
				"south": {"uv": [0, 0, 16, 16], "texture": "#0"},
				"west": {"uv": [0, 0, 16, 16], "texture": "#0"},
				"up": {"uv": [0, 0, 16, 16], "rotation": 90, "texture": "#0"},
				"down": {"uv": [0, 0, 16, 16], "rotation": 270, "texture": "#0"}
			}
		},
		{
			"from": [10.5, 14.5625, 4.5],
			"to": [13.25, 17.3125, 7.25],
			"faces": {
				"south": {"uv": [0, 0, 16, 16], "texture": "#10"},
				"west": {"uv": [0, 0, 16, 16], "texture": "#10"},
				"up": {"uv": [0, 0, 16, 16], "rotation": 90, "texture": "#9"},
				"down": {"uv": [0, 0, 16, 16], "rotation": 270, "texture": "#11"}
			}
		},
		{
			"from": [1.5, 14.0625, 5.5],
			"to": [4.25, 16.8125, 8.25],
			"faces": {
				"north": {"uv": [0, 0, 16, 16], "texture": "#10"},
				"south": {"uv": [0, 0, 16, 16], "texture": "#10"},
				"west": {"uv": [0, 0, 16, 16], "texture": "#10"},
				"up": {"uv": [0, 0, 16, 16], "rotation": 90, "texture": "#9"},
				"down": {"uv": [0, 0, 16, 16], "rotation": 270, "texture": "#11"}
			}
		},
		{
			"from": [1.5, 13.0625, 10],
			"to": [5, 16.5625, 13.5],
			"faces": {
				"north": {"uv": [0, 0, 16, 16], "texture": "#10"},
				"east": {"uv": [0, 0, 16, 16], "texture": "#10"},
				"south": {"uv": [0, 0, 16, 16], "texture": "#10"},
				"west": {"uv": [0, 0, 16, 16], "texture": "#10"},
				"up": {"uv": [0, 0, 16, 16], "rotation": 90, "texture": "#9"},
				"down": {"uv": [0, 0, 16, 16], "rotation": 270, "texture": "#11"}
			}
		},
		{
			"from": [4.25, 14.0625, 13.625],
			"to": [7.0625, 16.8125, 16.375],
			"faces": {
				"north": {"uv": [0, 0, 16, 16], "texture": "#10"},
				"east": {"uv": [0, 0, 16, 16], "texture": "#10"},
				"south": {"uv": [0, 0, 16, 16], "texture": "#10"},
				"west": {"uv": [0, 0, 16, 16], "texture": "#10"},
				"up": {"uv": [0, 0, 16, 16], "rotation": 90, "texture": "#9"},
				"down": {"uv": [0, 0, 16, 16], "rotation": 270, "texture": "#11"}
			}
		},
		{
			"from": [0.875, 12.4375, 13.25],
			"to": [4.375, 15.9375, 16.75],
			"faces": {
				"north": {"uv": [0, 0, 16, 16], "texture": "#4"},
				"east": {"uv": [0, 0, 16, 16], "texture": "#4"},
				"south": {"uv": [0, 0, 16, 16], "texture": "#4"},
				"west": {"uv": [0, 0, 16, 16], "texture": "#4"},
				"up": {"uv": [0, 0, 16, 16], "rotation": 90, "texture": "#4"},
				"down": {"uv": [0, 0, 16, 16], "rotation": 270, "texture": "#4"}
			}
		},
		{
			"from": [7, 14.0625, 12.75],
			"to": [10, 17.0625, 15.75],
			"faces": {
				"north": {"uv": [0, 0, 16, 16], "texture": "#0"},
				"east": {"uv": [0, 0, 16, 16], "texture": "#0"},
				"south": {"uv": [0, 0, 16, 16], "texture": "#0"},
				"west": {"uv": [0, 0, 16, 16], "texture": "#0"},
				"up": {"uv": [0, 0, 16, 16], "rotation": 90, "texture": "#0"},
				"down": {"uv": [0, 0, 16, 16], "rotation": 270, "texture": "#0"}
			}
		},
		{
			"from": [7, 12.53125, 15.71875],
			"to": [10, 15.53125, 18.71875],
			"rotation": {"angle": 0, "axis": "y", "origin": [8, 7.96875, 7.96875]},
			"faces": {
				"north": {"uv": [0, 0, 16, 16], "texture": "#6"},
				"east": {"uv": [0, 0, 16, 16], "texture": "#6"},
				"south": {"uv": [0, 0, 16, 16], "texture": "#6"},
				"west": {"uv": [0, 0, 16, 16], "texture": "#6"},
				"up": {"uv": [0, 0, 16, 16], "rotation": 90, "texture": "#6"},
				"down": {"uv": [0, 0, 16, 16], "rotation": 270, "texture": "#6"}
			}
		},
		{
			"from": [9.96875, 13.0625, 13.75],
			"to": [13, 16.0625, 16.75],
			"faces": {
				"north": {"uv": [0, 0, 16, 16], "texture": "#7"},
				"east": {"uv": [0, 0, 16, 16], "texture": "#7"},
				"south": {"uv": [0, 0, 16, 16], "texture": "#7"},
				"west": {"uv": [0, 0, 16, 16], "texture": "#7"},
				"up": {"uv": [0, 0, 16, 16], "rotation": 90, "texture": "#7"},
				"down": {"uv": [0, 0, 16, 16], "rotation": 270, "texture": "#7"}
			}
		},
		{
			"from": [10, 14.0625, 12.75],
			"to": [12.75, 16.8125, 15.5],
			"faces": {
				"east": {"uv": [0, 0, 16, 16], "texture": "#4"},
				"south": {"uv": [0, 0, 16, 16], "texture": "#4"},
				"up": {"uv": [0, 0, 16, 16], "rotation": 90, "texture": "#4"},
				"down": {"uv": [0, 0, 16, 16], "rotation": 270, "texture": "#4"}
			}
		},
		{
			"from": [12.71875, 13.4375, 12.75],
			"to": [15.5, 16.1875, 15.5625],
			"faces": {
				"north": {"uv": [0, 0, 16, 16], "texture": "#0"},
				"east": {"uv": [0, 0, 16, 16], "texture": "#0"},
				"south": {"uv": [0, 0, 16, 16], "texture": "#0"},
				"west": {"uv": [0, 0, 16, 16], "texture": "#0"},
				"up": {"uv": [0, 0, 16, 16], "rotation": 90, "texture": "#0"},
				"down": {"uv": [0, 0, 16, 16], "rotation": 270, "texture": "#0"}
			}
		},
		{
			"from": [2.75, 12.0625, 0.25],
			"to": [6.25, 15.5625, 3.75],
			"faces": {
				"north": {"uv": [0, 0, 16, 16], "texture": "#12"},
				"east": {"uv": [0, 0, 16, 16], "texture": "#12"},
				"south": {"uv": [0, 0, 16, 16], "texture": "#12"},
				"west": {"uv": [0, 0, 16, 16], "texture": "#12"},
				"up": {"uv": [0, 0, 16, 16], "rotation": 90, "texture": "#12"},
				"down": {"uv": [0, 0, 16, 16], "rotation": 270, "texture": "#12"}
			}
		},
		{
			"from": [11.21875, 11.59375, 8.75],
			"to": [14.71875, 15.09375, 12.25],
			"rotation": {"angle": 0, "axis": "y", "origin": [7.96875, 8.03125, 8]},
			"faces": {
				"north": {"uv": [0, 0, 16, 16], "texture": "#12"},
				"east": {"uv": [0, 0, 16, 16], "texture": "#12"},
				"south": {"uv": [0, 0, 16, 16], "texture": "#12"},
				"west": {"uv": [0, 0, 16, 16], "texture": "#12"},
				"up": {"uv": [0, 0, 16, 16], "rotation": 90, "texture": "#12"},
				"down": {"uv": [0, 0, 16, 16], "rotation": 270, "texture": "#12"}
			}
		},
		{
			"from": [3.25, 10.5625, 0.75],
			"to": [5.75, 13.0625, 3.25],
			"faces": {
				"north": {"uv": [0, 0, 16, 16], "texture": "#12"},
				"east": {"uv": [0, 0, 16, 16], "texture": "#12"},
				"south": {"uv": [0, 0, 16, 16], "texture": "#12"},
				"west": {"uv": [0, 0, 16, 16], "texture": "#12"},
				"down": {"uv": [0, 0, 16, 16], "rotation": 270, "texture": "#12"}
			}
		},
		{
			"from": [11.71875, 10.09375, 9.25],
			"to": [14.21875, 12.59375, 11.75],
			"rotation": {"angle": 0, "axis": "y", "origin": [7.96875, 8.03125, 8]},
			"faces": {
				"north": {"uv": [0, 0, 16, 16], "texture": "#12"},
				"east": {"uv": [0, 0, 16, 16], "texture": "#12"},
				"south": {"uv": [0, 0, 16, 16], "texture": "#12"},
				"west": {"uv": [0, 0, 16, 16], "texture": "#12"},
				"down": {"uv": [0, 0, 16, 16], "rotation": 270, "texture": "#12"}
			}
		},
		{
			"from": [3.75, 9.0625, 1.25],
			"to": [5.25, 11.0625, 2.75],
			"faces": {
				"north": {"uv": [1, 0, 11.5, 16], "texture": "#12"},
				"east": {"uv": [1, 0, 11.5, 16], "texture": "#12"},
				"south": {"uv": [1, 0, 11.5, 16], "texture": "#12"},
				"west": {"uv": [1, 0, 11.5, 16], "texture": "#12"},
				"down": {"uv": [1, 1.5, 15, 15.5], "texture": "#12"}
			}
		},
		{
			"from": [12.21875, 8.59375, 9.75],
			"to": [13.71875, 10.59375, 11.25],
			"rotation": {"angle": 0, "axis": "y", "origin": [7.96875, 8.03125, 8]},
			"faces": {
				"north": {"uv": [1, 0, 11.5, 16], "texture": "#12"},
				"east": {"uv": [1, 0, 11.5, 16], "texture": "#12"},
				"south": {"uv": [1, 0, 11.5, 16], "texture": "#12"},
				"west": {"uv": [1, 0, 11.5, 16], "texture": "#12"},
				"down": {"uv": [1, 1.5, 15, 15.5], "texture": "#12"}
			}
		},
		{
			"from": [13.21875, 14.0625, 7.21875],
			"to": [15.96875, 16.8125, 10],
			"rotation": {"angle": 0, "axis": "y", "origin": [7.96875, 8, 8]},
			"faces": {
				"north": {"uv": [0, 0, 16, 16], "texture": "#0"},
				"east": {"uv": [0, 0, 16, 16], "texture": "#0"},
				"west": {"uv": [0, 0, 16, 16], "texture": "#0"},
				"up": {"uv": [0, 0, 16, 16], "rotation": 90, "texture": "#0"},
				"down": {"uv": [0, 0, 16, 16], "rotation": 270, "texture": "#0"}
			}
		},
		{
			"from": [11.5, 14.0625, 9.75],
			"to": [14.75, 17.3125, 13],
			"faces": {
				"north": {"uv": [0, 0, 16, 16], "texture": "#3"},
				"east": {"uv": [0, 0, 16, 16], "texture": "#3"},
				"south": {"uv": [0, 0, 16, 16], "texture": "#3"},
				"west": {"uv": [0, 0, 16, 16], "texture": "#3"},
				"up": {"uv": [0, 0, 16, 16], "rotation": 90, "texture": "#3"},
				"down": {"uv": [0, 0, 16, 16], "rotation": 270, "texture": "#3"}
			}
		},
		{
			"from": [8.75, 14.0625, 10],
			"to": [11.5, 16.8125, 12.75],
			"faces": {
				"north": {"uv": [0, 0, 16, 16], "texture": "#7"},
				"west": {"uv": [0, 0, 16, 16], "texture": "#7"},
				"up": {"uv": [0, 0, 16, 16], "rotation": 90, "texture": "#7"},
				"down": {"uv": [0, 0, 16, 16], "rotation": 270, "texture": "#7"}
			}
		},
		{
			"from": [4.75, 14.5625, 11],
			"to": [7.5, 17.3125, 13.75],
			"faces": {
				"north": {"uv": [0, 0, 16, 16], "texture": "#0"},
				"east": {"uv": [0, 0, 16, 16], "texture": "#0"},
				"south": {"uv": [0, 0, 16, 16], "texture": "#0"},
				"west": {"uv": [0, 0, 16, 16], "texture": "#0"},
				"up": {"uv": [0, 0, 16, 16], "rotation": 90, "texture": "#0"},
				"down": {"uv": [0, 0, 16, 16], "rotation": 270, "texture": "#0"}
			}
		},
		{
			"from": [10.75, 15.0625, 7],
			"to": [13.5, 17.8125, 9.8125],
			"faces": {
				"north": {"uv": [0, 0, 16, 16], "texture": "#0"},
				"east": {"uv": [0, 0, 16, 16], "texture": "#0"},
				"south": {"uv": [0, 0, 16, 16], "texture": "#0"},
				"west": {"uv": [0, 0, 16, 16], "texture": "#0"},
				"up": {"uv": [0, 0, 16, 16], "rotation": 90, "texture": "#0"},
				"down": {"uv": [0, 0, 16, 16], "rotation": 270, "texture": "#0"}
			}
		},
		{
			"from": [13.28125, 14.1875, 9.90625],
			"to": [16.03125, 16.875, 12.78125],
			"rotation": {"angle": 0, "axis": "y", "origin": [8.03125, 8.0625, 8.03125]},
			"faces": {
				"north": {"uv": [0, 0, 16, 16], "texture": "#10"},
				"east": {"uv": [0, 0, 16, 16], "texture": "#10"},
				"south": {"uv": [0, 0, 16, 16], "texture": "#10"},
				"up": {"uv": [0, 0, 16, 16], "rotation": 90, "texture": "#9"},
				"down": {"uv": [0, 0, 16, 16], "rotation": 270, "texture": "#11"}
			}
		},
		{
			"from": [4, 14.1875, 1.25],
			"to": [7.5625, 17.6875, 4.78125],
			"faces": {
				"north": {"uv": [0, 0, 16, 16], "texture": "#0"},
				"east": {"uv": [0, 0, 16, 16], "texture": "#0"},
				"south": {"uv": [0, 0, 16, 16], "texture": "#0"},
				"west": {"uv": [0, 0, 16, 16], "texture": "#0"},
				"up": {"uv": [0, 0, 16, 16], "rotation": 90, "texture": "#0"},
				"down": {"uv": [0, 0, 16, 16], "rotation": 270, "texture": "#0"}
			}
		},
		{
			"from": [7.5, 14.6875, -0.25],
			"to": [11, 18.1875, 3.25],
			"faces": {
				"north": {"uv": [0, 0, 16, 16], "texture": "#7"},
				"east": {"uv": [0, 0, 16, 16], "texture": "#7"},
				"south": {"uv": [0, 0, 16, 16], "texture": "#7"},
				"west": {"uv": [0, 0, 16, 16], "texture": "#7"},
				"up": {"uv": [0, 0, 16, 16], "rotation": 90, "texture": "#7"},
				"down": {"uv": [0, 0, 16, 16], "rotation": 270, "texture": "#7"}
			}
		},
		{
			"from": [3.5, 13.6875, 4.75],
			"to": [7, 17.1875, 8.25],
			"faces": {
				"north": {"uv": [0, 0, 16, 16], "texture": "#2"},
				"east": {"uv": [0, 0, 16, 16], "texture": "#2"},
				"west": {"uv": [0, 0, 16, 16], "texture": "#2"},
				"up": {"uv": [0, 0, 16, 16], "rotation": 90, "texture": "#2"},
				"down": {"uv": [0, 0, 16, 16], "rotation": 270, "texture": "#2"}
			}
		},
		{
			"from": [3.5, 13.6875, 8.25],
			"to": [7, 17.1875, 11.75],
			"faces": {
				"east": {"uv": [0, 0, 16, 16], "texture": "#6"},
				"south": {"uv": [0, 0, 16, 16], "texture": "#6"},
				"west": {"uv": [0, 0, 16, 16], "texture": "#6"},
				"up": {"uv": [0, 0, 16, 16], "rotation": 90, "texture": "#6"},
				"down": {"uv": [0, 0, 16, 16], "rotation": 270, "texture": "#6"}
			}
		},
		{
			"from": [13.25, 14.5625, 4.5],
			"to": [16, 17.3125, 7.25],
			"faces": {
				"north": {"uv": [0, 0, 16, 16], "texture": "#10"},
				"east": {"uv": [0, 0, 16, 16], "texture": "#10"},
				"south": {"uv": [0, 0, 16, 16], "texture": "#10"},
				"up": {"uv": [0, 0, 16, 16], "rotation": 90, "texture": "#9"},
				"down": {"uv": [0, 0, 16, 16], "rotation": 270, "texture": "#11"}
			}
		},
		{
			"from": [10.5, 14.5625, 1.75],
			"to": [13.25, 17.3125, 4.5],
			"faces": {
				"north": {"uv": [0, 0, 16, 16], "texture": "#10"},
				"east": {"uv": [0, 0, 16, 16], "texture": "#10"},
				"west": {"uv": [0, 0, 16, 16], "texture": "#10"},
				"up": {"uv": [0, 0, 16, 16], "rotation": 90, "texture": "#9"},
				"down": {"uv": [0, 0, 16, 16], "rotation": 270, "texture": "#11"}
			}
		},
		{
			"from": [1.5, 13.5625, 1.6875],
			"to": [4.25, 16.3125, 4.53125],
			"faces": {
				"north": {"uv": [16, 0, 0, 16], "texture": "#2"},
				"east": {"uv": [16, 0, 0, 16], "texture": "#2"},
				"south": {"uv": [16, 0, 0, 16], "texture": "#2"},
				"west": {"uv": [16, 0, 0, 16], "texture": "#2"},
				"up": {"uv": [0, 16, 16, 0], "rotation": 90, "texture": "#2"},
				"down": {"uv": [0, 16, 16, 0], "rotation": 270, "texture": "#2"}
			}
		},
		{
			"from": [16, 11.5625, 4.5],
			"to": [18.75, 14.3125, 7.28125],
			"faces": {
				"north": {"uv": [16, 0, 0, 16], "texture": "#7"},
				"east": {"uv": [16, 0, 0, 16], "texture": "#7"},
				"south": {"uv": [16, 0, 0, 16], "texture": "#7"},
				"west": {"uv": [16, 0, 0, 16], "texture": "#7"},
				"up": {"uv": [0, 16, 16, 0], "rotation": 90, "texture": "#7"},
				"down": {"uv": [0, 16, 16, 0], "rotation": 270, "texture": "#7"}
			}
		},
		{
			"from": [16, 6.03125, 4.46875],
			"to": [18.75, 8.84375, 7.28125],
			"faces": {
				"north": {"uv": [16, 0, 0, 16], "texture": "#7"},
				"east": {"uv": [16, 0, 0, 16], "texture": "#7"},
				"south": {"uv": [16, 0, 0, 16], "texture": "#7"},
				"west": {"uv": [16, 0, 0, 16], "texture": "#7"},
				"up": {"uv": [0, 16, 16, 0], "rotation": 90, "texture": "#7"},
				"down": {"uv": [0, 16, 16, 0], "rotation": 270, "texture": "#7"}
			}
		},
		{
			"from": [-1.25, 0.5625, 12.96875],
			"to": [1.5, 3.375, 15.75],
			"faces": {
				"north": {"uv": [0, 0, 16, 16], "texture": "#6"},
				"east": {"uv": [0, 0, 16, 16], "texture": "#6"},
				"south": {"uv": [0, 0, 16, 16], "texture": "#6"},
				"west": {"uv": [0, 0, 16, 16], "texture": "#6"},
				"up": {"uv": [0, 0, 16, 16], "rotation": 90, "texture": "#6"}
			}
		},
		{
			"from": [16, 0.53125, 12.96875],
			"to": [18.75, 3.3125, 15.78125],
			"faces": {
				"north": {"uv": [16, 0, 0, 16], "texture": "#7"},
				"east": {"uv": [16, 0, 0, 16], "texture": "#7"},
				"south": {"uv": [16, 0, 0, 16], "texture": "#7"},
				"west": {"uv": [16, 0, 0, 16], "texture": "#7"},
				"up": {"uv": [0, 16, 16, 0], "rotation": 90, "texture": "#7"},
				"down": {"uv": [0, 16, 16, 0], "rotation": 270, "texture": "#7"}
			}
		},
		{
			"from": [15, 3.28125, 12.96875],
			"to": [17.75, 6.0625, 15.75],
			"faces": {
				"north": {"uv": [16, 0, 0, 16], "texture": "#0"},
				"east": {"uv": [16, 0, 0, 16], "texture": "#0"},
				"south": {"uv": [16, 0, 0, 16], "texture": "#0"},
				"west": {"uv": [16, 0, 0, 16], "texture": "#0"},
				"down": {"uv": [0, 16, 16, 0], "rotation": 270, "texture": "#0"}
			}
		},
		{
			"from": [-0.75, 6.0625, 12.94531],
			"to": [2, 8.8125, 15.75],
			"faces": {
				"north": {"uv": [16, 0, 0, 16], "texture": "#0"},
				"east": {"uv": [16, 0, 0, 16], "texture": "#0"},
				"south": {"uv": [16, 0, 0, 16], "texture": "#0"},
				"west": {"uv": [16, 0, 0, 16], "texture": "#0"},
				"up": {"uv": [0, 16, 16, 0], "rotation": 90, "texture": "#0"},
				"down": {"uv": [0, 16, 16, 0], "rotation": 270, "texture": "#0"}
			}
		},
		{
			"from": [-1.75, 3.3125, 13],
			"to": [1, 6.09375, 15.75],
			"faces": {
				"north": {"uv": [16, 0, 0, 16], "texture": "#7"},
				"east": {"uv": [16, 0, 0, 16], "texture": "#7"},
				"west": {"uv": [16, 0, 0, 16], "texture": "#7"},
				"up": {"uv": [0, 16, 16, 0], "rotation": 90, "texture": "#7"},
				"down": {"uv": [0, 16, 16, 0], "rotation": 270, "texture": "#7"}
			}
		},
		{
			"from": [-1.75, 8.78125, 12.96875],
			"to": [1, 11.5625, 15.75],
			"faces": {
				"north": {"uv": [16, 0, 0, 16], "texture": "#7"},
				"east": {"uv": [16, 0, 0, 16], "texture": "#7"},
				"south": {"uv": [16, 0, 0, 16], "texture": "#7"},
				"west": {"uv": [16, 0, 0, 16], "texture": "#7"},
				"down": {"uv": [0, 16, 16, 0], "rotation": 270, "texture": "#7"}
			}
		},
		{
			"from": [16, 8.8125, 13],
			"to": [18.75, 11.5625, 15.75],
			"faces": {
				"east": {"uv": [16, 0, 0, 16], "texture": "#0"},
				"south": {"uv": [16, 0, 0, 16], "texture": "#0"},
				"west": {"uv": [16, 0, 0, 16], "texture": "#0"},
				"up": {"uv": [0, 16, 16, 0], "rotation": 90, "texture": "#0"},
				"down": {"uv": [0, 16, 16, 0], "rotation": 270, "texture": "#0"}
			}
		},
		{
			"from": [-1.75, 11.5625, 13],
			"to": [1, 14.3125, 15.75],
			"faces": {
				"east": {"uv": [16, 0, 0, 16], "texture": "#0"},
				"south": {"uv": [16, 0, 0, 16], "texture": "#0"},
				"west": {"uv": [16, 0, 0, 16], "texture": "#0"},
				"up": {"uv": [0, 16, 16, 0], "rotation": 90, "texture": "#0"}
			}
		},
		{
			"from": [15.5, 11.53125, 13],
			"to": [18.25, 14.28125, 15.78125],
			"rotation": {"angle": 0, "axis": "y", "origin": [8, 7.96875, 8]},
			"faces": {
				"east": {"uv": [16, 0, 0, 16], "texture": "#7"},
				"south": {"uv": [16, 0, 0, 16], "texture": "#7"},
				"west": {"uv": [16, 0, 0, 16], "texture": "#7"},
				"up": {"uv": [0, 16, 16, 0], "rotation": 90, "texture": "#7"},
				"down": {"uv": [0, 16, 16, 0], "rotation": 270, "texture": "#7"}
			}
		},
		{
			"from": [15, 6.0625, 12.96875],
			"to": [17.75, 8.84375, 15.75],
			"faces": {
				"north": {"uv": [16, 0, 0, 16], "texture": "#7"},
				"east": {"uv": [16, 0, 0, 16], "texture": "#7"},
				"south": {"uv": [16, 0, 0, 16], "texture": "#7"},
				"west": {"uv": [16, 0, 0, 16], "texture": "#7"},
				"up": {"uv": [0, 16, 16, 0], "rotation": 90, "texture": "#7"}
			}
		},
		{
			"from": [15.5, 6.0625, -1],
			"to": [18.25, 8.8125, 1.75],
			"faces": {
				"north": {"uv": [16, 0, 0, 16], "texture": "#7"},
				"east": {"uv": [16, 0, 0, 16], "texture": "#7"},
				"west": {"uv": [16, 0, 0, 16], "texture": "#7"}
			}
		},
		{
			"from": [15, 6.5, 7.21875],
			"to": [18, 9.5625, 10.25],
			"faces": {
				"north": {"uv": [16, 0, 0, 16], "texture": "#0"},
				"east": {"uv": [16, 0, 0, 16], "texture": "#0"},
				"south": {"uv": [16, 0, 0, 16], "texture": "#0"},
				"west": {"uv": [16, 0, 0, 16], "texture": "#0"},
				"up": {"uv": [0, 16, 16, 0], "rotation": 90, "texture": "#0"},
				"down": {"uv": [0, 16, 16, 0], "rotation": 270, "texture": "#0"}
			}
		},
		{
			"from": [15.5, 9.53125, 7.1875],
			"to": [18.5, 12.5625, 10.28125],
			"faces": {
				"north": {"uv": [16, 0, 0, 16], "texture": "#7"},
				"east": {"uv": [16, 0, 0, 16], "texture": "#7"},
				"south": {"uv": [16, 0, 0, 16], "texture": "#7"},
				"west": {"uv": [16, 0, 0, 16], "texture": "#7"},
				"down": {"uv": [0, 16, 16, 0], "rotation": 270, "texture": "#7"}
			}
		},
		{
			"from": [-1, 9.53125, 7.25],
			"to": [2, 12.59375, 10.25],
			"faces": {
				"north": {"uv": [16, 0, 0, 16], "texture": "#0"},
				"east": {"uv": [16, 0, 0, 16], "texture": "#0"},
				"south": {"uv": [16, 0, 0, 16], "texture": "#0"},
				"west": {"uv": [16, 0, 0, 16], "texture": "#0"},
				"up": {"uv": [0, 16, 16, 0], "rotation": 90, "texture": "#0"},
				"down": {"uv": [0, 16, 16, 0], "rotation": 270, "texture": "#0"}
			}
		},
		{
			"from": [-1.5, 12.5625, 7.21875],
			"to": [1.53125, 15.5625, 10.25],
			"faces": {
				"north": {"uv": [16, 0, 0, 16], "texture": "#3"},
				"east": {"uv": [16, 0, 0, 16], "texture": "#3"},
				"south": {"uv": [16, 0, 0, 16], "texture": "#3"},
				"west": {"uv": [16, 0, 0, 16], "texture": "#3"},
				"up": {"uv": [0, 16, 16, 0], "rotation": 90, "texture": "#3"},
				"down": {"uv": [0, 16, 16, 0], "rotation": 270, "texture": "#3"}
			}
		},
		{
			"from": [15.5, 12.5625, 7.25],
			"to": [18.5, 15.5625, 10.25],
			"faces": {
				"north": {"uv": [16, 0, 0, 16], "texture": "#4"},
				"east": {"uv": [16, 0, 0, 16], "texture": "#4"},
				"south": {"uv": [16, 0, 0, 16], "texture": "#4"},
				"west": {"uv": [16, 0, 0, 16], "texture": "#4"},
				"up": {"uv": [0, 16, 16, 0], "rotation": 90, "texture": "#4"}
			}
		},
		{
			"from": [-1.5, 6.5625, 7.25],
			"to": [1.5, 9.5625, 10.25],
			"faces": {
				"north": {"uv": [16, 0, 0, 16], "texture": "#3"},
				"east": {"uv": [16, 0, 0, 16], "texture": "#3"},
				"south": {"uv": [16, 0, 0, 16], "texture": "#3"},
				"west": {"uv": [16, 0, 0, 16], "texture": "#3"},
				"up": {"uv": [0, 16, 16, 0], "rotation": 90, "texture": "#3"}
			}
		},
		{
			"from": [6.96875, 6.5625, 15.25],
			"to": [10, 9.5625, 18.25],
			"faces": {
				"north": {"uv": [16, 0, 0, 16], "texture": "#0"},
				"east": {"uv": [16, 0, 0, 16], "texture": "#0"},
				"south": {"uv": [16, 0, 0, 16], "texture": "#0"},
				"west": {"uv": [16, 0, 0, 16], "texture": "#0"},
				"up": {"uv": [0, 16, 16, 0], "rotation": 90, "texture": "#0"},
				"down": {"uv": [0, 16, 16, 0], "rotation": 270, "texture": "#0"}
			}
		},
		{
			"from": [6.96875, 9.53125, 16.25],
			"to": [10.03125, 12.5625, 19.25],
			"faces": {
				"north": {"uv": [16, 0, 0, 16], "texture": "#2"},
				"east": {"uv": [16, 0, 0, 16], "texture": "#2"},
				"south": {"uv": [16, 0, 0, 16], "texture": "#2"},
				"west": {"uv": [16, 0, 0, 16], "texture": "#2"},
				"up": {"uv": [0, 16, 16, 0], "rotation": 90, "texture": "#2"},
				"down": {"uv": [0, 16, 16, 0], "rotation": 270, "texture": "#2"}
			}
		},
		{
			"from": [-1.25, 0.5625, -1],
			"to": [1.5, 3.3125, 1.78125],
			"faces": {
				"north": {"uv": [0, 0, 16, 16], "texture": "#7"},
				"east": {"uv": [0, 0, 16, 16], "texture": "#7"},
				"west": {"uv": [0, 0, 16, 16], "texture": "#7"},
				"up": {"uv": [0, 0, 16, 16], "rotation": 90, "texture": "#7"}
			}
		},
		{
			"from": [16, 0.53125, -1.03125],
			"to": [18.75, 3.375, 1.71875],
			"rotation": {"angle": 0, "axis": "y", "origin": [8, 8, 7.96875]},
			"faces": {
				"north": {"uv": [16, 0, 0, 16], "texture": "#7"},
				"east": {"uv": [16, 0, 0, 16], "texture": "#7"},
				"west": {"uv": [16, 0, 0, 16], "texture": "#7"},
				"up": {"uv": [0, 16, 16, 0], "rotation": 90, "texture": "#7"},
				"down": {"uv": [0, 16, 16, 0], "rotation": 270, "texture": "#7"}
			}
		},
		{
			"from": [15.5, 3.3125, -1],
			"to": [18.25, 6.0625, 1.75],
			"faces": {
				"north": {"uv": [16, 0, 0, 16], "texture": "#3"},
				"east": {"uv": [16, 0, 0, 16], "texture": "#3"},
				"west": {"uv": [16, 0, 0, 16], "texture": "#3"},
				"down": {"uv": [0, 16, 16, 0], "rotation": 270, "texture": "#3"}
			}
		},
		{
			"from": [-1.34375, 6.03125, -1.0625],
			"to": [1.5, 8.84375, 1.8125],
			"faces": {
				"north": {"uv": [16, 0, 0, 16], "texture": "#3"},
				"east": {"uv": [16, 0, 0, 16], "texture": "#3"},
				"south": {"uv": [16, 0, 0, 16], "texture": "#3"},
				"west": {"uv": [16, 0, 0, 16], "texture": "#3"},
				"up": {"uv": [0, 16, 16, 0], "rotation": 90, "texture": "#3"},
				"down": {"uv": [0, 16, 16, 0], "rotation": 270, "texture": "#3"}
			}
		},
		{
			"from": [-1.75, 8.8125, -1],
			"to": [1, 11.5625, 1.75],
			"faces": {
				"north": {"uv": [16, 0, 0, 16], "texture": "#0"},
				"east": {"uv": [16, 0, 0, 16], "texture": "#0"},
				"west": {"uv": [16, 0, 0, 16], "texture": "#0"},
				"up": {"uv": [0, 16, 16, 0], "rotation": 90, "texture": "#0"},
				"down": {"uv": [0, 16, 16, 0], "rotation": 270, "texture": "#0"}
			}
		},
		{
			"from": [15.5, 8.8125, -1],
			"to": [18.25, 11.5625, 1.75],
			"faces": {
				"north": {"uv": [16, 0, 0, 16], "texture": "#0"},
				"east": {"uv": [16, 0, 0, 16], "texture": "#0"},
				"west": {"uv": [16, 0, 0, 16], "texture": "#0"},
				"up": {"uv": [0, 16, 16, 0], "rotation": 90, "texture": "#0"}
			}
		},
		{
			"from": [-1.25, 11.53125, -0.5],
			"to": [1.53125, 14.3125, 2.25],
			"faces": {
				"north": {"uv": [16, 0, 0, 16], "texture": "#7"},
				"east": {"uv": [16, 0, 0, 16], "texture": "#7"},
				"south": {"uv": [16, 0, 0, 16], "texture": "#7"},
				"west": {"uv": [16, 0, 0, 16], "texture": "#7"},
				"up": {"uv": [0, 16, 16, 0], "rotation": 90, "texture": "#7"},
				"down": {"uv": [0, 16, 16, 0], "rotation": 270, "texture": "#7"}
			}
		},
		{
			"from": [15, 11.53125, -0.53125],
			"to": [17.75, 14.3125, 2.25],
			"faces": {
				"north": {"uv": [16, 0, 0, 16], "texture": "#4"},
				"east": {"uv": [16, 0, 0, 16], "texture": "#4"},
				"south": {"uv": [16, 0, 0, 16], "texture": "#4"},
				"west": {"uv": [16, 0, 0, 16], "texture": "#4"},
				"up": {"uv": [0, 16, 16, 0], "rotation": 90, "texture": "#4"},
				"down": {"uv": [0, 16, 16, 0], "rotation": 270, "texture": "#4"}
			}
		},
		{
			"from": [-1.75, 3.1875, -1.125],
			"to": [1, 6.0625, 1.75],
			"faces": {
				"north": {"uv": [16, 0, 0, 16], "texture": "#0"},
				"east": {"uv": [16, 0, 0, 16], "texture": "#0"},
				"south": {"uv": [16, 0, 0, 16], "texture": "#0"},
				"west": {"uv": [16, 0, 0, 16], "texture": "#0"},
				"up": {"uv": [0, 16, 16, 0], "rotation": 90, "texture": "#0"},
				"down": {"uv": [0, 16, 16, 0], "rotation": 270, "texture": "#0"}
			}
		},
		{
			"from": [1.67025, 6.0625, 13.97925],
			"to": [1.68025, 8.8125, 16.72925],
			"rotation": {"angle": 45, "axis": "y", "origin": [6.625, 8, 0.505]},
			"faces": {
				"north": {"uv": [11, 15.5, 12, 14.5], "texture": "#1"},
				"east": {"uv": [16, 0, 0, 16], "texture": "#1"},
				"south": {"uv": [11, 15.5, 12, 14.5], "texture": "#1"},
				"west": {"uv": [16, 0, 0, 16], "texture": "#1"},
				"up": {"uv": [11, 15.5, 12, 14.5], "rotation": 180, "texture": "#1"},
				"down": {"uv": [11, 15.5, 12, 14.5], "rotation": 180, "texture": "#1"}
			}
		},
		{
			"from": [3.54521, 7.70891, 12.6925],
			"to": [3.55521, 10.45891, 15.4425],
			"rotation": {"angle": 22.5, "axis": "z", "origin": [6.625, 8, 0.505]},
			"faces": {
				"north": {"uv": [11, 15.5, 12, 14.5], "texture": "#1"},
				"east": {"uv": [16, 0, 0, 16], "rotation": 90, "texture": "#1"},
				"south": {"uv": [11, 15.5, 12, 14.5], "rotation": 180, "texture": "#1"},
				"west": {"uv": [16, 0, 0, 16], "rotation": 270, "texture": "#1"},
				"up": {"uv": [11, 15.5, 12, 14.5], "texture": "#1"},
				"down": {"uv": [11, 15.5, 12, 14.5], "rotation": 180, "texture": "#1"}
			}
		},
		{
			"from": [14.77667, 7.38625, -0.3075],
			"to": [14.78667, 10.13625, 2.4425],
			"rotation": {"angle": 22.5, "axis": "z", "origin": [6.625, 8, 0.505]},
			"faces": {
				"north": {"uv": [11, 15.5, 12, 14.5], "texture": "#1"},
				"east": {"uv": [16, 0, 0, 16], "rotation": 90, "texture": "#1"},
				"south": {"uv": [11, 15.5, 12, 14.5], "rotation": 180, "texture": "#1"},
				"west": {"uv": [16, 0, 0, 16], "rotation": 270, "texture": "#1"},
				"up": {"uv": [11, 15.5, 12, 14.5], "texture": "#1"},
				"down": {"uv": [11, 15.5, 12, 14.5], "rotation": 180, "texture": "#1"}
			}
		},
		{
			"from": [0.30025, 6.0625, 15.34925],
			"to": [3.05025, 8.8125, 15.35925],
			"rotation": {"angle": 45, "axis": "y", "origin": [6.625, 8, 0.505]},
			"faces": {
				"north": {"uv": [16, 0, 0, 16], "texture": "#1"},
				"east": {"uv": [11, 15.5, 12, 14.5], "texture": "#1"},
				"south": {"uv": [16, 0, 0, 16], "texture": "#1"},
				"west": {"uv": [11, 15.5, 12, 14.5], "texture": "#1"},
				"up": {"uv": [11, 15.5, 12, 14.5], "rotation": 90, "texture": "#1"},
				"down": {"uv": [11, 15.5, 12, 14.5], "rotation": 270, "texture": "#1"}
			}
		},
		{
			"from": [2.17521, 9.07891, 12.6925],
			"to": [4.92521, 9.08891, 15.4425],
			"rotation": {"angle": 22.5, "axis": "z", "origin": [6.625, 8, 0.505]},
			"faces": {
				"north": {"uv": [11, 15.5, 12, 14.5], "rotation": 270, "texture": "#1"},
				"east": {"uv": [11, 15.5, 12, 14.5], "rotation": 90, "texture": "#1"},
				"south": {"uv": [11, 15.5, 12, 14.5], "rotation": 270, "texture": "#1"},
				"west": {"uv": [11, 15.5, 12, 14.5], "rotation": 270, "texture": "#1"},
				"up": {"uv": [16, 0, 0, 16], "texture": "#1"},
				"down": {"uv": [16, 0, 0, 16], "rotation": 180, "texture": "#1"}
			}
		},
		{
			"from": [13.40667, 8.75625, -0.3075],
			"to": [16.15667, 8.76625, 2.4425],
			"rotation": {"angle": 22.5, "axis": "z", "origin": [6.625, 8, 0.505]},
			"faces": {
				"north": {"uv": [11, 15.5, 12, 14.5], "rotation": 270, "texture": "#1"},
				"south": {"uv": [11, 15.5, 12, 14.5], "rotation": 270, "texture": "#1"},
				"west": {"uv": [11, 15.5, 12, 14.5], "rotation": 270, "texture": "#1"},
				"up": {"uv": [16, 0, 0, 16], "texture": "#1"},
				"down": {"uv": [16, 0, 0, 16], "rotation": 180, "texture": "#1"}
			}
		},
		{
			"from": [3.77708, 3.3125, 11.434],
			"to": [6.52708, 5.5625, 11.444],
			"rotation": {"angle": -22.5, "axis": "y", "origin": [9.125, 8, 6.005]},
			"faces": {
				"north": {"uv": [16, 0, 0, 16], "texture": "#1"},
				"east": {"uv": [11, 15.5, 12, 14.5], "texture": "#1"},
				"south": {"uv": [16, 0, 0, 16], "texture": "#1"},
				"west": {"uv": [11, 15.5, 12, 14.5], "texture": "#1"},
				"up": {"uv": [11, 15.5, 12, 14.5], "rotation": 90, "texture": "#1"},
				"down": {"uv": [11, 15.5, 12, 14.5], "rotation": 270, "texture": "#1"}
			}
		},
		{
			"from": [5.14708, 3.3125, 10.064],
			"to": [5.15708, 5.5625, 12.814],
			"rotation": {"angle": -22.5, "axis": "y", "origin": [9.125, 8, 6.005]},
			"faces": {
				"north": {"uv": [11, 15.5, 12, 14.5], "texture": "#1"},
				"east": {"uv": [16, 0, 0, 16], "texture": "#1"},
				"south": {"uv": [11, 15.5, 12, 14.5], "texture": "#1"},
				"west": {"uv": [16, 0, 0, 16], "texture": "#1"},
				"up": {"uv": [11, 15.5, 12, 14.5], "texture": "#1"},
				"down": {"uv": [11, 15.5, 12, 14.5], "texture": "#1"}
			}
		},
		{
			"from": [14.90285, 2.9375, 4.42348],
			"to": [17.65285, 5.1875, 4.43348],
			"rotation": {"angle": 22.5, "axis": "y", "origin": [11.875, 8, 9.505]},
			"faces": {
				"north": {"uv": [16, 0, 0, 16], "texture": "#1"},
				"east": {"uv": [11, 15.5, 12, 14.5], "texture": "#1"},
				"south": {"uv": [16, 0, 0, 16], "texture": "#1"},
				"west": {"uv": [11, 15.5, 12, 14.5], "texture": "#1"},
				"up": {"uv": [11, 15.5, 12, 14.5], "rotation": 90, "texture": "#1"},
				"down": {"uv": [11, 15.5, 12, 14.5], "rotation": 270, "texture": "#1"}
			}
		},
		{
			"from": [16.27285, 2.9375, 3.05348],
			"to": [16.28285, 5.1875, 5.80348],
			"rotation": {"angle": 22.5, "axis": "y", "origin": [11.875, 8, 9.505]},
			"faces": {
				"north": {"uv": [11, 15.5, 12, 14.5], "texture": "#1"},
				"east": {"uv": [16, 0, 0, 16], "texture": "#1"},
				"south": {"uv": [11, 15.5, 12, 14.5], "texture": "#1"},
				"west": {"uv": [16, 0, 0, 16], "texture": "#1"},
				"up": {"uv": [11, 15.5, 12, 14.5], "texture": "#1"},
				"down": {"uv": [11, 15.5, 12, 14.5], "texture": "#1"}
			}
		},
		{
			"from": [13.19437, 14.4375, 15.08092],
			"to": [15.94437, 16.6875, 15.09092],
			"rotation": {"angle": 22.5, "axis": "y", "origin": [11.875, 8, 9.505]},
			"faces": {
				"north": {"uv": [16, 0, 0, 16], "texture": "#1"},
				"east": {"uv": [11, 15.5, 12, 14.5], "texture": "#1"},
				"south": {"uv": [16, 0, 0, 16], "texture": "#1"},
				"west": {"uv": [11, 15.5, 12, 14.5], "texture": "#1"},
				"up": {"uv": [11, 15.5, 12, 14.5], "rotation": 90, "texture": "#1"},
				"down": {"uv": [11, 15.5, 12, 14.5], "rotation": 270, "texture": "#1"}
			}
		},
		{
			"from": [13.05509, 17.4375, 3.65811],
			"to": [15.80509, 19.6875, 3.66811],
			"rotation": {"angle": 22.5, "axis": "y", "origin": [11.875, 8, 9.505]},
			"faces": {
				"north": {"uv": [16, 0, 0, 16], "texture": "#1"},
				"east": {"uv": [11, 15.5, 12, 14.5], "texture": "#1"},
				"south": {"uv": [16, 0, 0, 16], "texture": "#1"},
				"west": {"uv": [11, 15.5, 12, 14.5], "texture": "#1"},
				"up": {"uv": [11, 15.5, 12, 14.5], "rotation": 90, "texture": "#1"},
				"down": {"uv": [11, 15.5, 12, 14.5], "rotation": 270, "texture": "#1"}
			}
		},
		{
			"from": [4.74018, 9.9375, 0.21396],
			"to": [7.49018, 12.1875, 0.22396],
			"rotation": {"angle": 22.5, "axis": "y", "origin": [11.875, 8, 9.505]},
			"faces": {
				"north": {"uv": [16, 0, 0, 16], "texture": "#1"},
				"south": {"uv": [16, 0, 0, 16], "texture": "#1"},
				"west": {"uv": [11, 15.5, 12, 14.5], "texture": "#1"},
				"up": {"uv": [11, 15.5, 12, 14.5], "rotation": 90, "texture": "#1"},
				"down": {"uv": [11, 15.5, 12, 14.5], "rotation": 270, "texture": "#1"}
			}
		},
		{
			"from": [2.995, 7.9375, 2.75501],
			"to": [3.005, 10.1875, 5.50501],
			"rotation": {"angle": -22.5, "axis": "y", "origin": [3, 9.0625, 4.13001]},
			"faces": {
				"north": {"uv": [11, 15.5, 12, 14.5], "texture": "#1"},
				"east": {"uv": [16, 0, 0, 16], "texture": "#1"},
				"south": {"uv": [11, 15.5, 12, 14.5], "texture": "#1"},
				"west": {"uv": [16, 0, 0, 16], "texture": "#1"},
				"up": {"uv": [11, 15.5, 12, 14.5], "texture": "#1"},
				"down": {"uv": [11, 15.5, 12, 14.5], "texture": "#1"}
			}
		},
		{
			"from": [0.93366, 5.6875, 3.58695],
			"to": [3.68366, 7.9375, 3.59695],
			"rotation": {"angle": 22.5, "axis": "y", "origin": [2.5, 6.8125, 3.13001]},
			"faces": {
				"north": {"uv": [16, 0, 0, 16], "texture": "#1"},
				"east": {"uv": [11, 15.5, 12, 14.5], "texture": "#1"},
				"south": {"uv": [16, 0, 0, 16], "texture": "#1"},
				"up": {"uv": [11, 15.5, 12, 14.5], "rotation": 90, "texture": "#1"},
				"down": {"uv": [11, 15.5, 12, 14.5], "rotation": 270, "texture": "#1"}
			}
		},
		{
			"from": [14.56437, 14.4375, 13.71092],
			"to": [14.57437, 16.6875, 16.46092],
			"rotation": {"angle": 22.5, "axis": "y", "origin": [11.875, 8, 9.505]},
			"faces": {
				"east": {"uv": [16, 0, 0, 16], "texture": "#1"},
				"south": {"uv": [11, 15.5, 12, 14.5], "texture": "#1"},
				"west": {"uv": [16, 0, 0, 16], "texture": "#1"},
				"up": {"uv": [11, 15.5, 12, 14.5], "texture": "#1"},
				"down": {"uv": [11, 15.5, 12, 14.5], "texture": "#1"}
			}
		},
		{
			"from": [14.42509, 17.4375, 2.28811],
			"to": [14.43509, 19.6875, 5.03811],
			"rotation": {"angle": 22.5, "axis": "y", "origin": [11.875, 8, 9.505]},
			"faces": {
				"north": {"uv": [11, 15.5, 12, 14.5], "texture": "#1"},
				"east": {"uv": [16, 0, 0, 16], "texture": "#1"},
				"south": {"uv": [11, 15.5, 12, 14.5], "texture": "#1"},
				"west": {"uv": [16, 0, 0, 16], "texture": "#1"},
				"up": {"uv": [11, 15.5, 12, 14.5], "texture": "#1"},
				"down": {"uv": [11, 15.5, 12, 14.5], "texture": "#1"}
			}
		},
		{
			"from": [6.11018, 9.9375, -1.15604],
			"to": [6.12018, 12.1875, 1.59396],
			"rotation": {"angle": 22.5, "axis": "y", "origin": [11.875, 8, 9.505]},
			"faces": {
				"north": {"uv": [11, 15.5, 12, 14.5], "texture": "#1"},
				"east": {"uv": [16, 0, 0, 16], "texture": "#1"},
				"south": {"uv": [11, 15.5, 12, 14.5], "texture": "#1"},
				"west": {"uv": [16, 0, 0, 16], "texture": "#1"},
				"up": {"uv": [11, 15.5, 12, 14.5], "texture": "#1"},
				"down": {"uv": [11, 15.5, 12, 14.5], "texture": "#1"}
			}
		},
		{
			"from": [1.625, 7.9375, 4.12501],
			"to": [4.375, 10.1875, 4.13501],
			"rotation": {"angle": -22.5, "axis": "y", "origin": [3, 9.0625, 4.13001]},
			"faces": {
				"north": {"uv": [16, 0, 0, 16], "texture": "#1"},
				"east": {"uv": [11, 15.5, 12, 14.5], "texture": "#1"},
				"south": {"uv": [16, 0, 0, 16], "texture": "#1"},
				"west": {"uv": [11, 15.5, 12, 14.5], "texture": "#1"},
				"up": {"uv": [11, 15.5, 12, 14.5], "rotation": 270, "texture": "#1"},
				"down": {"uv": [11, 15.5, 12, 14.5], "rotation": 90, "texture": "#1"}
			}
		},
		{
			"from": [2.30366, 5.6875, 2.21695],
			"to": [2.31366, 7.9375, 4.96695],
			"rotation": {"angle": 22.5, "axis": "y", "origin": [2.5, 6.8125, 3.13001]},
			"faces": {
				"north": {"uv": [11, 15.5, 12, 14.5], "texture": "#1"},
				"east": {"uv": [16, 0, 0, 16], "texture": "#1"},
				"south": {"uv": [11, 15.5, 12, 14.5], "texture": "#1"},
				"west": {"uv": [16, 0, 0, 16], "texture": "#1"},
				"up": {"uv": [11, 15.5, 12, 14.5], "texture": "#1"},
				"down": {"uv": [11, 15.5, 12, 14.5], "texture": "#1"}
			}
		},
		{
			"from": [10.91896, 21.02348, 10.4425],
			"to": [13.66896, 21.03348, 12.6925],
			"rotation": {"angle": 45, "axis": "z", "origin": [11.875, 8, 9.505]},
			"faces": {
				"north": {"uv": [11, 15.5, 12, 14.5], "rotation": 90, "texture": "#1"},
				"east": {"uv": [11, 15.5, 12, 14.5], "rotation": 270, "texture": "#1"},
				"south": {"uv": [11, 15.5, 12, 14.5], "rotation": 90, "texture": "#1"},
				"up": {"uv": [16, 0, 0, 16], "rotation": 180, "texture": "#1"},
				"down": {"uv": [16, 0, 0, 16], "texture": "#1"}
			}
		},
		{
			"from": [12.28896, 19.65348, 10.4425],
			"to": [12.29896, 22.40348, 12.6925],
			"rotation": {"angle": 45, "axis": "z", "origin": [11.875, 8, 9.505]},
			"faces": {
				"north": {"uv": [11, 15.5, 12, 14.5], "rotation": 180, "texture": "#1"},
				"east": {"uv": [16, 0, 0, 16], "rotation": 270, "texture": "#1"},
				"south": {"uv": [11, 15.5, 12, 14.5], "texture": "#1"},
				"west": {"uv": [16, 0, 0, 16], "rotation": 90, "texture": "#1"},
				"up": {"uv": [11, 15.5, 12, 14.5], "rotation": 180, "texture": "#1"}
			}
		},
		{
			"from": [-1.3125, 19.52087, 7.04636],
			"to": [0.9375, 19.53087, 9.79636],
			"rotation": {"angle": -45, "axis": "x", "origin": [11.875, 8, 9.505]},
			"faces": {
				"north": {"uv": [11, 15.5, 12, 14.5], "rotation": 90, "texture": "#1"},
				"east": {"uv": [11, 15.5, 12, 14.5], "rotation": 90, "texture": "#1"},
				"south": {"uv": [11, 15.5, 12, 14.5], "rotation": 270, "texture": "#1"},
				"west": {"uv": [11, 15.5, 12, 14.5], "rotation": 90, "texture": "#1"},
				"up": {"uv": [16, 0, 0, 16], "rotation": 270, "texture": "#1"},
				"down": {"uv": [16, 0, 0, 16], "rotation": 270, "texture": "#1"}
			}
		},
		{
			"from": [2.1875, 15.45501, 7.22314],
			"to": [4.4375, 15.46501, 9.97314],
			"rotation": {"angle": -45, "axis": "x", "origin": [11.875, 8, 9.505]},
			"faces": {
				"north": {"uv": [11, 15.5, 12, 14.5], "rotation": 90, "texture": "#1"},
				"east": {"uv": [11, 15.5, 12, 14.5], "rotation": 90, "texture": "#1"},
				"south": {"uv": [11, 15.5, 12, 14.5], "rotation": 270, "texture": "#1"},
				"west": {"uv": [11, 15.5, 12, 14.5], "rotation": 90, "texture": "#1"},
				"up": {"uv": [16, 0, 0, 16], "rotation": 270, "texture": "#1"},
				"down": {"uv": [16, 0, 0, 16], "rotation": 270, "texture": "#1"}
			}
		},
		{
			"from": [-1.3125, 18.15087, 8.41636],
			"to": [0.9375, 20.90087, 8.42636],
			"rotation": {"angle": -45, "axis": "x", "origin": [11.875, 8, 9.505]},
			"faces": {
				"north": {"uv": [16, 0, 0, 16], "rotation": 90, "texture": "#1"},
				"east": {"uv": [11, 15.5, 12, 14.5], "rotation": 180, "texture": "#1"},
				"south": {"uv": [16, 0, 0, 16], "rotation": 270, "texture": "#1"},
				"west": {"uv": [11, 15.5, 12, 14.5], "texture": "#1"},
				"up": {"uv": [11, 15.5, 12, 14.5], "rotation": 270, "texture": "#1"},
				"down": {"uv": [11, 15.5, 12, 14.5], "rotation": 270, "texture": "#1"}
			}
		},
		{
			"from": [2.1875, 14.08501, 8.59314],
			"to": [4.4375, 16.83501, 8.60314],
			"rotation": {"angle": -45, "axis": "x", "origin": [11.875, 8, 9.505]},
			"faces": {
				"north": {"uv": [16, 0, 0, 16], "rotation": 90, "texture": "#1"},
				"east": {"uv": [11, 15.5, 12, 14.5], "rotation": 180, "texture": "#1"},
				"south": {"uv": [16, 0, 0, 16], "rotation": 270, "texture": "#1"},
				"west": {"uv": [11, 15.5, 12, 14.5], "texture": "#1"},
				"down": {"uv": [11, 15.5, 12, 14.5], "rotation": 270, "texture": "#1"}
			}
		},
		{
			"from": [0.6875, 7.50006, 19.06718],
			"to": [2.9375, 7.51006, 21.81718],
			"rotation": {"angle": -45, "axis": "x", "origin": [11.875, 8, 9.505]},
			"faces": {
				"north": {"uv": [11, 15.5, 12, 14.5], "rotation": 90, "texture": "#1"},
				"east": {"uv": [11, 15.5, 12, 14.5], "rotation": 90, "texture": "#1"},
				"south": {"uv": [11, 15.5, 12, 14.5], "rotation": 270, "texture": "#1"},
				"west": {"uv": [11, 15.5, 12, 14.5], "rotation": 90, "texture": "#1"},
				"up": {"uv": [16, 0, 0, 16], "rotation": 270, "texture": "#1"},
				"down": {"uv": [16, 0, 0, 16], "rotation": 270, "texture": "#1"}
			}
		},
		{
			"from": [0.6875, 6.13006, 20.43718],
			"to": [2.9375, 8.88006, 20.44718],
			"rotation": {"angle": -45, "axis": "x", "origin": [11.875, 8, 9.505]},
			"faces": {
				"north": {"uv": [16, 0, 0, 16], "rotation": 90, "texture": "#1"},
				"east": {"uv": [11, 15.5, 12, 14.5], "rotation": 180, "texture": "#1"},
				"south": {"uv": [16, 0, 0, 16], "rotation": 270, "texture": "#1"},
				"west": {"uv": [11, 15.5, 12, 14.5], "texture": "#1"},
				"up": {"uv": [11, 15.5, 12, 14.5], "rotation": 270, "texture": "#1"},
				"down": {"uv": [11, 15.5, 12, 14.5], "rotation": 270, "texture": "#1"}
			}
		},
		{
			"from": [-1.5, -0.9375, 5.25],
			"to": [1.5, 0.5625, 12.25],
			"faces": {
				"east": {"uv": [0, 8, 16, 12.5], "texture": "#0"},
				"west": {"uv": [0, 8, 16, 12.5], "texture": "#0"},
				"up": {"uv": [8, 0, 16, 16], "rotation": 180, "texture": "#0"}
			}
		},
		{
			"from": [5, -0.9375, -1.25],
			"to": [12, -0.4375, 4.75],
			"faces": {
				"north": {"uv": [0, 11, 16, 12.5], "texture": "#0"},
				"up": {"uv": [0, 0, 16, 16], "rotation": 180, "texture": "#0"}
			}
		},
		{
			"from": [5, -0.94531, 4.75],
			"to": [12, -0.44531, 15.25],
			"rotation": {"angle": 0, "axis": "y", "origin": [8, 7.99219, 8]},
			"faces": {
				"up": {"uv": [9.25, 4, 10.25, 5], "rotation": 90, "texture": "#8"}
			}
		},
		{
			"from": [-1.5, -0.9375, -1.25],
			"to": [5, 0.5625, 5.25],
			"faces": {
				"north": {"uv": [0, 8, 16, 12.5], "texture": "#0"},
				"east": {"uv": [0, 8, 16, 12.5], "texture": "#0"},
				"south": {"uv": [0, 8, 16, 12.5], "texture": "#0"},
				"west": {"uv": [0, 8, 16, 12.5], "texture": "#0"},
				"up": {"uv": [0, 0, 16, 16], "rotation": 180, "texture": "#0"}
			}
		},
		{
			"from": [12, -0.9375, 12.25],
			"to": [18.5, 0.5625, 18.75],
			"faces": {
				"north": {"uv": [0, 8, 16, 12.5], "texture": "#0"},
				"east": {"uv": [0, 8, 16, 12.5], "texture": "#0"},
				"south": {"uv": [0, 8, 16, 12.5], "texture": "#0"},
				"west": {"uv": [0, 8, 16, 12.5], "texture": "#0"},
				"up": {"uv": [0, 0, 16, 16], "rotation": 180, "texture": "#0"}
			}
		},
		{
			"from": [15, -0.9375, 5.25],
			"to": [18.5, 0.5625, 12.25],
			"faces": {
				"east": {"uv": [0, 8, 16, 12.5], "texture": "#0"},
				"west": {"uv": [0, 8, 16, 12.5], "texture": "#0"},
				"up": {"uv": [0, 0, 8, 16], "rotation": 180, "texture": "#0"}
			}
		},
		{
			"from": [12, -0.9375, -1.25],
			"to": [18.5, 0.5625, 5.25],
			"faces": {
				"north": {"uv": [0, 8, 16, 12.5], "texture": "#0"},
				"east": {"uv": [0, 8, 16, 12.5], "texture": "#0"},
				"south": {"uv": [0, 8, 16, 12.5], "texture": "#0"},
				"west": {"uv": [0, 8, 16, 12.5], "texture": "#0"},
				"up": {"uv": [0, 0, 16, 16], "rotation": 180, "texture": "#0"}
			}
		},
		{
			"from": [1.5, -0.9375, 5.25],
			"to": [16, -0.4375, 12.25],
			"faces": {
				"up": {"uv": [9.25, 4, 10.25, 5], "rotation": 90, "texture": "#8"}
			}
		},
		{
			"from": [6.5, -0.49816, 8.22487],
			"to": [9.5, 2.50184, 11.22487],
			"rotation": {"angle": 45, "axis": "x", "origin": [5.5, 8, 8.75]},
			"faces": {
				"north": {"uv": [2.75, 13.75, 4.75, 15.75], "texture": "#8"},
				"east": {"uv": [0.25, 13.75, 2.25, 15.75], "texture": "#8"},
				"south": {"uv": [7.75, 13.75, 9.75, 15.75], "texture": "#8"},
				"west": {"uv": [5.25, 13.75, 7.25, 15.75], "texture": "#8"},
				"up": {"uv": [2.75, 11.25, 4.75, 13.25], "rotation": 180, "texture": "#8"},
				"down": {"uv": [5.25, 11.25, 7.25, 13.25], "rotation": 180, "texture": "#8"}
			}
		},
		{
			"from": [9.65625, 1.81546, 2.63143],
			"to": [10.40625, 2.56546, 6.13143],
			"rotation": {"angle": 22.5, "axis": "x", "origin": [5.53125, 8, 8.75]},
			"faces": {
				"north": {"uv": [4.5, 0.75, 5, 1.25], "texture": "#8"},
				"east": {"uv": [0.25, 1.25, 3.75, 1.75], "rotation": 180, "texture": "#8"},
				"west": {"uv": [5.25, 0.25, 8.75, 0.75], "texture": "#8"},
				"up": {"uv": [5.25, 1.25, 8.75, 1.75], "rotation": 90, "texture": "#8"},
				"down": {"uv": [0.25, 0.25, 4, 0.75], "rotation": 270, "texture": "#8"}
			}
		},
		{
			"from": [9.53125, 0.51307, 2.16784],
			"to": [10.53125, 6.01307, 3.16784],
			"rotation": {"angle": -22.5, "axis": "x", "origin": [5.53125, 8, 8.75]},
			"faces": {
				"north": {"uv": [0.25, 0.25, 4.25, 0.75], "rotation": 90, "texture": "#8"},
				"east": {"uv": [0.25, 1.25, 4.25, 1.75], "rotation": 270, "texture": "#8"},
				"south": {"uv": [5.25, 1.25, 9.25, 1.75], "rotation": 90, "texture": "#8"},
				"west": {"uv": [5.25, 0.25, 9.25, 0.75], "rotation": 90, "texture": "#8"},
				"up": {"uv": [4.5, 0.75, 5, 1.25], "rotation": 180, "texture": "#8"},
				"down": {"uv": [4.5, 0.75, 5, 1.25], "texture": "#8"}
			}
		},
		{
			"from": [5.59375, 1.81546, 2.63143],
			"to": [6.34375, 2.56546, 6.13143],
			"rotation": {"angle": 22.5, "axis": "x", "origin": [5.46875, 8, 8.75]},
			"faces": {
				"north": {"uv": [4.5, 0.75, 5, 1.25], "texture": "#8"},
				"east": {"uv": [0.25, 1.25, 3.75, 1.75], "rotation": 180, "texture": "#8"},
				"west": {"uv": [5.25, 0.25, 8.75, 0.75], "texture": "#8"},
				"up": {"uv": [5.25, 1.25, 8.75, 1.75], "rotation": 90, "texture": "#8"},
				"down": {"uv": [0.25, 0.25, 4, 0.75], "rotation": 270, "texture": "#8"}
			}
		},
		{
			"from": [5.46875, 0.51307, 2.16784],
			"to": [6.46875, 6.01307, 3.16784],
			"rotation": {"angle": -22.5, "axis": "x", "origin": [5.46875, 8, 8.75]},
			"faces": {
				"north": {"uv": [0.25, 0.25, 4.25, 0.75], "rotation": 90, "texture": "#8"},
				"east": {"uv": [0.25, 1.25, 4.25, 1.75], "rotation": 270, "texture": "#8"},
				"south": {"uv": [5.25, 1.25, 9.25, 1.75], "rotation": 90, "texture": "#8"},
				"west": {"uv": [5.25, 0.25, 9.25, 0.75], "rotation": 90, "texture": "#8"},
				"up": {"uv": [4.5, 0.75, 5, 1.25], "rotation": 180, "texture": "#8"},
				"down": {"uv": [4.5, 0.75, 5, 1.25], "texture": "#8"}
			}
		},
		{
			"from": [1.76683, 3.8296, 5.67655],
			"to": [5.26683, 4.5796, 6.42655],
			"rotation": {"angle": 22.5, "axis": "z", "origin": [6, 0.90752, 5.05155]},
			"faces": {
				"north": {"uv": [8.75, 0.25, 5.25, 0.75], "texture": "#8"},
				"south": {"uv": [3.75, 1.25, 0.25, 1.75], "rotation": 180, "texture": "#8"},
				"up": {"uv": [8.75, 1.25, 5.25, 1.75], "rotation": 180, "texture": "#8"},
				"down": {"uv": [4, 0.25, 0.25, 0.75], "rotation": 180, "texture": "#8"}
			}
		},
		{
			"from": [2.29663, 0.73283, 5.55155],
			"to": [7.79663, 1.73283, 6.55155],
			"rotation": {"angle": -45, "axis": "z", "origin": [6, 0.90752, 5.05155]},
			"faces": {
				"north": {"uv": [9.25, 0.25, 5.25, 0.75], "texture": "#8"},
				"east": {"uv": [5, 0.75, 4.5, 1.25], "texture": "#8"},
				"south": {"uv": [4.25, 1.25, 0.25, 1.75], "texture": "#8"},
				"west": {"uv": [5, 0.75, 4.5, 1.25], "texture": "#8"},
				"up": {"uv": [9.25, 1.25, 5.25, 1.75], "rotation": 180, "texture": "#8"},
				"down": {"uv": [4.25, 0.25, 0.25, 0.75], "rotation": 180, "texture": "#8"}
			}
		},
		{
			"from": [8.20337, 0.73283, 5.55155],
			"to": [13.70337, 1.73283, 6.55155],
			"rotation": {"angle": 45, "axis": "z", "origin": [10, 0.90752, 5.05155]},
			"faces": {
				"north": {"uv": [5.25, 0.25, 9.25, 0.75], "texture": "#8"},
				"east": {"uv": [4.5, 0.75, 5, 1.25], "texture": "#8"},
				"south": {"uv": [0.25, 1.25, 4.25, 1.75], "texture": "#8"},
				"west": {"uv": [4.5, 0.75, 5, 1.25], "texture": "#8"},
				"up": {"uv": [5.25, 1.25, 9.25, 1.75], "rotation": 180, "texture": "#8"},
				"down": {"uv": [0.25, 0.25, 4.25, 0.75], "rotation": 180, "texture": "#8"}
			}
		},
		{
			"from": [10.73317, 3.8296, 5.67655],
			"to": [14.23317, 4.5796, 6.42655],
			"rotation": {"angle": -22.5, "axis": "z", "origin": [10, 0.90752, 5.05155]},
			"faces": {
				"north": {"uv": [5.25, 0.25, 8.75, 0.75], "texture": "#8"},
				"south": {"uv": [0.25, 1.25, 3.75, 1.75], "rotation": 180, "texture": "#8"},
				"up": {"uv": [5.25, 1.25, 8.75, 1.75], "rotation": 180, "texture": "#8"},
				"down": {"uv": [0.25, 0.25, 4, 0.75], "rotation": 180, "texture": "#8"}
			}
		},
		{
			"from": [6.75, -0.49816, 11.22487],
			"to": [9.25, 2.00184, 14.22487],
			"rotation": {"angle": 45, "axis": "x", "origin": [5.5, 8, 8.75]},
			"faces": {
				"east": {"uv": [0.25, 6.25, 1.75, 7.75], "rotation": 180, "texture": "#8"},
				"south": {"uv": [7.75, 13.75, 9.75, 15.75], "texture": "#8"},
				"west": {"uv": [4.75, 6.25, 6.25, 7.75], "rotation": 180, "texture": "#8"},
				"up": {"uv": [0.25, 4.25, 1.75, 5.75], "rotation": 180, "texture": "#8"},
				"down": {"uv": [0.25, 2.25, 1.75, 3.75], "rotation": 180, "texture": "#8"}
			}
		}
	],
	"display": {
		"thirdperson_righthand": {
			"rotation": [75, -145, 0],
			"translation": [0, 2.5, 0],
			"scale": [0.375, 0.375, 0.375]
		},
		"thirdperson_lefthand": {
			"rotation": [75, -145, 0],
			"translation": [0, 2.5, 0],
			"scale": [-0.375, 0.375, 0.375]
		},
		"firstperson_righthand": {
			"rotation": [0, -45, 0],
			"translation": [0, 1, -1],
			"scale": [0.3, 0.3, 0.3]
		},
		"firstperson_lefthand": {
			"rotation": [0, -45, 0],
			"translation": [0, 1, -1],
			"scale": [-0.3, 0.3, 0.3]
		},
		"ground": {
			"translation": [0, 3, 0],
			"scale": [0.25, 0.25, 0.25]
		},
		"gui": {
			"rotation": [30, -135, 0],
			"translation": [0.25, 1, 0],
			"scale": [0.45, 0.45, 0.45]
		},
		"head": {
			"translation": [-1, -32.75, -1],
			"scale": [4, 4, 4]
		},
		"fixed": {
			"rotation": [0, 90, 0],
			"translation": [0, 0, -4.25],
			"scale": [0.5, 0.5, 0.5]
		}
	},
	"groups": [
		{
			"name": "floor",
			"origin": [8, 8, 8],
			"children": [0, 1, 2, 3, 4, 5, 6, 7, 8, 9, 10, 11, 12, 13, 14, 15, 16, 17, 18, 19, 20, 21, 22, 23, 24, 25, 26, 27, 28, 29, 30, 31, 32, 33, 34, 35, 36, 37, 38, 39, 40, 41, 42, 43, 44, 45, 46, 47, 48, 49, 50, 51, 52, 53, 54, 55, 56, 57, 58, 59, 60, 61, 62, 63, 64, 65, 66, 67, 68, 69, 70, 71, 72, 73, 74, 75, 76, 77, 78, 79, 80, 81, 82, 83, 84, 85, 86, 87, 88, 89, 90, 91, 92, 93, 94, 95, 96, 97, 98, 99, 100, 101, 102, 103, 104, 105, 106, 107, 108, 109, 110, 111, 112, 113, 114, 115, 116, 117, 118, 119, 120, 121, 122, 123, 124, 125, 126, 127, 128, 129, 130, 131, 132, 133, 134, 135, 136, 137,
				{
					"name": "cobweb",
					"origin": [8, 12, 8],
					"children": [138, 139, 140, 141, 142, 143]
				},
				{
					"name": "cobweb",
					"origin": [8, 12, 8],
					"children": [144, 145]
				},
				{
					"name": "cobweb",
					"origin": [8, 12, 8],
					"children": [146, 147]
				},
				{
					"name": "cobweb",
					"origin": [8, 12, 8],
					"children": [148, 149, 150, 151, 152, 153, 154, 155, 156, 157]
				},
				{
					"name": "cobweb",
					"origin": [8, 12, 8],
					"children": [158, 159]
				},
				{
					"name": "cobweb",
					"origin": [8, 12, 8],
					"children": [160, 161, 162, 163]
				},
				{
					"name": "cobweb",
					"origin": [8, 12, 8],
					"children": [164, 165]
				}, 166, 167, 168, 169, 170, 171, 172, 173]
		},
		{
			"name": "spider_big",
			"origin": [5.5, 8, 8.75],
			"children": [174, 175, 176, 177, 178, 179, 180, 181, 182, 183]
		}
	]
}