{
	"credit": "Made by MadstonMagic, using Cubik Pro & Blockbench",
	"parent": "towers/creeper/01_frames/frame_2",
	"textures": {
		"1": "block/acacia_log_top",
		"2": "block/spruce_planks",
		"3": "block/oak_log",
		"4": "block/anvil",
		"6": "block/dark_oak_log_top",
		"7": "block/dark_oak_log",
		"8": "block/chiseled_stone_bricks",
		"9": "custom/transparent",
		"10": "custom/transparent",
		"11": "custom/transparent",
		"12": "custom/rope",
		"particle": "block/acacia_log_top",
		"grass_top_dark_dirt_2": "block/acacia_log"
	}
}