{
	"credit": "Made by MadstonMagic, using Cubik Pro & Blockbench",
	"textures": {
		"1": "block/acacia_log_top",
		"2": "block/spruce_planks",
		"3": "block/oak_log",
		"4": "block/anvil",
		"6": "block/dark_oak_log_top",
		"7": "block/dark_oak_log",
		"8": "block/chiseled_stone_bricks",
		"9": "block/tnt_side",
		"10": "block/tnt_top",
		"11": "block/tnt_bottom",
		"12": "custom/rope",
		"particle": "block/acacia_log_top",
		"grass_top_dark_dirt_2": "block/acacia_log"
	},
	"elements": [
		{
			"from": [0.5, -4.5, 0.5],
			"to": [2, 0, 2],
			"rotation": {"angle": 0, "axis": "y", "origin": [5, 3.5, 8.5]},
			"faces": {
				"north": {"uv": [8, 0, 16, 16], "texture": "#7"},
				"east": {"uv": [0, 0, 8, 16], "texture": "#7"},
				"south": {"uv": [8, 0, 16, 16], "texture": "#7"},
				"west": {"uv": [0, 0, 8, 16], "texture": "#7"},
				"down": {"uv": [0, 0, 16, 16], "texture": "#6"}
			}
		},
		{
			"from": [14, -4.5, 0.5],
			"to": [15.5, 0, 2],
			"rotation": {"angle": 0, "axis": "y", "origin": [11, 3.5, 8.5]},
			"faces": {
				"north": {"uv": [16, 0, 8, 16], "texture": "#7"},
				"east": {"uv": [8, 0, 0, 16], "texture": "#7"},
				"south": {"uv": [16, 0, 8, 16], "texture": "#7"},
				"west": {"uv": [8, 0, 0, 16], "texture": "#7"},
				"down": {"uv": [16, 0, 0, 16], "texture": "#6"}
			}
		},
		{
			"from": [7.25, -1.5, 4.25],
			"to": [8.75, 3, 5.75],
			"rotation": {"angle": 0, "axis": "y", "origin": [8, 0.75, 5]},
			"faces": {
				"north": {"uv": [16, 0, 8, 16], "texture": "#grass_top_dark_dirt_2"},
				"east": {"uv": [8, 0, 0, 16], "texture": "#grass_top_dark_dirt_2"},
				"south": {"uv": [16, 0, 8, 16], "texture": "#grass_top_dark_dirt_2"},
				"west": {"uv": [8, 0, 0, 16], "texture": "#grass_top_dark_dirt_2"},
				"down": {"uv": [16, 0, 0, 16], "texture": "#1"}
			}
		},
		{
			"from": [4.35, 13, 4.4],
			"to": [5.65, 18.5, 5.6],
			"rotation": {"angle": 22.5, "axis": "z", "origin": [5.75, 13, 5]},
			"faces": {
				"north": {"uv": [16, 0, 8, 16], "texture": "#grass_top_dark_dirt_2"},
				"east": {"uv": [8, 0, 0, 16], "texture": "#grass_top_dark_dirt_2"},
				"south": {"uv": [16, 0, 8, 16], "texture": "#grass_top_dark_dirt_2"},
				"west": {"uv": [8, 0, 0, 16], "texture": "#grass_top_dark_dirt_2"},
				"up": {"uv": [16, 0, 0, 16], "texture": "#1"}
			}
		},
		{
			"from": [10.35, 13, 4.4],
			"to": [11.65, 18.5, 5.6],
			"rotation": {"angle": -22.5, "axis": "z", "origin": [10.25, 13, 5]},
			"faces": {
				"north": {"uv": [16, 0, 8, 16], "texture": "#grass_top_dark_dirt_2"},
				"east": {"uv": [8, 0, 0, 16], "texture": "#grass_top_dark_dirt_2"},
				"south": {"uv": [16, 0, 8, 16], "texture": "#grass_top_dark_dirt_2"},
				"west": {"uv": [8, 0, 0, 16], "texture": "#grass_top_dark_dirt_2"},
				"up": {"uv": [16, 0, 0, 16], "texture": "#1"}
			}
		},
		{
			"from": [10.25, 13, 4.25],
			"to": [11.75, 17.5, 5.75],
			"rotation": {"angle": -22.5, "axis": "z", "origin": [10.25, 13, 5.25]},
			"faces": {
				"north": {"uv": [16, 0, 8, 16], "texture": "#4"},
				"east": {"uv": [8, 0, 0, 16], "texture": "#4"},
				"south": {"uv": [16, 0, 8, 16], "texture": "#4"},
				"west": {"uv": [8, 0, 0, 16], "texture": "#4"},
				"up": {"uv": [11.5, 3, 4.5, 10], "texture": "#4"}
			}
		},
		{
			"from": [10, 8.5, 4],
			"to": [12, 13, 6],
			"rotation": {"angle": 0, "axis": "z", "origin": [10.25, 8.5, 5.25]},
			"faces": {
				"north": {"uv": [16, 0, 8, 16], "texture": "#4"},
				"east": {"uv": [8, 0, 0, 16], "texture": "#4"},
				"south": {"uv": [16, 0, 8, 16], "texture": "#4"},
				"west": {"uv": [8, 0, 0, 16], "texture": "#4"},
				"up": {"uv": [11.5, 3, 4.5, 10], "texture": "#4"},
				"down": {"uv": [14.5, 7, 7.5, 14], "texture": "#4"}
			}
		},
		{
			"from": [4, 8.5, 4],
			"to": [6, 13, 6],
			"rotation": {"angle": 0, "axis": "z", "origin": [5.75, 8.5, 5.25]},
			"faces": {
				"north": {"uv": [8, 0, 16, 16], "texture": "#4"},
				"east": {"uv": [0, 0, 8, 16], "texture": "#4"},
				"south": {"uv": [8, 0, 16, 16], "texture": "#4"},
				"west": {"uv": [0, 0, 8, 16], "texture": "#4"},
				"up": {"uv": [4.5, 3, 11.5, 10], "texture": "#4"},
				"down": {"uv": [7.5, 7, 14.5, 14], "texture": "#4"}
			}
		},
		{
			"from": [8, 7.5, 4.03125],
			"to": [10.03125, 12, 5.96875],
			"rotation": {"angle": 0, "axis": "z", "origin": [9.78125, 7.5, 5.21875]},
			"faces": {
				"north": {"uv": [0, 0, 8, 16], "texture": "#4"},
				"east": {"uv": [0, 0, 8, 16], "texture": "#4"},
				"south": {"uv": [8, 0, 16, 16], "texture": "#4"},
				"up": {"uv": [4.5, 3, 11.5, 10], "texture": "#4"},
				"down": {"uv": [7.5, 7, 14.5, 14], "texture": "#4"}
			}
		},
		{
			"from": [9.25, 8.75, 3.75],
			"to": [11.75, 11.25, 6.25],
			"rotation": {"angle": 0, "axis": "z", "origin": [11, 8.75, 5.25]},
			"faces": {
				"north": {"uv": [0, 0, 16, 16], "texture": "#8"},
				"east": {"uv": [0, 0, 16, 16], "texture": "#8"},
				"south": {"uv": [0, 0, 16, 16], "texture": "#8"},
				"west": {"uv": [0, 0, 16, 16], "texture": "#8"},
				"up": {"uv": [0, 0, 16, 16], "texture": "#8"},
				"down": {"uv": [0, 0, 16, 16], "texture": "#8"}
			}
		},
		{
			"from": [4.25, 8.75, 3.75],
			"to": [6.75, 11.25, 6.25],
			"rotation": {"angle": 0, "axis": "z", "origin": [6, 8.75, 5.25]},
			"faces": {
				"north": {"uv": [0, 0, 16, 16], "texture": "#8"},
				"east": {"uv": [0, 0, 16, 16], "texture": "#8"},
				"south": {"uv": [0, 0, 16, 16], "texture": "#8"},
				"west": {"uv": [0, 0, 16, 16], "texture": "#8"},
				"up": {"uv": [0, 0, 16, 16], "texture": "#8"},
				"down": {"uv": [0, 0, 16, 16], "texture": "#8"}
			}
		},
		{
			"from": [8.25, 11.25, 4.25],
			"to": [10.25, 13.75, 5.75],
			"rotation": {"angle": -45, "axis": "z", "origin": [8.25, 11.25, 5]},
			"faces": {
				"north": {"uv": [8, 11.5, 16, 16], "rotation": 90, "texture": "#4"},
				"south": {"uv": [8, 11.5, 16, 16], "rotation": 90, "texture": "#4"},
				"west": {"uv": [8, 11.5, 16, 16], "rotation": 90, "texture": "#4"},
				"up": {"uv": [8, 11.5, 16, 16], "texture": "#4"}
			}
		},
		{
			"from": [5.75, 11.25, 4.25],
			"to": [7.75, 13.75, 5.75],
			"rotation": {"angle": 45, "axis": "z", "origin": [7.75, 11.25, 5]},
			"faces": {
				"north": {"uv": [8, 16, 16, 11.5], "rotation": 90, "texture": "#4"},
				"east": {"uv": [8, 16, 16, 11.5], "rotation": 90, "texture": "#4"},
				"south": {"uv": [8, 16, 16, 11.5], "rotation": 90, "texture": "#4"},
				"up": {"uv": [16, 11.5, 8, 16], "texture": "#4"}
			}
		},
		{
			"from": [5.96875, 7.5, 4.03125],
			"to": [8, 12, 5.96875],
			"rotation": {"angle": 0, "axis": "z", "origin": [7.78125, 7.5, 5.21875]},
			"faces": {
				"north": {"uv": [8, 0, 16, 16], "texture": "#4"},
				"south": {"uv": [0, 0, 8, 16], "texture": "#4"},
				"west": {"uv": [0, 0, 8, 16], "texture": "#4"},
				"up": {"uv": [4.5, 3, 11.5, 10], "texture": "#4"},
				"down": {"uv": [7.5, 7, 14.5, 14], "texture": "#4"}
			}
		},
		{
			"from": [4.25, 13, 4.25],
			"to": [5.75, 17.5, 5.75],
			"rotation": {"angle": 22.5, "axis": "z", "origin": [5.75, 13, 5.25]},
			"faces": {
				"north": {"uv": [8, 0, 16, 16], "texture": "#4"},
				"east": {"uv": [0, 0, 8, 16], "texture": "#4"},
				"south": {"uv": [8, 0, 16, 16], "texture": "#4"},
				"west": {"uv": [0, 0, 8, 16], "texture": "#4"},
				"up": {"uv": [4.5, 3, 11.5, 10], "texture": "#4"}
			}
		},
		{
			"from": [7.25, 3, 4.25],
			"to": [8.75, 7.5, 5.75],
			"rotation": {"angle": 0, "axis": "y", "origin": [8, 5.25, 5]},
			"faces": {
				"north": {"uv": [16, 0, 8, 16], "texture": "#grass_top_dark_dirt_2"},
				"east": {"uv": [8, 0, 0, 16], "texture": "#grass_top_dark_dirt_2"},
				"south": {"uv": [16, 0, 8, 16], "texture": "#grass_top_dark_dirt_2"},
				"west": {"uv": [8, 0, 0, 16], "texture": "#grass_top_dark_dirt_2"}
			}
		},
		{
			"from": [10.25, -0.875, 0.75],
			"to": [15, 0.125, 1.75],
			"rotation": {"angle": 0, "axis": "z", "origin": [12.75, -0.375, 1.25]},
			"faces": {
				"north": {"uv": [16, 0, 8, 16], "rotation": 90, "texture": "#3"},
				"south": {"uv": [16, 0, 8, 16], "rotation": 270, "texture": "#3"},
				"down": {"uv": [8, 0, 0, 16], "rotation": 270, "texture": "#3"}
			}
		},
		{
			"from": [0.75, -0.875, 1],
			"to": [1.75, 0.125, 5.75],
			"rotation": {"angle": 0, "axis": "y", "origin": [8, -0.375, 8]},
			"faces": {
				"east": {"uv": [16, 0, 8, 16], "rotation": 270, "texture": "#3"},
				"west": {"uv": [16, 0, 8, 16], "rotation": 90, "texture": "#3"},
				"down": {"uv": [8, 0, 0, 16], "texture": "#3"}
			}
		},
		{
			"from": [10.25, -0.875, 14.25],
			"to": [15, 0.125, 15.25],
			"rotation": {"angle": 0, "axis": "z", "origin": [12.75, -0.375, 14.75]},
			"faces": {
				"north": {"uv": [16, 0, 8, 16], "rotation": 90, "texture": "#3"},
				"south": {"uv": [16, 0, 8, 16], "rotation": 270, "texture": "#3"},
				"down": {"uv": [8, 0, 0, 16], "rotation": 270, "texture": "#3"}
			}
		},
		{
			"from": [14.25, -0.875, 1],
			"to": [15.25, 0.125, 5.75],
			"rotation": {"angle": 0, "axis": "y", "origin": [8, -0.375, 8]},
			"faces": {
				"east": {"uv": [16, 0, 8, 16], "rotation": 270, "texture": "#3"},
				"west": {"uv": [16, 0, 8, 16], "rotation": 90, "texture": "#3"},
				"down": {"uv": [8, 0, 0, 16], "texture": "#3"}
			}
		},
		{
			"from": [5.75, -0.875, 0.75],
			"to": [10.25, 0.125, 1.75],
			"rotation": {"angle": 0, "axis": "z", "origin": [8, -0.375, 1.25]},
			"faces": {
				"north": {"uv": [16, 0, 8, 16], "rotation": 90, "texture": "#3"},
				"south": {"uv": [16, 0, 8, 16], "rotation": 270, "texture": "#3"},
				"down": {"uv": [8, 0, 0, 16], "rotation": 270, "texture": "#3"}
			}
		},
		{
			"from": [0.75, -0.875, 5.75],
			"to": [1.75, 0.125, 10.25],
			"rotation": {"angle": 0, "axis": "y", "origin": [8, -0.375, 8]},
			"faces": {
				"east": {"uv": [16, 0, 8, 16], "rotation": 270, "texture": "#3"},
				"west": {"uv": [16, 0, 8, 16], "rotation": 90, "texture": "#3"},
				"up": {"uv": [8, 0, 0, 16], "rotation": 180, "texture": "#3"},
				"down": {"uv": [8, 0, 0, 16], "texture": "#3"}
			}
		},
		{
			"from": [5.75, -0.875, 14.25],
			"to": [10.25, 0.125, 15.25],
			"rotation": {"angle": 0, "axis": "z", "origin": [8, -0.375, 14.75]},
			"faces": {
				"north": {"uv": [16, 0, 8, 16], "rotation": 90, "texture": "#3"},
				"south": {"uv": [16, 0, 8, 16], "rotation": 270, "texture": "#3"},
				"down": {"uv": [8, 0, 0, 16], "rotation": 270, "texture": "#3"}
			}
		},
		{
			"from": [14.25, -0.875, 5.75],
			"to": [15.25, 0.125, 10.25],
			"rotation": {"angle": 0, "axis": "y", "origin": [8, -0.375, 8]},
			"faces": {
				"east": {"uv": [16, 0, 8, 16], "rotation": 270, "texture": "#3"},
				"west": {"uv": [16, 0, 8, 16], "rotation": 90, "texture": "#3"},
				"up": {"uv": [8, 0, 0, 16], "rotation": 180, "texture": "#3"},
				"down": {"uv": [8, 0, 0, 16], "texture": "#3"}
			}
		},
		{
			"from": [1, -0.875, 0.75],
			"to": [5.75, 0.125, 1.75],
			"rotation": {"angle": 0, "axis": "z", "origin": [3.25, -0.375, 1.25]},
			"faces": {
				"north": {"uv": [16, 0, 8, 16], "rotation": 90, "texture": "#3"},
				"south": {"uv": [16, 0, 8, 16], "rotation": 270, "texture": "#3"},
				"down": {"uv": [8, 0, 0, 16], "rotation": 270, "texture": "#3"}
			}
		},
		{
			"from": [0.75, -0.875, 10.25],
			"to": [1.75, 0.125, 15],
			"rotation": {"angle": 0, "axis": "y", "origin": [8, -0.375, 8]},
			"faces": {
				"east": {"uv": [16, 0, 8, 16], "rotation": 270, "texture": "#3"},
				"west": {"uv": [16, 0, 8, 16], "rotation": 90, "texture": "#3"},
				"down": {"uv": [8, 0, 0, 16], "texture": "#3"}
			}
		},
		{
			"from": [1, -0.875, 14.25],
			"to": [5.75, 0.125, 15.25],
			"rotation": {"angle": 0, "axis": "z", "origin": [3.25, -0.375, 14.75]},
			"faces": {
				"north": {"uv": [16, 0, 8, 16], "rotation": 90, "texture": "#3"},
				"south": {"uv": [16, 0, 8, 16], "rotation": 270, "texture": "#3"},
				"down": {"uv": [8, 0, 0, 16], "rotation": 270, "texture": "#3"}
			}
		},
		{
			"from": [14.25, -0.875, 10.25],
			"to": [15.25, 0.125, 15],
			"rotation": {"angle": 0, "axis": "y", "origin": [8, -0.375, 8]},
			"faces": {
				"east": {"uv": [16, 0, 8, 16], "rotation": 270, "texture": "#3"},
				"west": {"uv": [16, 0, 8, 16], "rotation": 90, "texture": "#3"},
				"down": {"uv": [8, 0, 0, 16], "texture": "#3"}
			}
		},
		{
			"from": [0.5, -4.5, 14],
			"to": [2, 0, 15.5],
			"rotation": {"angle": 0, "axis": "y", "origin": [5, 3.5, 7.5]},
			"faces": {
				"north": {"uv": [16, 0, 8, 16], "texture": "#7"},
				"east": {"uv": [8, 0, 0, 16], "texture": "#7"},
				"south": {"uv": [16, 0, 8, 16], "texture": "#7"},
				"west": {"uv": [8, 0, 0, 16], "texture": "#7"},
				"down": {"uv": [0, 16, 16, 0], "texture": "#6"}
			}
		},
		{
			"from": [14, -4.5, 14],
			"to": [15.5, 0, 15.5],
			"rotation": {"angle": 0, "axis": "y", "origin": [11, 3.5, 7.5]},
			"faces": {
				"north": {"uv": [8, 0, 16, 16], "texture": "#7"},
				"east": {"uv": [0, 0, 8, 16], "texture": "#7"},
				"south": {"uv": [8, 0, 16, 16], "texture": "#7"},
				"west": {"uv": [0, 0, 8, 16], "texture": "#7"},
				"down": {"uv": [16, 16, 0, 0], "texture": "#6"}
			}
		},
		{
			"from": [14, 0.5, 14],
			"to": [15.5, 5, 15.5],
			"rotation": {"angle": 0, "axis": "y", "origin": [11, 8.5, 7.5]},
			"faces": {
				"north": {"uv": [8, 0, 16, 16], "texture": "#7"},
				"east": {"uv": [0, 0, 8, 16], "texture": "#7"},
				"south": {"uv": [8, 0, 16, 16], "texture": "#7"},
				"west": {"uv": [0, 0, 8, 16], "texture": "#7"},
				"up": {"uv": [0, 0, 16, 16], "texture": "#6"}
			}
		},
		{
			"from": [0.5, 0.5, 14],
			"to": [2, 5, 15.5],
			"rotation": {"angle": 0, "axis": "y", "origin": [5, 8.5, 7.5]},
			"faces": {
				"north": {"uv": [16, 0, 8, 16], "texture": "#7"},
				"east": {"uv": [8, 0, 0, 16], "texture": "#7"},
				"south": {"uv": [16, 0, 8, 16], "texture": "#7"},
				"west": {"uv": [8, 0, 0, 16], "texture": "#7"},
				"up": {"uv": [16, 0, 0, 16], "texture": "#6"}
			}
		},
		{
			"from": [7.25, 0.5, 9.25],
			"to": [8.75, 2, 10.75],
			"rotation": {"angle": 0, "axis": "y", "origin": [11.75, 8.5, 2.75]},
			"faces": {
				"north": {"uv": [8, 7.5, 0, 16], "texture": "#7"},
				"east": {"uv": [16, 7.5, 8, 16], "texture": "#7"},
				"south": {"uv": [8, 0, 0, 8.5], "texture": "#7"},
				"west": {"uv": [16, 0, 8, 8.5], "texture": "#7"},
				"up": {"uv": [16, 0, 0, 16], "texture": "#6"}
			}
		},
		{
			"from": [14, 0.5, 0.5],
			"to": [15.5, 5, 2],
			"rotation": {"angle": 0, "axis": "y", "origin": [11, 8.5, 8.5]},
			"faces": {
				"north": {"uv": [16, 0, 8, 16], "texture": "#7"},
				"east": {"uv": [8, 0, 0, 16], "texture": "#7"},
				"south": {"uv": [16, 0, 8, 16], "texture": "#7"},
				"west": {"uv": [8, 0, 0, 16], "texture": "#7"},
				"up": {"uv": [0, 16, 16, 0], "texture": "#6"}
			}
		},
		{
			"from": [0.5, 0.5, 0.5],
			"to": [2, 5, 2],
			"rotation": {"angle": 0, "axis": "y", "origin": [5, 8.5, 8.5]},
			"faces": {
				"north": {"uv": [8, 0, 16, 16], "texture": "#7"},
				"east": {"uv": [0, 0, 8, 16], "texture": "#7"},
				"south": {"uv": [8, 0, 16, 16], "texture": "#7"},
				"west": {"uv": [0, 0, 8, 16], "texture": "#7"},
				"up": {"uv": [16, 16, 0, 0], "texture": "#6"}
			}
		},
		{
			"from": [7.25, 0.5, 14],
			"to": [8.75, 5, 15.5],
			"rotation": {"angle": 0, "axis": "y", "origin": [11.75, 8.5, 7.5]},
			"faces": {
				"north": {"uv": [16, 0, 8, 16], "texture": "#7"},
				"east": {"uv": [8, 0, 0, 16], "texture": "#7"},
				"south": {"uv": [16, 0, 8, 16], "texture": "#7"},
				"west": {"uv": [8, 0, 0, 16], "texture": "#7"},
				"up": {"uv": [16, 0, 0, 16], "texture": "#6"}
			}
		},
		{
			"from": [14.25, 3, 2],
			"to": [15.25, 4, 7.25],
			"rotation": {"angle": 0, "axis": "x", "origin": [15.5, 4.5, 2]},
			"faces": {
				"east": {"uv": [6, 0, 0.5, 16], "rotation": 90, "texture": "#2"},
				"west": {"uv": [6, 0, 0.5, 16], "rotation": 90, "texture": "#2"},
				"up": {"uv": [6, 0, 0.5, 16], "texture": "#2"},
				"down": {"uv": [6, 0, 0.5, 16], "texture": "#2"}
			}
		},
		{
			"from": [0.75, 3, 2],
			"to": [1.75, 4, 7.25],
			"rotation": {"angle": 0, "axis": "x", "origin": [0.5, 4.5, 2]},
			"faces": {
				"east": {"uv": [6, 16, 0.5, 0], "rotation": 90, "texture": "#2"},
				"west": {"uv": [6, 16, 0.5, 0], "rotation": 90, "texture": "#2"},
				"up": {"uv": [0.5, 0, 6, 16], "texture": "#2"},
				"down": {"uv": [0.5, 0, 6, 16], "texture": "#2"}
			}
		},
		{
			"from": [2, 3, 14.25],
			"to": [7.25, 4, 15.25],
			"rotation": {"angle": 0, "axis": "y", "origin": [2, 4.5, 14]},
			"faces": {
				"north": {"uv": [6, 0, 0.5, 16], "rotation": 90, "texture": "#2"},
				"south": {"uv": [6, 0, 0.5, 16], "rotation": 90, "texture": "#2"},
				"up": {"uv": [6, 0, 0.5, 16], "rotation": 270, "texture": "#2"},
				"down": {"uv": [6, 0, 0.5, 16], "rotation": 90, "texture": "#2"}
			}
		},
		{
			"from": [8.75, 3, 14.25],
			"to": [14, 4, 15.25],
			"rotation": {"angle": 0, "axis": "y", "origin": [8.75, 4.5, 14]},
			"faces": {
				"north": {"uv": [6, 0, 0.5, 16], "rotation": 90, "texture": "#2"},
				"south": {"uv": [6, 0, 0.5, 16], "rotation": 90, "texture": "#2"},
				"up": {"uv": [6, 0, 0.5, 16], "rotation": 270, "texture": "#2"},
				"down": {"uv": [6, 0, 0.5, 16], "rotation": 90, "texture": "#2"}
			}
		},
		{
			"from": [14.25, 3, 8.75],
			"to": [15.25, 4, 14],
			"rotation": {"angle": 0, "axis": "x", "origin": [15.5, 4.5, 8.75]},
			"faces": {
				"east": {"uv": [6, 0, 0.5, 16], "rotation": 90, "texture": "#2"},
				"west": {"uv": [6, 0, 0.5, 16], "rotation": 90, "texture": "#2"},
				"up": {"uv": [6, 0, 0.5, 16], "texture": "#2"},
				"down": {"uv": [6, 0, 0.5, 16], "texture": "#2"}
			}
		},
		{
			"from": [0.75, 3, 8.75],
			"to": [1.75, 4, 14],
			"rotation": {"angle": 0, "axis": "x", "origin": [0.5, 4.5, 8.75]},
			"faces": {
				"east": {"uv": [6, 16, 0.5, 0], "rotation": 90, "texture": "#2"},
				"west": {"uv": [6, 16, 0.5, 0], "rotation": 90, "texture": "#2"},
				"up": {"uv": [0.5, 0, 6, 16], "texture": "#2"},
				"down": {"uv": [0.5, 0, 6, 16], "texture": "#2"}
			}
		},
		{
			"from": [14, 0.375, 7.25],
			"to": [15.5, 5, 8.75],
			"rotation": {"angle": 0, "axis": "y", "origin": [11, 8.5, 15.25]},
			"faces": {
				"north": {"uv": [16, 0, 8, 16], "texture": "#7"},
				"east": {"uv": [8, 0, 0, 16], "texture": "#7"},
				"south": {"uv": [16, 0, 8, 16], "texture": "#7"},
				"west": {"uv": [8, 0, 0, 16], "texture": "#7"},
				"up": {"uv": [0, 16, 16, 0], "texture": "#6"},
				"down": {"uv": [16, 0, 0, 16], "texture": "#6"}
			}
		},
		{
			"from": [0.5, 0.375, 7.25],
			"to": [2, 5, 8.75],
			"rotation": {"angle": 0, "axis": "y", "origin": [5, 8.5, 15.25]},
			"faces": {
				"north": {"uv": [8, 0, 16, 16], "texture": "#7"},
				"east": {"uv": [0, 0, 8, 16], "texture": "#7"},
				"south": {"uv": [8, 0, 16, 16], "texture": "#7"},
				"west": {"uv": [0, 0, 8, 16], "texture": "#7"},
				"up": {"uv": [16, 16, 0, 0], "texture": "#6"},
				"down": {"uv": [0, 0, 16, 16], "texture": "#6"}
			}
		},
		{
			"from": [-1, 0, -0.6],
			"to": [3.46875, 0.5, 7.9],
			"rotation": {"angle": 0, "axis": "y", "origin": [3.5, 8, 7.4]},
			"faces": {
				"north": {"uv": [0, 2, 16, 5], "texture": "#2"},
				"east": {"uv": [0, 6, 16, 9], "texture": "#2"},
				"south": {"uv": [0, 10, 16, 13], "texture": "#2"},
				"west": {"uv": [0, 2, 16, 5], "texture": "#2"},
				"up": {"uv": [3, 0, 13, 16], "texture": "#2"},
				"down": {"uv": [3, 0, 13, 16], "texture": "#2"}
			}
		},
		{
			"from": [12.53125, 0, -0.6],
			"to": [17, 0.5, 7.9],
			"rotation": {"angle": 0, "axis": "y", "origin": [17, 8, 7.4]},
			"faces": {
				"north": {"uv": [0, 2, 16, 5], "texture": "#2"},
				"east": {"uv": [0, 6, 16, 9], "texture": "#2"},
				"south": {"uv": [0, 10, 16, 13], "texture": "#2"},
				"west": {"uv": [0, 2, 16, 5], "texture": "#2"},
				"up": {"uv": [3, 0, 13, 16], "texture": "#2"},
				"down": {"uv": [3, 0, 13, 16], "texture": "#2"}
			}
		},
		{
			"from": [8.03125, 0, -1.1],
			"to": [12.5, 0.5, 7.4],
			"rotation": {"angle": 0, "axis": "y", "origin": [12.5, 8, 6.9]},
			"faces": {
				"north": {"uv": [0, 2, 16, 5], "texture": "#2"},
				"east": {"uv": [0, 6, 16, 9], "texture": "#2"},
				"south": {"uv": [0, 10, 16, 13], "texture": "#2"},
				"west": {"uv": [0, 2, 16, 5], "texture": "#2"},
				"up": {"uv": [3, 0, 13, 16], "texture": "#2"},
				"down": {"uv": [3, 0, 13, 16], "texture": "#2"}
			}
		},
		{
			"from": [3.5, 0, -0.1],
			"to": [8, 0.5, 8.4],
			"rotation": {"angle": 0, "axis": "y", "origin": [8, 8, 7.9]},
			"faces": {
				"north": {"uv": [0, 2, 16, 5], "texture": "#2"},
				"east": {"uv": [0, 6, 16, 9], "texture": "#2"},
				"south": {"uv": [0, 10, 16, 13], "texture": "#2"},
				"west": {"uv": [0, 2, 16, 5], "texture": "#2"},
				"up": {"uv": [3, 0, 13, 16], "texture": "#2"},
				"down": {"uv": [3, 0, 13, 16], "texture": "#2"}
			}
		},
		{
			"from": [-1, 0, 8.15],
			"to": [3.46875, 0.5, 16.65],
			"rotation": {"angle": 0, "axis": "y", "origin": [3.5, 8, 16.15]},
			"faces": {
				"north": {"uv": [0, 2, 16, 5], "texture": "#2"},
				"east": {"uv": [0, 6, 16, 9], "texture": "#2"},
				"south": {"uv": [0, 10, 16, 13], "texture": "#2"},
				"west": {"uv": [0, 2, 16, 5], "texture": "#2"},
				"up": {"uv": [3, 0, 13, 16], "texture": "#2"},
				"down": {"uv": [3, 0, 13, 16], "texture": "#2"}
			}
		},
		{
			"from": [12.53125, 0, 8.15],
			"to": [17, 0.5, 16.65],
			"rotation": {"angle": 0, "axis": "y", "origin": [17, 8, 16.15]},
			"faces": {
				"north": {"uv": [0, 2, 16, 5], "texture": "#2"},
				"east": {"uv": [0, 6, 16, 9], "texture": "#2"},
				"south": {"uv": [0, 10, 16, 13], "texture": "#2"},
				"west": {"uv": [0, 2, 16, 5], "texture": "#2"},
				"up": {"uv": [3, 0, 13, 16], "texture": "#2"},
				"down": {"uv": [3, 0, 13, 16], "texture": "#2"}
			}
		},
		{
			"from": [8.03125, 0, 7.65],
			"to": [12.5, 0.5, 16.15],
			"rotation": {"angle": 0, "axis": "y", "origin": [12.5, 8, 15.65]},
			"faces": {
				"north": {"uv": [0, 2, 16, 5], "texture": "#2"},
				"east": {"uv": [0, 6, 16, 9], "texture": "#2"},
				"south": {"uv": [0, 10, 16, 13], "texture": "#2"},
				"west": {"uv": [0, 2, 16, 5], "texture": "#2"},
				"up": {"uv": [3, 0, 13, 16], "texture": "#2"},
				"down": {"uv": [3, 0, 13, 16], "texture": "#2"}
			}
		},
		{
			"from": [3.5, 0, 8.65],
			"to": [8, 0.5, 17.15],
			"rotation": {"angle": 0, "axis": "y", "origin": [8, 8, 16.65]},
			"faces": {
				"north": {"uv": [0, 2, 16, 5], "texture": "#2"},
				"east": {"uv": [0, 6, 16, 9], "texture": "#2"},
				"south": {"uv": [0, 10, 16, 13], "texture": "#2"},
				"west": {"uv": [0, 2, 16, 5], "texture": "#2"},
				"up": {"uv": [3, 0, 13, 16], "texture": "#2"},
				"down": {"uv": [3, 0, 13, 16], "texture": "#2"}
			}
		},
		{
			"from": [7.75, 1.26875, 9.51875],
			"to": [8.25, 2.01875, 14.01875],
			"rotation": {"angle": -22.5, "axis": "x", "origin": [8.25, 2.0125, 9.58125]},
			"faces": {
				"east": {"uv": [0, 9, 15.5, 6], "texture": "#12"},
				"south": {"uv": [5.5, 1, 5, 1.5], "rotation": 180, "texture": "#12"},
				"west": {"uv": [0, 9, 15.5, 6], "rotation": 180, "texture": "#12"},
				"up": {"uv": [0, 6, 15.5, 8], "rotation": 270, "texture": "#12"},
				"down": {"uv": [0, 6, 15.5, 8], "rotation": 90, "texture": "#12"}
			}
		},
		{
			"from": [4.75, 16.25, 10],
			"to": [11.25, 17.75, 11.5],
			"rotation": {"angle": -45, "axis": "x", "origin": [8, 17, 10.75]},
			"faces": {
				"north": {"uv": [16, 0, 8, 16], "rotation": 270, "texture": "#grass_top_dark_dirt_2"},
				"east": {"uv": [16, 0, 0, 16], "rotation": 90, "texture": "#1"},
				"south": {"uv": [16, 0, 8, 16], "rotation": 90, "texture": "#grass_top_dark_dirt_2"},
				"west": {"uv": [16, 0, 0, 16], "rotation": 90, "texture": "#1"},
				"up": {"uv": [8, 0, 0, 16], "rotation": 90, "texture": "#grass_top_dark_dirt_2"},
				"down": {"uv": [8, 0, 0, 16], "rotation": 90, "texture": "#grass_top_dark_dirt_2"}
			}
		},
		{
			"from": [7, 16.3668, 7.8235],
			"to": [9, 18.3668, 9.8235],
			"rotation": {"angle": -22.5, "axis": "x", "origin": [8, 17, 10.75]},
			"faces": {
				"north": {"uv": [16, 0, 0, 16], "texture": "#9"},
				"east": {"uv": [16, 0, 0, 16], "texture": "#9"},
				"south": {"uv": [16, 0, 0, 16], "texture": "#9"},
				"west": {"uv": [16, 0, 0, 16], "texture": "#9"},
				"up": {"uv": [16, 0, 0, 16], "texture": "#10"},
				"down": {"uv": [16, 0, 0, 16], "texture": "#11"}
			}
		},
		{
			"from": [4, 15.75, 7.75],
			"to": [6.5, 18.25, 10.25],
			"rotation": {"angle": -45, "axis": "x", "origin": [8, 17, 10.75]},
			"faces": {
				"north": {"uv": [16, 0, 0, 16], "texture": "#8"},
				"east": {"uv": [16, 0, 0, 16], "texture": "#8"},
				"south": {"uv": [16, 0, 0, 16], "texture": "#8"},
				"west": {"uv": [16, 0, 0, 16], "texture": "#8"},
				"up": {"uv": [16, 0, 0, 16], "texture": "#8"},
				"down": {"uv": [16, 0, 0, 16], "texture": "#8"}
			}
		},
		{
			"from": [4.75, 16.25, 6.5],
			"to": [11.25, 17.75, 8],
			"rotation": {"angle": -45, "axis": "x", "origin": [8, 17, 10.75]},
			"faces": {
				"north": {"uv": [16, 0, 8, 16], "rotation": 270, "texture": "#grass_top_dark_dirt_2"},
				"east": {"uv": [16, 0, 0, 16], "rotation": 90, "texture": "#1"},
				"south": {"uv": [16, 0, 8, 16], "rotation": 90, "texture": "#grass_top_dark_dirt_2"},
				"west": {"uv": [16, 0, 0, 16], "rotation": 90, "texture": "#1"},
				"up": {"uv": [8, 0, 0, 16], "rotation": 90, "texture": "#grass_top_dark_dirt_2"},
				"down": {"uv": [8, 0, 0, 16], "rotation": 90, "texture": "#grass_top_dark_dirt_2"}
			}
		},
		{
			"from": [9.5, 15.75, 7.75],
			"to": [12, 18.25, 10.25],
			"rotation": {"angle": -45, "axis": "x", "origin": [8, 17, 10.75]},
			"faces": {
				"north": {"uv": [0, 0, 16, 16], "texture": "#8"},
				"east": {"uv": [0, 0, 16, 16], "texture": "#8"},
				"south": {"uv": [0, 0, 16, 16], "texture": "#8"},
				"west": {"uv": [0, 0, 16, 16], "texture": "#8"},
				"up": {"uv": [0, 0, 16, 16], "texture": "#8"},
				"down": {"uv": [0, 0, 16, 16], "texture": "#8"}
			}
		},
		{
			"from": [5.5, 15.5, 9],
			"to": [10.5, 17, 10.5],
			"rotation": {"angle": -45, "axis": "x", "origin": [8, 17, 10.75]},
			"faces": {
				"east": {"uv": [16, 0, 0, 16], "rotation": 90, "texture": "#1"},
				"south": {"uv": [16, 0, 8, 16], "rotation": 90, "texture": "#grass_top_dark_dirt_2"},
				"west": {"uv": [16, 0, 0, 16], "rotation": 90, "texture": "#1"},
				"up": {"uv": [8, 0, 0, 16], "rotation": 90, "texture": "#grass_top_dark_dirt_2"},
				"down": {"uv": [8, 0, 0, 16], "rotation": 90, "texture": "#grass_top_dark_dirt_2"}
			}
		},
		{
			"from": [5.5, 15.5, 7.5],
			"to": [10.5, 17, 9],
			"rotation": {"angle": -45, "axis": "x", "origin": [8, 17, 10.75]},
			"faces": {
				"north": {"uv": [16, 0, 8, 16], "rotation": 270, "texture": "#grass_top_dark_dirt_2"},
				"east": {"uv": [16, 0, 0, 16], "rotation": 90, "texture": "#1"},
				"west": {"uv": [16, 0, 0, 16], "rotation": 90, "texture": "#1"},
				"up": {"uv": [8, 0, 0, 16], "rotation": 90, "texture": "#grass_top_dark_dirt_2"},
				"down": {"uv": [8, 0, 0, 16], "rotation": 90, "texture": "#grass_top_dark_dirt_2"}
			}
		},
		{
			"from": [3.5, 14.07447, 7.31779],
			"to": [4, 14.82447, 10.81779],
			"rotation": {"angle": -22.5, "axis": "x", "origin": [12.25, 15.475, 5.875]},
			"faces": {
				"north": {"uv": [0.25, 1.25, 0.75, 1.75], "rotation": 180, "texture": "#12"},
				"east": {"uv": [0, 6, 15.5, 9], "rotation": 180, "texture": "#12"},
				"south": {"uv": [15.25, 2.25, 15.75, 2.75], "texture": "#12"},
				"west": {"uv": [0, 6, 15.5, 9], "texture": "#12"},
				"up": {"uv": [0, 6, 15.5, 8], "rotation": 90, "texture": "#12"},
				"down": {"uv": [0, 6, 15.5, 8], "rotation": 270, "texture": "#12"}
			}
		},
		{
			"from": [12, 14.07447, 7.31779],
			"to": [12.5, 14.82447, 10.81779],
			"rotation": {"angle": -22.5, "axis": "x", "origin": [12.25, 15.475, 5.875]},
			"faces": {
				"north": {"uv": [0.75, 1.25, 0.25, 1.75], "rotation": 180, "texture": "#12"},
				"east": {"uv": [15.5, 6, 0, 9], "texture": "#12"},
				"south": {"uv": [15.75, 2.25, 15.25, 2.75], "texture": "#12"},
				"west": {"uv": [15.5, 6, 0, 9], "rotation": 180, "texture": "#12"},
				"up": {"uv": [0, 8, 15.5, 6], "rotation": 90, "texture": "#12"},
				"down": {"uv": [0, 8, 15.5, 6], "rotation": 270, "texture": "#12"}
			}
		},
		{
			"from": [3.75, 14.64277, 5.46599],
			"to": [4.25, 15.39277, 8.96599],
			"rotation": {"angle": 0, "axis": "y", "origin": [12.25, 15.475, 5.875]},
			"faces": {
				"north": {"uv": [0.25, 1.25, 0.75, 1.75], "rotation": 180, "texture": "#12"},
				"east": {"uv": [0, 6, 15.5, 9], "rotation": 180, "texture": "#12"},
				"south": {"uv": [15.25, 2.25, 15.75, 2.75], "texture": "#12"},
				"west": {"uv": [0, 6, 15.5, 9], "texture": "#12"},
				"up": {"uv": [0, 6, 15.5, 8], "rotation": 90, "texture": "#12"},
				"down": {"uv": [0, 6, 15.5, 8], "rotation": 270, "texture": "#12"}
			}
		},
		{
			"from": [11.75, 14.64277, 5.46599],
			"to": [12.25, 15.39277, 8.96599],
			"rotation": {"angle": 0, "axis": "y", "origin": [12.25, 15.475, 5.875]},
			"faces": {
				"north": {"uv": [0.75, 1.25, 0.25, 1.75], "rotation": 180, "texture": "#12"},
				"east": {"uv": [15.5, 6, 0, 9], "texture": "#12"},
				"south": {"uv": [15.75, 2.25, 15.25, 2.75], "texture": "#12"},
				"west": {"uv": [15.5, 6, 0, 9], "rotation": 180, "texture": "#12"},
				"up": {"uv": [0, 8, 15.5, 6], "rotation": 90, "texture": "#12"},
				"down": {"uv": [0, 8, 15.5, 6], "rotation": 270, "texture": "#12"}
			}
		}
	],
	"display": {
		"thirdperson_righthand": {
			"rotation": [75, -45, 0],
			"translation": [0, 2.5, 2],
			"scale": [0.375, 0.375, 0.375]
		},
		"thirdperson_lefthand": {
			"rotation": [75, 135, 0],
			"translation": [0, 2.5, 2],
			"scale": [0.375, 0.375, 0.375]
		},
		"firstperson_righthand": {
			"rotation": [0, -45, 0],
			"translation": [0, 1, -1],
			"scale": [0.3, 0.3, 0.3]
		},
		"firstperson_lefthand": {
			"rotation": [0, -45, 0],
			"translation": [0, 1, -1],
			"scale": [-0.3, 0.3, 0.3]
		},
		"ground": {
			"translation": [0, 3, 0],
			"scale": [0.25, 0.25, 0.25]
		},
		"gui": {
			"rotation": [30, -45, 0],
			"translation": [0, 1.5, 0],
			"scale": [0.45, 0.45, 0.45]
		},
		"head": {
			"translation": [0, -20, 0],
			"scale": [4, 4, 4]
		},
		"fixed": {
			"rotation": [0, 90, 0],
			"translation": [0, 0, -4.25],
			"scale": [0.5, 0.5, 0.5]
		}
	},
	"groups": [0, 1, 2, 3, 4, 5, 6, 7, 8, 9, 10, 11, 12, 13, 14, 15, 16, 17, 18, 19, 20, 21, 22, 23, 24, 25, 26, 27, 28, 29, 30, 31, 32, 33, 34, 35, 36, 37, 38, 39, 40, 41, 42, 43, 44, 45, 46, 47, 48, 49, 50, 51, 52,
		{
			"name": "group",
			"origin": [8, 8, 8],
			"children": [
				{
					"name": "basket",
					"origin": [8, 6.25, 11.75],
					"children": [53, 54, 55, 56, 57, 58, 59]
				},
				{
					"name": "string_2",
					"origin": [12.25, 15.6, 8.25],
					"children": [60, 61, 62, 63]
				}
			]
		}
	]
}