{
  "file_name": "leftarm2",
  "texture_size": [
    128,
    128
  ],
  "textures": {
    "layer0": "modelengine:entity/golem"
  },
  "elements": [
    {
      "name": "leftarm2_0",
      "from": [
        -8.05,
        3.9499998,
        8.6
      ],
      "to": [
        8.15,
        8.45,
        13.1
      ],
      "rotation": {
        "angle": 22.5,
        "axis": "z",
        "origin": [
          7.25,
          7.55,
          8.0
        ]
      },
      "faces": {
        "down": {
          "uv": [
            4.25,
            4.25,
            7.625,
            5.125
          ],
          "texture": "#layer0",
          "tintindex": 0
        },
        "east": {
          "uv": [
            0.0,
            5.125,
            0.875,
            6.0
          ],
          "texture": "#layer0",
          "tintindex": 0
        },
        "north": {
          "uv": [
            0.875,
            5.125,
            4.25,
            6.0
          ],
          "texture": "#layer0",
          "tintindex": 0
        },
        "south": {
          "uv": [
            5.125,
            5.125,
            8.5,
            6.0
          ],
          "texture": "#layer0",
          "tintindex": 0
        },
        "up": {
          "uv": [
            4.25,
            5.125,
            0.875,
            4.25
          ],
          "texture": "#layer0",
          "tintindex": 0
        },
        "west": {
          "uv": [
            4.25,
            5.125,
            5.125,
            6.0
          ],
          "texture": "#layer0",
          "tintindex": 0
        }
      }
    }
  ],
  "display": {
    "head": {
      "translation": [
        0.0,
        -6.4,
        0.0
      ],
      "rotation": [
        0.0,
        0.0,
        0.0
      ],
      "scale": [
        3.8095,
        3.8095,
        3.8095
      ]
    },
    "gui": {
      "translation": [
        0.0,
        0.0,
        0.0
      ],
      "rotation": [
        35.0,
        225.0,
        0.0
      ],
      "scale": [
        0.625,
        0.625,
        0.625
      ]
    }
  }
}