{
  "file_name": "rightleg",
  "texture_size": [
    128,
    128
  ],
  "textures": {
    "layer0": "modelengine:entity/golem"
  },
  "elements": [
    {
      "name": "rightleg_0",
      "from": [
        5.825,
        4.7749996,
        5.975
      ],
      "to": [
        8.525,
        9.275,
        8.675
      ],
      "rotation": {
        "angle": 22.5,
        "axis": "x",
        "origin": [
          7.625,
          5.675,
          5.975
        ]
      },
      "faces": {
        "down": {
          "uv": [
            8.0,
            7.625,
            8.5,
            8.125
          ],
          "texture": "#layer0",
          "tintindex": 0
        },
        "east": {
          "uv": [
            7.5,
            8.125,
            8.0,
            9.0
          ],
          "texture": "#layer0",
          "tintindex": 0
        },
        "north": {
          "uv": [
            8.0,
            8.125,
            8.5,
            9.0
          ],
          "texture": "#layer0",
          "tintindex": 0
        },
        "south": {
          "uv": [
            7.0,
            8.125,
            7.5,
            9.0
          ],
          "texture": "#layer0",
          "tintindex": 0
        },
        "up": {
          "uv": [
            8.0,
            8.125,
            7.5,
            7.625
          ],
          "texture": "#layer0",
          "tintindex": 0
        },
        "west": {
          "uv": [
            8.5,
            8.125,
            9.0,
            9.0
          ],
          "texture": "#layer0",
          "tintindex": 0
        }
      }
    }
  ],
  "display": {
    "head": {
      "translation": [
        0.0,
        -6.4,
        0.0
      ],
      "rotation": [
        0.0,
        0.0,
        0.0
      ],
      "scale": [
        3.8095,
        3.8095,
        3.8095
      ]
    },
    "gui": {
      "translation": [
        0.0,
        0.0,
        0.0
      ],
      "rotation": [
        35.0,
        225.0,
        0.0
      ],
      "scale": [
        0.625,
        0.625,
        0.625
      ]
    }
  }
}