{
  "file_name": "rightarm2",
  "texture_size": [
    128,
    128
  ],
  "textures": {
    "layer0": "modelengine:entity/golem"
  },
  "elements": [
    {
      "name": "rightarm2_0",
      "from": [
        6.7430015,
        6.845,
        7.6159997
      ],
      "to": [
        19.379002,
        10.355,
        11.125999
      ],
      "rotation": {
        "angle": -22.5,
        "axis": "z",
        "origin": [
          7.4449997,
          9.653,
          8.216001
        ]
      },
      "faces": {
        "down": {
          "uv": [
            3.25,
            6.0,
            5.875,
            6.625
          ],
          "texture": "#layer0",
          "tintindex": 0
        },
        "east": {
          "uv": [
            3.25,
            6.625,
            3.875,
            7.25
          ],
          "texture": "#layer0",
          "tintindex": 0
        },
        "north": {
          "uv": [
            3.875,
            6.625,
            6.5,
            7.25
          ],
          "texture": "#layer0",
          "tintindex": 0
        },
        "south": {
          "uv": [
            0.625,
            6.625,
            3.25,
            7.25
          ],
          "texture": "#layer0",
          "tintindex": 0
        },
        "up": {
          "uv": [
            3.25,
            6.625,
            0.625,
            6.0
          ],
          "texture": "#layer0",
          "tintindex": 0
        },
        "west": {
          "uv": [
            0.0,
            6.625,
            0.625,
            7.25
          ],
          "texture": "#layer0",
          "tintindex": 0
        }
      }
    }
  ],
  "display": {
    "head": {
      "translation": [
        0.0,
        -6.4,
        0.0
      ],
      "rotation": [
        0.0,
        0.0,
        0.0
      ],
      "scale": [
        3.8095,
        3.8095,
        3.8095
      ]
    },
    "gui": {
      "translation": [
        0.0,
        0.0,
        0.0
      ],
      "rotation": [
        35.0,
        225.0,
        0.0
      ],
      "scale": [
        0.625,
        0.625,
        0.625
      ]
    }
  }
}