{
  "file_name": "body",
  "texture_size": [
    128,
    128
  ],
  "textures": {
    "layer0": "modelengine:entity/goblinking"
  },
  "elements": [
    {
      "name": "body_0",
      "from": [
        5.119999,
        14.24,
        4.64
      ],
      "to": [
        10.879999,
        17.12,
        8.96
      ],
      "rotation": {
        "angle": 0.0,
        "axis": "z",
        "origin": [
          8.0,
          8.0,
          8.0
        ]
      },
      "faces": {
        "down": {
          "uv": [
            6.0,
            0.0,
            7.5,
            1.125
          ],
          "texture": "#layer0",
          "tintindex": 0
        },
        "east": {
          "uv": [
            0.0,
            7.875,
            1.125,
            8.625
          ],
          "texture": "#layer0",
          "tintindex": 0
        },
        "north": {
          "uv": [
            5.0,
            7.25,
            6.5,
            8.0
          ],
          "texture": "#layer0",
          "tintindex": 0
        },
        "south": {
          "uv": [
            7.5,
            0.0,
            9.0,
            0.75
          ],
          "texture": "#layer0",
          "tintindex": 0
        },
        "up": {
          "uv": [
            1.5,
            6.75,
            0.0,
            5.625
          ],
          "texture": "#layer0",
          "tintindex": 0
        },
        "west": {
          "uv": [
            8.25,
            2.625,
            9.375,
            3.375
          ],
          "texture": "#layer0",
          "tintindex": 0
        }
      }
    },
    {
      "name": "body_1",
      "from": [
        10.879999,
        15.2,
        8.0
      ],
      "to": [
        15.68,
        18.08,
        8.48
      ],
      "rotation": {
        "angle": 22.5,
        "axis": "z",
        "origin": [
          13.76,
          15.2,
          4.64
        ]
      },
      "faces": {
        "down": {
          "uv": [
            12.125,
            3.625,
            13.375,
            3.75
          ],
          "texture": "#layer0",
          "tintindex": 0
        },
        "east": {
          "uv": [
            1.875,
            5.625,
            2.0,
            6.375
          ],
          "texture": "#layer0",
          "tintindex": 0
        },
        "north": {
          "uv": [
            7.875,
            7.125,
            9.125,
            7.875
          ],
          "texture": "#layer0",
          "tintindex": 0
        },
        "south": {
          "uv": [
            5.0,
            8.0,
            6.25,
            8.75
          ],
          "texture": "#layer0",
          "tintindex": 0
        },
        "up": {
          "uv": [
            7.75,
            4.0,
            6.5,
            3.875
          ],
          "texture": "#layer0",
          "tintindex": 0
        },
        "west": {
          "uv": [
            6.125,
            8.75,
            6.25,
            9.5
          ],
          "texture": "#layer0",
          "tintindex": 0
        }
      }
    },
    {
      "name": "body_2",
      "from": [
        0.3199997,
        15.2,
        8.0
      ],
      "to": [
        5.12,
        18.08,
        8.48
      ],
      "rotation": {
        "angle": -22.5,
        "axis": "z",
        "origin": [
          2.2399995,
          15.2,
          4.64
        ]
      },
      "faces": {
        "down": {
          "uv": [
            14.375,
            3.25,
            13.125,
            3.375
          ],
          "texture": "#layer0",
          "tintindex": 0
        },
        "east": {
          "uv": [
            6.25,
            8.75,
            6.125,
            9.5
          ],
          "texture": "#layer0",
          "tintindex": 0
        },
        "north": {
          "uv": [
            9.125,
            7.125,
            7.875,
            7.875
          ],
          "texture": "#layer0",
          "tintindex": 0
        },
        "south": {
          "uv": [
            6.25,
            8.0,
            5.0,
            8.75
          ],
          "texture": "#layer0",
          "tintindex": 0
        },
        "up": {
          "uv": [
            6.5,
            4.0,
            7.75,
            3.875
          ],
          "texture": "#layer0",
          "tintindex": 0
        },
        "west": {
          "uv": [
            2.0,
            5.625,
            1.875,
            6.375
          ],
          "texture": "#layer0",
          "tintindex": 0
        }
      }
    },
    {
      "name": "body_3",
      "from": [
        7.04,
        14.24,
        4.16
      ],
      "to": [
        8.96,
        16.16,
        4.64
      ],
      "rotation": {
        "angle": 0.0,
        "axis": "z",
        "origin": [
          8.0,
          8.0,
          8.0
        ]
      },
      "faces": {
        "down": {
          "uv": [
            10.25,
            8.125,
            10.75,
            8.25
          ],
          "texture": "#layer0",
          "tintindex": 0
        },
        "east": {
          "uv": [
            3.75,
            5.0,
            3.875,
            5.5
          ],
          "texture": "#layer0",
          "tintindex": 0
        },
        "north": {
          "uv": [
            2.0,
            4.5,
            2.5,
            5.0
          ],
          "texture": "#layer0",
          "tintindex": 0
        },
        "south": {
          "uv": [
            2.25,
            9.875,
            2.75,
            10.375
          ],
          "texture": "#layer0",
          "tintindex": 0
        },
        "up": {
          "uv": [
            9.625,
            7.875,
            9.125,
            7.75
          ],
          "texture": "#layer0",
          "tintindex": 0
        },
        "west": {
          "uv": [
            3.875,
            5.0,
            4.0,
            5.5
          ],
          "texture": "#layer0",
          "tintindex": 0
        }
      }
    },
    {
      "name": "body_4",
      "from": [
        12.799999,
        13.76,
        6.8
      ],
      "to": [
        13.28,
        16.640001,
        9.68
      ],
      "rotation": {
        "angle": 0.0,
        "axis": "z",
        "origin": [
          8.0,
          8.0,
          8.0
        ]
      },
      "faces": {
        "down": {
          "uv": [
            2.875,
            10.375,
            2.75,
            11.125
          ],
          "texture": "#layer0",
          "tintindex": 0
        },
        "east": {
          "uv": [
            3.5,
            8.625,
            4.25,
            9.375
          ],
          "texture": "#layer0",
          "tintindex": 0
        },
        "north": {
          "uv": [
            0.5,
            10.0,
            0.625,
            10.75
          ],
          "texture": "#layer0",
          "tintindex": 0
        },
        "south": {
          "uv": [
            4.0,
            10.0,
            4.125,
            10.75
          ],
          "texture": "#layer0",
          "tintindex": 0
        },
        "up": {
          "uv": [
            9.5,
            11.0,
            9.625,
            11.75
          ],
          "texture": "#layer0",
          "tintindex": 0
        },
        "west": {
          "uv": [
            5.0,
            8.75,
            5.75,
            9.5
          ],
          "texture": "#layer0",
          "tintindex": 0
        }
      }
    },
    {
      "name": "body_5",
      "from": [
        2.7199998,
        13.76,
        6.8
      ],
      "to": [
        3.1999998,
        16.640001,
        9.68
      ],
      "rotation": {
        "angle": 0.0,
        "axis": "z",
        "origin": [
          8.0,
          8.0,
          8.0
        ]
      },
      "faces": {
        "down": {
          "uv": [
            2.75,
            10.375,
            2.875,
            11.125
          ],
          "texture": "#layer0",
          "tintindex": 0
        },
        "east": {
          "uv": [
            5.75,
            8.75,
            5.0,
            9.5
          ],
          "texture": "#layer0",
          "tintindex": 0
        },
        "north": {
          "uv": [
            0.625,
            10.0,
            0.5,
            10.75
          ],
          "texture": "#layer0",
          "tintindex": 0
        },
        "south": {
          "uv": [
            4.125,
            10.0,
            4.0,
            10.75
          ],
          "texture": "#layer0",
          "tintindex": 0
        },
        "up": {
          "uv": [
            9.625,
            11.0,
            9.5,
            11.75
          ],
          "texture": "#layer0",
          "tintindex": 0
        },
        "west": {
          "uv": [
            4.25,
            8.625,
            3.5,
            9.375
          ],
          "texture": "#layer0",
          "tintindex": 0
        }
      }
    },
    {
      "name": "body_6",
      "from": [
        3.1999998,
        11.360001,
        5.12
      ],
      "to": [
        12.8,
        13.76,
        10.88
      ],
      "rotation": {
        "angle": -22.5,
        "axis": "x",
        "origin": [
          8.0,
          13.28,
          4.64
        ]
      },
      "faces": {
        "down": {
          "uv": [
            0.0,
            1.5,
            2.5,
            3.0
          ],
          "texture": "#layer0",
          "tintindex": 0
        },
        "east": {
          "uv": [
            6.5,
            7.875,
            8.0,
            8.5
          ],
          "texture": "#layer0",
          "tintindex": 0
        },
        "north": {
          "uv": [
            4.0,
            3.375,
            6.5,
            4.0
          ],
          "texture": "#layer0",
          "tintindex": 0
        },
        "south": {
          "uv": [
            6.0,
            1.125,
            8.5,
            1.75
          ],
          "texture": "#layer0",
          "tintindex": 0
        },
        "up": {
          "uv": [
            2.5,
            1.5,
            0.0,
            0.0
          ],
          "texture": "#layer0",
          "tintindex": 0
        },
        "west": {
          "uv": [
            7.875,
            6.5,
            9.375,
            7.125
          ],
          "texture": "#layer0",
          "tintindex": 0
        }
      }
    },
    {
      "name": "body_7",
      "from": [
        3.6800005,
        4.128182,
        3.0608957
      ],
      "to": [
        12.320001,
        7.968182,
        8.820896
      ],
      "rotation": {
        "angle": 0.0,
        "axis": "z",
        "origin": [
          8.0,
          8.0,
          8.0
        ]
      },
      "faces": {
        "down": {
          "uv": [
            4.0,
            4.0,
            6.25,
            5.5
          ],
          "texture": "#layer0",
          "tintindex": 0
        },
        "east": {
          "uv": [
            6.0,
            1.75,
            7.5,
            2.75
          ],
          "texture": "#layer0",
          "tintindex": 0
        },
        "north": {
          "uv": [
            2.0,
            5.5,
            4.25,
            6.5
          ],
          "texture": "#layer0",
          "tintindex": 0
        },
        "south": {
          "uv": [
            4.25,
            5.5,
            6.5,
            6.5
          ],
          "texture": "#layer0",
          "tintindex": 0
        },
        "up": {
          "uv": [
            2.25,
            4.5,
            0.0,
            3.0
          ],
          "texture": "#layer0",
          "tintindex": 0
        },
        "west": {
          "uv": [
            6.25,
            4.0,
            7.75,
            5.0
          ],
          "texture": "#layer0",
          "tintindex": 0
        }
      }
    },
    {
      "name": "body_8",
      "from": [
        5.6,
        12.022688,
        3.721562
      ],
      "to": [
        10.4,
        15.502687,
        6.121562
      ],
      "rotation": {
        "angle": 22.5,
        "axis": "x",
        "origin": [
          8.0,
          12.022688,
          3.721562
        ]
      },
      "faces": {
        "down": {
          "uv": [
            8.25,
            5.375,
            9.5,
            6.0
          ],
          "texture": "#layer0",
          "tintindex": 0
        },
        "east": {
          "uv": [
            8.75,
            1.5,
            9.375,
            2.375
          ],
          "texture": "#layer0",
          "tintindex": 0
        },
        "north": {
          "uv": [
            7.5,
            1.75,
            8.75,
            2.625
          ],
          "texture": "#layer0",
          "tintindex": 0
        },
        "south": {
          "uv": [
            1.125,
            7.625,
            2.375,
            8.5
          ],
          "texture": "#layer0",
          "tintindex": 0
        },
        "up": {
          "uv": [
            9.5,
            5.375,
            8.25,
            4.75
          ],
          "texture": "#layer0",
          "tintindex": 0
        },
        "west": {
          "uv": [
            9.0,
            3.875,
            9.625,
            4.75
          ],
          "texture": "#layer0",
          "tintindex": 0
        }
      }
    },
    {
      "name": "body_9",
      "from": [
        6.5599995,
        11.84,
        3.1999998
      ],
      "to": [
        9.440001,
        14.24,
        3.6799998
      ],
      "rotation": {
        "angle": 0.0,
        "axis": "z",
        "origin": [
          8.0,
          8.0,
          8.0
        ]
      },
      "faces": {
        "down": {
          "uv": [
            10.25,
            0.5,
            11.0,
            0.625
          ],
          "texture": "#layer0",
          "tintindex": 0
        },
        "east": {
          "uv": [
            6.5,
            7.25,
            6.625,
            7.875
          ],
          "texture": "#layer0",
          "tintindex": 0
        },
        "north": {
          "uv": [
            9.0,
            0.0,
            9.75,
            0.625
          ],
          "texture": "#layer0",
          "tintindex": 0
        },
        "south": {
          "uv": [
            7.5,
            9.125,
            8.25,
            9.75
          ],
          "texture": "#layer0",
          "tintindex": 0
        },
        "up": {
          "uv": [
            8.25,
            2.75,
            7.5,
            2.625
          ],
          "texture": "#layer0",
          "tintindex": 0
        },
        "west": {
          "uv": [
            6.625,
            7.25,
            6.75,
            7.875
          ],
          "texture": "#layer0",
          "tintindex": 0
        }
      }
    },
    {
      "name": "body_10",
      "from": [
        7.04,
        14.165925,
        2.3476038
      ],
      "to": [
        8.96,
        16.085926,
        4.747604
      ],
      "rotation": {
        "angle": -22.5,
        "axis": "x",
        "origin": [
          8.0,
          14.645923,
          4.267604
        ]
      },
      "faces": {
        "down": {
          "uv": [
            8.625,
            9.625,
            9.125,
            10.25
          ],
          "texture": "#layer0",
          "tintindex": 0
        },
        "east": {
          "uv": [
            9.625,
            3.375,
            10.25,
            3.875
          ],
          "texture": "#layer0",
          "tintindex": 0
        },
        "north": {
          "uv": [
            9.875,
            9.875,
            10.375,
            10.375
          ],
          "texture": "#layer0",
          "tintindex": 0
        },
        "south": {
          "uv": [
            9.875,
            0.625,
            10.375,
            1.125
          ],
          "texture": "#layer0",
          "tintindex": 0
        },
        "up": {
          "uv": [
            6.5,
            3.375,
            6.0,
            2.75
          ],
          "texture": "#layer0",
          "tintindex": 0
        },
        "west": {
          "uv": [
            9.625,
            3.875,
            10.25,
            4.375
          ],
          "texture": "#layer0",
          "tintindex": 0
        }
      }
    },
    {
      "name": "body_11",
      "from": [
        6.8,
        17.12,
        6.08
      ],
      "to": [
        9.2,
        20.96,
        8.48
      ],
      "rotation": {
        "angle": 0.0,
        "axis": "z",
        "origin": [
          8.0,
          8.0,
          8.0
        ]
      },
      "faces": {
        "down": {
          "uv": [
            2.25,
            9.25,
            2.875,
            9.875
          ],
          "texture": "#layer0",
          "tintindex": 0
        },
        "east": {
          "uv": [
            2.875,
            8.5,
            3.5,
            9.5
          ],
          "texture": "#layer0",
          "tintindex": 0
        },
        "north": {
          "uv": [
            3.625,
            7.625,
            4.25,
            8.625
          ],
          "texture": "#layer0",
          "tintindex": 0
        },
        "south": {
          "uv": [
            6.25,
            8.5,
            6.875,
            9.5
          ],
          "texture": "#layer0",
          "tintindex": 0
        },
        "up": {
          "uv": [
            9.75,
            7.75,
            9.125,
            7.125
          ],
          "texture": "#layer0",
          "tintindex": 0
        },
        "west": {
          "uv": [
            6.875,
            8.5,
            7.5,
            9.5
          ],
          "texture": "#layer0",
          "tintindex": 0
        }
      }
    },
    {
      "name": "body_12",
      "from": [
        6.8,
        17.12,
        5.12
      ],
      "to": [
        9.2,
        20.96,
        6.08
      ],
      "rotation": {
        "angle": 0.0,
        "axis": "z",
        "origin": [
          8.0,
          8.0,
          8.0
        ]
      },
      "faces": {
        "down": {
          "uv": [
            3.5,
            12.375,
            2.875,
            12.625
          ],
          "texture": "#layer0",
          "tintindex": 0
        },
        "east": {
          "uv": [
            11.625,
            7.875,
            11.875,
            8.875
          ],
          "texture": "#layer0",
          "tintindex": 0
        },
        "north": {
          "uv": [
            11.625,
            7.625,
            12.25,
            8.625
          ],
          "texture": "#layer0",
          "tintindex": 0
        },
        "south": {
          "uv": [
            6.25,
            8.5,
            6.875,
            9.5
          ],
          "texture": "#layer0",
          "tintindex": 0
        },
        "up": {
          "uv": [
            11.25,
            9.625,
            11.875,
            9.875
          ],
          "texture": "#layer0",
          "tintindex": 0
        },
        "west": {
          "uv": [
            11.25,
            8.25,
            11.5,
            9.25
          ],
          "texture": "#layer0",
          "tintindex": 0
        }
      }
    },
    {
      "name": "body_13",
      "from": [
        6.8,
        17.12,
        8.48
      ],
      "to": [
        9.2,
        20.96,
        9.440001
      ],
      "rotation": {
        "angle": 0.0,
        "axis": "z",
        "origin": [
          8.0,
          8.0,
          8.0
        ]
      },
      "faces": {
        "down": {
          "uv": [
            3.5,
            12.625,
            2.875,
            12.375
          ],
          "texture": "#layer0",
          "tintindex": 0
        },
        "east": {
          "uv": [
            11.875,
            7.875,
            11.625,
            8.875
          ],
          "texture": "#layer0",
          "tintindex": 0
        },
        "north": {
          "uv": [
            6.875,
            8.5,
            6.25,
            9.5
          ],
          "texture": "#layer0",
          "tintindex": 0
        },
        "south": {
          "uv": [
            12.25,
            7.625,
            11.625,
            8.625
          ],
          "texture": "#layer0",
          "tintindex": 0
        },
        "up": {
          "uv": [
            11.25,
            9.875,
            11.875,
            9.625
          ],
          "texture": "#layer0",
          "tintindex": 0
        },
        "west": {
          "uv": [
            11.5,
            8.25,
            11.25,
            9.25
          ],
          "texture": "#layer0",
          "tintindex": 0
        }
      }
    },
    {
      "name": "body_14",
      "from": [
        5.84,
        17.12,
        6.08
      ],
      "to": [
        6.8,
        20.96,
        8.48
      ],
      "rotation": {
        "angle": 0.0,
        "axis": "z",
        "origin": [
          8.0,
          8.0,
          8.0
        ]
      },
      "faces": {
        "down": {
          "uv": [
            3.25,
            12.125,
            3.0,
            12.75
          ],
          "texture": "#layer0",
          "tintindex": 0
        },
        "east": {
          "uv": [
            2.875,
            8.5,
            3.5,
            9.5
          ],
          "texture": "#layer0",
          "tintindex": 0
        },
        "north": {
          "uv": [
            12.0,
            8.0,
            12.25,
            9.0
          ],
          "texture": "#layer0",
          "tintindex": 0
        },
        "south": {
          "uv": [
            12.125,
            8.25,
            12.375,
            9.25
          ],
          "texture": "#layer0",
          "tintindex": 0
        },
        "up": {
          "uv": [
            11.25,
            8.375,
            11.5,
            9.0
          ],
          "texture": "#layer0",
          "tintindex": 0
        },
        "west": {
          "uv": [
            11.375,
            8.5,
            12.0,
            9.5
          ],
          "texture": "#layer0",
          "tintindex": 0
        }
      }
    },
    {
      "name": "body_15",
      "from": [
        9.2,
        17.12,
        6.08
      ],
      "to": [
        10.16,
        20.96,
        8.48
      ],
      "rotation": {
        "angle": 0.0,
        "axis": "z",
        "origin": [
          8.0,
          8.0,
          8.0
        ]
      },
      "faces": {
        "down": {
          "uv": [
            3.0,
            12.125,
            3.25,
            12.75
          ],
          "texture": "#layer0",
          "tintindex": 0
        },
        "east": {
          "uv": [
            12.0,
            8.5,
            11.375,
            9.5
          ],
          "texture": "#layer0",
          "tintindex": 0
        },
        "north": {
          "uv": [
            12.25,
            8.0,
            12.0,
            9.0
          ],
          "texture": "#layer0",
          "tintindex": 0
        },
        "south": {
          "uv": [
            12.375,
            8.25,
            12.125,
            9.25
          ],
          "texture": "#layer0",
          "tintindex": 0
        },
        "up": {
          "uv": [
            11.5,
            8.375,
            11.25,
            9.0
          ],
          "texture": "#layer0",
          "tintindex": 0
        },
        "west": {
          "uv": [
            3.5,
            8.5,
            2.875,
            9.5
          ],
          "texture": "#layer0",
          "tintindex": 0
        }
      }
    },
    {
      "name": "body_16",
      "from": [
        4.1599994,
        4.821182,
        3.962564
      ],
      "to": [
        11.84,
        9.141182,
        8.282564
      ],
      "rotation": {
        "angle": 22.5,
        "axis": "x",
        "origin": [
          8.0,
          7.941182,
          7.802564
        ]
      },
      "faces": {
        "down": {
          "uv": [
            0.0,
            4.5,
            2.0,
            5.625
          ],
          "texture": "#layer0",
          "tintindex": 0
        },
        "east": {
          "uv": [
            0.0,
            6.75,
            1.125,
            7.875
          ],
          "texture": "#layer0",
          "tintindex": 0
        },
        "north": {
          "uv": [
            4.0,
            0.0,
            6.0,
            1.125
          ],
          "texture": "#layer0",
          "tintindex": 0
        },
        "south": {
          "uv": [
            4.0,
            1.125,
            6.0,
            2.25
          ],
          "texture": "#layer0",
          "tintindex": 0
        },
        "up": {
          "uv": [
            6.0,
            3.375,
            4.0,
            2.25
          ],
          "texture": "#layer0",
          "tintindex": 0
        },
        "west": {
          "uv": [
            6.75,
            6.75,
            7.875,
            7.875
          ],
          "texture": "#layer0",
          "tintindex": 0
        }
      }
    },
    {
      "name": "body_17",
      "from": [
        4.6400003,
        8.995034,
        6.1373177
      ],
      "to": [
        11.360001,
        10.915033,
        9.017318
      ],
      "rotation": {
        "angle": 22.5,
        "axis": "x",
        "origin": [
          8.0,
          9.7150345,
          8.537318
        ]
      },
      "faces": {
        "down": {
          "uv": [
            6.5,
            5.75,
            8.25,
            6.5
          ],
          "texture": "#layer0",
          "tintindex": 0
        },
        "east": {
          "uv": [
            9.125,
            6.0,
            9.875,
            6.5
          ],
          "texture": "#layer0",
          "tintindex": 0
        },
        "north": {
          "uv": [
            2.0,
            5.0,
            3.75,
            5.5
          ],
          "texture": "#layer0",
          "tintindex": 0
        },
        "south": {
          "uv": [
            8.0,
            8.0,
            9.75,
            8.5
          ],
          "texture": "#layer0",
          "tintindex": 0
        },
        "up": {
          "uv": [
            8.25,
            5.75,
            6.5,
            5.0
          ],
          "texture": "#layer0",
          "tintindex": 0
        },
        "west": {
          "uv": [
            9.375,
            1.875,
            10.125,
            2.375
          ],
          "texture": "#layer0",
          "tintindex": 0
        }
      }
    },
    {
      "name": "body_18",
      "from": [
        4.6400003,
        10.639999,
        6.56
      ],
      "to": [
        11.360001,
        13.52,
        9.440001
      ],
      "rotation": {
        "angle": 0.0,
        "axis": "z",
        "origin": [
          8.0,
          8.0,
          8.0
        ]
      },
      "faces": {
        "down": {
          "uv": [
            6.5,
            2.75,
            8.25,
            3.5
          ],
          "texture": "#layer0",
          "tintindex": 0
        },
        "east": {
          "uv": [
            8.5,
            0.75,
            9.25,
            1.5
          ],
          "texture": "#layer0",
          "tintindex": 0
        },
        "north": {
          "uv": [
            1.5,
            6.5,
            3.25,
            7.25
          ],
          "texture": "#layer0",
          "tintindex": 0
        },
        "south": {
          "uv": [
            3.25,
            6.5,
            5.0,
            7.25
          ],
          "texture": "#layer0",
          "tintindex": 0
        },
        "up": {
          "uv": [
            6.75,
            7.25,
            5.0,
            6.5
          ],
          "texture": "#layer0",
          "tintindex": 0
        },
        "west": {
          "uv": [
            0.0,
            8.625,
            0.75,
            9.375
          ],
          "texture": "#layer0",
          "tintindex": 0
        }
      }
    }
  ],
  "display": {
    "head": {
      "translation": [
        0.0,
        -6.4,
        0.0
      ],
      "rotation": [
        0.0,
        0.0,
        0.0
      ],
      "scale": [
        3.8095,
        3.8095,
        3.8095
      ]
    },
    "gui": {
      "translation": [
        0.0,
        0.0,
        0.0
      ],
      "rotation": [
        35.0,
        225.0,
        0.0
      ],
      "scale": [
        0.625,
        0.625,
        0.625
      ]
    }
  }
}