{
  "file_name": "rightleg",
  "texture_size": [
    128,
    128
  ],
  "textures": {
    "layer0": "modelengine:entity/goblinking"
  },
  "elements": [
    {
      "name": "rightleg_0",
      "from": [
        7.9999995,
        5.7407722,
        8.022127
      ],
      "to": [
        9.440001,
        9.580772,
        9.462128
      ],
      "rotation": {
        "angle": 22.5,
        "axis": "x",
        "origin": [
          8.0,
          8.620771,
          8.022127
        ]
      },
      "faces": {
        "down": {
          "uv": [
            9.5,
            5.625,
            9.875,
            6.0
          ],
          "texture": "#layer0",
          "tintindex": 0
        },
        "east": {
          "uv": [
            2.875,
            9.5,
            3.25,
            10.5
          ],
          "texture": "#layer0",
          "tintindex": 0
        },
        "north": {
          "uv": [
            9.375,
            2.375,
            9.75,
            3.375
          ],
          "texture": "#layer0",
          "tintindex": 0
        },
        "south": {
          "uv": [
            5.0,
            9.5,
            5.375,
            10.5
          ],
          "texture": "#layer0",
          "tintindex": 0
        },
        "up": {
          "uv": [
            8.5,
            1.125,
            8.125,
            0.75
          ],
          "texture": "#layer0",
          "tintindex": 0
        },
        "west": {
          "uv": [
            5.375,
            9.5,
            5.75,
            10.5
          ],
          "texture": "#layer0",
          "tintindex": 0
        }
      }
    },
    {
      "name": "rightleg_1",
      "from": [
        7.9999995,
        2.7096138,
        7.4710636
      ],
      "to": [
        9.440001,
        6.069614,
        8.911064
      ],
      "rotation": {
        "angle": -22.5,
        "axis": "x",
        "origin": [
          8.0,
          4.629614,
          7.471064
        ]
      },
      "faces": {
        "down": {
          "uv": [
            10.25,
            7.375,
            10.625,
            7.75
          ],
          "texture": "#layer0",
          "tintindex": 0
        },
        "east": {
          "uv": [
            6.875,
            9.5,
            7.25,
            10.375
          ],
          "texture": "#layer0",
          "tintindex": 0
        },
        "north": {
          "uv": [
            1.5,
            5.625,
            1.875,
            6.5
          ],
          "texture": "#layer0",
          "tintindex": 0
        },
        "south": {
          "uv": [
            9.5,
            9.5,
            9.875,
            10.375
          ],
          "texture": "#layer0",
          "tintindex": 0
        },
        "up": {
          "uv": [
            10.625,
            7.375,
            10.25,
            7.0
          ],
          "texture": "#layer0",
          "tintindex": 0
        },
        "west": {
          "uv": [
            9.5,
            4.75,
            9.875,
            5.625
          ],
          "texture": "#layer0",
          "tintindex": 0
        }
      }
    },
    {
      "name": "rightleg_2",
      "from": [
        7.7599998,
        3.1896138,
        7.231064
      ],
      "to": [
        9.68,
        4.149614,
        9.151064
      ],
      "rotation": {
        "angle": -22.5,
        "axis": "x",
        "origin": [
          8.0,
          4.629614,
          7.471064
        ]
      },
      "faces": {
        "down": {
          "uv": [
            9.875,
            8.75,
            10.375,
            9.25
          ],
          "texture": "#layer0",
          "tintindex": 0
        },
        "east": {
          "uv": [
            7.75,
            4.75,
            8.25,
            5.0
          ],
          "texture": "#layer0",
          "tintindex": 0
        },
        "north": {
          "uv": [
            7.375,
            6.5,
            7.875,
            6.75
          ],
          "texture": "#layer0",
          "tintindex": 0
        },
        "south": {
          "uv": [
            10.25,
            9.625,
            10.75,
            9.875
          ],
          "texture": "#layer0",
          "tintindex": 0
        },
        "up": {
          "uv": [
            10.375,
            8.75,
            9.875,
            8.25
          ],
          "texture": "#layer0",
          "tintindex": 0
        },
        "west": {
          "uv": [
            4.25,
            10.375,
            4.75,
            10.625
          ],
          "texture": "#layer0",
          "tintindex": 0
        }
      }
    },
    {
      "name": "rightleg_3",
      "from": [
        7.9999995,
        2.6,
        6.92
      ],
      "to": [
        9.440001,
        3.4399998,
        9.512001
      ],
      "rotation": {
        "angle": 0.0,
        "axis": "z",
        "origin": [
          8.0,
          8.0,
          8.0
        ]
      },
      "faces": {
        "down": {
          "uv": [
            9.875,
            9.25,
            10.25,
            9.875
          ],
          "texture": "#layer0",
          "tintindex": 0
        },
        "east": {
          "uv": [
            6.75,
            6.5,
            7.375,
            6.75
          ],
          "texture": "#layer0",
          "tintindex": 0
        },
        "north": {
          "uv": [
            5.75,
            10.375,
            6.125,
            10.625
          ],
          "texture": "#layer0",
          "tintindex": 0
        },
        "south": {
          "uv": [
            6.75,
            10.375,
            7.125,
            10.625
          ],
          "texture": "#layer0",
          "tintindex": 0
        },
        "up": {
          "uv": [
            1.125,
            10.5,
            0.75,
            9.875
          ],
          "texture": "#layer0",
          "tintindex": 0
        },
        "west": {
          "uv": [
            8.75,
            2.375,
            9.375,
            2.625
          ],
          "texture": "#layer0",
          "tintindex": 0
        }
      }
    }
  ],
  "display": {
    "head": {
      "translation": [
        0.0,
        -6.4,
        0.0
      ],
      "rotation": [
        0.0,
        0.0,
        0.0
      ],
      "scale": [
        3.8095,
        3.8095,
        3.8095
      ]
    },
    "gui": {
      "translation": [
        0.0,
        0.0,
        0.0
      ],
      "rotation": [
        35.0,
        225.0,
        0.0
      ],
      "scale": [
        0.625,
        0.625,
        0.625
      ]
    }
  }
}