{
	"credit": "Made by MadstonMagic, using Cubik Pro & Blockbench",
	"textures": {
		"0": "block/spruce_planks",
		"1": "block/spruce_log",
		"2": "block/dark_oak_planks",
		"3": "block/white_wool",
		"4": "block/bone_block_side",
		"5": "block/anvil",
		"6": "block/fire_1",
		"7": "decoration/raid_map",
		"8": "map/map_background",
		"9": "item/feather",
		"10": "block/blue_stained_glass",
		"11": "block/coal_block",
		"12": "block/redstone_block",
		"particle": "block/spruce_planks"
	},
	"elements": [
		{
			"from": [0, 3, 0],
			"to": [8, 3.5, 16],
			"rotation": {"angle": 0, "axis": "y", "origin": [0, 8, 19]},
			"faces": {
				"north": {"uv": [15, 4, 7, 5], "texture": "#3"},
				"south": {"uv": [12, 11, 4, 12], "texture": "#3"},
				"west": {"uv": [16, 3, 0, 4], "texture": "#3"},
				"up": {"uv": [16, 0, 8, 16], "texture": "#3"},
				"down": {"uv": [16, 8, 0, 16], "texture": "#3"}
			}
		},
		{
			"from": [0.5, 3.5, 0.5],
			"to": [8, 3.505, 15.5],
			"rotation": {"angle": 0, "axis": "y", "origin": [16, 8.5, 18.5]},
			"faces": {
				"north": {"uv": [6.875, 15.625, 6.625, 15.875], "texture": "#8"},
				"south": {"uv": [6.875, 15.625, 6.625, 15.875], "texture": "#8"},
				"west": {"uv": [6.875, 15.625, 6.625, 15.875], "texture": "#8"},
				"up": {"uv": [16, 0, 8, 16], "texture": "#8"}
			}
		},
		{
			"from": [1.5, 3.51563, 2.5],
			"to": [8, 3.52063, 12],
			"rotation": {"angle": 45, "axis": "y", "origin": [8, 3.51563, 7.5]},
			"faces": {
				"north": {"uv": [6.875, 15.625, 6.625, 15.875], "texture": "#7"},
				"south": {"uv": [6.875, 15.625, 6.625, 15.875], "texture": "#7"},
				"west": {"uv": [6.875, 15.625, 6.625, 15.875], "texture": "#7"},
				"up": {"uv": [0.016, 0.016, 8.125, 6.029], "rotation": 270, "texture": "#7"},
				"down": {"uv": [6.625, 15.875, 6.875, 15.625], "rotation": 90, "texture": "#7"}
			}
		},
		{
			"from": [0, 1, -0.5],
			"to": [8, 3, 0],
			"rotation": {"angle": 0, "axis": "y", "origin": [0, 7.5, 18]},
			"faces": {
				"north": {"uv": [8, 0, 0, 3], "texture": "#3"},
				"west": {"uv": [1, 0, 0, 3], "texture": "#3"},
				"up": {"uv": [16, 3, 8, 4], "texture": "#3"},
				"down": {"uv": [16, 8, 8, 9], "texture": "#3"}
			}
		},
		{
			"from": [0, 1, 16],
			"to": [8, 3, 16.5],
			"rotation": {"angle": 0, "axis": "y", "origin": [0, 7.5, -2]},
			"faces": {
				"south": {"uv": [0, 0, 8, 3], "texture": "#3"},
				"west": {"uv": [0, 0, 1, 3], "texture": "#3"},
				"up": {"uv": [16, 4, 8, 3], "texture": "#3"},
				"down": {"uv": [16, 9, 8, 8], "texture": "#3"}
			}
		},
		{
			"from": [1.5, -1, -0.5],
			"to": [8, 1, 0],
			"rotation": {"angle": 0, "axis": "y", "origin": [0, 5.5, 18]},
			"faces": {
				"north": {"uv": [8, 6, 2, 9], "texture": "#3"},
				"south": {"uv": [15, 7, 9, 10], "texture": "#3"},
				"west": {"uv": [1, 0, 0, 3], "texture": "#3"},
				"down": {"uv": [9, 7, 3, 8], "texture": "#3"}
			}
		},
		{
			"from": [1.5, -1, 16],
			"to": [8, 1, 16.5],
			"rotation": {"angle": 0, "axis": "y", "origin": [0, 5.5, -2]},
			"faces": {
				"north": {"uv": [5, 4, 11, 7], "texture": "#3"},
				"south": {"uv": [2, 6, 8, 9], "texture": "#3"},
				"west": {"uv": [0, 0, 1, 3], "texture": "#3"},
				"down": {"uv": [9, 8, 3, 7], "texture": "#3"}
			}
		},
		{
			"from": [3, -3, -0.5],
			"to": [8, -1, 0],
			"rotation": {"angle": 0, "axis": "y", "origin": [0, 3.5, 18]},
			"faces": {
				"north": {"uv": [11, 7, 7, 10], "texture": "#3"},
				"south": {"uv": [7, 3, 3, 6], "texture": "#3"},
				"west": {"uv": [3, 4, 2, 7], "texture": "#3"},
				"down": {"uv": [10, 7, 6, 8], "texture": "#3"}
			}
		},
		{
			"from": [3, -3, 16],
			"to": [8, -1, 16.5],
			"rotation": {"angle": 0, "axis": "y", "origin": [0, 3.5, -2]},
			"faces": {
				"north": {"uv": [8, 6, 12, 9], "texture": "#3"},
				"south": {"uv": [7, 7, 11, 10], "texture": "#3"},
				"west": {"uv": [2, 4, 3, 7], "texture": "#3"},
				"down": {"uv": [10, 8, 6, 7], "texture": "#3"}
			}
		},
		{
			"from": [4.5, -5, -0.5],
			"to": [8, -3, 0],
			"rotation": {"angle": 0, "axis": "y", "origin": [0, 1.5, 18]},
			"faces": {
				"north": {"uv": [8, 7, 4, 10], "texture": "#3"},
				"south": {"uv": [12, 5, 8, 8], "texture": "#3"},
				"west": {"uv": [6, 7, 5, 10], "texture": "#3"},
				"down": {"uv": [12, 12, 8, 13], "texture": "#3"}
			}
		},
		{
			"from": [4.5, -5, 16],
			"to": [8, -3, 16.5],
			"rotation": {"angle": 0, "axis": "y", "origin": [0, 1.5, -2]},
			"faces": {
				"north": {"uv": [4, 7, 8, 10], "texture": "#3"},
				"south": {"uv": [4, 7, 8, 10], "texture": "#3"},
				"west": {"uv": [5, 7, 6, 10], "texture": "#3"},
				"down": {"uv": [12, 13, 8, 12], "texture": "#3"}
			}
		},
		{
			"from": [-8, 0, 0],
			"to": [8, 3, 5],
			"rotation": {"angle": 0, "axis": "y", "origin": [0, 8, 8]},
			"faces": {
				"north": {"uv": [16, 3, 0, 8], "texture": "#0"},
				"south": {"uv": [16, 0, 0, 5], "texture": "#0"},
				"west": {"uv": [8, 8, 2, 13], "texture": "#0"},
				"up": {"uv": [16, 8, 0, 16], "texture": "#0"},
				"down": {"uv": [16, 1, 0, 9], "texture": "#0"}
			}
		},
		{
			"from": [-2, 3, -1.5],
			"to": [-0.5, 4.5, 6.5],
			"rotation": {"angle": -45, "axis": "y", "origin": [-5, 9, 0]},
			"faces": {
				"north": {"uv": [8.25, 5.25, 5.25, 7], "texture": "#8"},
				"east": {"uv": [8.25, 5.25, 5.25, 7], "texture": "#8"},
				"south": {"uv": [8.25, 5.25, 5.25, 7], "texture": "#8"},
				"west": {"uv": [8.25, 5.25, 5.25, 7], "texture": "#8"},
				"up": {"uv": [8.25, 5.25, 5.25, 7], "texture": "#8"},
				"down": {"uv": [8.25, 5.25, 5.25, 7], "texture": "#8"}
			}
		},
		{
			"from": [-2.125, 3, 2],
			"to": [-0.375, 4.625, 3],
			"rotation": {"angle": -45, "axis": "y", "origin": [-5, 9, 0]},
			"faces": {
				"north": {"uv": [9, 6, 8, 7], "texture": "#12"},
				"east": {"uv": [9, 6, 8, 7], "texture": "#12"},
				"south": {"uv": [9, 6, 8, 7], "texture": "#12"},
				"west": {"uv": [9, 6, 8, 7], "texture": "#12"},
				"up": {"uv": [9, 6, 8, 7], "texture": "#12"},
				"down": {"uv": [9, 6, 8, 7], "texture": "#12"}
			}
		},
		{
			"from": [-6.5, 3, 9],
			"to": [-1.5, 3.5, 14],
			"rotation": {"angle": 0, "axis": "y", "origin": [0, 8, 8]},
			"faces": {
				"north": {"uv": [6, 5, 13, 6], "texture": "#5"},
				"east": {"uv": [5, 8, 12, 9], "texture": "#5"},
				"south": {"uv": [6, 10, 13, 11], "texture": "#5"},
				"west": {"uv": [5, 1, 12, 2], "texture": "#5"},
				"up": {"uv": [5, 1, 12, 8], "texture": "#5"},
				"down": {"uv": [5, 1, 12, 8], "texture": "#5"}
			}
		},
		{
			"from": [-7, 3.5, 9],
			"to": [-6.5, 4.5, 14],
			"rotation": {"angle": 0, "axis": "y", "origin": [-0.5, 8.5, 8]},
			"faces": {
				"north": {"uv": [5, 5, 6, 7], "texture": "#5"},
				"east": {"uv": [6, 5, 13, 7], "texture": "#5"},
				"south": {"uv": [9, 8, 10, 10], "texture": "#5"},
				"west": {"uv": [6, 5, 13, 7], "texture": "#5"},
				"up": {"uv": [6, 4, 7, 11], "texture": "#5"},
				"down": {"uv": [5, 1, 12, 8], "texture": "#5"}
			}
		},
		{
			"from": [-6.5, 3.5, 8.5],
			"to": [-1.5, 4.5, 9],
			"rotation": {"angle": 0, "axis": "y", "origin": [-0.5, 8.5, 15]},
			"faces": {
				"north": {"uv": [6, 5, 13, 7], "texture": "#5"},
				"east": {"uv": [5, 5, 6, 7], "texture": "#5"},
				"south": {"uv": [6, 5, 13, 7], "texture": "#5"},
				"west": {"uv": [9, 8, 10, 10], "texture": "#5"},
				"up": {"uv": [6, 4, 7, 11], "rotation": 90, "texture": "#5"},
				"down": {"uv": [5, 1, 12, 8], "rotation": 270, "texture": "#5"}
			}
		},
		{
			"from": [-1.5, 3.5, 9],
			"to": [-1, 4.5, 14],
			"rotation": {"angle": 0, "axis": "y", "origin": [5, 8.5, 8]},
			"faces": {
				"north": {"uv": [5, 5, 6, 7], "texture": "#5"},
				"east": {"uv": [6, 5, 13, 7], "texture": "#5"},
				"south": {"uv": [9, 8, 10, 10], "texture": "#5"},
				"west": {"uv": [6, 5, 13, 7], "texture": "#5"},
				"up": {"uv": [6, 4, 7, 11], "texture": "#5"},
				"down": {"uv": [5, 1, 12, 8], "texture": "#5"}
			}
		},
		{
			"from": [-6.5, 3.5, 14],
			"to": [-1.5, 4.5, 14.5],
			"rotation": {"angle": 0, "axis": "y", "origin": [-0.5, 8.5, 20.5]},
			"faces": {
				"north": {"uv": [6, 5, 13, 7], "texture": "#5"},
				"east": {"uv": [5, 5, 6, 7], "texture": "#5"},
				"south": {"uv": [6, 5, 13, 7], "texture": "#5"},
				"west": {"uv": [9, 8, 10, 10], "texture": "#5"},
				"up": {"uv": [6, 4, 7, 11], "rotation": 90, "texture": "#5"},
				"down": {"uv": [5, 1, 12, 8], "rotation": 270, "texture": "#5"}
			}
		},
		{
			"from": [-4.5, 4.5, 14],
			"to": [-3.5, 5.5, 14.5],
			"rotation": {"angle": 0, "axis": "y", "origin": [-0.5, 8.5, 20.5]},
			"faces": {
				"north": {"uv": [6, 5, 8, 7], "texture": "#5"},
				"east": {"uv": [10, 8, 11, 10], "texture": "#5"},
				"south": {"uv": [6, 5, 8, 7], "texture": "#5"},
				"west": {"uv": [9, 8, 10, 10], "texture": "#5"}
			}
		},
		{
			"from": [-4.5, 3.5, 15.5],
			"to": [-3.5, 5.5, 16],
			"rotation": {"angle": 0, "axis": "y", "origin": [-0.5, 8.5, 22]},
			"faces": {
				"north": {"uv": [7, 9, 9, 13], "texture": "#5"},
				"east": {"uv": [5, 8, 6, 12], "texture": "#5"},
				"south": {"uv": [9, 7, 11, 11], "texture": "#5"},
				"west": {"uv": [12, 8, 13, 12], "texture": "#5"},
				"down": {"uv": [5, 1, 12, 8], "rotation": 270, "texture": "#5"}
			}
		},
		{
			"from": [-4.5, 5.5, 14],
			"to": [-3.5, 6, 16],
			"rotation": {"angle": 0, "axis": "x", "origin": [-4, 5.5, 16]},
			"faces": {
				"north": {"uv": [12, 12, 14, 13], "texture": "#5"},
				"east": {"uv": [5, 8, 6, 12], "rotation": 270, "texture": "#5"},
				"south": {"uv": [8, 8, 10, 9], "texture": "#5"},
				"west": {"uv": [6, 8, 7, 12], "rotation": 90, "texture": "#5"},
				"up": {"uv": [7, 8, 9, 12], "rotation": 180, "texture": "#5"},
				"down": {"uv": [12, 9, 14, 13], "rotation": 180, "texture": "#5"}
			}
		},
		{
			"from": [-5, 4, 10.5],
			"to": [-3, 9.5, 12.5],
			"rotation": {"angle": 0, "axis": "y", "origin": [0, 8, 8]},
			"faces": {
				"north": {"uv": [5, 1, 6, 2], "texture": "#4"},
				"east": {"uv": [5, 1, 6, 2], "texture": "#4"},
				"south": {"uv": [5, 1, 6, 2], "texture": "#4"},
				"west": {"uv": [5, 1, 6, 2], "texture": "#4"},
				"up": {"uv": [5, 1, 6, 2], "texture": "#4"}
			}
		},
		{
			"from": [-5, 8.5, 10],
			"to": [-3, 9, 13],
			"rotation": {"angle": 0, "axis": "y", "origin": [0, 8, 8]},
			"faces": {
				"north": {"uv": [5, 1, 6, 2], "texture": "#4"},
				"east": {"uv": [5, 1, 6, 2], "texture": "#4"},
				"south": {"uv": [5, 1, 6, 2], "texture": "#4"},
				"west": {"uv": [5, 1, 6, 2], "texture": "#4"},
				"up": {"uv": [5, 1, 6, 2], "texture": "#4"},
				"down": {"uv": [5, 1, 6, 2], "texture": "#4"}
			}
		},
		{
			"from": [-5, 3.5, 10],
			"to": [-3, 4, 13],
			"rotation": {"angle": 0, "axis": "y", "origin": [0, 3, 8]},
			"faces": {
				"north": {"uv": [5, 1, 6, 2], "texture": "#4"},
				"east": {"uv": [5, 1, 6, 2], "texture": "#4"},
				"south": {"uv": [5, 1, 6, 2], "texture": "#4"},
				"west": {"uv": [5, 1, 6, 2], "texture": "#4"},
				"up": {"uv": [5, 1, 6, 2], "texture": "#4"}
			}
		},
		{
			"from": [-4.5, 4.875, 10.25],
			"to": [-4, 5.625, 11.5],
			"rotation": {"angle": 0, "axis": "y", "origin": [1, 4.375, 8]},
			"faces": {
				"north": {"uv": [14, 1, 15, 2], "texture": "#4"},
				"east": {"uv": [14, 1, 15, 2], "texture": "#4"},
				"west": {"uv": [14, 1, 15, 2], "texture": "#4"},
				"up": {"uv": [14, 1, 15, 2], "texture": "#4"}
			}
		},
		{
			"from": [-4.25, 9, 11.25],
			"to": [-3.75, 10.75, 11.75],
			"rotation": {"angle": 0, "axis": "y", "origin": [1.25, 8.5, 7.75]},
			"faces": {
				"north": {"uv": [2, 8, 3, 9], "texture": "#3"},
				"east": {"uv": [2, 8, 3, 9], "texture": "#3"},
				"south": {"uv": [2, 8, 3, 9], "texture": "#3"},
				"west": {"uv": [2, 8, 3, 9], "texture": "#3"}
			}
		},
		{
			"from": [-4.5, 10.25, 11],
			"to": [-3.5, 14.75, 12],
			"rotation": {"angle": 0, "axis": "y", "origin": [1.5, 8, 8]},
			"faces": {
				"north": {"uv": [3, 1, 7, 16], "texture": "#6"},
				"east": {"uv": [9, 1, 13, 16], "texture": "#6"},
				"south": {"uv": [11, 1, 15, 16], "texture": "#6"},
				"west": {"uv": [1, 1, 5, 16], "texture": "#6"},
				"up": {"uv": [0.05, 0.05, 0.05, 0.05], "texture": "#6"},
				"down": {"uv": [8, 15, 9, 16], "texture": "#6"}
			}
		},
		{
			"from": [-4.5, 7.875, 10.25],
			"to": [-4, 8.5, 11.5],
			"rotation": {"angle": 0, "axis": "y", "origin": [1, 7.375, 8]},
			"faces": {
				"north": {"uv": [14, 1, 15, 2], "texture": "#4"},
				"east": {"uv": [14, 1, 15, 2], "texture": "#4"},
				"west": {"uv": [14, 1, 15, 2], "texture": "#4"},
				"down": {"uv": [14, 1, 15, 2], "texture": "#4"}
			}
		},
		{
			"from": [-4.75, 4, 10.25],
			"to": [-3.75, 4.875, 11.5],
			"rotation": {"angle": 0, "axis": "y", "origin": [0.75, 4, 8]},
			"faces": {
				"north": {"uv": [14, 1, 15, 2], "texture": "#4"},
				"east": {"uv": [14, 1, 15, 2], "texture": "#4"},
				"west": {"uv": [14, 1, 15, 2], "texture": "#4"},
				"up": {"uv": [14, 1, 15, 2], "texture": "#4"}
			}
		},
		{
			"from": [-5.5, 8.5, 10.5],
			"to": [-2.5, 9, 12.5],
			"rotation": {"angle": 0, "axis": "y", "origin": [-0.5, 8, 8]},
			"faces": {
				"north": {"uv": [5, 1, 6, 2], "texture": "#4"},
				"east": {"uv": [5, 1, 6, 2], "texture": "#4"},
				"south": {"uv": [5, 1, 6, 2], "texture": "#4"},
				"west": {"uv": [5, 1, 6, 2], "texture": "#4"},
				"up": {"uv": [5, 1, 6, 2], "texture": "#4"},
				"down": {"uv": [5, 1, 6, 2], "texture": "#4"}
			}
		},
		{
			"from": [-5.5, 3.5, 10.5],
			"to": [-2.5, 4, 12.5],
			"rotation": {"angle": 0, "axis": "y", "origin": [-0.5, 3, 8]},
			"faces": {
				"north": {"uv": [5, 1, 6, 2], "texture": "#4"},
				"east": {"uv": [5, 1, 6, 2], "texture": "#4"},
				"south": {"uv": [5, 1, 6, 2], "texture": "#4"},
				"west": {"uv": [5, 1, 6, 2], "texture": "#4"},
				"up": {"uv": [5, 1, 6, 2], "texture": "#4"}
			}
		},
		{
			"from": [-8, 0, 5.5],
			"to": [8, 3, 10.5],
			"rotation": {"angle": 0, "axis": "y", "origin": [0, 8, 13.5]},
			"faces": {
				"north": {"uv": [16, 2, 0, 7], "texture": "#0"},
				"south": {"uv": [16, 7, 0, 12], "texture": "#0"},
				"west": {"uv": [12, 5, 6, 10], "texture": "#0"},
				"up": {"uv": [16, 1, 0, 9], "texture": "#0"},
				"down": {"uv": [16, 5, 0, 13], "texture": "#0"}
			}
		},
		{
			"from": [-8, 0, 11],
			"to": [8, 3, 16],
			"rotation": {"angle": 0, "axis": "y", "origin": [0, 8, 19]},
			"faces": {
				"north": {"uv": [16, 9, 0, 14], "texture": "#0"},
				"south": {"uv": [16, 0, 0, 5], "texture": "#0"},
				"west": {"uv": [10, 4, 4, 9], "texture": "#0"},
				"up": {"uv": [16, 8, 0, 16], "rotation": 180, "texture": "#0"},
				"down": {"uv": [16, 4, 0, 12], "texture": "#0"}
			}
		},
		{
			"from": [-2, -1.5, 1.5],
			"to": [8, 0, 3.5],
			"rotation": {"angle": 0, "axis": "y", "origin": [-3, 8, 8]},
			"faces": {
				"north": {"uv": [0, 16, 3, 0], "rotation": 90, "texture": "#1"},
				"south": {"uv": [5, 16, 8, 0], "rotation": 90, "texture": "#1"},
				"down": {"uv": [0, 16, 5, 0], "rotation": 90, "texture": "#1"}
			}
		},
		{
			"from": [-2, -1.5, 12.5],
			"to": [8, 0, 14.5],
			"rotation": {"angle": 0, "axis": "y", "origin": [-3, 8, 8]},
			"faces": {
				"north": {"uv": [5, 0, 8, 16], "rotation": 90, "texture": "#1"},
				"south": {"uv": [0, 0, 3, 16], "rotation": 90, "texture": "#1"},
				"down": {"uv": [5, 16, 0, 0], "rotation": 90, "texture": "#1"}
			}
		},
		{
			"from": [-4.5, -7, 1.5],
			"to": [-3, -5.5, 14.5],
			"rotation": {"angle": 0, "axis": "y", "origin": [-11, 2.5, 8]},
			"faces": {
				"east": {"uv": [4, 16, 8, 0], "rotation": 90, "texture": "#1"},
				"west": {"uv": [7, 16, 11, 0], "rotation": 90, "texture": "#1"},
				"up": {"uv": [14, 0, 10, 16], "texture": "#1"},
				"down": {"uv": [14, 0, 10, 16], "texture": "#1"}
			}
		},
		{
			"from": [-4.5, -1.5, 0],
			"to": [-3, 0, 16],
			"rotation": {"angle": 0, "axis": "y", "origin": [-11, 8, 8]},
			"faces": {
				"north": {"uv": [0, 4, 4, 0], "rotation": 90, "texture": "#1"},
				"east": {"uv": [0, 16, 4, 0], "rotation": 90, "texture": "#1"},
				"south": {"uv": [2, 7, 6, 3], "rotation": 90, "texture": "#1"},
				"west": {"uv": [5, 16, 9, 0], "rotation": 90, "texture": "#1"},
				"up": {"uv": [16, 0, 0, 8], "texture": "#1"},
				"down": {"uv": [8, 0, 4, 16], "texture": "#1"}
			}
		},
		{
			"from": [-5.5, -11, 12],
			"to": [-2, 0, 15],
			"rotation": {"angle": 0, "axis": "z", "origin": [-2.5, 0, 16]},
			"faces": {
				"north": {"uv": [14, 0, 7, 16], "texture": "#2"},
				"east": {"uv": [9, 0, 3, 16], "texture": "#2"},
				"south": {"uv": [10, 0, 3, 16], "texture": "#2"},
				"west": {"uv": [10, 0, 4, 16], "texture": "#2"},
				"down": {"uv": [10, 0, 3, 6], "texture": "#2"}
			}
		},
		{
			"from": [-5.5, -11, 1],
			"to": [-2, 0, 4],
			"rotation": {"angle": 0, "axis": "z", "origin": [-2.5, 0, 5]},
			"faces": {
				"north": {"uv": [10, 0, 3, 16], "texture": "#2"},
				"east": {"uv": [6, 0, 0, 16], "texture": "#2"},
				"south": {"uv": [16, 0, 9, 16], "texture": "#2"},
				"west": {"uv": [6, 0, 0, 16], "texture": "#2"},
				"down": {"uv": [10, 0, 3, 6], "texture": "#2"}
			}
		},
		{
			"from": [17, 3.5, 12.5],
			"to": [19, 5, 14.5],
			"rotation": {"angle": 0, "axis": "y", "origin": [27, 6, 10]},
			"faces": {
				"up": {"uv": [5, 1, 6, 2], "rotation": 270, "texture": "#11"}
			}
		},
		{
			"from": [14, 4.5, 13.5],
			"to": [18.5, 9, 13.505],
			"rotation": {"angle": -22.5, "axis": "z", "origin": [18.5, 4.5, 13.5]},
			"faces": {
				"north": {"uv": [15, 2, 2, 15], "rotation": 90, "texture": "#9"},
				"east": {"uv": [4, 2, 5, 3], "rotation": 270, "texture": "#9"},
				"south": {"uv": [2, 2, 15, 15], "rotation": 270, "texture": "#9"},
				"west": {"uv": [4, 2, 5, 3], "rotation": 270, "texture": "#9"},
				"up": {"uv": [4, 2, 5, 3], "rotation": 270, "texture": "#9"},
				"down": {"uv": [4, 2, 5, 3], "rotation": 270, "texture": "#9"}
			}
		},
		{
			"from": [8, 0, 0],
			"to": [24, 3, 5],
			"rotation": {"angle": 0, "axis": "y", "origin": [16, 8, 8]},
			"faces": {
				"north": {"uv": [0, 0, 16, 5], "texture": "#0"},
				"east": {"uv": [5, 5, 11, 10], "texture": "#0"},
				"south": {"uv": [0, 0, 16, 5], "texture": "#0"},
				"up": {"uv": [0, 0, 16, 8], "texture": "#0"},
				"down": {"uv": [0, 4, 16, 12], "texture": "#0"}
			}
		},
		{
			"from": [18, -11, 1],
			"to": [21.5, 0, 4],
			"rotation": {"angle": 0, "axis": "z", "origin": [18.5, 0, 5]},
			"faces": {
				"north": {"uv": [3, 0, 10, 16], "texture": "#2"},
				"east": {"uv": [0, 0, 6, 16], "texture": "#2"},
				"south": {"uv": [9, 0, 16, 16], "texture": "#2"},
				"west": {"uv": [0, 0, 6, 16], "texture": "#2"},
				"down": {"uv": [3, 0, 10, 6], "texture": "#2"}
			}
		},
		{
			"from": [8, -5, -0.5],
			"to": [11.5, -3, 0],
			"rotation": {"angle": 0, "axis": "y", "origin": [16, 1.5, 18]},
			"faces": {
				"north": {"uv": [7, 4, 11, 7], "texture": "#3"},
				"east": {"uv": [5, 7, 6, 10], "texture": "#3"},
				"south": {"uv": [6, 8, 10, 11], "texture": "#3"},
				"down": {"uv": [8, 12, 12, 13], "texture": "#3"}
			}
		},
		{
			"from": [8, -3, -0.5],
			"to": [13, -1, 0],
			"rotation": {"angle": 0, "axis": "y", "origin": [16, 3.5, 18]},
			"faces": {
				"north": {"uv": [1, 1, 5, 4], "texture": "#3"},
				"east": {"uv": [2, 4, 3, 7], "texture": "#3"},
				"south": {"uv": [8, 2, 12, 5], "texture": "#3"},
				"down": {"uv": [6, 7, 10, 8], "texture": "#3"}
			}
		},
		{
			"from": [8, -1, -0.5],
			"to": [14.5, 1, 0],
			"rotation": {"angle": 0, "axis": "y", "origin": [16, 5.5, 18]},
			"faces": {
				"north": {"uv": [8, 10, 14, 13], "texture": "#3"},
				"east": {"uv": [0, 0, 1, 3], "texture": "#3"},
				"south": {"uv": [4, 2, 10, 5], "texture": "#3"},
				"down": {"uv": [3, 7, 9, 8], "texture": "#3"}
			}
		},
		{
			"from": [8, 1, -0.5],
			"to": [16, 3, 0],
			"rotation": {"angle": 0, "axis": "y", "origin": [16, 7.5, 18]},
			"faces": {
				"north": {"uv": [4, 5, 12, 8], "texture": "#3"},
				"east": {"uv": [0, 0, 1, 3], "texture": "#3"},
				"up": {"uv": [8, 3, 16, 4], "texture": "#3"},
				"down": {"uv": [8, 8, 16, 9], "texture": "#3"}
			}
		},
		{
			"from": [8, 1, 16],
			"to": [16, 3, 16.5],
			"rotation": {"angle": 0, "axis": "y", "origin": [16, 7.5, -2]},
			"faces": {
				"east": {"uv": [1, 0, 0, 3], "texture": "#3"},
				"south": {"uv": [11, 6, 3, 9], "texture": "#3"},
				"up": {"uv": [8, 4, 16, 3], "texture": "#3"},
				"down": {"uv": [8, 9, 16, 8], "texture": "#3"}
			}
		},
		{
			"from": [8, -1, 16],
			"to": [14.5, 1, 16.5],
			"rotation": {"angle": 0, "axis": "y", "origin": [16, 5.5, -2]},
			"faces": {
				"north": {"uv": [15, 7, 9, 10], "texture": "#3"},
				"east": {"uv": [1, 0, 0, 3], "texture": "#3"},
				"south": {"uv": [12, 9, 6, 12], "texture": "#3"},
				"down": {"uv": [3, 8, 9, 7], "texture": "#3"}
			}
		},
		{
			"from": [8, -3, 16],
			"to": [13, -1, 16.5],
			"rotation": {"angle": 0, "axis": "y", "origin": [16, 3.5, -2]},
			"faces": {
				"north": {"uv": [7, 3, 3, 6], "texture": "#3"},
				"east": {"uv": [3, 4, 2, 7], "texture": "#3"},
				"south": {"uv": [8, 3, 4, 6], "texture": "#3"},
				"down": {"uv": [6, 8, 10, 7], "texture": "#3"}
			}
		},
		{
			"from": [8, -5, 16],
			"to": [11.5, -3, 16.5],
			"rotation": {"angle": 0, "axis": "y", "origin": [16, 1.5, -2]},
			"faces": {
				"north": {"uv": [12, 5, 8, 8], "texture": "#3"},
				"east": {"uv": [6, 7, 5, 10], "texture": "#3"},
				"south": {"uv": [10, 4, 6, 7], "texture": "#3"},
				"down": {"uv": [8, 13, 12, 12], "texture": "#3"}
			}
		},
		{
			"from": [18, -11, 12],
			"to": [21.5, 0, 15],
			"rotation": {"angle": 0, "axis": "z", "origin": [18.5, 0, 16]},
			"faces": {
				"north": {"uv": [7, 0, 14, 16], "texture": "#2"},
				"east": {"uv": [4, 0, 10, 16], "texture": "#2"},
				"south": {"uv": [3, 0, 10, 16], "texture": "#2"},
				"west": {"uv": [3, 0, 9, 16], "texture": "#2"},
				"down": {"uv": [3, 0, 10, 6], "texture": "#2"}
			}
		},
		{
			"from": [8, 0, 5.5],
			"to": [24, 3, 10.5],
			"rotation": {"angle": 0, "axis": "y", "origin": [16, 8, 13.5]},
			"faces": {
				"north": {"uv": [0, 8, 16, 13], "texture": "#0"},
				"east": {"uv": [9, 3, 15, 8], "texture": "#0"},
				"south": {"uv": [0, 0, 16, 5], "texture": "#0"},
				"up": {"uv": [0, 5, 16, 13], "texture": "#0"},
				"down": {"uv": [0, 1, 16, 9], "texture": "#0"}
			}
		},
		{
			"from": [8, 0, 11],
			"to": [24, 3, 16],
			"rotation": {"angle": 0, "axis": "y", "origin": [16, 8, 19]},
			"faces": {
				"north": {"uv": [0, 4, 16, 9], "texture": "#0"},
				"east": {"uv": [6, 8, 12, 13], "texture": "#0"},
				"south": {"uv": [0, 3, 16, 8], "texture": "#0"},
				"up": {"uv": [0, 3, 16, 11], "texture": "#0"},
				"down": {"uv": [0, 8, 16, 16], "texture": "#0"}
			}
		},
		{
			"from": [19, -1.5, 0],
			"to": [20.5, 0, 16],
			"rotation": {"angle": 0, "axis": "y", "origin": [27, 8, 8]},
			"faces": {
				"north": {"uv": [0, 0, 4, 4], "rotation": 90, "texture": "#1"},
				"east": {"uv": [5, 0, 9, 16], "rotation": 90, "texture": "#1"},
				"south": {"uv": [2, 3, 6, 7], "rotation": 90, "texture": "#1"},
				"west": {"uv": [0, 0, 4, 16], "rotation": 90, "texture": "#1"},
				"up": {"uv": [0, 0, 16, 8], "texture": "#1"},
				"down": {"uv": [4, 0, 8, 16], "texture": "#1"}
			}
		},
		{
			"from": [19, -7, 1.5],
			"to": [20.5, -5.5, 14.5],
			"rotation": {"angle": 0, "axis": "y", "origin": [27, 2.5, 8]},
			"faces": {
				"east": {"uv": [7, 0, 11, 16], "rotation": 90, "texture": "#1"},
				"west": {"uv": [4, 0, 8, 16], "rotation": 90, "texture": "#1"},
				"up": {"uv": [10, 0, 14, 16], "texture": "#1"},
				"down": {"uv": [10, 0, 14, 16], "texture": "#1"}
			}
		},
		{
			"from": [8, -1.5, 12.5],
			"to": [18, 0, 14.5],
			"rotation": {"angle": 0, "axis": "y", "origin": [19, 8, 8]},
			"faces": {
				"north": {"uv": [5, 16, 8, 0], "rotation": 90, "texture": "#1"},
				"south": {"uv": [0, 16, 3, 0], "rotation": 90, "texture": "#1"},
				"down": {"uv": [5, 0, 0, 16], "rotation": 90, "texture": "#1"}
			}
		},
		{
			"from": [8, 3, 0],
			"to": [16, 3.5, 16],
			"rotation": {"angle": 0, "axis": "y", "origin": [16, 8, 19]},
			"faces": {
				"north": {"uv": [0, 0, 8, 1], "texture": "#3"},
				"east": {"uv": [0, 0, 16, 1], "texture": "#3"},
				"south": {"uv": [0, 15, 8, 16], "texture": "#3"},
				"up": {"uv": [0, 0, 8, 16], "texture": "#3"},
				"down": {"uv": [0, 8, 16, 16], "texture": "#3"}
			}
		},
		{
			"from": [8, -1.5, 1.5],
			"to": [18, 0, 3.5],
			"rotation": {"angle": 0, "axis": "y", "origin": [19, 8, 8]},
			"faces": {
				"north": {"uv": [0, 0, 3, 16], "rotation": 90, "texture": "#1"},
				"south": {"uv": [5, 0, 8, 16], "rotation": 90, "texture": "#1"},
				"down": {"uv": [0, 0, 5, 16], "rotation": 90, "texture": "#1"}
			}
		},
		{
			"from": [8, 3.51563, 2.5],
			"to": [14.5, 3.52063, 12],
			"rotation": {"angle": 45, "axis": "y", "origin": [8, 3.51563, 7.5]},
			"faces": {
				"north": {"uv": [6.625, 15.625, 6.875, 15.875], "texture": "#7"},
				"east": {"uv": [6.625, 15.625, 6.875, 15.875], "texture": "#7"},
				"south": {"uv": [6.625, 15.625, 6.875, 15.875], "texture": "#7"},
				"up": {"uv": [0.016, 6.033, 8.125, 11.718], "rotation": 270, "texture": "#7"},
				"down": {"uv": [6.625, 15.625, 6.875, 15.875], "rotation": 90, "texture": "#7"}
			}
		},
		{
			"from": [8, 3.5, 0.5],
			"to": [15.5, 3.505, 15.5],
			"rotation": {"angle": 0, "axis": "y", "origin": [0, 8.5, 18.5]},
			"faces": {
				"north": {"uv": [6.625, 15.625, 6.875, 15.875], "texture": "#8"},
				"east": {"uv": [6.625, 15.625, 6.875, 15.875], "texture": "#8"},
				"south": {"uv": [6.625, 15.625, 6.875, 15.875], "texture": "#8"},
				"up": {"uv": [8, 0, 0, 16], "texture": "#8"}
			}
		},
		{
			"from": [23, 3.5, 2],
			"to": [28, 4.5, 2.5],
			"rotation": {"angle": 45, "axis": "y", "origin": [29, 8.5, 8.5]},
			"faces": {
				"north": {"uv": [6, 5, 13, 7], "texture": "#5"},
				"east": {"uv": [5, 5, 6, 7], "texture": "#5"},
				"south": {"uv": [6, 5, 13, 7], "texture": "#5"},
				"west": {"uv": [9, 8, 10, 10], "texture": "#5"},
				"up": {"uv": [6, 4, 7, 11], "rotation": 90, "texture": "#5"},
				"down": {"uv": [5, 1, 12, 8], "rotation": 270, "texture": "#5"}
			}
		},
		{
			"from": [22.5, 3.5, -3],
			"to": [23, 4.5, 2],
			"rotation": {"angle": 45, "axis": "y", "origin": [29, 8.5, 8.5]},
			"faces": {
				"north": {"uv": [5, 5, 6, 7], "texture": "#5"},
				"east": {"uv": [6, 5, 13, 7], "texture": "#5"},
				"south": {"uv": [9, 8, 10, 10], "texture": "#5"},
				"west": {"uv": [6, 5, 13, 7], "texture": "#5"},
				"up": {"uv": [6, 4, 7, 11], "texture": "#5"},
				"down": {"uv": [5, 1, 12, 8], "texture": "#5"}
			}
		},
		{
			"from": [24, 3.5, -1.5],
			"to": [27, 4, 0.5],
			"rotation": {"angle": 45, "axis": "y", "origin": [29, 8.5, 8.5]},
			"faces": {
				"north": {"uv": [5, 1, 6, 2], "texture": "#4"},
				"east": {"uv": [5, 1, 6, 2], "texture": "#4"},
				"south": {"uv": [5, 1, 6, 2], "texture": "#4"},
				"west": {"uv": [5, 1, 6, 2], "texture": "#4"},
				"up": {"uv": [5, 1, 6, 2], "texture": "#4"}
			}
		},
		{
			"from": [24.5, 3.5, -2],
			"to": [26.5, 4, 1],
			"rotation": {"angle": 45, "axis": "y", "origin": [29, 8.5, 8.5]},
			"faces": {
				"north": {"uv": [5, 1, 6, 2], "texture": "#4"},
				"east": {"uv": [5, 1, 6, 2], "texture": "#4"},
				"south": {"uv": [5, 1, 6, 2], "texture": "#4"},
				"west": {"uv": [5, 1, 6, 2], "texture": "#4"},
				"up": {"uv": [5, 1, 6, 2], "texture": "#4"}
			}
		},
		{
			"from": [24.75, 4, -1.75],
			"to": [25.75, 4.875, -0.5],
			"rotation": {"angle": 45, "axis": "y", "origin": [29, 8.5, 8.5]},
			"faces": {
				"north": {"uv": [14, 1, 15, 2], "texture": "#4"},
				"east": {"uv": [14, 1, 15, 2], "texture": "#4"},
				"west": {"uv": [14, 1, 15, 2], "texture": "#4"},
				"up": {"uv": [14, 1, 15, 2], "texture": "#4"}
			}
		},
		{
			"from": [25, 4.875, -1.75],
			"to": [25.5, 5.625, -0.5],
			"rotation": {"angle": 45, "axis": "y", "origin": [29, 8.5, 8.5]},
			"faces": {
				"north": {"uv": [14, 1, 15, 2], "texture": "#4"},
				"east": {"uv": [14, 1, 15, 2], "texture": "#4"},
				"west": {"uv": [14, 1, 15, 2], "texture": "#4"},
				"up": {"uv": [14, 1, 15, 2], "texture": "#4"}
			}
		},
		{
			"from": [24.5, 4, -1.5],
			"to": [26.5, 7, 0.5],
			"rotation": {"angle": 45, "axis": "y", "origin": [29, 6, 8.5]},
			"faces": {
				"north": {"uv": [5, 1, 6, 2], "texture": "#4"},
				"east": {"uv": [5, 1, 6, 2], "texture": "#4"},
				"south": {"uv": [5, 1, 6, 2], "texture": "#4"},
				"west": {"uv": [5, 1, 6, 2], "texture": "#4"},
				"up": {"uv": [5, 1, 6, 2], "texture": "#4"}
			}
		},
		{
			"from": [23, 3.5, -3.5],
			"to": [28, 4.5, -3],
			"rotation": {"angle": 45, "axis": "y", "origin": [29, 8.5, 8.5]},
			"faces": {
				"north": {"uv": [6, 5, 13, 7], "texture": "#5"},
				"east": {"uv": [5, 5, 6, 7], "texture": "#5"},
				"south": {"uv": [6, 5, 13, 7], "texture": "#5"},
				"west": {"uv": [9, 8, 10, 10], "texture": "#5"},
				"up": {"uv": [6, 4, 7, 11], "rotation": 90, "texture": "#5"},
				"down": {"uv": [5, 1, 12, 8], "rotation": 270, "texture": "#5"}
			}
		},
		{
			"from": [28, 3.5, -3],
			"to": [28.5, 4.5, 2],
			"rotation": {"angle": 45, "axis": "y", "origin": [29, 8.5, 8.5]},
			"faces": {
				"north": {"uv": [5, 5, 6, 7], "texture": "#5"},
				"east": {"uv": [6, 5, 13, 7], "texture": "#5"},
				"south": {"uv": [9, 8, 10, 10], "texture": "#5"},
				"west": {"uv": [6, 5, 13, 7], "texture": "#5"},
				"up": {"uv": [6, 4, 7, 11], "texture": "#5"},
				"down": {"uv": [5, 1, 12, 8], "texture": "#5"}
			}
		},
		{
			"from": [23, 3, -3],
			"to": [28, 3.5, 2],
			"rotation": {"angle": 45, "axis": "y", "origin": [29, 8.5, 8.5]},
			"faces": {
				"north": {"uv": [6, 5, 13, 6], "texture": "#5"},
				"east": {"uv": [5, 8, 12, 9], "texture": "#5"},
				"south": {"uv": [6, 10, 13, 11], "texture": "#5"},
				"west": {"uv": [5, 1, 12, 2], "texture": "#5"},
				"up": {"uv": [5, 1, 12, 8], "texture": "#5"},
				"down": {"uv": [5, 1, 12, 8], "texture": "#5"}
			}
		},
		{
			"from": [25, 5.5, 2],
			"to": [26, 6, 4],
			"rotation": {"angle": 45, "axis": "y", "origin": [29, 8.5, 8.5]},
			"faces": {
				"north": {"uv": [12, 12, 14, 13], "texture": "#5"},
				"east": {"uv": [5, 8, 6, 12], "rotation": 270, "texture": "#5"},
				"south": {"uv": [8, 8, 10, 9], "texture": "#5"},
				"west": {"uv": [6, 8, 7, 12], "rotation": 90, "texture": "#5"},
				"up": {"uv": [7, 8, 9, 12], "rotation": 180, "texture": "#5"},
				"down": {"uv": [12, 9, 14, 13], "rotation": 180, "texture": "#5"}
			}
		},
		{
			"from": [25, 4.5, 2],
			"to": [26, 5.5, 2.5],
			"rotation": {"angle": 45, "axis": "y", "origin": [29, 8.5, 8.5]},
			"faces": {
				"north": {"uv": [6, 5, 8, 7], "texture": "#5"},
				"east": {"uv": [10, 8, 11, 10], "texture": "#5"},
				"south": {"uv": [6, 5, 8, 7], "texture": "#5"},
				"west": {"uv": [9, 8, 10, 10], "texture": "#5"}
			}
		},
		{
			"from": [25, 3.5, 3.5],
			"to": [26, 5.5, 4],
			"rotation": {"angle": 45, "axis": "y", "origin": [29, 8.5, 8.5]},
			"faces": {
				"north": {"uv": [7, 9, 9, 13], "texture": "#5"},
				"east": {"uv": [5, 8, 6, 12], "texture": "#5"},
				"south": {"uv": [9, 7, 11, 11], "texture": "#5"},
				"west": {"uv": [12, 8, 13, 12], "texture": "#5"},
				"down": {"uv": [5, 1, 12, 8], "rotation": 270, "texture": "#5"}
			}
		},
		{
			"from": [24, 6, -1.5],
			"to": [27, 6.5, 0.5],
			"rotation": {"angle": 45, "axis": "y", "origin": [29, 6, 8.5]},
			"faces": {
				"north": {"uv": [5, 1, 6, 2], "texture": "#4"},
				"east": {"uv": [5, 1, 6, 2], "texture": "#4"},
				"south": {"uv": [5, 1, 6, 2], "texture": "#4"},
				"west": {"uv": [5, 1, 6, 2], "texture": "#4"},
				"up": {"uv": [5, 1, 6, 2], "texture": "#4"},
				"down": {"uv": [5, 1, 6, 2], "texture": "#4"}
			}
		},
		{
			"from": [24.5, 6, -2],
			"to": [26.5, 6.5, 1],
			"rotation": {"angle": 45, "axis": "y", "origin": [29, 6, 8.5]},
			"faces": {
				"north": {"uv": [5, 1, 6, 2], "texture": "#4"},
				"east": {"uv": [5, 1, 6, 2], "texture": "#4"},
				"south": {"uv": [5, 1, 6, 2], "texture": "#4"},
				"west": {"uv": [5, 1, 6, 2], "texture": "#4"},
				"up": {"uv": [5, 1, 6, 2], "texture": "#4"},
				"down": {"uv": [5, 1, 6, 2], "texture": "#4"}
			}
		},
		{
			"from": [25.25, 6.5, -0.75],
			"to": [25.75, 8.25, -0.25],
			"rotation": {"angle": 45, "axis": "y", "origin": [29, 6, 8.5]},
			"faces": {
				"north": {"uv": [2, 8, 3, 9], "texture": "#3"},
				"east": {"uv": [2, 8, 3, 9], "texture": "#3"},
				"south": {"uv": [2, 8, 3, 9], "texture": "#3"},
				"west": {"uv": [2, 8, 3, 9], "texture": "#3"}
			}
		},
		{
			"from": [25, 7.25, -1],
			"to": [26, 9.25, 0],
			"rotation": {"angle": 45, "axis": "y", "origin": [29, 6, 8.5]},
			"faces": {
				"north": {"uv": [3, 1, 7, 16], "texture": "#6"},
				"east": {"uv": [9, 1, 13, 16], "texture": "#6"},
				"south": {"uv": [11, 1, 15, 16], "texture": "#6"},
				"west": {"uv": [1, 1, 5, 16], "texture": "#6"},
				"up": {"uv": [0.05, 0.05, 0.05, 0.05], "texture": "#6"},
				"down": {"uv": [8, 15, 9, 16], "texture": "#6"}
			}
		},
		{
			"from": [17, 5, 12.5],
			"to": [19, 5.5, 13],
			"rotation": {"angle": 0, "axis": "y", "origin": [29.5, 6.5, 8]},
			"faces": {
				"north": {"uv": [15, 0, 16, 1], "texture": "#10"},
				"east": {"uv": [15, 0, 16, 1], "texture": "#10"},
				"south": {"uv": [15, 0, 16, 1], "texture": "#10"},
				"west": {"uv": [15, 0, 16, 1], "texture": "#10"},
				"up": {"uv": [15, 0, 16, 1], "texture": "#10"}
			}
		},
		{
			"from": [17, 3.5, 12],
			"to": [19, 5, 12.5],
			"rotation": {"angle": 0, "axis": "y", "origin": [29.5, 6, 7.5]},
			"faces": {
				"north": {"uv": [15, 0, 16, 1], "texture": "#10"},
				"east": {"uv": [15, 0, 16, 1], "texture": "#10"},
				"west": {"uv": [15, 0, 16, 1], "texture": "#10"},
				"up": {"uv": [15, 0, 16, 1], "texture": "#10"},
				"down": {"uv": [15, 0, 16, 1], "texture": "#10"}
			}
		},
		{
			"from": [16.5, 3.5, 12.5],
			"to": [17, 5, 14.5],
			"rotation": {"angle": 0, "axis": "y", "origin": [27, 6, 10]},
			"faces": {
				"north": {"uv": [15, 0, 16, 1], "texture": "#10"},
				"south": {"uv": [15, 0, 16, 1], "texture": "#10"},
				"west": {"uv": [15, 0, 16, 1], "texture": "#10"},
				"up": {"uv": [15, 0, 16, 1], "texture": "#10"},
				"down": {"uv": [15, 0, 16, 1], "texture": "#10"}
			}
		},
		{
			"from": [19, 3.5, 12.5],
			"to": [19.5, 5, 14.5],
			"rotation": {"angle": 0, "axis": "y", "origin": [29.5, 6, 10]},
			"faces": {
				"north": {"uv": [15, 0, 16, 1], "texture": "#10"},
				"east": {"uv": [15, 0, 16, 1], "texture": "#10"},
				"south": {"uv": [15, 0, 16, 1], "texture": "#10"},
				"up": {"uv": [15, 0, 16, 1], "texture": "#10"},
				"down": {"uv": [15, 0, 16, 1], "texture": "#10"}
			}
		},
		{
			"from": [17, 3.5, 14.5],
			"to": [19, 5, 15],
			"rotation": {"angle": 0, "axis": "y", "origin": [29.5, 6, 10]},
			"faces": {
				"east": {"uv": [15, 0, 16, 1], "texture": "#10"},
				"south": {"uv": [15, 0, 16, 1], "texture": "#10"},
				"west": {"uv": [15, 0, 16, 1], "texture": "#10"},
				"up": {"uv": [15, 0, 16, 1], "texture": "#10"},
				"down": {"uv": [15, 0, 16, 1], "texture": "#10"}
			}
		},
		{
			"from": [17, 5, 14],
			"to": [19, 5.5, 14.5],
			"rotation": {"angle": 0, "axis": "y", "origin": [29.5, 6.5, 9.5]},
			"faces": {
				"north": {"uv": [15, 0, 16, 1], "texture": "#10"},
				"east": {"uv": [15, 0, 16, 1], "texture": "#10"},
				"south": {"uv": [15, 0, 16, 1], "texture": "#10"},
				"west": {"uv": [15, 0, 16, 1], "texture": "#10"},
				"up": {"uv": [15, 0, 16, 1], "texture": "#10"}
			}
		},
		{
			"from": [18.5, 5, 13],
			"to": [19, 5.5, 14],
			"rotation": {"angle": 0, "axis": "y", "origin": [31, 6.5, 8.5]},
			"faces": {
				"east": {"uv": [15, 0, 16, 1], "texture": "#10"},
				"west": {"uv": [15, 0, 16, 1], "texture": "#10"},
				"up": {"uv": [15, 0, 16, 1], "texture": "#10"}
			}
		},
		{
			"from": [17, 5, 13],
			"to": [17.5, 5.5, 14],
			"rotation": {"angle": 0, "axis": "y", "origin": [29.5, 6.5, 8.5]},
			"faces": {
				"east": {"uv": [15, 0, 16, 1], "texture": "#10"},
				"west": {"uv": [15, 0, 16, 1], "texture": "#10"},
				"up": {"uv": [15, 0, 16, 1], "texture": "#10"}
			}
		},
		{
			"from": [17, 3, 12.5],
			"to": [19, 3.5, 14.5],
			"rotation": {"angle": 0, "axis": "y", "origin": [27, 5.5, 10]},
			"faces": {
				"north": {"uv": [15, 0, 16, 1], "texture": "#10"},
				"east": {"uv": [15, 0, 16, 1], "texture": "#10"},
				"south": {"uv": [15, 0, 16, 1], "texture": "#10"},
				"west": {"uv": [15, 0, 16, 1], "texture": "#10"}
			}
		}
	],
	"display": {
		"head": {
			"translation": [0, -10.5, 0],
			"scale": [1.75, 1.75, 1.75]
		}
	},
	"groups": [
		{
			"name": "right",
			"origin": [-12.5, 8, 8],
			"children": [0, 1, 2, 3, 4, 5, 6, 7, 8, 9, 10, 11, 12, 13, 14, 15, 16, 17, 18, 19, 20, 21, 22, 23, 24, 25, 26, 27, 28, 29, 30, 31, 32, 33, 34, 35, 36, 37, 38, 39,
				{
					"name": "glass",
					"origin": [29, 5.5, 8.5],
					"children": []
				}
			]
		},
		{
			"name": "left",
			"origin": [28.5, 8, 8],
			"children": [40, 41, 42, 43, 44, 45, 46, 47, 48, 49, 50, 51, 52, 53, 54, 55, 56, 57, 58, 59, 60, 61, 62, 63, 64, 65, 66, 67, 68, 69, 70, 71, 72, 73, 74, 75, 76, 77, 78,
				{
					"name": "glass",
					"origin": [27, 5.5, 10],
					"children": [79, 80, 81, 82, 83, 84, 85, 86, 87]
				}
			]
		}
	]
}