{
	"credit": "Made by MadstonMagic, using Cubik Pro & Blockbench",
	"textures": {
		"0": "block/spruce_planks",
		"1": "block/spruce_log",
		"2": "block/dark_oak_planks",
		"3": "block/red_wool",
		"4": "block/bone_block_side",
		"5": "block/anvil",
		"6": "block/fire_1",
		"7": "decoration/raid_map",
		"8": "map/map_background",
		"9": "item/feather",
		"12": "block/redstone_block",
		"13": "block/yellow_wool",
		"14": "block/iron_block",
		"15": "custom/book_page",
		"16": "custom/book_page_2",
		"particle": "block/spruce_planks"
	},
	"elements": [
		{
			"from": [-8, 0, 0],
			"to": [8, 3, 5],
			"rotation": {"angle": 0, "axis": "y", "origin": [0, 8, 8]},
			"faces": {
				"north": {"uv": [16, 3, 0, 8], "texture": "#0"},
				"south": {"uv": [16, 0, 0, 5], "texture": "#0"},
				"west": {"uv": [8, 8, 2, 13], "texture": "#0"},
				"up": {"uv": [16, 8, 0, 16], "texture": "#0"},
				"down": {"uv": [16, 1, 0, 9], "texture": "#0"}
			}
		},
		{
			"from": [-8.5, 3.5, 9.5],
			"to": [-0.5, 5, 11],
			"rotation": {"angle": 22.5, "axis": "y", "origin": [-2, 9.5, 6.5]},
			"faces": {
				"north": {"uv": [8.25, 5.25, 5.25, 7], "texture": "#8"},
				"east": {"uv": [8.25, 5.25, 5.25, 7], "texture": "#8"},
				"south": {"uv": [8.25, 5.25, 5.25, 7], "texture": "#8"},
				"west": {"uv": [8.25, 5.25, 5.25, 7], "texture": "#8"},
				"up": {"uv": [8.25, 5.25, 5.25, 7], "rotation": 90, "texture": "#8"},
				"down": {"uv": [8.25, 5.25, 5.25, 7], "rotation": 270, "texture": "#8"}
			}
		},
		{
			"from": [-4, 5.5, 4],
			"to": [-2.5, 7, 12],
			"rotation": {"angle": -22.5, "axis": "x", "origin": [0.5, 11.5, 10.5]},
			"faces": {
				"north": {"uv": [8.25, 5.25, 5.25, 7], "texture": "#8"},
				"east": {"uv": [8.25, 5.25, 5.25, 7], "texture": "#8"},
				"south": {"uv": [8.25, 5.25, 5.25, 7], "texture": "#8"},
				"west": {"uv": [8.25, 5.25, 5.25, 7], "texture": "#8"},
				"up": {"uv": [8.25, 5.25, 5.25, 7], "rotation": 180, "texture": "#8"},
				"down": {"uv": [8.25, 5.25, 5.25, 7], "rotation": 180, "texture": "#8"}
			}
		},
		{
			"from": [-5, 3.5, 9.375],
			"to": [-4, 5.125, 11.125],
			"rotation": {"angle": 22.5, "axis": "y", "origin": [-2, 9.5, 6.5]},
			"faces": {
				"north": {"uv": [9, 6, 8, 7], "texture": "#12"},
				"east": {"uv": [9, 6, 8, 7], "texture": "#12"},
				"south": {"uv": [9, 6, 8, 7], "texture": "#12"},
				"west": {"uv": [9, 6, 8, 7], "texture": "#12"},
				"up": {"uv": [9, 6, 8, 7], "rotation": 90, "texture": "#12"},
				"down": {"uv": [9, 6, 8, 7], "rotation": 270, "texture": "#12"}
			}
		},
		{
			"from": [-4.125, 5.375, 7.5],
			"to": [-2.375, 7.125, 8.5],
			"rotation": {"angle": -22.5, "axis": "x", "origin": [0.5, 11.5, 10.5]},
			"faces": {
				"north": {"uv": [9, 6, 8, 7], "texture": "#12"},
				"east": {"uv": [9, 6, 8, 7], "texture": "#12"},
				"south": {"uv": [9, 6, 8, 7], "texture": "#12"},
				"west": {"uv": [9, 6, 8, 7], "texture": "#12"},
				"up": {"uv": [9, 6, 8, 7], "rotation": 180, "texture": "#12"},
				"down": {"uv": [9, 6, 8, 7], "rotation": 180, "texture": "#12"}
			}
		},
		{
			"from": [-8, 0, 5.5],
			"to": [8, 3, 10.5],
			"rotation": {"angle": 0, "axis": "y", "origin": [0, 8, 13.5]},
			"faces": {
				"north": {"uv": [16, 2, 0, 7], "texture": "#0"},
				"south": {"uv": [16, 7, 0, 12], "texture": "#0"},
				"west": {"uv": [12, 5, 6, 10], "texture": "#0"},
				"up": {"uv": [16, 1, 0, 9], "texture": "#0"},
				"down": {"uv": [16, 5, 0, 13], "texture": "#0"}
			}
		},
		{
			"from": [-8, 0, 11],
			"to": [8, 3, 16],
			"rotation": {"angle": 0, "axis": "y", "origin": [0, 8, 19]},
			"faces": {
				"north": {"uv": [16, 9, 0, 14], "texture": "#0"},
				"south": {"uv": [16, 0, 0, 5], "texture": "#0"},
				"west": {"uv": [10, 4, 4, 9], "texture": "#0"},
				"up": {"uv": [16, 8, 0, 16], "rotation": 180, "texture": "#0"},
				"down": {"uv": [16, 4, 0, 12], "texture": "#0"}
			}
		},
		{
			"from": [-2, -1.5, 1.5],
			"to": [8, 0, 3.5],
			"rotation": {"angle": 0, "axis": "y", "origin": [-3, 8, 8]},
			"faces": {
				"north": {"uv": [0, 16, 3, 0], "rotation": 90, "texture": "#1"},
				"south": {"uv": [5, 16, 8, 0], "rotation": 90, "texture": "#1"},
				"west": {"uv": [7, 16, 11, 0], "rotation": 90, "texture": "#1"},
				"down": {"uv": [0, 16, 5, 0], "rotation": 90, "texture": "#1"}
			}
		},
		{
			"from": [-2, -1.5, 12.5],
			"to": [8, 0, 14.5],
			"rotation": {"angle": 0, "axis": "y", "origin": [-3, 8, 8]},
			"faces": {
				"north": {"uv": [5, 0, 8, 16], "rotation": 90, "texture": "#1"},
				"south": {"uv": [0, 0, 3, 16], "rotation": 90, "texture": "#1"},
				"west": {"uv": [7, 0, 11, 16], "rotation": 90, "texture": "#1"},
				"down": {"uv": [5, 16, 0, 0], "rotation": 90, "texture": "#1"}
			}
		},
		{
			"from": [-4.5, -1.5, 0],
			"to": [-3, 0, 16],
			"rotation": {"angle": 0, "axis": "y", "origin": [-11, 8, 8]},
			"faces": {
				"north": {"uv": [0, 4, 4, 0], "rotation": 90, "texture": "#1"},
				"east": {"uv": [0, 16, 4, 0], "rotation": 90, "texture": "#1"},
				"south": {"uv": [2, 7, 6, 3], "rotation": 90, "texture": "#1"},
				"west": {"uv": [5, 16, 9, 0], "rotation": 90, "texture": "#1"},
				"down": {"uv": [8, 0, 4, 16], "texture": "#1"}
			}
		},
		{
			"from": [8, 0, 0],
			"to": [24, 3, 5],
			"rotation": {"angle": 0, "axis": "y", "origin": [16, 8, 8]},
			"faces": {
				"north": {"uv": [0, 0, 16, 5], "texture": "#0"},
				"east": {"uv": [5, 5, 11, 10], "texture": "#0"},
				"south": {"uv": [0, 0, 16, 5], "texture": "#0"},
				"up": {"uv": [0, 0, 16, 8], "texture": "#0"},
				"down": {"uv": [0, 4, 16, 12], "texture": "#0"}
			}
		},
		{
			"from": [18.25, -11, 1],
			"to": [21.25, -0.5, 4],
			"rotation": {"angle": 0, "axis": "z", "origin": [18.25, 0, 5]},
			"faces": {
				"north": {"uv": [0, 1, 5, 16], "texture": "#2"},
				"east": {"uv": [6, 1, 11, 16], "texture": "#2"},
				"south": {"uv": [8, 1, 13, 16], "texture": "#2"},
				"west": {"uv": [5, 1, 10, 16], "texture": "#2"}
			}
		},
		{
			"from": [-5.25, -11, 1],
			"to": [-2.25, -0.5, 4],
			"rotation": {"angle": 0, "axis": "z", "origin": [-2.25, 0, 5]},
			"faces": {
				"north": {"uv": [5, 1, 0, 16], "texture": "#2"},
				"east": {"uv": [10, 1, 5, 16], "texture": "#2"},
				"south": {"uv": [13, 1, 8, 16], "texture": "#2"},
				"west": {"uv": [11, 1, 6, 16], "texture": "#2"}
			}
		},
		{
			"from": [18.25, -11, 12],
			"to": [21.25, -0.5, 15],
			"rotation": {"angle": 0, "axis": "z", "origin": [18.25, 0, 11]},
			"faces": {
				"north": {"uv": [13, 1, 8, 16], "texture": "#2"},
				"east": {"uv": [11, 1, 6, 16], "texture": "#2"},
				"south": {"uv": [5, 1, 0, 16], "texture": "#2"},
				"west": {"uv": [10, 1, 5, 16], "texture": "#2"}
			}
		},
		{
			"from": [-5.25, -11, 12],
			"to": [-2.25, -0.5, 15],
			"rotation": {"angle": 0, "axis": "z", "origin": [-2.25, 0, 11]},
			"faces": {
				"north": {"uv": [8, 1, 13, 16], "texture": "#2"},
				"east": {"uv": [5, 1, 10, 16], "texture": "#2"},
				"south": {"uv": [0, 1, 5, 16], "texture": "#2"},
				"west": {"uv": [6, 1, 11, 16], "texture": "#2"}
			}
		},
		{
			"from": [18, -0.5, -0.5],
			"to": [21.5, 3.5, 16.5],
			"rotation": {"angle": 0, "axis": "z", "origin": [18.5, 3.5, 3.5]},
			"faces": {
				"north": {"uv": [7, 4, 12, 10], "texture": "#14"},
				"east": {"uv": [0, 2, 16, 8], "texture": "#14"},
				"south": {"uv": [5, 5, 10, 11], "texture": "#14"},
				"west": {"uv": [0, 2, 16, 8], "texture": "#14"},
				"up": {"uv": [0, 2, 16, 6], "rotation": 90, "texture": "#14"},
				"down": {"uv": [0, 2, 16, 6], "rotation": 90, "texture": "#14"}
			}
		},
		{
			"from": [15.5, 3.5, 0.75],
			"to": [24, 3.75, 8.75],
			"rotation": {"angle": 0, "axis": "z", "origin": [18.5, 5.5, 3.5]},
			"faces": {
				"north": {"uv": [7, 6, 8, 7], "rotation": 90, "texture": "#12"},
				"east": {"uv": [7, 6, 8, 7], "rotation": 90, "texture": "#12"},
				"south": {"uv": [7, 6, 8, 7], "rotation": 90, "texture": "#12"},
				"west": {"uv": [7, 6, 8, 7], "rotation": 90, "texture": "#12"},
				"down": {"uv": [7, 6, 8, 7], "rotation": 90, "texture": "#12"}
			}
		},
		{
			"from": [15.5, 3.75, 1],
			"to": [24, 4, 8.5],
			"rotation": {"angle": 0, "axis": "z", "origin": [18.5, 5.75, 3.5]},
			"faces": {
				"east": {"uv": [8.25, 5.25, 5.25, 7], "texture": "#8"},
				"west": {"uv": [8.25, 5.25, 5.25, 7], "texture": "#8"}
			}
		},
		{
			"from": [20, 4, 1],
			"to": [20.375, 5.5, 8.5],
			"rotation": {"angle": 0, "axis": "z", "origin": [18.5, 6.25, 3.5]},
			"faces": {
				"up": {"uv": [8.25, 5.25, 5.25, 7], "texture": "#8"}
			}
		},
		{
			"from": [19.125, 4, 1],
			"to": [19.5, 5.5, 8.5],
			"rotation": {"angle": 0, "axis": "z", "origin": [21, 6.25, 3.5]},
			"faces": {
				"up": {"uv": [5.25, 5.25, 8.25, 7], "texture": "#8"}
			}
		},
		{
			"from": [20, 4.5, 1],
			"to": [20.5, 5.5, 8.5],
			"rotation": {"angle": -45, "axis": "z", "origin": [20, 5.5, 3.5]},
			"faces": {
				"west": {"uv": [8.25, 5.25, 5.25, 7], "texture": "#8"}
			}
		},
		{
			"from": [19, 4.5, 1],
			"to": [19.5, 5.5, 8.5],
			"rotation": {"angle": 45, "axis": "z", "origin": [19.5, 5.5, 3.5]},
			"faces": {
				"east": {"uv": [5.25, 5.25, 8.25, 7], "texture": "#8"}
			}
		},
		{
			"from": [20.07031, 3.75, 1],
			"to": [24, 4, 8.5],
			"rotation": {"angle": -22.5, "axis": "z", "origin": [24, 4, 3.5]},
			"faces": {
				"west": {"uv": [5.25, 5.25, 8.25, 7], "rotation": 270, "texture": "#8"},
				"up": {"uv": [0.25, 0.25, 11, 15.75], "rotation": 180, "texture": "#16"}
			}
		},
		{
			"from": [20.07031, 3.75, 8.5],
			"to": [24, 4, 8.75],
			"rotation": {"angle": -22.5, "axis": "z", "origin": [24, 4, 3.75]},
			"faces": {
				"south": {"uv": [7, 6, 8, 6.75], "rotation": 270, "texture": "#12"},
				"west": {"uv": [7, 6, 8, 6.75], "rotation": 270, "texture": "#12"},
				"up": {"uv": [7, 6, 8, 6.75], "rotation": 270, "texture": "#12"}
			}
		},
		{
			"from": [20.44531, 3.75, 5.875],
			"to": [21.25, 4.125, 8.625],
			"rotation": {"angle": -22.5, "axis": "z", "origin": [24, 4, 3.75]},
			"faces": {
				"north": {"uv": [7, 6, 8, 6.75], "rotation": 270, "texture": "#12"},
				"east": {"uv": [7, 6, 8, 6.75], "rotation": 270, "texture": "#12"},
				"south": {"uv": [7, 6, 8, 6.75], "rotation": 270, "texture": "#12"},
				"west": {"uv": [7, 6, 8, 6.75], "rotation": 270, "texture": "#12"},
				"up": {"uv": [3, 9, 4, 9.75], "rotation": 180, "texture": "#12"}
			}
		},
		{
			"from": [20.82031, 3.75, 4.75],
			"to": [21.125, 4.125, 5.875],
			"rotation": {"angle": -22.5, "axis": "z", "origin": [24, 4, 3.75]},
			"faces": {
				"north": {"uv": [7, 6, 8, 6.75], "rotation": 270, "texture": "#12"},
				"east": {"uv": [7, 6, 8, 6.75], "rotation": 270, "texture": "#12"},
				"west": {"uv": [7, 6, 8, 6.75], "rotation": 270, "texture": "#12"},
				"up": {"uv": [3, 9, 4, 9.75], "rotation": 180, "texture": "#12"}
			}
		},
		{
			"from": [20.44531, 3.75, 5.375],
			"to": [20.75, 4.125, 5.875],
			"rotation": {"angle": -22.5, "axis": "z", "origin": [24, 4, 3.75]},
			"faces": {
				"north": {"uv": [7, 6, 8, 6.75], "rotation": 270, "texture": "#12"},
				"east": {"uv": [7, 6, 8, 6.75], "rotation": 270, "texture": "#12"},
				"west": {"uv": [7, 6, 8, 6.75], "rotation": 270, "texture": "#12"},
				"up": {"uv": [3, 9, 4, 9.75], "rotation": 180, "texture": "#12"}
			}
		},
		{
			"from": [20.07031, 3.75, 0.75],
			"to": [24, 4, 1],
			"rotation": {"angle": -22.5, "axis": "z", "origin": [24, 4, -4]},
			"faces": {
				"north": {"uv": [7, 6, 8, 6.75], "rotation": 270, "texture": "#12"},
				"west": {"uv": [7, 6, 8, 6.75], "rotation": 270, "texture": "#12"},
				"up": {"uv": [7, 6, 8, 6.75], "rotation": 270, "texture": "#12"}
			}
		},
		{
			"from": [20, 4, 8.5],
			"to": [20.375, 5.5, 8.75],
			"rotation": {"angle": 0, "axis": "z", "origin": [18.5, 6.25, 3.75]},
			"faces": {
				"south": {"uv": [7, 6, 8, 6.75], "texture": "#12"},
				"up": {"uv": [7, 6, 8, 6.75], "texture": "#12"}
			}
		},
		{
			"from": [20, 4, 0.75],
			"to": [20.375, 5.5, 1],
			"rotation": {"angle": 0, "axis": "z", "origin": [18.5, 6.25, -4]},
			"faces": {
				"north": {"uv": [7, 6, 8, 6.75], "texture": "#12"},
				"up": {"uv": [7, 6, 8, 6.75], "texture": "#12"}
			}
		},
		{
			"from": [18.5625, 4.875, 8.5],
			"to": [20.96875, 5.25, 8.75],
			"rotation": {"angle": 0, "axis": "z", "origin": [16.5, 6.25, 3.75]},
			"faces": {
				"south": {"uv": [7, 6, 8, 6.75], "texture": "#12"}
			}
		},
		{
			"from": [18.5625, 4.875, 0.75],
			"to": [20.96875, 5.25, 1],
			"rotation": {"angle": 0, "axis": "z", "origin": [16.5, 6.25, -4]},
			"faces": {
				"north": {"uv": [7, 6, 8, 6.75], "texture": "#12"}
			}
		},
		{
			"from": [20.07031, 3.5, 8.5],
			"to": [22.875, 3.75, 8.75],
			"rotation": {"angle": -22.5, "axis": "z", "origin": [24, 4, 3.75]},
			"faces": {
				"south": {"uv": [7, 6, 8, 6.75], "rotation": 270, "texture": "#12"}
			}
		},
		{
			"from": [20.07031, 3.5, 0.75],
			"to": [22.875, 3.75, 1],
			"rotation": {"angle": -22.5, "axis": "z", "origin": [24, 4, -4]},
			"faces": {
				"north": {"uv": [7, 6, 8, 6.75], "rotation": 270, "texture": "#12"}
			}
		},
		{
			"from": [15.5, 3.75, 8.5],
			"to": [24, 4, 8.75],
			"rotation": {"angle": 0, "axis": "z", "origin": [18.5, 5.75, 3.75]},
			"faces": {
				"east": {"uv": [7, 6, 8, 6.75], "texture": "#12"},
				"south": {"uv": [7, 6, 8, 6.75], "texture": "#12"},
				"west": {"uv": [7, 6, 8, 6.75], "texture": "#12"}
			}
		},
		{
			"from": [15.5, 3.75, 0.75],
			"to": [24, 4, 1],
			"rotation": {"angle": 0, "axis": "z", "origin": [18.5, 5.75, -4]},
			"faces": {
				"north": {"uv": [7, 6, 8, 6.75], "texture": "#12"},
				"east": {"uv": [7, 6, 8, 6.75], "texture": "#12"},
				"west": {"uv": [7, 6, 8, 6.75], "texture": "#12"}
			}
		},
		{
			"from": [16.125, 4, 8.5],
			"to": [23.375, 4.25, 8.75],
			"rotation": {"angle": 0, "axis": "z", "origin": [16.5, 6.25, 3.75]},
			"faces": {
				"south": {"uv": [7, 6, 8, 6.75], "texture": "#12"}
			}
		},
		{
			"from": [16.125, 4, 0.75],
			"to": [23.375, 4.25, 1],
			"rotation": {"angle": 0, "axis": "z", "origin": [16.5, 6.25, -4]},
			"faces": {
				"north": {"uv": [7, 6, 8, 6.75], "texture": "#12"}
			}
		},
		{
			"from": [17, 4, 8.5],
			"to": [22.5, 4.5, 8.75],
			"rotation": {"angle": 0, "axis": "z", "origin": [16.5, 6.25, 3.75]},
			"faces": {
				"south": {"uv": [7, 6, 8, 6.75], "texture": "#12"}
			}
		},
		{
			"from": [17, 4, 0.75],
			"to": [22.5, 4.5, 1],
			"rotation": {"angle": 0, "axis": "z", "origin": [16.5, 6.25, -4]},
			"faces": {
				"north": {"uv": [7, 6, 8, 6.75], "texture": "#12"}
			}
		},
		{
			"from": [20, 4.5, 8.5],
			"to": [20.5, 5.5, 8.75],
			"rotation": {"angle": -45, "axis": "z", "origin": [20, 5.5, 3.75]},
			"faces": {
				"south": {"uv": [7, 6, 8, 6.75], "texture": "#12"},
				"west": {"uv": [7, 6, 8, 6.75], "texture": "#12"}
			}
		},
		{
			"from": [20, 4.5, 0.75],
			"to": [20.5, 5.5, 1],
			"rotation": {"angle": -45, "axis": "z", "origin": [20, 5.5, -4]},
			"faces": {
				"north": {"uv": [7, 6, 8, 6.75], "texture": "#12"},
				"west": {"uv": [7, 6, 8, 6.75], "texture": "#12"}
			}
		},
		{
			"from": [19.125, 4, 8.5],
			"to": [19.5, 5.5, 8.75],
			"rotation": {"angle": 0, "axis": "z", "origin": [21, 6.25, 3.75]},
			"faces": {
				"south": {"uv": [7, 6, 8, 6.75], "texture": "#12"},
				"up": {"uv": [7, 6, 8, 6.75], "texture": "#12"}
			}
		},
		{
			"from": [19.125, 4, 0.75],
			"to": [19.5, 5.5, 1],
			"rotation": {"angle": 0, "axis": "z", "origin": [21, 6.25, -4]},
			"faces": {
				"north": {"uv": [7, 6, 8, 6.75], "texture": "#12"},
				"up": {"uv": [7, 6, 8, 6.75], "texture": "#12"}
			}
		},
		{
			"from": [19, 4.5, 8.5],
			"to": [19.5, 5.5, 8.75],
			"rotation": {"angle": 45, "axis": "z", "origin": [19.5, 5.5, 3.75]},
			"faces": {
				"east": {"uv": [7, 6, 8, 6.75], "texture": "#12"},
				"south": {"uv": [7, 6, 8, 6.75], "texture": "#12"}
			}
		},
		{
			"from": [19, 4.5, 0.75],
			"to": [19.5, 5.5, 1],
			"rotation": {"angle": 45, "axis": "z", "origin": [19.5, 5.5, -4]},
			"faces": {
				"north": {"uv": [7, 6, 8, 6.75], "texture": "#12"},
				"east": {"uv": [7, 6, 8, 6.75], "texture": "#12"}
			}
		},
		{
			"from": [18, 4, 8.5],
			"to": [21.5, 5, 8.75],
			"rotation": {"angle": 0, "axis": "z", "origin": [16.5, 6.25, 3.75]},
			"faces": {
				"south": {"uv": [7, 6, 8, 6.75], "texture": "#12"}
			}
		},
		{
			"from": [18, 4, 0.75],
			"to": [21.5, 5, 1],
			"rotation": {"angle": 0, "axis": "z", "origin": [16.5, 6.25, -4]},
			"faces": {
				"north": {"uv": [7, 6, 8, 6.75], "texture": "#12"}
			}
		},
		{
			"from": [15.5, 3.75, 8.5],
			"to": [19.42969, 4, 8.75],
			"rotation": {"angle": 22.5, "axis": "z", "origin": [15.5, 4, 3.75]},
			"faces": {
				"east": {"uv": [7, 6, 8, 6.75], "rotation": 270, "texture": "#12"},
				"south": {"uv": [7, 6, 8, 6.75], "rotation": 270, "texture": "#12"},
				"up": {"uv": [7, 6, 8, 6.75], "rotation": 270, "texture": "#12"}
			}
		},
		{
			"from": [15.5, 3.75, 0.75],
			"to": [19.42969, 4, 1],
			"rotation": {"angle": 22.5, "axis": "z", "origin": [15.5, 4, -4]},
			"faces": {
				"north": {"uv": [7, 6, 8, 6.75], "rotation": 270, "texture": "#12"},
				"east": {"uv": [7, 6, 8, 6.75], "rotation": 270, "texture": "#12"},
				"up": {"uv": [7, 6, 8, 6.75], "rotation": 270, "texture": "#12"}
			}
		},
		{
			"from": [16.625, 3.5, 8.5],
			"to": [19.42969, 3.75, 8.75],
			"rotation": {"angle": 22.5, "axis": "z", "origin": [15.5, 4, 3.75]},
			"faces": {
				"south": {"uv": [7, 6, 8, 6.75], "rotation": 270, "texture": "#12"}
			}
		},
		{
			"from": [16.625, 3.5, 0.75],
			"to": [19.42969, 3.75, 1],
			"rotation": {"angle": 22.5, "axis": "z", "origin": [15.5, 4, -4]},
			"faces": {
				"north": {"uv": [7, 6, 8, 6.75], "rotation": 270, "texture": "#12"}
			}
		},
		{
			"from": [15.5, 3.75, 1],
			"to": [19.42969, 4, 8.5],
			"rotation": {"angle": 22.5, "axis": "z", "origin": [15.5, 4, 3.5]},
			"faces": {
				"east": {"uv": [5.25, 7, 8.25, 5.25], "rotation": 270, "texture": "#8"},
				"up": {"uv": [0.25, 0.25, 11, 15.75], "rotation": 180, "texture": "#15"}
			}
		},
		{
			"from": [19.75, 5.625, 5.25],
			"to": [19.755, 9.125, 8.25],
			"rotation": {"angle": -45, "axis": "x", "origin": [19.75, 5.625, 8.25]},
			"faces": {
				"north": {"uv": [2, 4.75, 5, 3], "rotation": 270, "texture": "#9"},
				"east": {"uv": [15, 2, 2, 15], "rotation": 90, "texture": "#9"},
				"south": {"uv": [2, 4.75, 5, 3], "rotation": 90, "texture": "#9"},
				"west": {"uv": [2, 2, 15, 15], "rotation": 270, "texture": "#9"},
				"up": {"uv": [2, 4.75, 5, 3], "rotation": 90, "texture": "#9"},
				"down": {"uv": [2, 4.75, 5, 3], "rotation": 90, "texture": "#9"}
			}
		},
		{
			"from": [5.25, 4.125, 3.625],
			"to": [8.25, 4.13, 7.125],
			"rotation": {"angle": -22.5, "axis": "x", "origin": [8.25, 4.125, 3.625]},
			"faces": {
				"north": {"uv": [2, 4.75, 5, 3], "texture": "#9"},
				"east": {"uv": [2, 4.75, 5, 3], "texture": "#9"},
				"south": {"uv": [2, 4.75, 5, 3], "texture": "#9"},
				"west": {"uv": [2, 4.75, 5, 3], "texture": "#9"},
				"up": {"uv": [15, 2, 2, 15], "rotation": 270, "texture": "#9"},
				"down": {"uv": [2, 2, 15, 15], "rotation": 270, "texture": "#9"}
			}
		},
		{
			"from": [-5.5, -0.5, -0.5],
			"to": [-2, 3.5, 16.5],
			"rotation": {"angle": 0, "axis": "z", "origin": [-2.5, 3.5, 3.5]},
			"faces": {
				"north": {"uv": [12, 4, 7, 10], "texture": "#14"},
				"east": {"uv": [16, 2, 0, 8], "texture": "#14"},
				"south": {"uv": [10, 5, 5, 11], "texture": "#14"},
				"west": {"uv": [16, 2, 0, 8], "texture": "#14"},
				"up": {"uv": [0, 6, 16, 2], "rotation": 90, "texture": "#14"},
				"down": {"uv": [0, 6, 16, 2], "rotation": 90, "texture": "#14"}
			}
		},
		{
			"from": [17.5, -11, 0.25],
			"to": [22, -9.5, 4.75],
			"rotation": {"angle": 0, "axis": "z", "origin": [18.5, -7, 4]},
			"faces": {
				"north": {"uv": [14, 8, 6, 11], "texture": "#14"},
				"east": {"uv": [14, 8, 6, 11], "texture": "#14"},
				"south": {"uv": [14, 8, 6, 11], "texture": "#14"},
				"west": {"uv": [14, 8, 6, 11], "texture": "#14"},
				"up": {"uv": [9, 8, 15, 14], "texture": "#14"},
				"down": {"uv": [2, 1, 8, 7], "texture": "#14"}
			}
		},
		{
			"from": [-6, -11, 0.25],
			"to": [-1.5, -9.5, 4.75],
			"rotation": {"angle": 0, "axis": "z", "origin": [-2.5, -7, 4]},
			"faces": {
				"north": {"uv": [6, 8, 14, 11], "texture": "#14"},
				"east": {"uv": [6, 8, 14, 11], "texture": "#14"},
				"south": {"uv": [6, 8, 14, 11], "texture": "#14"},
				"west": {"uv": [6, 8, 14, 11], "texture": "#14"},
				"up": {"uv": [15, 8, 9, 14], "texture": "#14"},
				"down": {"uv": [8, 1, 2, 7], "texture": "#14"}
			}
		},
		{
			"from": [17.75, -9.5, 0.5],
			"to": [21.75, -8, 4.5],
			"rotation": {"angle": 0, "axis": "z", "origin": [18.25, -5.5, 3.875]},
			"faces": {
				"north": {"uv": [13, 2, 6, 5], "texture": "#14"},
				"east": {"uv": [13, 11, 6, 14], "texture": "#14"},
				"south": {"uv": [10, 5, 3, 8], "texture": "#14"},
				"west": {"uv": [9, 8, 2, 11], "texture": "#14"},
				"up": {"uv": [9, 8, 15, 14], "texture": "#14"}
			}
		},
		{
			"from": [-5.75, -9.5, 0.5],
			"to": [-1.75, -8, 4.5],
			"rotation": {"angle": 0, "axis": "z", "origin": [-2.25, -5.5, 3.875]},
			"faces": {
				"north": {"uv": [6, 2, 13, 5], "texture": "#14"},
				"east": {"uv": [2, 8, 9, 11], "texture": "#14"},
				"south": {"uv": [3, 5, 10, 8], "texture": "#14"},
				"west": {"uv": [6, 11, 13, 14], "texture": "#14"},
				"up": {"uv": [15, 8, 9, 14], "texture": "#14"}
			}
		},
		{
			"from": [17.75, -9.5, 11.5],
			"to": [21.75, -8, 15.5],
			"rotation": {"angle": 0, "axis": "z", "origin": [18.25, -5.5, 12.375]},
			"faces": {
				"north": {"uv": [3, 5, 10, 8], "texture": "#14"},
				"east": {"uv": [6, 11, 13, 14], "texture": "#14"},
				"south": {"uv": [6, 2, 13, 5], "texture": "#14"},
				"west": {"uv": [2, 8, 9, 11], "texture": "#14"},
				"up": {"uv": [9, 14, 15, 8], "texture": "#14"}
			}
		},
		{
			"from": [-5.75, -9.5, 11.5],
			"to": [-1.75, -8, 15.5],
			"rotation": {"angle": 0, "axis": "z", "origin": [-2.25, -5.5, 12.375]},
			"faces": {
				"north": {"uv": [10, 5, 3, 8], "texture": "#14"},
				"east": {"uv": [9, 8, 2, 11], "texture": "#14"},
				"south": {"uv": [13, 2, 6, 5], "texture": "#14"},
				"west": {"uv": [13, 11, 6, 14], "texture": "#14"},
				"up": {"uv": [15, 14, 9, 8], "texture": "#14"}
			}
		},
		{
			"from": [17.5, -11, 11.25],
			"to": [22, -9.5, 15.75],
			"rotation": {"angle": 0, "axis": "z", "origin": [18.5, -7, 13]},
			"faces": {
				"north": {"uv": [14, 8, 6, 11], "texture": "#14"},
				"east": {"uv": [14, 8, 6, 11], "texture": "#14"},
				"south": {"uv": [14, 8, 6, 11], "texture": "#14"},
				"west": {"uv": [14, 8, 6, 11], "texture": "#14"},
				"up": {"uv": [9, 14, 15, 8], "texture": "#14"},
				"down": {"uv": [2, 7, 8, 1], "texture": "#14"}
			}
		},
		{
			"from": [-6, -11, 11.25],
			"to": [-1.5, -9.5, 15.75],
			"rotation": {"angle": 0, "axis": "z", "origin": [-2.5, -7, 13]},
			"faces": {
				"north": {"uv": [6, 8, 14, 11], "texture": "#14"},
				"east": {"uv": [6, 8, 14, 11], "texture": "#14"},
				"south": {"uv": [6, 8, 14, 11], "texture": "#14"},
				"west": {"uv": [6, 8, 14, 11], "texture": "#14"},
				"up": {"uv": [15, 14, 9, 8], "texture": "#14"},
				"down": {"uv": [8, 7, 2, 1], "texture": "#14"}
			}
		},
		{
			"from": [8, 0, 5.5],
			"to": [24, 3, 10.5],
			"rotation": {"angle": 0, "axis": "y", "origin": [16, 8, 13.5]},
			"faces": {
				"north": {"uv": [0, 8, 16, 13], "texture": "#0"},
				"east": {"uv": [9, 3, 15, 8], "texture": "#0"},
				"south": {"uv": [0, 0, 16, 5], "texture": "#0"},
				"up": {"uv": [0, 5, 16, 13], "texture": "#0"},
				"down": {"uv": [0, 1, 16, 9], "texture": "#0"}
			}
		},
		{
			"from": [8, 0, 11],
			"to": [24, 3, 16],
			"rotation": {"angle": 0, "axis": "y", "origin": [16, 8, 19]},
			"faces": {
				"north": {"uv": [0, 4, 16, 9], "texture": "#0"},
				"east": {"uv": [6, 8, 12, 13], "texture": "#0"},
				"south": {"uv": [0, 3, 16, 8], "texture": "#0"},
				"up": {"uv": [0, 3, 16, 11], "texture": "#0"},
				"down": {"uv": [0, 8, 16, 16], "texture": "#0"}
			}
		},
		{
			"from": [0, 5.5, 11.5],
			"to": [16, 7, 13],
			"rotation": {"angle": 0, "axis": "y", "origin": [16, 10.5, 16]},
			"faces": {
				"north": {"uv": [0, 3, 16, 6], "texture": "#0"},
				"east": {"uv": [7, 9, 10, 12], "texture": "#0"},
				"south": {"uv": [0, 5, 16, 8], "texture": "#0"},
				"west": {"uv": [0, 5, 3, 8], "texture": "#0"},
				"up": {"uv": [0, 5, 16, 8], "texture": "#0"},
				"down": {"uv": [0, 7, 16, 10], "texture": "#0"}
			}
		},
		{
			"from": [1, 3.5, 11.5],
			"to": [2.5, 5.5, 13],
			"rotation": {"angle": 0, "axis": "y", "origin": [16, 9, 16]},
			"faces": {
				"north": {"uv": [8, 5, 11, 9], "texture": "#0"},
				"east": {"uv": [11, 9, 14, 13], "texture": "#0"},
				"south": {"uv": [0, 5, 3, 9], "texture": "#0"},
				"west": {"uv": [3, 5, 6, 9], "texture": "#0"}
			}
		},
		{
			"from": [13.5, 3.5, 11.5],
			"to": [15, 5.5, 13],
			"rotation": {"angle": 0, "axis": "y", "origin": [0, 9, 16]},
			"faces": {
				"north": {"uv": [11, 5, 8, 9], "texture": "#0"},
				"east": {"uv": [6, 5, 3, 9], "texture": "#0"},
				"south": {"uv": [3, 5, 0, 9], "texture": "#0"},
				"west": {"uv": [14, 9, 11, 13], "texture": "#0"}
			}
		},
		{
			"from": [19, -1.5, 0],
			"to": [20.5, 0, 16],
			"rotation": {"angle": 0, "axis": "y", "origin": [27, 8, 8]},
			"faces": {
				"north": {"uv": [0, 0, 4, 4], "rotation": 90, "texture": "#1"},
				"east": {"uv": [5, 0, 9, 16], "rotation": 90, "texture": "#1"},
				"south": {"uv": [2, 3, 6, 7], "rotation": 90, "texture": "#1"},
				"west": {"uv": [0, 0, 4, 16], "rotation": 90, "texture": "#1"},
				"down": {"uv": [4, 0, 8, 16], "texture": "#1"}
			}
		},
		{
			"from": [18.5, -8, 0],
			"to": [21, -5.5, 16],
			"rotation": {"angle": 0, "axis": "y", "origin": [27, 2, 8]},
			"faces": {
				"north": {"uv": [0, 0, 6, 6], "texture": "#1"},
				"east": {"uv": [5, 0, 11, 16], "rotation": 90, "texture": "#1"},
				"south": {"uv": [4, 2, 10, 8], "texture": "#1"},
				"west": {"uv": [5, 0, 11, 16], "rotation": 90, "texture": "#1"},
				"up": {"uv": [0, 0, 6, 16], "texture": "#1"},
				"down": {"uv": [0, 0, 6, 16], "texture": "#1"}
			}
		},
		{
			"from": [-5, -8, 0],
			"to": [-2.5, -5.5, 16],
			"rotation": {"angle": 0, "axis": "y", "origin": [-11, 2, 8]},
			"faces": {
				"north": {"uv": [6, 0, 0, 6], "texture": "#1"},
				"east": {"uv": [5, 16, 11, 0], "rotation": 90, "texture": "#1"},
				"south": {"uv": [10, 2, 4, 8], "texture": "#1"},
				"west": {"uv": [5, 16, 11, 0], "rotation": 90, "texture": "#1"},
				"up": {"uv": [6, 0, 0, 16], "texture": "#1"},
				"down": {"uv": [6, 0, 0, 16], "texture": "#1"}
			}
		},
		{
			"from": [19, -7.5, -0.03125],
			"to": [20.5, -6, 16.03125],
			"rotation": {"angle": 0, "axis": "y", "origin": [27, 2, 8.03125]},
			"faces": {
				"north": {"uv": [0, 0, 1, 1], "texture": "#13"},
				"east": {"uv": [0, 0, 1, 1], "texture": "#13"},
				"south": {"uv": [0, 0, 1, 1], "texture": "#13"},
				"west": {"uv": [0, 0, 1, 1], "texture": "#13"},
				"up": {"uv": [0, 0, 1, 1], "texture": "#13"},
				"down": {"uv": [0, 0, 1, 1], "texture": "#13"}
			}
		},
		{
			"from": [-4.5, -7.5, -0.03125],
			"to": [-3, -6, 16.03125],
			"rotation": {"angle": 0, "axis": "y", "origin": [-11, 2, 8.03125]},
			"faces": {
				"north": {"uv": [1, 0, 0, 1], "texture": "#13"},
				"east": {"uv": [1, 0, 0, 1], "texture": "#13"},
				"south": {"uv": [1, 0, 0, 1], "texture": "#13"},
				"west": {"uv": [1, 0, 0, 1], "texture": "#13"},
				"up": {"uv": [1, 0, 0, 1], "texture": "#13"},
				"down": {"uv": [1, 0, 0, 1], "texture": "#13"}
			}
		},
		{
			"from": [8, -1.5, 12.5],
			"to": [18, 0, 14.5],
			"rotation": {"angle": 0, "axis": "y", "origin": [19, 8, 8]},
			"faces": {
				"north": {"uv": [5, 16, 8, 0], "rotation": 90, "texture": "#1"},
				"east": {"uv": [7, 16, 11, 0], "rotation": 90, "texture": "#1"},
				"south": {"uv": [0, 16, 3, 0], "rotation": 90, "texture": "#1"},
				"down": {"uv": [5, 0, 0, 16], "rotation": 90, "texture": "#1"}
			}
		},
		{
			"from": [1, 3, 0],
			"to": [15, 3.5, 16],
			"rotation": {"angle": 0, "axis": "y", "origin": [16, 8, 19]},
			"faces": {
				"north": {"uv": [0, 0, 16, 1], "texture": "#3"},
				"south": {"uv": [0, 3, 16, 4], "texture": "#3"},
				"up": {"uv": [1, 0, 15, 16], "texture": "#3"},
				"down": {"uv": [0, 8, 16, 16], "texture": "#3"}
			}
		},
		{
			"from": [0, 3, 0],
			"to": [1, 3.5, 16],
			"rotation": {"angle": 0, "axis": "y", "origin": [15, 8, 19]},
			"faces": {
				"north": {"uv": [15, 0, 16, 1], "texture": "#13"},
				"south": {"uv": [15, 0, 16, 1], "texture": "#13"},
				"west": {"uv": [15, 0, 16, 16], "rotation": 90, "texture": "#13"},
				"up": {"uv": [15, 0, 16, 16], "texture": "#13"},
				"down": {"uv": [15, 0, 16, 16], "texture": "#13"}
			}
		},
		{
			"from": [15, 3, 0],
			"to": [16, 3.5, 16],
			"rotation": {"angle": 0, "axis": "y", "origin": [1, 8, 19]},
			"faces": {
				"north": {"uv": [16, 0, 15, 1], "texture": "#13"},
				"east": {"uv": [15, 16, 16, 0], "rotation": 90, "texture": "#13"},
				"south": {"uv": [16, 0, 15, 1], "texture": "#13"},
				"up": {"uv": [16, 0, 15, 16], "texture": "#13"},
				"down": {"uv": [16, 0, 15, 16], "texture": "#13"}
			}
		},
		{
			"from": [1, -2.5, -0.5],
			"to": [15, 3, 0],
			"rotation": {"angle": 0, "axis": "y", "origin": [16, 7.5, 19]},
			"faces": {
				"north": {"uv": [1, 0, 15, 8], "texture": "#3"},
				"south": {"uv": [0, 0, 16, 8], "texture": "#3"},
				"up": {"uv": [0, 5, 16, 6], "texture": "#3"}
			}
		},
		{
			"from": [1, -2.5, 16],
			"to": [15, 3, 16.5],
			"rotation": {"angle": 0, "axis": "y", "origin": [16, 7.5, -3]},
			"faces": {
				"north": {"uv": [16, 0, 0, 8], "texture": "#3"},
				"south": {"uv": [15, 0, 1, 8], "texture": "#3"},
				"up": {"uv": [0, 6, 16, 5], "texture": "#3"}
			}
		},
		{
			"from": [15, -2.5, -0.5],
			"to": [16, 3, 0],
			"rotation": {"angle": 0, "axis": "y", "origin": [17, 7.5, 19]},
			"faces": {
				"north": {"uv": [0, 0, 1, 8], "texture": "#13"},
				"east": {"uv": [0, 0, 1, 8], "texture": "#13"},
				"south": {"uv": [0, 0, 1, 8], "texture": "#13"},
				"up": {"uv": [15, 0, 16, 1], "texture": "#13"}
			}
		},
		{
			"from": [15, -2.5, 16],
			"to": [16, 3, 16.5],
			"rotation": {"angle": 0, "axis": "y", "origin": [17, 7.5, -3]},
			"faces": {
				"north": {"uv": [1, 0, 0, 8], "texture": "#13"},
				"east": {"uv": [1, 0, 0, 8], "texture": "#13"},
				"south": {"uv": [1, 0, 0, 8], "texture": "#13"},
				"up": {"uv": [15, 1, 16, 0], "texture": "#13"}
			}
		},
		{
			"from": [0, -2.5, -0.5],
			"to": [1, 3, 0],
			"rotation": {"angle": 0, "axis": "y", "origin": [-1, 7.5, 19]},
			"faces": {
				"north": {"uv": [16, 0, 15, 8], "texture": "#13"},
				"south": {"uv": [16, 0, 15, 8], "texture": "#13"},
				"west": {"uv": [16, 0, 15, 8], "texture": "#13"},
				"up": {"uv": [15, 0, 16, 1], "texture": "#13"}
			}
		},
		{
			"from": [0, -2.5, 16],
			"to": [1, 3, 16.5],
			"rotation": {"angle": 0, "axis": "y", "origin": [-1, 7.5, -3]},
			"faces": {
				"north": {"uv": [15, 0, 16, 8], "texture": "#13"},
				"south": {"uv": [15, 0, 16, 8], "texture": "#13"},
				"west": {"uv": [15, 0, 16, 8], "texture": "#13"},
				"up": {"uv": [15, 1, 16, 0], "texture": "#13"}
			}
		},
		{
			"from": [0, -3.5, -0.5],
			"to": [16, -2.5, 0],
			"rotation": {"angle": 0, "axis": "y", "origin": [16, 6.5, 19]},
			"faces": {
				"north": {"uv": [0, 0, 16, 1], "texture": "#13"},
				"east": {"uv": [0, 0, 1, 1], "texture": "#13"},
				"south": {"uv": [0, 0, 16, 1], "texture": "#13"},
				"west": {"uv": [0, 0, 1, 1], "texture": "#13"},
				"down": {"uv": [0, 0, 16, 1], "texture": "#13"}
			}
		},
		{
			"from": [0, -3.5, 16],
			"to": [16, -2.5, 16.5],
			"rotation": {"angle": 0, "axis": "y", "origin": [21.5, 6, 3]},
			"faces": {
				"north": {"uv": [16, 0, 0, 1], "texture": "#13"},
				"east": {"uv": [1, 0, 0, 1], "texture": "#13"},
				"south": {"uv": [16, 0, 0, 1], "texture": "#13"},
				"west": {"uv": [1, 0, 0, 1], "texture": "#13"},
				"down": {"uv": [0, 1, 16, 0], "texture": "#13"}
			}
		},
		{
			"from": [0.5, 3, 2.5],
			"to": [15.5, 3.5, 15.5],
			"rotation": {"angle": -22.5, "axis": "x", "origin": [16, 3.5, 2.5]},
			"faces": {
				"east": {"uv": [0, 4, 1, 16], "rotation": 90, "texture": "#2"},
				"south": {"uv": [0, 3, 16, 4], "texture": "#2"},
				"west": {"uv": [0, 3, 1, 15], "rotation": 90, "texture": "#2"},
				"up": {"uv": [0, 4, 16, 16], "texture": "#2"},
				"down": {"uv": [0, 4, 16, 16], "texture": "#2"}
			}
		},
		{
			"from": [0.5, 3.5, 2.5],
			"to": [15.5, 4, 3.75],
			"rotation": {"angle": -22.5, "axis": "x", "origin": [16, 3.5, 2.5]},
			"faces": {
				"north": {"uv": [0, 15, 16, 16], "texture": "#2"},
				"east": {"uv": [0, 15, 2, 16], "texture": "#2"},
				"south": {"uv": [0, 15, 16, 16], "texture": "#2"},
				"west": {"uv": [0, 15, 2, 16], "texture": "#2"},
				"up": {"uv": [0, 15, 16, 16], "texture": "#2"}
			}
		},
		{
			"from": [8, -1.5, 1.5],
			"to": [18, 0, 3.5],
			"rotation": {"angle": 0, "axis": "y", "origin": [19, 8, 8]},
			"faces": {
				"north": {"uv": [0, 0, 3, 16], "rotation": 90, "texture": "#1"},
				"east": {"uv": [7, 0, 11, 16], "rotation": 90, "texture": "#1"},
				"south": {"uv": [5, 0, 8, 16], "rotation": 90, "texture": "#1"},
				"down": {"uv": [0, 0, 5, 16], "rotation": 90, "texture": "#1"}
			}
		},
		{
			"from": [2.5, 3.26563, 4.25],
			"to": [13, 3.27063, 13.75],
			"rotation": {"angle": -22.5, "axis": "x", "origin": [1, 3.25, 1.75]},
			"faces": {
				"north": {"uv": [6.625, 15.625, 6.875, 15.875], "texture": "#7"},
				"east": {"uv": [6.625, 15.625, 6.875, 15.875], "texture": "#7"},
				"south": {"uv": [6.625, 15.625, 6.875, 15.875], "texture": "#7"},
				"west": {"uv": [6.625, 15.625, 6.875, 15.875], "texture": "#7"},
				"up": {"uv": [0.016, 0.018, 8.125, 11.718], "rotation": 90, "texture": "#7"},
				"down": {"uv": [6.625, 15.625, 6.875, 15.875], "rotation": 270, "texture": "#7"}
			}
		},
		{
			"from": [2, 3.25, 3.75],
			"to": [14, 3.255, 14.25],
			"rotation": {"angle": -22.5, "axis": "x", "origin": [1, 3.25, 1.75]},
			"faces": {
				"east": {"uv": [6.625, 15.625, 6.875, 15.875], "texture": "#8"},
				"south": {"uv": [6.625, 15.625, 6.875, 15.875], "texture": "#8"},
				"west": {"uv": [6.625, 15.625, 6.875, 15.875], "texture": "#8"},
				"up": {"uv": [0, 0, 16, 16], "texture": "#8"},
				"down": {"uv": [16, 0, 0, 16], "rotation": 180, "texture": "#8"}
			}
		},
		{
			"from": [18.75, 6.5, 12.25],
			"to": [21.75, 7, 14.25],
			"rotation": {"angle": -45, "axis": "y", "origin": [20.25, 6.5, 13.25]},
			"faces": {
				"north": {"uv": [5, 1, 6, 2], "texture": "#4"},
				"east": {"uv": [5, 1, 6, 2], "texture": "#4"},
				"south": {"uv": [5, 1, 6, 2], "texture": "#4"},
				"west": {"uv": [5, 1, 6, 2], "texture": "#4"},
				"up": {"uv": [5, 1, 6, 2], "rotation": 270, "texture": "#4"},
				"down": {"uv": [5, 1, 6, 2], "rotation": 90, "texture": "#4"}
			}
		},
		{
			"from": [18.75, 4, 12.25],
			"to": [21.75, 4.5, 14.25],
			"rotation": {"angle": -45, "axis": "y", "origin": [20.25, 6.5, 13.25]},
			"faces": {
				"north": {"uv": [5, 1, 6, 2], "texture": "#4"},
				"east": {"uv": [5, 1, 6, 2], "texture": "#4"},
				"south": {"uv": [5, 1, 6, 2], "texture": "#4"},
				"west": {"uv": [5, 1, 6, 2], "texture": "#4"},
				"up": {"uv": [5, 1, 6, 2], "rotation": 270, "texture": "#4"}
			}
		},
		{
			"from": [18, 4, 11.5],
			"to": [18.5, 5, 15],
			"rotation": {"angle": -45, "axis": "y", "origin": [20.25, 6.5, 13.25]},
			"faces": {
				"north": {"uv": [5, 5, 6, 7], "texture": "#5"},
				"east": {"uv": [4, 3, 10, 5], "texture": "#5"},
				"south": {"uv": [9, 8, 10, 10], "texture": "#5"},
				"west": {"uv": [7, 9, 13, 11], "texture": "#5"},
				"up": {"uv": [10, 8, 11, 14], "texture": "#5"},
				"down": {"uv": [6, 8, 7, 14], "texture": "#5"}
			}
		},
		{
			"from": [18.5, 4, 15],
			"to": [22, 5, 15.5],
			"rotation": {"angle": -45, "axis": "y", "origin": [20.25, 6.5, 13.25]},
			"faces": {
				"north": {"uv": [4, 12, 10, 14], "texture": "#5"},
				"east": {"uv": [9, 8, 10, 10], "texture": "#5"},
				"south": {"uv": [5, 6, 11, 8], "texture": "#5"},
				"west": {"uv": [5, 5, 6, 7], "texture": "#5"},
				"up": {"uv": [5, 6, 11, 7], "texture": "#5"},
				"down": {"uv": [5, 10, 11, 11], "texture": "#5"}
			}
		},
		{
			"from": [19.25, 4.5, 12.25],
			"to": [21.25, 7.5, 14.25],
			"rotation": {"angle": -45, "axis": "y", "origin": [20.25, 6.5, 13.25]},
			"faces": {
				"north": {"uv": [5, 1, 6, 2], "texture": "#4"},
				"east": {"uv": [5, 1, 6, 2], "texture": "#4"},
				"south": {"uv": [5, 1, 6, 2], "texture": "#4"},
				"west": {"uv": [5, 1, 6, 2], "texture": "#4"},
				"up": {"uv": [5, 1, 6, 2], "rotation": 270, "texture": "#4"}
			}
		},
		{
			"from": [22, 4, 11.5],
			"to": [22.5, 5, 15],
			"rotation": {"angle": -45, "axis": "y", "origin": [20.25, 6.5, 13.25]},
			"faces": {
				"north": {"uv": [5, 5, 6, 7], "texture": "#5"},
				"east": {"uv": [7, 11, 13, 13], "texture": "#5"},
				"south": {"uv": [9, 8, 10, 10], "texture": "#5"},
				"west": {"uv": [4, 9, 10, 11], "texture": "#5"},
				"up": {"uv": [5, 6, 6, 12], "texture": "#5"},
				"down": {"uv": [8, 6, 9, 12], "texture": "#5"}
			}
		},
		{
			"from": [22, 5, 13],
			"to": [22.5, 5.5, 13.5],
			"rotation": {"angle": -45, "axis": "y", "origin": [20.25, 6.5, 13.25]},
			"faces": {
				"north": {"uv": [11, 9, 12, 10], "texture": "#5"},
				"east": {"uv": [11, 9, 12, 10], "texture": "#5"},
				"south": {"uv": [11, 9, 12, 10], "texture": "#5"},
				"west": {"uv": [11, 9, 12, 10], "texture": "#5"}
			}
		},
		{
			"from": [23, 4, 13],
			"to": [23.5, 5.5, 13.5],
			"rotation": {"angle": -45, "axis": "y", "origin": [20.25, 6.5, 13.25]},
			"faces": {
				"north": {"uv": [6, 5, 7, 9], "texture": "#5"},
				"east": {"uv": [8, 10, 9, 14], "texture": "#5"},
				"south": {"uv": [9, 8, 10, 12], "texture": "#5"},
				"west": {"uv": [6, 4, 7, 8], "texture": "#5"},
				"down": {"uv": [11, 14, 12, 15], "texture": "#5"}
			}
		},
		{
			"from": [22, 5.5, 13],
			"to": [23.5, 6, 13.5],
			"rotation": {"angle": -45, "axis": "y", "origin": [20.25, 6.5, 13.25]},
			"faces": {
				"north": {"uv": [4, 5, 7, 6], "texture": "#5"},
				"east": {"uv": [9, 10, 10, 11], "texture": "#5"},
				"south": {"uv": [10, 10, 13, 11], "texture": "#5"},
				"west": {"uv": [9, 13, 10, 14], "texture": "#5"},
				"up": {"uv": [5, 6, 8, 7], "texture": "#5"},
				"down": {"uv": [5, 11, 8, 12], "texture": "#5"}
			}
		},
		{
			"from": [18.5, 4, 11],
			"to": [22, 5, 11.5],
			"rotation": {"angle": -45, "axis": "y", "origin": [20.25, 6.5, 13.25]},
			"faces": {
				"north": {"uv": [3, 10, 9, 12], "texture": "#5"},
				"east": {"uv": [9, 8, 10, 10], "texture": "#5"},
				"south": {"uv": [5, 9, 11, 11], "texture": "#5"},
				"west": {"uv": [5, 5, 6, 7], "texture": "#5"},
				"up": {"uv": [6, 11, 12, 12], "texture": "#5"},
				"down": {"uv": [5, 9, 11, 10], "texture": "#5"}
			}
		},
		{
			"from": [18.5, 3.5, 11.5],
			"to": [22, 4, 15],
			"rotation": {"angle": -45, "axis": "y", "origin": [20.25, 6.5, 13.25]},
			"faces": {
				"north": {"uv": [5, 8, 12, 9], "texture": "#5"},
				"east": {"uv": [6, 10, 13, 11], "texture": "#5"},
				"south": {"uv": [5, 1, 12, 2], "texture": "#5"},
				"west": {"uv": [6, 5, 13, 6], "texture": "#5"},
				"up": {"uv": [6, 4, 12, 10], "rotation": 270, "texture": "#5"},
				"down": {"uv": [5, 1, 12, 8], "rotation": 90, "texture": "#5"}
			}
		},
		{
			"from": [19.25, 6.5, 11.75],
			"to": [21.25, 7, 14.75],
			"rotation": {"angle": -45, "axis": "y", "origin": [20.25, 6.5, 13.25]},
			"faces": {
				"north": {"uv": [5, 1, 6, 2], "texture": "#4"},
				"east": {"uv": [5, 1, 6, 2], "texture": "#4"},
				"south": {"uv": [5, 1, 6, 2], "texture": "#4"},
				"west": {"uv": [5, 1, 6, 2], "texture": "#4"},
				"up": {"uv": [5, 1, 6, 2], "rotation": 270, "texture": "#4"},
				"down": {"uv": [5, 1, 6, 2], "rotation": 90, "texture": "#4"}
			}
		},
		{
			"from": [19.25, 4, 11.75],
			"to": [21.25, 4.5, 14.75],
			"rotation": {"angle": -45, "axis": "y", "origin": [20.25, 6.5, 13.25]},
			"faces": {
				"north": {"uv": [5, 1, 6, 2], "texture": "#4"},
				"east": {"uv": [5, 1, 6, 2], "texture": "#4"},
				"south": {"uv": [5, 1, 6, 2], "texture": "#4"},
				"west": {"uv": [5, 1, 6, 2], "texture": "#4"},
				"up": {"uv": [5, 1, 6, 2], "rotation": 270, "texture": "#4"}
			}
		},
		{
			"from": [19.75, 7.75, 12.75],
			"to": [20.75, 9.75, 13.75],
			"rotation": {"angle": -45, "axis": "y", "origin": [20.25, 6.5, 13.25]},
			"faces": {
				"north": {"uv": [9, 1, 13, 16], "texture": "#6"},
				"east": {"uv": [11, 1, 15, 16], "texture": "#6"},
				"south": {"uv": [1, 1, 5, 16], "texture": "#6"},
				"west": {"uv": [3, 1, 7, 16], "texture": "#6"},
				"up": {"uv": [0.05, 0.05, 0.05, 0.05], "rotation": 270, "texture": "#6"},
				"down": {"uv": [8, 15, 9, 16], "rotation": 90, "texture": "#6"}
			}
		},
		{
			"from": [20, 7, 13],
			"to": [20.5, 7.75, 13.5],
			"rotation": {"angle": -45, "axis": "y", "origin": [20.25, 6.5, 13.25]},
			"faces": {
				"north": {"uv": [0, 15, 1, 16], "texture": "#4"},
				"east": {"uv": [2, 8, 3, 9], "texture": "#4"},
				"south": {"uv": [2, 8, 3, 9], "texture": "#4"},
				"west": {"uv": [2, 8, 3, 9], "texture": "#4"}
			}
		},
		{
			"from": [-4.75, 10.5, 1.75],
			"to": [-2.75, 11, 4.75],
			"rotation": {"angle": -22.5, "axis": "y", "origin": [-3.75, 10.5, 3.25]},
			"faces": {
				"north": {"uv": [5, 1, 6, 2], "texture": "#4"},
				"east": {"uv": [5, 1, 6, 2], "texture": "#4"},
				"south": {"uv": [5, 1, 6, 2], "texture": "#4"},
				"west": {"uv": [5, 1, 6, 2], "texture": "#4"},
				"up": {"uv": [5, 1, 6, 2], "texture": "#4"},
				"down": {"uv": [5, 1, 6, 2], "texture": "#4"}
			}
		},
		{
			"from": [-4.75, 8, 1.75],
			"to": [-2.75, 8.5, 4.75],
			"rotation": {"angle": -22.5, "axis": "y", "origin": [-3.75, 10.5, 3.25]},
			"faces": {
				"north": {"uv": [5, 1, 6, 2], "texture": "#4"},
				"east": {"uv": [5, 1, 6, 2], "texture": "#4"},
				"south": {"uv": [5, 1, 6, 2], "texture": "#4"},
				"west": {"uv": [5, 1, 6, 2], "texture": "#4"},
				"up": {"uv": [5, 1, 6, 2], "texture": "#4"}
			}
		},
		{
			"from": [-5.5, 8, 1],
			"to": [-2, 9, 1.5],
			"rotation": {"angle": -22.5, "axis": "y", "origin": [-3.75, 10.5, 3.25]},
			"faces": {
				"north": {"uv": [7, 9, 13, 11], "texture": "#5"},
				"east": {"uv": [5, 5, 6, 7], "texture": "#5"},
				"south": {"uv": [4, 3, 10, 5], "texture": "#5"},
				"west": {"uv": [9, 8, 10, 10], "texture": "#5"},
				"up": {"uv": [10, 8, 11, 14], "rotation": 90, "texture": "#5"},
				"down": {"uv": [6, 8, 7, 14], "rotation": 270, "texture": "#5"}
			}
		},
		{
			"from": [-6, 8, 1.5],
			"to": [-5.5, 9, 5],
			"rotation": {"angle": -22.5, "axis": "y", "origin": [-3.75, 10.5, 3.25]},
			"faces": {
				"north": {"uv": [5, 5, 6, 7], "texture": "#5"},
				"east": {"uv": [4, 12, 10, 14], "texture": "#5"},
				"south": {"uv": [9, 8, 10, 10], "texture": "#5"},
				"west": {"uv": [5, 6, 11, 8], "texture": "#5"},
				"up": {"uv": [5, 6, 11, 7], "rotation": 90, "texture": "#5"},
				"down": {"uv": [5, 10, 11, 11], "rotation": 270, "texture": "#5"}
			}
		},
		{
			"from": [-4.75, 8.5, 2.25],
			"to": [-2.75, 11.5, 4.25],
			"rotation": {"angle": -22.5, "axis": "y", "origin": [-3.75, 10.5, 3.25]},
			"faces": {
				"north": {"uv": [5, 1, 6, 2], "texture": "#4"},
				"east": {"uv": [5, 1, 6, 2], "texture": "#4"},
				"south": {"uv": [5, 1, 6, 2], "texture": "#4"},
				"west": {"uv": [5, 1, 6, 2], "texture": "#4"},
				"up": {"uv": [5, 1, 6, 2], "texture": "#4"}
			}
		},
		{
			"from": [-5.5, 8, 5],
			"to": [-2, 9, 5.5],
			"rotation": {"angle": -22.5, "axis": "y", "origin": [-3.75, 10.5, 3.25]},
			"faces": {
				"north": {"uv": [4, 9, 10, 11], "texture": "#5"},
				"east": {"uv": [5, 5, 6, 7], "texture": "#5"},
				"south": {"uv": [7, 11, 13, 13], "texture": "#5"},
				"west": {"uv": [9, 8, 10, 10], "texture": "#5"},
				"up": {"uv": [5, 6, 6, 12], "rotation": 90, "texture": "#5"},
				"down": {"uv": [8, 6, 9, 12], "rotation": 270, "texture": "#5"}
			}
		},
		{
			"from": [-2, 8, 1.5],
			"to": [-1.5, 9, 5],
			"rotation": {"angle": -22.5, "axis": "y", "origin": [-3.75, 10.5, 3.25]},
			"faces": {
				"north": {"uv": [5, 5, 6, 7], "texture": "#5"},
				"east": {"uv": [3, 10, 9, 12], "texture": "#5"},
				"south": {"uv": [9, 8, 10, 10], "texture": "#5"},
				"west": {"uv": [5, 9, 11, 11], "texture": "#5"},
				"up": {"uv": [6, 11, 12, 12], "rotation": 90, "texture": "#5"},
				"down": {"uv": [5, 9, 11, 10], "rotation": 270, "texture": "#5"}
			}
		},
		{
			"from": [-5.5, 7.5, 1.5],
			"to": [-2, 8, 5],
			"rotation": {"angle": -22.5, "axis": "y", "origin": [-3.75, 10.5, 3.25]},
			"faces": {
				"north": {"uv": [6, 5, 13, 6], "texture": "#5"},
				"east": {"uv": [5, 8, 12, 9], "texture": "#5"},
				"south": {"uv": [6, 10, 13, 11], "texture": "#5"},
				"west": {"uv": [5, 1, 12, 2], "texture": "#5"},
				"up": {"uv": [6, 4, 12, 10], "texture": "#5"},
				"down": {"uv": [5, 1, 12, 8], "texture": "#5"}
			}
		},
		{
			"from": [-5.5, 3.5, 1.5],
			"to": [-2, 4, 5],
			"rotation": {"angle": -22.5, "axis": "y", "origin": [-3.75, 6.5, 3.25]},
			"faces": {
				"north": {"uv": [6, 5, 12, 6], "texture": "#5"},
				"east": {"uv": [3, 6, 9, 7], "texture": "#5"},
				"south": {"uv": [9, 6, 15, 7], "texture": "#5"},
				"west": {"uv": [8, 9, 14, 10], "texture": "#5"},
				"up": {"uv": [6, 4, 12, 10], "texture": "#5"},
				"down": {"uv": [5, 1, 12, 8], "texture": "#5"}
			}
		},
		{
			"from": [-5, 4, 2],
			"to": [-2.5, 4.5, 4.5],
			"rotation": {"angle": -22.5, "axis": "y", "origin": [-3.75, 6.5, 3.25]},
			"faces": {
				"north": {"uv": [6, 13, 11, 14], "texture": "#5"},
				"east": {"uv": [5, 13, 10, 14], "texture": "#5"},
				"south": {"uv": [7, 11, 12, 12], "texture": "#5"},
				"west": {"uv": [5, 8, 10, 9], "texture": "#5"},
				"up": {"uv": [8, 8, 13, 13], "texture": "#5"}
			}
		},
		{
			"from": [-5, 7, 2],
			"to": [-2.5, 7.5, 4.5],
			"rotation": {"angle": -22.5, "axis": "y", "origin": [-3.75, 9.5, 3.25]},
			"faces": {
				"north": {"uv": [6, 13, 11, 14], "texture": "#5"},
				"east": {"uv": [5, 13, 10, 14], "texture": "#5"},
				"south": {"uv": [7, 11, 12, 12], "texture": "#5"},
				"west": {"uv": [5, 8, 10, 9], "texture": "#5"},
				"down": {"uv": [8, 8, 13, 13], "texture": "#5"}
			}
		},
		{
			"from": [-4.5, 4.5, 2.5],
			"to": [-3, 7, 4],
			"rotation": {"angle": -22.5, "axis": "y", "origin": [-3.75, 6.5, 3.25]},
			"faces": {
				"north": {"uv": [7, 7, 10, 14], "texture": "#5"},
				"east": {"uv": [4, 6, 7, 13], "texture": "#5"},
				"south": {"uv": [3, 2, 6, 9], "texture": "#5"},
				"west": {"uv": [8, 5, 11, 12], "texture": "#5"}
			}
		},
		{
			"from": [-5.25, 10.5, 2.25],
			"to": [-2.25, 11, 4.25],
			"rotation": {"angle": -22.5, "axis": "y", "origin": [-3.75, 10.5, 3.25]},
			"faces": {
				"north": {"uv": [5, 1, 6, 2], "texture": "#4"},
				"east": {"uv": [5, 1, 6, 2], "texture": "#4"},
				"south": {"uv": [5, 1, 6, 2], "texture": "#4"},
				"west": {"uv": [5, 1, 6, 2], "texture": "#4"},
				"up": {"uv": [5, 1, 6, 2], "texture": "#4"},
				"down": {"uv": [5, 1, 6, 2], "texture": "#4"}
			}
		},
		{
			"from": [-5.25, 8, 2.25],
			"to": [-2.25, 8.5, 4.25],
			"rotation": {"angle": -22.5, "axis": "y", "origin": [-3.75, 10.5, 3.25]},
			"faces": {
				"north": {"uv": [5, 1, 6, 2], "texture": "#4"},
				"east": {"uv": [5, 1, 6, 2], "texture": "#4"},
				"south": {"uv": [5, 1, 6, 2], "texture": "#4"},
				"west": {"uv": [5, 1, 6, 2], "texture": "#4"},
				"up": {"uv": [5, 1, 6, 2], "texture": "#4"}
			}
		},
		{
			"from": [-4.25, 11.75, 2.75],
			"to": [-3.25, 13.75, 3.75],
			"rotation": {"angle": -22.5, "axis": "y", "origin": [-3.75, 10.5, 3.25]},
			"faces": {
				"north": {"uv": [3, 1, 7, 16], "texture": "#6"},
				"east": {"uv": [9, 1, 13, 16], "texture": "#6"},
				"south": {"uv": [11, 1, 15, 16], "texture": "#6"},
				"west": {"uv": [1, 1, 5, 16], "texture": "#6"},
				"up": {"uv": [0.05, 0.05, 0.05, 0.05], "texture": "#6"},
				"down": {"uv": [8, 15, 9, 16], "texture": "#6"}
			}
		},
		{
			"from": [-4, 11, 3],
			"to": [-3.5, 11.75, 3.5],
			"rotation": {"angle": -22.5, "axis": "y", "origin": [-3.75, 10.5, 3.25]},
			"faces": {
				"north": {"uv": [2, 8, 3, 9], "texture": "#4"},
				"east": {"uv": [0, 15, 1, 16], "texture": "#4"},
				"south": {"uv": [2, 8, 3, 9], "texture": "#4"},
				"west": {"uv": [2, 8, 3, 9], "texture": "#4"}
			}
		}
	],
	"display": {
		"head": {
			"translation": [0, -10.5, 0],
			"scale": [1.75, 1.75, 1.75]
		}
	},
	"groups": [
		{
			"name": "right",
			"origin": [-12.5, 8, 8],
			"children": [0, 1, 2, 3, 4, 5, 6, 7, 8, 9,
				{
					"name": "glass",
					"origin": [29, 5.5, 8.5],
					"children": []
				}
			]
		},
		{
			"name": "left",
			"origin": [28.5, 8, 8],
			"children": [10, 11, 12, 13, 14, 15, 16, 17, 18, 19, 20, 21, 22,
				{
					"name": "edge",
					"origin": [15.5, 4, 3.75],
					"children": [23, 24, 25, 26, 27, 28, 29, 30, 31, 32, 33, 34, 35, 36, 37, 38, 39, 40, 41, 42, 43, 44, 45, 46, 47, 48, 49, 50, 51]
				}, 52, 53, 54, 55, 56, 57, 58, 59, 60, 61, 62, 63, 64, 65, 66, 67, 68, 69, 70, 71, 72, 73, 74, 75, 76, 77, 78, 79, 80, 81, 82, 83, 84, 85, 86, 87, 88]
		}, 89, 90,
		{
			"name": "candle",
			"origin": [21.5, 6, 3],
			"children": [91, 92, 93, 94, 95, 96, 97, 98, 99, 100, 101, 102, 103, 104, 105]
		},
		{
			"name": "candle",
			"origin": [21.5, 6, 3],
			"children": [106, 107, 108, 109, 110, 111, 112, 113, 114, 115, 116, 117, 118, 119, 120, 121]
		}
	]
}