{
	"credit": "Made by MadstonMagic, using Cubik Pro & Blockbench",
	"textures": {
		"0": "custom/mobs/knight_statue",
		"1": "block/stone",
		"2": "block/iron_block",
		"3": "block/iron_bars",
		"particle": "custom/mobs/knight_statue"
	},
	"elements": [
		{
			"from": [3, 0, 3.5],
			"to": [13, 3, 12],
			"rotation": {"angle": 0, "axis": "y", "origin": [8, 10.5, 8]},
			"faces": {
				"north": {"uv": [0, 3, 16, 9], "texture": "#1"},
				"east": {"uv": [4, 6, 16, 12], "texture": "#1"},
				"south": {"uv": [0, 10, 16, 16], "texture": "#1"},
				"west": {"uv": [0, 3, 12, 9], "texture": "#1"},
				"up": {"uv": [0, 0, 16, 16], "texture": "#1"},
				"down": {"uv": [0, 0, 16, 16], "texture": "#1"}
			}
		},
		{
			"from": [7, 4, 4],
			"to": [9, 14.125, 4.5],
			"rotation": {"angle": 0, "axis": "y", "origin": [8, 13.5, 8]},
			"faces": {
				"north": {"uv": [5, 0, 8, 16], "texture": "#2"},
				"east": {"uv": [10, 0, 11, 16], "texture": "#2"},
				"south": {"uv": [8, 0, 11, 16], "texture": "#2"},
				"west": {"uv": [7, 0, 8, 16], "texture": "#2"},
				"down": {"uv": [5, 15, 8, 16], "texture": "#2"}
			}
		},
		{
			"from": [7.5, 4, 3.875],
			"to": [8.5, 14.125, 4.625],
			"rotation": {"angle": 0, "axis": "y", "origin": [8, 13.5, 8.125]},
			"faces": {
				"north": {"uv": [5, 0, 8, 16], "texture": "#2"},
				"east": {"uv": [10, 0, 11, 16], "texture": "#2"},
				"south": {"uv": [8, 0, 11, 16], "texture": "#2"},
				"west": {"uv": [7, 0, 8, 16], "texture": "#2"},
				"down": {"uv": [5, 15, 8, 16], "texture": "#2"}
			}
		},
		{
			"from": [5, 14.125, 3.875],
			"to": [11, 14.625, 4.625],
			"rotation": {"angle": 0, "axis": "y", "origin": [8, 15.125, 8.125]},
			"faces": {
				"north": {"uv": [5, 0, 15, 1], "texture": "#2"},
				"east": {"uv": [14, 0, 15, 1], "texture": "#2"},
				"south": {"uv": [5, 0, 15, 1], "texture": "#2"},
				"west": {"uv": [14, 0, 15, 1], "texture": "#2"},
				"up": {"uv": [5, 0, 15, 1], "texture": "#2"},
				"down": {"uv": [5, 0, 15, 1], "texture": "#2"}
			}
		},
		{
			"from": [7, 17.125, 3.875],
			"to": [9, 17.625, 4.625],
			"rotation": {"angle": 0, "axis": "y", "origin": [8, 18.125, 8.125]},
			"faces": {
				"north": {"uv": [5, 0, 15, 1], "texture": "#2"},
				"east": {"uv": [14, 0, 15, 1], "texture": "#2"},
				"south": {"uv": [5, 0, 15, 1], "texture": "#2"},
				"west": {"uv": [14, 0, 15, 1], "texture": "#2"},
				"up": {"uv": [5, 0, 15, 1], "texture": "#2"},
				"down": {"uv": [5, 0, 15, 1], "texture": "#2"}
			}
		},
		{
			"from": [7.5, 14.625, 3.875],
			"to": [8.5, 17.125, 4.625],
			"rotation": {"angle": 0, "axis": "y", "origin": [8, 15.125, 8.125]},
			"faces": {
				"north": {"uv": [7, 4, 9, 11], "texture": "#3"},
				"east": {"uv": [2, 0, 4, 7], "texture": "#3"},
				"south": {"uv": [12, 0, 14, 7], "texture": "#3"},
				"west": {"uv": [2, 6, 4, 13], "texture": "#3"}
			}
		},
		{
			"from": [7.58594, 4, 4.00781],
			"to": [9, 5.41406, 4.49219],
			"rotation": {"angle": 45, "axis": "z", "origin": [9, 4, 4]},
			"faces": {
				"north": {"uv": [5, 4, 9, 8], "texture": "#2"},
				"south": {"uv": [5, 4, 9, 8], "texture": "#2"},
				"west": {"uv": [5, 4, 6, 8], "texture": "#2"},
				"down": {"uv": [5, 7, 9, 8], "texture": "#2"}
			}
		},
		{
			"from": [4.5, 14.5, 6.625],
			"to": [7, 19.5, 9.375],
			"rotation": {"angle": -45, "axis": "z", "origin": [5, 19.5, 8]},
			"faces": {
				"north": {"uv": [14.5, 7.25, 15.5, 9], "texture": "#0"},
				"east": {"uv": [13, 7.25, 14, 9], "texture": "#0"},
				"south": {"uv": [11.5, 7.25, 12.5, 9], "texture": "#0"},
				"west": {"uv": [10, 7.25, 11, 9], "texture": "#0"},
				"down": {"uv": [13, 5.75, 14, 6.75], "texture": "#0"}
			}
		},
		{
			"from": [9, 14.5, 6.625],
			"to": [11.5, 19.5, 9.375],
			"rotation": {"angle": 45, "axis": "z", "origin": [11, 19.5, 8]},
			"faces": {
				"north": {"uv": [15.5, 7.25, 14.5, 9], "texture": "#0"},
				"east": {"uv": [11, 7.25, 10, 9], "texture": "#0"},
				"south": {"uv": [12.5, 7.25, 11.5, 9], "texture": "#0"},
				"west": {"uv": [14, 7.25, 13, 9], "texture": "#0"},
				"down": {"uv": [14, 5.75, 13, 6.75], "texture": "#0"}
			}
		},
		{
			"from": [4, 17.5, 6.625],
			"to": [4.5, 19.875, 9.375],
			"rotation": {"angle": -45, "axis": "z", "origin": [5, 19.5, 8]},
			"faces": {
				"north": {"uv": [6, 7.25, 7, 10], "texture": "#2"},
				"south": {"uv": [10, 7, 11, 9.75], "texture": "#2"},
				"west": {"uv": [6, 7.25, 11, 10], "texture": "#2"},
				"down": {"uv": [6, 9, 11, 9.75], "texture": "#2"}
			}
		},
		{
			"from": [11.5, 17.5, 6.625],
			"to": [12, 19.875, 9.375],
			"rotation": {"angle": 45, "axis": "z", "origin": [11, 19.5, 8]},
			"faces": {
				"north": {"uv": [7, 7.25, 6, 10], "texture": "#2"},
				"east": {"uv": [11, 7.25, 6, 10], "texture": "#2"},
				"south": {"uv": [11, 7, 10, 9.75], "texture": "#2"},
				"down": {"uv": [11, 9, 6, 9.75], "texture": "#2"}
			}
		},
		{
			"from": [4.5, 17.5, 6.125],
			"to": [6, 19.875, 9.875],
			"rotation": {"angle": -45, "axis": "z", "origin": [5, 19.5, 8]},
			"faces": {
				"north": {"uv": [5, 7, 7, 10.75], "texture": "#2"},
				"east": {"uv": [13, 7.25, 14, 9], "texture": "#2"},
				"south": {"uv": [10, 7, 12, 10.75], "texture": "#2"},
				"west": {"uv": [5, 7, 12, 10.75], "texture": "#2"},
				"up": {"uv": [6, 7.25, 11, 8], "rotation": 90, "texture": "#2"},
				"down": {"uv": [5, 9, 12, 10.75], "texture": "#2"}
			}
		},
		{
			"from": [10, 17.5, 6.125],
			"to": [11.5, 19.875, 9.875],
			"rotation": {"angle": 45, "axis": "z", "origin": [11, 19.5, 8]},
			"faces": {
				"north": {"uv": [7, 7, 5, 10.75], "texture": "#2"},
				"east": {"uv": [12, 7, 5, 10.75], "texture": "#2"},
				"south": {"uv": [12, 7, 10, 10.75], "texture": "#2"},
				"west": {"uv": [14, 7.25, 13, 9], "texture": "#2"},
				"up": {"uv": [6, 8, 11, 7.25], "rotation": 90, "texture": "#2"},
				"down": {"uv": [12, 9, 5, 10.75], "texture": "#2"}
			}
		},
		{
			"from": [4, 19.25, 6.625],
			"to": [6.125, 19.75, 9.375],
			"rotation": {"angle": -22.5, "axis": "z", "origin": [6.125, 18.75, 8]},
			"faces": {
				"north": {"uv": [6, 7.25, 7, 10], "rotation": 90, "texture": "#2"},
				"south": {"uv": [10, 7, 11, 9.75], "rotation": 270, "texture": "#2"},
				"west": {"uv": [6, 9, 11, 9.75], "rotation": 90, "texture": "#2"},
				"up": {"uv": [6, 7.25, 11, 10], "rotation": 90, "texture": "#2"},
				"down": {"uv": [13, 7.25, 14, 9], "rotation": 90, "texture": "#2"}
			}
		},
		{
			"from": [9.875, 19.25, 6.625],
			"to": [12, 19.75, 9.375],
			"rotation": {"angle": 22.5, "axis": "z", "origin": [9.875, 18.75, 8]},
			"faces": {
				"north": {"uv": [6, 10, 7, 7.25], "rotation": 90, "texture": "#2"},
				"east": {"uv": [6, 9.75, 11, 9], "rotation": 90, "texture": "#2"},
				"south": {"uv": [10, 9.75, 11, 7], "rotation": 270, "texture": "#2"},
				"up": {"uv": [6, 10, 11, 7.25], "rotation": 90, "texture": "#2"},
				"down": {"uv": [13, 9, 14, 7.25], "rotation": 90, "texture": "#2"}
			}
		},
		{
			"from": [2.5, 14.625, 1.5],
			"to": [4.5, 16.875, 7],
			"rotation": {"angle": -45, "axis": "y", "origin": [2.5, 16.5, 6]},
			"faces": {
				"north": {"uv": [13, 5.75, 14, 6.75], "rotation": 180, "texture": "#0"},
				"east": {"uv": [13, 8.75, 14, 10.25], "rotation": 270, "texture": "#0"},
				"south": {"uv": [11.5, 5.75, 12.5, 6.75], "texture": "#0"},
				"west": {"uv": [10, 8.75, 11, 10.25], "rotation": 90, "texture": "#0"},
				"up": {"uv": [14.5, 8.75, 15.5, 10.25], "rotation": 180, "texture": "#0"},
				"down": {"uv": [11.5, 8.75, 12.5, 10.25], "texture": "#0"}
			}
		},
		{
			"from": [11.5, 14.625, 1.5],
			"to": [13.5, 16.875, 7],
			"rotation": {"angle": 45, "axis": "y", "origin": [13.5, 16.5, 6]},
			"faces": {
				"north": {"uv": [14, 5.75, 13, 6.75], "rotation": 180, "texture": "#0"},
				"east": {"uv": [10, 10.25, 11, 8.75], "rotation": 90, "texture": "#0"},
				"south": {"uv": [12.5, 5.75, 11.5, 6.75], "texture": "#0"},
				"west": {"uv": [13, 10.25, 14, 8.75], "rotation": 270, "texture": "#0"},
				"up": {"uv": [15.5, 8.75, 14.5, 10.25], "rotation": 180, "texture": "#0"},
				"down": {"uv": [12.5, 8.75, 11.5, 10.25], "texture": "#0"}
			}
		},
		{
			"from": [5, 11.5, 6.5],
			"to": [11, 19.5, 9.5],
			"rotation": {"angle": 0, "axis": "y", "origin": [13, 16.5, 14.5]},
			"faces": {
				"north": {"uv": [2, 7.25, 4, 10.25], "texture": "#0"},
				"east": {"uv": [0.5, 7.25, 1.5, 10.25], "texture": "#0"},
				"south": {"uv": [4.5, 7.25, 6.5, 10.25], "texture": "#0"},
				"west": {"uv": [7, 7.25, 8, 10.25], "texture": "#0"},
				"down": {"uv": [4.5, 5.75, 6.5, 6.75], "rotation": 270, "texture": "#0"}
			}
		},
		{
			"from": [11, 8.5, 6.5],
			"to": [11.5, 13, 9.5],
			"rotation": {"angle": 0, "axis": "y", "origin": [13, 16.5, 14.5]},
			"faces": {
				"north": {"uv": [4, 4, 5, 10], "texture": "#2"},
				"east": {"uv": [4, 4, 9, 10], "texture": "#2"},
				"south": {"uv": [7, 4, 8, 10], "texture": "#2"},
				"west": {"uv": [4, 4, 9, 10], "texture": "#2"},
				"down": {"uv": [4, 9, 9, 10], "texture": "#2"}
			}
		},
		{
			"from": [4.5, 8.5, 6.5],
			"to": [5, 13, 9.5],
			"rotation": {"angle": 0, "axis": "y", "origin": [3, 16.5, 14.5]},
			"faces": {
				"north": {"uv": [5, 4, 4, 10], "texture": "#2"},
				"east": {"uv": [9, 4, 4, 10], "texture": "#2"},
				"south": {"uv": [8, 4, 7, 10], "texture": "#2"},
				"west": {"uv": [9, 4, 4, 10], "texture": "#2"},
				"down": {"uv": [9, 9, 4, 10], "texture": "#2"}
			}
		},
		{
			"from": [11, 13, 6.5],
			"to": [11.5, 14.3125, 9.5],
			"rotation": {"angle": 22.5, "axis": "z", "origin": [11.5, 13, 8]},
			"faces": {
				"north": {"uv": [4, 2, 5, 5], "texture": "#2"},
				"east": {"uv": [4, 2, 5, 5], "texture": "#2"},
				"south": {"uv": [4, 2, 5, 5], "texture": "#2"}
			}
		},
		{
			"from": [4.5, 13, 6.5],
			"to": [5, 14.3125, 9.5],
			"rotation": {"angle": -22.5, "axis": "z", "origin": [4.5, 13, 8]},
			"faces": {
				"north": {"uv": [5, 2, 4, 5], "texture": "#2"},
				"south": {"uv": [5, 2, 4, 5], "texture": "#2"},
				"west": {"uv": [5, 2, 4, 5], "texture": "#2"}
			}
		},
		{
			"from": [9.5, 8.5, 6],
			"to": [11, 14.25, 6.5],
			"rotation": {"angle": 0, "axis": "y", "origin": [12.5, 16.5, 14]},
			"faces": {
				"north": {"uv": [4, 2, 6, 10], "texture": "#2"},
				"east": {"uv": [4, 2, 5, 10], "texture": "#2"},
				"south": {"uv": [4, 2, 6, 10], "texture": "#2"},
				"west": {"uv": [7, 2, 8, 10], "texture": "#2"},
				"up": {"uv": [4, 4, 9, 5], "texture": "#2"},
				"down": {"uv": [4, 9, 9, 10], "texture": "#2"}
			}
		},
		{
			"from": [5, 8.5, 6],
			"to": [6.5, 14.25, 6.5],
			"rotation": {"angle": 0, "axis": "y", "origin": [3.5, 16.5, 14]},
			"faces": {
				"north": {"uv": [6, 2, 4, 10], "texture": "#2"},
				"east": {"uv": [8, 2, 7, 10], "texture": "#2"},
				"south": {"uv": [6, 2, 4, 10], "texture": "#2"},
				"west": {"uv": [5, 2, 4, 10], "texture": "#2"},
				"up": {"uv": [9, 4, 4, 5], "texture": "#2"},
				"down": {"uv": [9, 9, 4, 10], "texture": "#2"}
			}
		},
		{
			"from": [9.5, 8.5, 9.5],
			"to": [11, 14.25, 10],
			"rotation": {"angle": 0, "axis": "y", "origin": [12.5, 16.5, 17.5]},
			"faces": {
				"north": {"uv": [4, 2, 6, 10], "texture": "#2"},
				"east": {"uv": [4, 2, 5, 10], "texture": "#2"},
				"south": {"uv": [4, 2, 6, 10], "texture": "#2"},
				"west": {"uv": [7, 2, 8, 10], "texture": "#2"},
				"up": {"uv": [4, 4, 9, 5], "texture": "#2"},
				"down": {"uv": [4, 9, 9, 10], "texture": "#2"}
			}
		},
		{
			"from": [5, 8.5, 9.5],
			"to": [6.5, 14.25, 10],
			"rotation": {"angle": 0, "axis": "y", "origin": [3.5, 16.5, 17.5]},
			"faces": {
				"north": {"uv": [6, 2, 4, 10], "texture": "#2"},
				"east": {"uv": [8, 2, 7, 10], "texture": "#2"},
				"south": {"uv": [6, 2, 4, 10], "texture": "#2"},
				"west": {"uv": [5, 2, 4, 10], "texture": "#2"},
				"up": {"uv": [9, 4, 4, 5], "texture": "#2"},
				"down": {"uv": [9, 9, 4, 10], "texture": "#2"}
			}
		},
		{
			"from": [5.5, 19.5, 5.5],
			"to": [10.5, 24.5, 10.5],
			"rotation": {"angle": 0, "axis": "y", "origin": [13, 22, 14.5]},
			"faces": {
				"north": {"uv": [3, 3, 5, 5], "texture": "#0"},
				"east": {"uv": [0.5, 3, 2.5, 5], "texture": "#0"},
				"south": {"uv": [8, 3, 10, 5], "texture": "#0"},
				"west": {"uv": [5.5, 3, 7.5, 5], "texture": "#0"},
				"up": {"uv": [3, 0.5, 5, 2.5], "texture": "#0"},
				"down": {"uv": [5.5, 0.5, 7.5, 2.5], "texture": "#0"}
			}
		},
		{
			"from": [7.5, 24.5, 5.5],
			"to": [8.5, 25, 10.5],
			"rotation": {"angle": 0, "axis": "y", "origin": [13, 22, 14.5]},
			"faces": {
				"north": {"uv": [4.75, 3, 5, 3.25], "texture": "#0"},
				"east": {"uv": [5.5, 3, 7.5, 3.25], "texture": "#0"},
				"south": {"uv": [4.75, 3, 5, 3.25], "texture": "#0"},
				"west": {"uv": [5.5, 3, 7.5, 3.25], "texture": "#0"},
				"up": {"uv": [5.5, 3, 7.5, 3.25], "rotation": 90, "texture": "#0"}
			}
		},
		{
			"from": [7.5, 19.5, 10.5],
			"to": [8.5, 24.5, 11],
			"rotation": {"angle": 0, "axis": "x", "origin": [8, 24.5, 11]},
			"faces": {
				"east": {"uv": [5.5, 3, 7.5, 3.25], "rotation": 90, "texture": "#0"},
				"south": {"uv": [5.5, 3, 7.5, 3.25], "rotation": 90, "texture": "#0"},
				"west": {"uv": [5.5, 3, 7.5, 3.25], "rotation": 90, "texture": "#0"},
				"up": {"uv": [4.75, 3, 5, 3.25], "texture": "#0"},
				"down": {"uv": [4.75, 3, 5, 3.25], "rotation": 180, "texture": "#0"}
			}
		},
		{
			"from": [7.5, 23, 5],
			"to": [8.5, 24.5, 7.5],
			"rotation": {"angle": 0, "axis": "x", "origin": [8, 24.5, 5]},
			"faces": {
				"north": {"uv": [5.5, 3, 6.5, 3.25], "rotation": 90, "texture": "#0"},
				"east": {"uv": [5.5, 3, 6.5, 3.25], "rotation": 90, "texture": "#0"},
				"west": {"uv": [5.5, 3, 6.5, 3.25], "rotation": 90, "texture": "#0"},
				"up": {"uv": [4.75, 3, 5, 3.25], "rotation": 180, "texture": "#0"},
				"down": {"uv": [6.75, 3, 7, 3.25], "texture": "#0"}
			}
		},
		{
			"from": [8.125, 3, 6.75],
			"to": [10.875, 11.5, 9.25],
			"rotation": {"angle": 0, "axis": "y", "origin": [13, 9, 15.125]},
			"faces": {
				"north": {"uv": [2, 12.5, 3, 15.5], "texture": "#0"},
				"east": {"uv": [0.5, 12.5, 1.5, 15.5], "texture": "#0"},
				"south": {"uv": [3.5, 12.5, 4.5, 15.5], "texture": "#0"},
				"west": {"uv": [5, 12.5, 6, 15.5], "texture": "#0"}
			}
		},
		{
			"from": [5.125, 3, 6.75],
			"to": [7.875, 11.5, 9.25],
			"rotation": {"angle": 0, "axis": "y", "origin": [3.125, 9, 15.125]},
			"faces": {
				"north": {"uv": [3, 12.5, 2, 15.5], "texture": "#0"},
				"east": {"uv": [6, 12.5, 5, 15.5], "texture": "#0"},
				"south": {"uv": [4.5, 12.5, 3.5, 15.5], "texture": "#0"},
				"west": {"uv": [1.5, 12.5, 0.5, 15.5], "texture": "#0"}
			}
		}
	],
	"display": {
		"head": {
			"translation": [0, -20, 0],
			"scale": [3, 3, 3]
		}
	}
}