{
  "file_name": "torso",
  "texture_size": [
    128,
    128
  ],
  "textures": {
    "layer0": "modelengine:entity/vamp"
  },
  "elements": [
    {
      "name": "torso_0",
      "from": [
        5.629999,
        1.4519308,
        5.72468
      ],
      "to": [
        10.43,
        5.7719307,
        6.20468
      ],
      "rotation": {
        "angle": -22.5,
        "axis": "x",
        "origin": [
          7.55,
          12.971931,
          6.20468
        ]
      },
      "faces": {
        "down": {
          "uv": [
            6.875,
            5.75,
            7.875,
            5.875
          ],
          "texture": "#layer0",
          "tintindex": 0
        },
        "east": {
          "uv": [
            3.5,
            7.0,
            3.625,
            7.875
          ],
          "texture": "#layer0",
          "tintindex": 0
        },
        "north": {
          "uv": [
            3.625,
            1.5,
            4.625,
            2.375
          ],
          "texture": "#layer0",
          "tintindex": 0
        },
        "south": {
          "uv": [
            0.0,
            4.375,
            1.0,
            5.25
          ],
          "texture": "#layer0",
          "tintindex": 0
        },
        "up": {
          "uv": [
            6.875,
            8.125,
            5.875,
            8.0
          ],
          "texture": "#layer0",
          "tintindex": 0
        },
        "west": {
          "uv": [
            2.5,
            7.125,
            2.625,
            8.0
          ],
          "texture": "#layer0",
          "tintindex": 0
        }
      }
    },
    {
      "name": "torso_1",
      "from": [
        2.269999,
        10.160002,
        5.12
      ],
      "to": [
        13.79,
        14.000001,
        9.92
      ],
      "rotation": {
        "angle": 0.0,
        "axis": "z",
        "origin": [
          8.0,
          8.0,
          8.0
        ]
      },
      "faces": {
        "down": {
          "uv": [
            0.0,
            1.0,
            2.375,
            2.0
          ],
          "texture": "#layer0",
          "tintindex": 0
        },
        "east": {
          "uv": [
            4.625,
            0.0,
            5.625,
            0.75
          ],
          "texture": "#layer0",
          "tintindex": 0
        },
        "north": {
          "uv": [
            0.0,
            2.0,
            2.375,
            2.75
          ],
          "texture": "#layer0",
          "tintindex": 0
        },
        "south": {
          "uv": [
            2.375,
            2.375,
            4.75,
            3.125
          ],
          "texture": "#layer0",
          "tintindex": 0
        },
        "up": {
          "uv": [
            2.375,
            1.0,
            0.0,
            0.0
          ],
          "texture": "#layer0",
          "tintindex": 0
        },
        "west": {
          "uv": [
            4.625,
            0.75,
            5.625,
            1.5
          ],
          "texture": "#layer0",
          "tintindex": 0
        }
      }
    },
    {
      "name": "torso_2",
      "from": [
        5.15,
        14.0,
        4.16
      ],
      "to": [
        5.63,
        17.36,
        9.92
      ],
      "rotation": {
        "angle": 0.0,
        "axis": "z",
        "origin": [
          8.0,
          8.0,
          8.0
        ]
      },
      "faces": {
        "down": {
          "uv": [
            3.0,
            5.375,
            3.125,
            6.625
          ],
          "texture": "#layer0",
          "tintindex": 0
        },
        "east": {
          "uv": [
            2.375,
            1.625,
            3.625,
            2.375
          ],
          "texture": "#layer0",
          "tintindex": 0
        },
        "north": {
          "uv": [
            7.125,
            1.25,
            7.25,
            2.0
          ],
          "texture": "#layer0",
          "tintindex": 0
        },
        "south": {
          "uv": [
            7.125,
            5.875,
            7.25,
            6.625
          ],
          "texture": "#layer0",
          "tintindex": 0
        },
        "up": {
          "uv": [
            3.0,
            6.625,
            2.875,
            5.375
          ],
          "texture": "#layer0",
          "tintindex": 0
        },
        "west": {
          "uv": [
            2.5,
            3.125,
            3.75,
            3.875
          ],
          "texture": "#layer0",
          "tintindex": 0
        }
      }
    },
    {
      "name": "torso_3",
      "from": [
        10.43,
        14.0,
        4.16
      ],
      "to": [
        10.91,
        17.36,
        9.92
      ],
      "rotation": {
        "angle": 0.0,
        "axis": "z",
        "origin": [
          8.0,
          8.0,
          8.0
        ]
      },
      "faces": {
        "down": {
          "uv": [
            1.875,
            6.875,
            2.0,
            8.125
          ],
          "texture": "#layer0",
          "tintindex": 0
        },
        "east": {
          "uv": [
            3.375,
            0.0,
            4.625,
            0.75
          ],
          "texture": "#layer0",
          "tintindex": 0
        },
        "north": {
          "uv": [
            3.625,
            7.25,
            3.75,
            8.0
          ],
          "texture": "#layer0",
          "tintindex": 0
        },
        "south": {
          "uv": [
            3.75,
            7.25,
            3.875,
            8.0
          ],
          "texture": "#layer0",
          "tintindex": 0
        },
        "up": {
          "uv": [
            1.875,
            8.125,
            1.75,
            6.875
          ],
          "texture": "#layer0",
          "tintindex": 0
        },
        "west": {
          "uv": [
            3.375,
            0.75,
            4.625,
            1.5
          ],
          "texture": "#layer0",
          "tintindex": 0
        }
      }
    },
    {
      "name": "torso_4",
      "from": [
        5.629999,
        14.0,
        9.440001
      ],
      "to": [
        10.43,
        17.36,
        9.92
      ],
      "rotation": {
        "angle": 0.0,
        "axis": "z",
        "origin": [
          8.0,
          8.0,
          8.0
        ]
      },
      "faces": {
        "down": {
          "uv": [
            6.75,
            6.625,
            7.75,
            6.75
          ],
          "texture": "#layer0",
          "tintindex": 0
        },
        "east": {
          "uv": [
            3.875,
            7.25,
            4.0,
            8.0
          ],
          "texture": "#layer0",
          "tintindex": 0
        },
        "north": {
          "uv": [
            4.375,
            4.375,
            5.375,
            5.125
          ],
          "texture": "#layer0",
          "tintindex": 0
        },
        "south": {
          "uv": [
            4.375,
            3.125,
            5.375,
            3.875
          ],
          "texture": "#layer0",
          "tintindex": 0
        },
        "up": {
          "uv": [
            7.75,
            2.125,
            6.75,
            2.0
          ],
          "texture": "#layer0",
          "tintindex": 0
        },
        "west": {
          "uv": [
            4.0,
            7.25,
            4.125,
            8.0
          ],
          "texture": "#layer0",
          "tintindex": 0
        }
      }
    },
    {
      "name": "torso_5",
      "from": [
        5.629999,
        6.3200006,
        5.5999994
      ],
      "to": [
        10.43,
        14.0,
        8.959999
      ],
      "rotation": {
        "angle": 0.0,
        "axis": "z",
        "origin": [
          8.0,
          8.0,
          8.0
        ]
      },
      "faces": {
        "down": {
          "uv": [
            4.75,
            2.25,
            5.75,
            3.0
          ],
          "texture": "#layer0",
          "tintindex": 0
        },
        "east": {
          "uv": [
            1.0,
            2.75,
            1.75,
            4.375
          ],
          "texture": "#layer0",
          "tintindex": 0
        },
        "north": {
          "uv": [
            2.375,
            0.0,
            3.375,
            1.625
          ],
          "texture": "#layer0",
          "tintindex": 0
        },
        "south": {
          "uv": [
            0.0,
            2.75,
            1.0,
            4.375
          ],
          "texture": "#layer0",
          "tintindex": 0
        },
        "up": {
          "uv": [
            5.625,
            2.25,
            4.625,
            1.5
          ],
          "texture": "#layer0",
          "tintindex": 0
        },
        "west": {
          "uv": [
            1.75,
            3.125,
            2.5,
            4.75
          ],
          "texture": "#layer0",
          "tintindex": 0
        }
      }
    },
    {
      "name": "torso_6",
      "from": [
        6.95,
        10.52,
        5.12
      ],
      "to": [
        9.35,
        12.920001,
        5.72
      ],
      "rotation": {
        "angle": -45.0,
        "axis": "z",
        "origin": [
          8.15,
          11.72,
          5.12
        ]
      },
      "faces": {
        "down": {
          "uv": [
            8.375,
            3.125,
            7.875,
            3.25
          ],
          "texture": "#layer0",
          "tintindex": 0
        },
        "east": {
          "uv": [
            7.5,
            4.75,
            7.625,
            5.25
          ],
          "texture": "#layer0",
          "tintindex": 0
        },
        "north": {
          "uv": [
            6.75,
            4.0,
            7.25,
            4.5
          ],
          "texture": "#layer0",
          "tintindex": 0
        },
        "south": {
          "uv": [
            6.75,
            4.5,
            7.25,
            5.0
          ],
          "texture": "#layer0",
          "tintindex": 0
        },
        "up": {
          "uv": [
            7.625,
            5.625,
            8.125,
            5.75
          ],
          "texture": "#layer0",
          "tintindex": 0
        },
        "west": {
          "uv": [
            7.5,
            3.875,
            7.625,
            4.375
          ],
          "texture": "#layer0",
          "tintindex": 0
        }
      }
    },
    {
      "name": "torso_7",
      "from": [
        7.55,
        3.9200003,
        5.5999994
      ],
      "to": [
        8.51,
        6.3200006,
        8.48
      ],
      "rotation": {
        "angle": 0.0,
        "axis": "z",
        "origin": [
          8.0,
          8.0,
          8.0
        ]
      },
      "faces": {
        "down": {
          "uv": [
            4.625,
            7.0,
            4.875,
            7.625
          ],
          "texture": "#layer0",
          "tintindex": 0
        },
        "east": {
          "uv": [
            4.375,
            3.875,
            5.0,
            4.375
          ],
          "texture": "#layer0",
          "tintindex": 0
        },
        "north": {
          "uv": [
            4.875,
            7.0,
            5.125,
            7.5
          ],
          "texture": "#layer0",
          "tintindex": 0
        },
        "south": {
          "uv": [
            5.125,
            7.0,
            5.375,
            7.5
          ],
          "texture": "#layer0",
          "tintindex": 0
        },
        "up": {
          "uv": [
            4.625,
            7.625,
            4.375,
            7.0
          ],
          "texture": "#layer0",
          "tintindex": 0
        },
        "west": {
          "uv": [
            6.125,
            5.125,
            6.75,
            5.625
          ],
          "texture": "#layer0",
          "tintindex": 0
        }
      }
    },
    {
      "name": "torso_8",
      "from": [
        6.59,
        14.0,
        6.08
      ],
      "to": [
        9.470001,
        16.880001,
        8.96
      ],
      "rotation": {
        "angle": 0.0,
        "axis": "z",
        "origin": [
          8.0,
          8.0,
          8.0
        ]
      },
      "faces": {
        "down": {
          "uv": [
            6.125,
            4.5,
            6.75,
            5.125
          ],
          "texture": "#layer0",
          "tintindex": 0
        },
        "east": {
          "uv": [
            6.125,
            6.125,
            6.75,
            6.75
          ],
          "texture": "#layer0",
          "tintindex": 0
        },
        "north": {
          "uv": [
            3.75,
            3.125,
            4.375,
            3.75
          ],
          "texture": "#layer0",
          "tintindex": 0
        },
        "south": {
          "uv": [
            6.125,
            2.625,
            6.75,
            3.25
          ],
          "texture": "#layer0",
          "tintindex": 0
        },
        "up": {
          "uv": [
            6.75,
            4.5,
            6.125,
            3.875
          ],
          "texture": "#layer0",
          "tintindex": 0
        },
        "west": {
          "uv": [
            6.125,
            3.25,
            6.75,
            3.875
          ],
          "texture": "#layer0",
          "tintindex": 0
        }
      }
    }
  ],
  "display": {
    "head": {
      "translation": [
        0.0,
        -6.4,
        0.0
      ],
      "rotation": [
        0.0,
        0.0,
        0.0
      ],
      "scale": [
        3.8095,
        3.8095,
        3.8095
      ]
    },
    "gui": {
      "translation": [
        0.0,
        0.0,
        0.0
      ],
      "rotation": [
        35.0,
        225.0,
        0.0
      ],
      "scale": [
        0.625,
        0.625,
        0.625
      ]
    }
  }
}