{
	"credit": "Made by MadstonMagic, using Cubik Pro & Blockbench",
	"ambientocclusion": false,
	"textures": {
		"particle": "block/cocoa_stage2",
		"cocoa": "block/cocoa_stage2"
	},
	"elements": [
		{
			"from": [4, -5, 7],
			"to": [12, 4, 15],
			"rotation": {"angle": 0, "axis": "y", "origin": [8, 0, 8]},
			"faces": {
				"north": {"uv": [7, 4, 15, 13], "texture": "#cocoa"},
				"east": {"uv": [7, 4, 15, 13], "texture": "#cocoa"},
				"south": {"uv": [7, 4, 15, 13], "texture": "#cocoa"},
				"west": {"uv": [7, 4, 15, 13], "texture": "#cocoa"},
				"up": {"uv": [0, 0, 7, 7], "texture": "#cocoa"},
				"down": {"uv": [0, 0, 7, 7], "texture": "#cocoa"}
			}
		},
		{
			"from": [8, 4, 12],
			"to": [8, 8, 16],
			"rotation": {"angle": 0, "axis": "y", "origin": [8, 0, 8]},
			"faces": {
				"east": {"uv": [16, 0, 12, 4], "texture": "#cocoa"},
				"west": {"uv": [12, 0, 16, 4], "texture": "#cocoa"}
			}
		}
	],
	"display": {
		"thirdperson_righthand": {
			"rotation": [75, 45, 0],
			"translation": [-1.75, 2.5, 3.25],
			"scale": [0.375, 0.375, 0.375]
		},
		"thirdperson_lefthand": {
			"rotation": [75, 45, 0],
			"translation": [-1.75, 2.5, 3.25],
			"scale": [0.375, 0.375, 0.375]
		},
		"firstperson_righthand": {
			"rotation": [0, 45, 0],
			"translation": [-2.25, 5.75, 0],
			"scale": [0.4, 0.4, 0.4]
		},
		"firstperson_lefthand": {
			"rotation": [0, 45, 0],
			"translation": [-2.25, 5.75, 0],
			"scale": [0.4, 0.4, 0.4]
		},
		"head": {
			"translation": [0, -30.2, 0]
		}
	}
}