{
	"credit": "Made by MadstonMagic, using Cubik Pro & Blockbench",
	"ambientocclusion": false,
	"textures": {
		"particle": "block/cocoa_stage0",
		"cocoa": "block/cocoa_stage0"
	},
	"elements": [
		{
			"from": [6, -5, 11],
			"to": [10, 0, 15],
			"rotation": {"angle": 0, "axis": "y", "origin": [8, -4, 8]},
			"faces": {
				"north": {"uv": [11, 4, 15, 9], "texture": "#cocoa"},
				"east": {"uv": [11, 4, 15, 9], "texture": "#cocoa"},
				"south": {"uv": [11, 4, 15, 9], "texture": "#cocoa"},
				"west": {"uv": [11, 4, 15, 9], "texture": "#cocoa"},
				"up": {"uv": [0, 0, 4, 4], "texture": "#cocoa"},
				"down": {"uv": [0, 0, 4, 4], "texture": "#cocoa"}
			}
		},
		{
			"from": [8, 0, 12],
			"to": [8, 4, 16],
			"rotation": {"angle": 0, "axis": "y", "origin": [8, -4, 8]},
			"faces": {
				"east": {"uv": [16, 0, 12, 4], "texture": "#cocoa"},
				"west": {"uv": [12, 0, 16, 4], "texture": "#cocoa"}
			}
		}
	],
	"display": {
		"thirdperson_righthand": {
			"rotation": [75, 45, 0],
			"translation": [-1.75, 2.5, 3.25],
			"scale": [0.375, 0.375, 0.375]
		},
		"thirdperson_lefthand": {
			"rotation": [75, 45, 0],
			"translation": [-1.75, 2.5, 3.25],
			"scale": [0.375, 0.375, 0.375]
		},
		"firstperson_righthand": {
			"rotation": [0, 45, 0],
			"translation": [-2.25, 5.75, 0],
			"scale": [0.4, 0.4, 0.4]
		},
		"firstperson_lefthand": {
			"rotation": [0, 45, 0],
			"translation": [-2.25, 5.75, 0],
			"scale": [0.4, 0.4, 0.4]
		},
		"ground": {
			"translation": [0, 3, 0],
			"scale": [0.25, 0.25, 0.25]
		},
		"gui": {
			"rotation": [30, 225, 0],
			"scale": [0.625, 0.625, 0.625]
		},
		"head": {
			"translation": [0, -30.2, 0]
		},
		"fixed": {
			"scale": [0.5, 0.5, 0.5]
		}
	}
}