{
	"credit": "Made by MadstonMagic, using Cubik Pro & Blockbench",
	"parent": "towers/bee/01_lvl_1",
	"textures": {
		"7": "towers_transparent/allium",
		"8": "towers_transparent/blue_orchid",
		"10": "towers_transparent/poppy",
		"12": "custom_transparent/grass",
		"13": "towers_transparent/oak_log",
		"14": "towers_transparent/oak_log_top",
		"15": "towers_transparent/bee_nest_front_honey",
		"16": "towers_transparent/bee_nest_side",
		"17": "towers_transparent/bee_nest_top",
		"18": "towers_transparent/bee_nest_bottom",
		"19": "towers_transparent/towers/bee_lvl_1"
	}
}