{
	"credit": "Made by MadstonMagic, using Cubik Pro & Blockbench",
	"textures": {
		"10": "item/egg",
		"12": "towers/chicken_lvl_1",
		"planks_oak": "block/oak_planks",
		"concrete_gray": "block/gray_concrete",
		"planks_spruce": "block/spruce_planks",
		"heads": "custom/heads"
	},
	"elements": [
		{
			"from": [-1, -2.5, -2.5],
			"to": [17, 0.5, 18.5],
			"faces": {
				"north": {"uv": [6.0625, 0, 12.0625, 1], "texture": "#12"},
				"east": {"uv": [0, 2.125, 7, 3.125], "texture": "#12"},
				"south": {"uv": [6.0625, 1.0625, 12.0625, 2.0625], "texture": "#12"},
				"west": {"uv": [7, 2.125, 0, 3.125], "texture": "#12"},
				"up": {"uv": [13.0625, 4.6875, 6.0625, 10.6875], "rotation": 90, "texture": "#12"}
			}
		},
		{
			"from": [-2.5, -2.5, -1],
			"to": [18.5, 0.5, 17],
			"faces": {
				"north": {"uv": [7, 2.125, 0, 3.125], "texture": "#12"},
				"east": {"uv": [6.0625, 0, 12.0625, 1], "texture": "#12"},
				"south": {"uv": [0, 2.125, 7, 3.125], "texture": "#12"},
				"west": {"uv": [6.0625, 1.0625, 12.0625, 2.0625], "texture": "#12"},
				"up": {"uv": [13.0625, 4.6875, 6.0625, 10.6875], "rotation": 180, "texture": "#12"}
			}
		},
		{
			"from": [-1, -1.5, -1],
			"to": [17, 1.5, 17],
			"rotation": {"angle": 0, "axis": "y", "origin": [8, 6.5, 8]},
			"faces": {
				"north": {"uv": [6, 1.0625, 0, 2.0625], "texture": "#12"},
				"east": {"uv": [0, 1.0625, 6, 2.0625], "texture": "#12"},
				"south": {"uv": [0, 0, 6, 1], "texture": "#12"},
				"west": {"uv": [6, 0, 0, 1], "texture": "#12"},
				"up": {"uv": [0, 4.6875, 6, 10.6875], "texture": "#12"}
			}
		},
		{
			"from": [-1, 1.5, -1],
			"to": [0, 4.5, 0],
			"rotation": {"angle": 0, "axis": "y", "origin": [7, 6.125, 7]},
			"faces": {
				"north": {"uv": [3.5, 7.5, 4.5, 12], "texture": "#planks_oak"},
				"east": {"uv": [11.5, 7.5, 12.5, 12], "texture": "#planks_oak"},
				"south": {"uv": [5.5, 3.5, 6.5, 8], "texture": "#planks_oak"},
				"west": {"uv": [1, 7.5, 2, 12], "texture": "#planks_oak"},
				"up": {"uv": [15, 15, 16, 16], "texture": "#planks_oak"}
			}
		},
		{
			"from": [-1, 1.5, 16],
			"to": [0, 4.5, 17],
			"rotation": {"angle": 0, "axis": "y", "origin": [7, 6.4375, 9]},
			"faces": {
				"north": {"uv": [1, 11.5, 2, 16], "texture": "#planks_oak"},
				"east": {"uv": [13, 3.5, 14, 8], "texture": "#planks_oak"},
				"south": {"uv": [14, 11.5, 15, 16], "texture": "#planks_oak"},
				"west": {"uv": [6, 7.5, 7, 12], "texture": "#planks_oak"},
				"up": {"uv": [15, 11, 16, 12], "texture": "#planks_oak"}
			}
		},
		{
			"from": [-1, 1.5, 7.5],
			"to": [0, 4.5, 8.5],
			"rotation": {"angle": 0, "axis": "y", "origin": [7, 6.4375, 8]},
			"faces": {
				"north": {"uv": [9.5, 7.5, 10.5, 12], "texture": "#planks_oak"},
				"east": {"uv": [8.5, 11.5, 9.5, 16], "texture": "#planks_oak"},
				"south": {"uv": [6, 11.5, 7, 16], "texture": "#planks_oak"},
				"west": {"uv": [3, 3.5, 4, 8], "texture": "#planks_oak"},
				"up": {"uv": [0.5, 7, 1.5, 8], "texture": "#planks_oak"}
			}
		},
		{
			"from": [16, 1.5, 7.5],
			"to": [17, 4.5, 8.5],
			"rotation": {"angle": 0, "axis": "y", "origin": [9, 6.5, 8]},
			"faces": {
				"north": {"uv": [9.5, 7.5, 10.5, 12], "texture": "#planks_oak"},
				"east": {"uv": [8.5, 11.5, 9.5, 16], "texture": "#planks_oak"},
				"south": {"uv": [6, 11.5, 7, 16], "texture": "#planks_oak"},
				"west": {"uv": [3, 3.5, 4, 8], "texture": "#planks_oak"},
				"up": {"uv": [0.5, 7, 1.5, 8], "texture": "#planks_oak"}
			}
		},
		{
			"from": [16, 1.5, -1],
			"to": [17, 4.5, 0],
			"rotation": {"angle": 0, "axis": "y", "origin": [9, 6.5, 7]},
			"faces": {
				"north": {"uv": [1, 11.5, 2, 16], "texture": "#planks_oak"},
				"east": {"uv": [13, 3.5, 14, 8], "texture": "#planks_oak"},
				"south": {"uv": [14, 11.5, 15, 16], "texture": "#planks_oak"},
				"west": {"uv": [6, 7.5, 7, 12], "texture": "#planks_oak"},
				"up": {"uv": [15, 11, 16, 12], "texture": "#planks_oak"}
			}
		},
		{
			"from": [16, 1.5, 16],
			"to": [17, 4.5, 17],
			"rotation": {"angle": 0, "axis": "y", "origin": [9, 6.5, 9]},
			"faces": {
				"north": {"uv": [3.5, 7.5, 4.5, 12], "texture": "#planks_oak"},
				"east": {"uv": [11.5, 7.5, 12.5, 12], "texture": "#planks_oak"},
				"south": {"uv": [5.5, 3.5, 6.5, 8], "texture": "#planks_oak"},
				"west": {"uv": [1, 7.5, 2, 12], "texture": "#planks_oak"},
				"up": {"uv": [15, 15, 16, 16], "texture": "#planks_oak"}
			}
		},
		{
			"from": [7.5, 1.5, 16],
			"to": [8.5, 4.5, 17],
			"rotation": {"angle": 0, "axis": "y", "origin": [8, 6.5, 9]},
			"faces": {
				"north": {"uv": [1, 11.5, 2, 16], "texture": "#planks_oak"},
				"east": {"uv": [13, 3.5, 14, 8], "texture": "#planks_oak"},
				"south": {"uv": [14, 11.5, 15, 16], "texture": "#planks_oak"},
				"west": {"uv": [6, 7.5, 7, 12], "texture": "#planks_oak"},
				"up": {"uv": [15, 11, 16, 12], "texture": "#planks_oak"}
			}
		},
		{
			"from": [7.5, 1.5, -1],
			"to": [8.5, 4.5, 0],
			"rotation": {"angle": 0, "axis": "y", "origin": [8, 6.5, 7]},
			"faces": {
				"north": {"uv": [9.5, 7.5, 10.5, 12], "texture": "#planks_oak"},
				"east": {"uv": [8.5, 11.5, 9.5, 16], "texture": "#planks_oak"},
				"south": {"uv": [6, 11.5, 7, 16], "texture": "#planks_oak"},
				"west": {"uv": [3, 3.5, 4, 8], "texture": "#planks_oak"},
				"up": {"uv": [0.5, 7, 1.5, 8], "texture": "#planks_oak"}
			}
		},
		{
			"from": [0, 3.5, 16.25],
			"to": [16, 4, 16.75],
			"rotation": {"angle": 0, "axis": "y", "origin": [8, 6.5, 9]},
			"faces": {
				"north": {"uv": [1, 10.5, 15, 11], "texture": "#concrete_gray"},
				"south": {"uv": [1, 10.5, 15, 11], "texture": "#concrete_gray"},
				"up": {"uv": [1, 15.25, 15, 15.75], "texture": "#concrete_gray"},
				"down": {"uv": [1, 15.25, 15, 15.75], "texture": "#concrete_gray"}
			}
		},
		{
			"from": [0, 3.5, -0.75],
			"to": [16, 4, -0.25],
			"rotation": {"angle": 0, "axis": "y", "origin": [8, 6.5, 7]},
			"faces": {
				"north": {"uv": [1, 10.5, 15, 11], "texture": "#concrete_gray"},
				"south": {"uv": [1, 10.5, 15, 11], "texture": "#concrete_gray"},
				"up": {"uv": [1, 0.25, 15, 0.75], "texture": "#concrete_gray"},
				"down": {"uv": [1, 0.25, 15, 0.75], "texture": "#concrete_gray"}
			}
		},
		{
			"from": [0, 2.5, 16.25],
			"to": [16, 3, 16.75],
			"rotation": {"angle": 0, "axis": "y", "origin": [8, 6.5, 9]},
			"faces": {
				"north": {"uv": [1, 11.5, 15, 12], "texture": "#concrete_gray"},
				"south": {"uv": [1, 11.5, 15, 12], "texture": "#concrete_gray"},
				"up": {"uv": [1, 15.25, 15, 15.75], "texture": "#concrete_gray"},
				"down": {"uv": [1, 15.25, 15, 15.75], "texture": "#concrete_gray"}
			}
		},
		{
			"from": [0, 2.5, -0.75],
			"to": [16, 3, -0.25],
			"rotation": {"angle": 0, "axis": "y", "origin": [8, 6.5, 7]},
			"faces": {
				"north": {"uv": [1, 11.5, 15, 12], "texture": "#concrete_gray"},
				"south": {"uv": [1, 11.5, 15, 12], "texture": "#concrete_gray"},
				"up": {"uv": [1, 0.25, 15, 0.75], "texture": "#concrete_gray"},
				"down": {"uv": [1, 0.25, 15, 0.75], "texture": "#concrete_gray"}
			}
		},
		{
			"from": [-0.75, 3.5, 0],
			"to": [-0.25, 4, 16],
			"rotation": {"angle": 0, "axis": "y", "origin": [7, 6.5, 8]},
			"faces": {
				"east": {"uv": [1, 10.5, 15, 11], "texture": "#concrete_gray"},
				"west": {"uv": [1, 10.5, 15, 11], "texture": "#concrete_gray"},
				"up": {"uv": [0.25, 1, 0.75, 15], "texture": "#concrete_gray"},
				"down": {"uv": [0.25, 1, 0.75, 15], "texture": "#concrete_gray"}
			}
		},
		{
			"from": [16.25, 3.5, 0],
			"to": [16.75, 4, 16],
			"rotation": {"angle": 0, "axis": "y", "origin": [9, 6.5, 8]},
			"faces": {
				"east": {"uv": [1, 10.5, 15, 11], "texture": "#concrete_gray"},
				"west": {"uv": [1, 10.5, 15, 11], "texture": "#concrete_gray"},
				"up": {"uv": [15.25, 1, 15.75, 15], "texture": "#concrete_gray"},
				"down": {"uv": [15.25, 1, 15.75, 15], "texture": "#concrete_gray"}
			}
		},
		{
			"from": [-0.75, 2.5, 0],
			"to": [-0.25, 3, 16],
			"rotation": {"angle": 0, "axis": "y", "origin": [7, 6.5, 8]},
			"faces": {
				"east": {"uv": [1, 11.5, 15, 12], "texture": "#concrete_gray"},
				"west": {"uv": [1, 11.5, 15, 12], "texture": "#concrete_gray"},
				"up": {"uv": [0.25, 1, 0.75, 15], "texture": "#concrete_gray"},
				"down": {"uv": [0.25, 1, 0.75, 15], "texture": "#concrete_gray"}
			}
		},
		{
			"from": [16.25, 2.5, 0],
			"to": [16.75, 3, 16],
			"rotation": {"angle": 0, "axis": "y", "origin": [9, 6.5, 8]},
			"faces": {
				"east": {"uv": [1, 11.5, 15, 12], "texture": "#concrete_gray"},
				"west": {"uv": [1, 11.5, 15, 12], "texture": "#concrete_gray"},
				"up": {"uv": [15.25, 1, 15.75, 15], "texture": "#concrete_gray"},
				"down": {"uv": [15.25, 1, 15.75, 15], "texture": "#concrete_gray"}
			}
		},
		{
			"from": [2.75, 4, 2],
			"to": [13.25, 6.5, 7],
			"rotation": {"angle": 0, "axis": "y", "origin": [8, 6.5, 7.5]},
			"faces": {
				"up": {"uv": [0.5, 0, 10.5, 16], "rotation": 90, "texture": "#planks_oak"},
				"down": {"uv": [0.5, 0, 10.5, 16], "rotation": 90, "texture": "#planks_oak"}
			}
		},
		{
			"from": [2, 1.5, 1.5],
			"to": [2.75, 11.5, 7.5],
			"rotation": {"angle": 0, "axis": "y", "origin": [8, 10.5, 8]},
			"faces": {
				"north": {"uv": [0, 11.375, 0.3125, 14.375], "texture": "#12"},
				"east": {"uv": [0, 11.375, 2, 14.375], "texture": "#12"},
				"south": {"uv": [0, 11.375, 0.3125, 14.375], "texture": "#12"},
				"west": {"uv": [0, 11.375, 2, 14.375], "texture": "#12"}
			}
		},
		{
			"from": [7, 1.5, 7],
			"to": [13.25, 8, 7.5],
			"rotation": {"angle": 0, "axis": "y", "origin": [10, 8.5, 1.5]},
			"faces": {
				"north": {"uv": [0, 12.4375, 1.25, 14.375], "texture": "#12"},
				"south": {"uv": [0, 12.4375, 1.25, 14.375], "texture": "#12"},
				"west": {"uv": [0, 12.4375, 0.3125, 14.375], "texture": "#12"},
				"up": {"uv": [0, 12.4375, 2, 12.6875], "texture": "#12"}
			}
		},
		{
			"from": [2.75, 1.5, 1.5],
			"to": [13.25, 8, 2],
			"rotation": {"angle": 0, "axis": "y", "origin": [10, 8.5, -4]},
			"faces": {
				"north": {"uv": [0, 12.4375, 2, 14.375], "texture": "#12"},
				"south": {"uv": [0, 12.4375, 2, 14.375], "texture": "#12"},
				"up": {"uv": [0, 12.4375, 2, 12.6875], "texture": "#12"}
			}
		},
		{
			"from": [2.75, 8, 1.5],
			"to": [8.25, 11.5, 2],
			"rotation": {"angle": 0, "axis": "y", "origin": [10, 11.5, -4]},
			"faces": {
				"north": {"uv": [0, 13.125, 1.5, 14.1875], "texture": "#12"},
				"east": {"uv": [0, 13.125, 0.25, 14.1875], "texture": "#12"},
				"south": {"uv": [0, 13.125, 1.5, 14.1875], "texture": "#12"}
			}
		},
		{
			"from": [7, 8, 7],
			"to": [8.75, 11.5, 7.5],
			"rotation": {"angle": 0, "axis": "y", "origin": [15, 11.5, 1.5]},
			"faces": {
				"north": {"uv": [0, 13.125, 0.625, 14.1875], "texture": "#12"},
				"east": {"uv": [0, 13.125, 0.25, 14.1875], "texture": "#12"},
				"south": {"uv": [0, 13.125, 0.625, 14.1875], "texture": "#12"},
				"west": {"uv": [0, 13.125, 0.25, 14.1875], "texture": "#12"}
			}
		},
		{
			"from": [2.75, 4.5, 7],
			"to": [7, 6.125, 7.5],
			"rotation": {"angle": 0, "axis": "y", "origin": [5.625, 8, 1.5]},
			"faces": {
				"south": {"uv": [7, 9.5, 15.5, 12], "texture": "#planks_oak"}
			}
		},
		{
			"from": [13.25, 1.5, 1.5],
			"to": [14, 11.5, 7.5],
			"rotation": {"angle": 0, "axis": "y", "origin": [8, 10.5, 8]},
			"faces": {
				"north": {"uv": [0, 11.375, 0.3125, 14.375], "texture": "#12"},
				"east": {"uv": [0, 11.375, 2, 14.375], "texture": "#12"},
				"south": {"uv": [0, 11.375, 0.3125, 14.375], "texture": "#12"},
				"west": {"uv": [0, 11.375, 2, 14.375], "texture": "#12"}
			}
		},
		{
			"from": [2.71875, 5.875, 7],
			"to": [7.03125, 6.625, 14.25],
			"rotation": {"angle": 45, "axis": "x", "origin": [3, 6.625, 7]},
			"faces": {
				"north": {"uv": [0.5, 7.5, 1, 12], "rotation": 90, "texture": "#planks_spruce"},
				"east": {"uv": [0.5, 11.5, 15.5, 12], "texture": "#planks_spruce"},
				"west": {"uv": [0.5, 7.5, 15.5, 8], "texture": "#planks_spruce"},
				"up": {"uv": [0.5, 7.5, 15.5, 12], "rotation": 90, "texture": "#planks_spruce"},
				"down": {"uv": [0.5, 7.5, 15.5, 12], "rotation": 270, "texture": "#planks_spruce"}
			}
		},
		{
			"from": [3, 6, 7.03125],
			"to": [6.75, 6.375, 7.53125],
			"rotation": {"angle": 0, "axis": "y", "origin": [8.25, 8.375, 10]},
			"faces": {
				"east": {"uv": [0, 0, 0.5, 0.5], "texture": "#concrete_gray"},
				"south": {"uv": [0, 0, 0.5, 0.5], "texture": "#concrete_gray"},
				"west": {"uv": [0, 0, 0.5, 0.5], "texture": "#concrete_gray"},
				"up": {"uv": [0, 0, 0.5, 0.5], "texture": "#concrete_gray"}
			}
		},
		{
			"from": [3, 4.875, 8],
			"to": [6.75, 5.375, 8.5],
			"rotation": {"angle": 0, "axis": "y", "origin": [8.25, 7.375, 11]},
			"faces": {
				"east": {"uv": [0, 0, 0.5, 0.5], "texture": "#concrete_gray"},
				"south": {"uv": [0, 0, 0.5, 0.5], "texture": "#concrete_gray"},
				"west": {"uv": [0, 0, 0.5, 0.5], "texture": "#concrete_gray"},
				"up": {"uv": [0, 0, 0.5, 0.5], "texture": "#concrete_gray"}
			}
		},
		{
			"from": [3, 3.875, 9],
			"to": [6.75, 4.375, 9.5],
			"rotation": {"angle": 0, "axis": "y", "origin": [8.25, 6.375, 12]},
			"faces": {
				"east": {"uv": [0, 0, 0.5, 0.5], "texture": "#concrete_gray"},
				"south": {"uv": [0, 0, 0.5, 0.5], "texture": "#concrete_gray"},
				"west": {"uv": [0, 0, 0.5, 0.5], "texture": "#concrete_gray"},
				"up": {"uv": [0, 0, 0.5, 0.5], "texture": "#concrete_gray"}
			}
		},
		{
			"from": [3, 2.875, 10],
			"to": [6.75, 3.375, 10.5],
			"rotation": {"angle": 0, "axis": "y", "origin": [8.25, 5.375, 13]},
			"faces": {
				"east": {"uv": [0, 0, 0.5, 0.5], "texture": "#concrete_gray"},
				"south": {"uv": [0, 0, 0.5, 0.5], "texture": "#concrete_gray"},
				"west": {"uv": [0, 0, 0.5, 0.5], "texture": "#concrete_gray"},
				"up": {"uv": [0, 0, 0.5, 0.5], "texture": "#concrete_gray"}
			}
		},
		{
			"from": [3, 1.875, 11],
			"to": [6.75, 2.375, 11.5],
			"rotation": {"angle": 0, "axis": "y", "origin": [8.25, 4.375, 14]},
			"faces": {
				"east": {"uv": [0, 0, 0.5, 0.5], "texture": "#concrete_gray"},
				"south": {"uv": [0, 0, 0.5, 0.5], "texture": "#concrete_gray"},
				"west": {"uv": [0, 0, 0.5, 0.5], "texture": "#concrete_gray"},
				"up": {"uv": [0, 0, 0.5, 0.5], "texture": "#concrete_gray"}
			}
		},
		{
			"from": [2.75, 10.5, 7],
			"to": [7, 11.5, 7.5],
			"rotation": {"angle": 0, "axis": "y", "origin": [3, 10.5, 10.5]},
			"faces": {
				"north": {"uv": [0, 13.0625, 1.625, 13.4375], "texture": "#12"},
				"south": {"uv": [0, 13.0625, 1.625, 13.4375], "texture": "#12"},
				"down": {"uv": [0, 13.1875, 1.625, 13.4375], "texture": "#12"}
			}
		},
		{
			"from": [1, 12.75, 6.375],
			"to": [15, 13.25, 9.375],
			"rotation": {"angle": 45, "axis": "x", "origin": [0.125, 13.25, 6.375]},
			"faces": {
				"east": {"uv": [0, 10.75, 0.0625, 11.3125], "rotation": 90, "texture": "#12"},
				"south": {"uv": [0, 11.25, 2.5, 11.3125], "texture": "#12"},
				"west": {"uv": [0, 10.75, 0.0625, 11.3125], "rotation": 90, "texture": "#12"},
				"up": {"uv": [0, 10.75, 2.5, 11.3125], "texture": "#12"},
				"down": {"uv": [0, 10.75, 2.5, 11.3125], "texture": "#12"}
			}
		},
		{
			"from": [1, 12.75, -0.375],
			"to": [15, 13.25, 2.625],
			"rotation": {"angle": -45, "axis": "x", "origin": [0.125, 13.25, 2.625]},
			"faces": {
				"north": {"uv": [0, 10.75, 2.5, 10.8125], "texture": "#12"},
				"east": {"uv": [0, 10.75, 0.0625, 11.3125], "rotation": 90, "texture": "#12"},
				"west": {"uv": [0, 10.75, 0.0625, 11.3125], "rotation": 90, "texture": "#12"},
				"up": {"uv": [0, 10.75, 2.5, 11.3125], "texture": "#12"},
				"down": {"uv": [0, 10.75, 2.5, 11.3125], "texture": "#12"}
			}
		},
		{
			"from": [1, 12.75, 2.625],
			"to": [15, 13.25, 6.375],
			"rotation": {"angle": 0, "axis": "y", "origin": [8.125, 11.25, 9.625]},
			"faces": {
				"east": {"uv": [0, 10.75, 0.0625, 11.3125], "rotation": 90, "texture": "#12"},
				"west": {"uv": [0, 10.75, 0.0625, 11.3125], "rotation": 90, "texture": "#12"},
				"up": {"uv": [0, 10.75, 2.5, 11.3125], "texture": "#12"},
				"down": {"uv": [0, 10.75, 2.5, 11.3125], "texture": "#12"}
			}
		},
		{
			"from": [2, 11.5, 1.5],
			"to": [14, 13.25, 7.5],
			"rotation": {"angle": 0, "axis": "y", "origin": [8.125, 11.25, 9.625]},
			"faces": {
				"east": {"uv": [2.5625, 10.875, 3.5625, 11.3125], "texture": "#12"},
				"west": {"uv": [2.5625, 10.875, 3.5625, 11.3125], "texture": "#12"},
				"down": {"uv": [0, 10.75, 2.5, 11.3125], "texture": "#12"}
			}
		},
		{
			"from": [15.75, 4.46875, 15.5],
			"to": [18.25, 6.96875, 16],
			"rotation": {"angle": -45, "axis": "y", "origin": [15.75, 4.5, 15.5]},
			"faces": {
				"north": {"uv": [7.5, 8, 11, 11.5], "rotation": 90, "texture": "#planks_spruce"},
				"east": {"uv": [0.5, 11.5, 1, 12], "texture": "#planks_spruce"},
				"south": {"uv": [7.5, 8, 11, 11.5], "rotation": 270, "texture": "#planks_spruce"},
				"west": {"uv": [3, 4.75, 3.5, 5.25], "texture": "#planks_spruce"},
				"up": {"uv": [7.5, 8, 8, 11.5], "rotation": 90, "texture": "#planks_spruce"},
				"down": {"uv": [7.5, 8, 8, 11.5], "rotation": 270, "texture": "#planks_spruce"}
			}
		},
		{
			"from": [16.125, 4.78125, 15.53125],
			"to": [17.875, 6.65625, 16.03125],
			"rotation": {"angle": -45, "axis": "y", "origin": [15.75, 4.5, 15.5]},
			"faces": {
				"east": {"uv": [2.25, 7.75, 1.75, 8.75], "texture": "#heads"},
				"south": {"uv": [0.25, 7.75, 1.25, 8.75], "texture": "#heads"},
				"west": {"uv": [1.75, 7.75, 2.25, 8.75], "texture": "#heads"},
				"up": {"uv": [1.75, 7.75, 2, 8], "rotation": 90, "texture": "#heads"},
				"down": {"uv": [2, 8.5, 2.25, 8.75], "rotation": 90, "texture": "#heads"}
			}
		},
		{
			"from": [16.125, 5.15625, 16.03125],
			"to": [17.875, 5.65625, 16.78125],
			"rotation": {"angle": -45, "axis": "y", "origin": [15.75, 4.5, 15.5]},
			"faces": {
				"east": {"uv": [1, 9.75, 1.5, 10.25], "texture": "#heads"},
				"south": {"uv": [1, 9.75, 1.5, 10.25], "texture": "#heads"},
				"west": {"uv": [1, 9.75, 1.5, 10.25], "texture": "#heads"},
				"up": {"uv": [2, 9.25, 3, 9.75], "texture": "#heads"},
				"down": {"uv": [1, 9.75, 1.5, 10.25], "texture": "#heads"}
			}
		},
		{
			"from": [16.125, 4.53125, 15.53125],
			"to": [16.875, 5.15625, 16.28125],
			"rotation": {"angle": -45, "axis": "y", "origin": [15.25, 4.5, 16]},
			"faces": {
				"east": {"uv": [0.25, 9.25, 0.5, 9.5], "texture": "#heads"},
				"south": {"uv": [0.25, 9.25, 0.5, 9.5], "texture": "#heads"},
				"west": {"uv": [0.25, 9.25, 0.5, 9.5], "texture": "#heads"},
				"down": {"uv": [0.25, 9.25, 0.5, 9.5], "texture": "#heads"}
			}
		},
		{
			"name": "egg",
			"from": [10.31, 1.54, 7.79625],
			"to": [10.87, 1.68, 8.35625],
			"rotation": {"angle": -22.5, "axis": "x", "origin": [10.59, 2.26917, 8.07625]},
			"faces": {
				"north": {"uv": [9, 12, 9.5, 12.5], "texture": "#10"},
				"east": {"uv": [9, 12, 9.5, 12.5], "texture": "#10"},
				"south": {"uv": [9, 12, 9.5, 12.5], "texture": "#10"},
				"west": {"uv": [9, 12, 9.5, 12.5], "texture": "#10"},
				"down": {"uv": [9, 12, 9.5, 12.5], "texture": "#10"}
			}
		},
		{
			"name": "egg",
			"from": [10.17, 1.68, 7.65625],
			"to": [11.01, 1.82, 8.49625],
			"rotation": {"angle": -22.5, "axis": "x", "origin": [10.59, 2.26917, 8.07625]},
			"faces": {
				"north": {"uv": [9, 12, 9.5, 12.5], "texture": "#10"},
				"east": {"uv": [9, 12, 9.5, 12.5], "texture": "#10"},
				"south": {"uv": [9, 12, 9.5, 12.5], "texture": "#10"},
				"west": {"uv": [9, 12, 9.5, 12.5], "texture": "#10"},
				"down": {"uv": [9, 12, 9.5, 12.5], "texture": "#10"}
			}
		},
		{
			"name": "egg",
			"from": [10.17, 1.82, 7.65625],
			"to": [11.01, 2.52, 8.49625],
			"rotation": {"angle": -22.5, "axis": "x", "origin": [10.59, 2.26917, 8.07625]},
			"faces": {
				"north": {"uv": [6.5, 8.5, 7, 9], "texture": "#10"},
				"east": {"uv": [6.5, 8.5, 7, 9], "texture": "#10"},
				"south": {"uv": [6.5, 8.5, 7, 9], "texture": "#10"},
				"west": {"uv": [6.5, 8.5, 7, 9], "texture": "#10"},
				"up": {"uv": [6.5, 8.5, 7, 9], "texture": "#10"}
			}
		},
		{
			"name": "egg",
			"from": [10.24, 2.42625, 7.72625],
			"to": [10.94, 2.73, 8.42625],
			"rotation": {"angle": -22.5, "axis": "x", "origin": [10.59, 2.26917, 8.07625]},
			"faces": {
				"north": {"uv": [6.5, 8.5, 7, 9], "texture": "#10"},
				"east": {"uv": [6.5, 8.5, 7, 9], "texture": "#10"},
				"south": {"uv": [6.5, 8.5, 7, 9], "texture": "#10"},
				"west": {"uv": [6.5, 8.5, 7, 9], "texture": "#10"},
				"up": {"uv": [6.5, 8.5, 7, 9], "texture": "#10"}
			}
		},
		{
			"name": "egg",
			"from": [10.38, 2.66, 7.86625],
			"to": [10.8, 2.87, 8.28625],
			"rotation": {"angle": -22.5, "axis": "x", "origin": [10.59, 2.26917, 8.07625]},
			"faces": {
				"north": {"uv": [6.5, 8.5, 7, 9], "texture": "#10"},
				"east": {"uv": [6.5, 8.5, 7, 9], "texture": "#10"},
				"south": {"uv": [6.5, 8.5, 7, 9], "texture": "#10"},
				"west": {"uv": [6.5, 8.5, 7, 9], "texture": "#10"},
				"up": {"uv": [6.5, 8.5, 7, 9], "texture": "#10"}
			}
		},
		{
			"name": "egg",
			"from": [10.24, 1.82, 7.58625],
			"to": [10.94, 2.31, 8.56625],
			"rotation": {"angle": -22.5, "axis": "x", "origin": [10.59, 2.26917, 8.07625]},
			"faces": {
				"north": {"uv": [6.5, 8.5, 7, 9], "texture": "#10"},
				"east": {"uv": [6.5, 8.5, 7, 9], "texture": "#10"},
				"south": {"uv": [6.5, 8.5, 7, 9], "texture": "#10"},
				"west": {"uv": [6.5, 8.5, 7, 9], "texture": "#10"},
				"up": {"uv": [6.5, 8.5, 7, 9], "texture": "#10"},
				"down": {"uv": [6.5, 8.5, 7, 9], "texture": "#10"}
			}
		},
		{
			"name": "egg",
			"from": [10.1, 1.82781, 7.72625],
			"to": [11.08, 2.31781, 8.42625],
			"rotation": {"angle": -22.5, "axis": "x", "origin": [10.59, 2.26917, 8.07625]},
			"faces": {
				"north": {"uv": [6.5, 8.5, 7, 9], "texture": "#10"},
				"east": {"uv": [6.5, 8.5, 7, 9], "texture": "#10"},
				"south": {"uv": [6.5, 8.5, 7, 9], "texture": "#10"},
				"west": {"uv": [6.5, 8.5, 7, 9], "texture": "#10"},
				"up": {"uv": [6.5, 8.5, 7, 9], "rotation": 90, "texture": "#10"},
				"down": {"uv": [6.5, 8.5, 7, 9], "rotation": 270, "texture": "#10"}
			}
		},
		{
			"name": "egg",
			"from": [4.31, 1.54, 12.79625],
			"to": [4.87, 1.68, 13.35625],
			"rotation": {"angle": -45, "axis": "y", "origin": [4.59, 2.26917, 13.07625]},
			"faces": {
				"north": {"uv": [9, 12, 9.5, 12.5], "texture": "#10"},
				"east": {"uv": [9, 12, 9.5, 12.5], "texture": "#10"},
				"south": {"uv": [9, 12, 9.5, 12.5], "texture": "#10"},
				"west": {"uv": [9, 12, 9.5, 12.5], "texture": "#10"},
				"down": {"uv": [9, 12, 9.5, 12.5], "texture": "#10"}
			}
		},
		{
			"name": "egg",
			"from": [4.17, 1.68, 12.65625],
			"to": [5.01, 1.82, 13.49625],
			"rotation": {"angle": -45, "axis": "y", "origin": [4.59, 2.26917, 13.07625]},
			"faces": {
				"north": {"uv": [9, 12, 9.5, 12.5], "texture": "#10"},
				"east": {"uv": [9, 12, 9.5, 12.5], "texture": "#10"},
				"south": {"uv": [9, 12, 9.5, 12.5], "texture": "#10"},
				"west": {"uv": [9, 12, 9.5, 12.5], "texture": "#10"},
				"down": {"uv": [9, 12, 9.5, 12.5], "texture": "#10"}
			}
		},
		{
			"name": "egg",
			"from": [4.17, 1.82, 12.65625],
			"to": [5.01, 2.52, 13.49625],
			"rotation": {"angle": -45, "axis": "y", "origin": [4.59, 2.26917, 13.07625]},
			"faces": {
				"north": {"uv": [6.5, 8.5, 7, 9], "texture": "#10"},
				"east": {"uv": [6.5, 8.5, 7, 9], "texture": "#10"},
				"south": {"uv": [6.5, 8.5, 7, 9], "texture": "#10"},
				"west": {"uv": [6.5, 8.5, 7, 9], "texture": "#10"},
				"up": {"uv": [6.5, 8.5, 7, 9], "texture": "#10"}
			}
		},
		{
			"name": "egg",
			"from": [4.24, 2.4575, 12.72625],
			"to": [4.94, 2.73, 13.42625],
			"rotation": {"angle": -45, "axis": "y", "origin": [4.59, 2.26917, 13.07625]},
			"faces": {
				"north": {"uv": [6.5, 8.5, 7, 9], "texture": "#10"},
				"east": {"uv": [6.5, 8.5, 7, 9], "texture": "#10"},
				"south": {"uv": [6.5, 8.5, 7, 9], "texture": "#10"},
				"west": {"uv": [6.5, 8.5, 7, 9], "texture": "#10"},
				"up": {"uv": [6.5, 8.5, 7, 9], "texture": "#10"}
			}
		},
		{
			"name": "egg",
			"from": [4.38, 2.66, 12.86625],
			"to": [4.8, 2.87, 13.28625],
			"rotation": {"angle": -45, "axis": "y", "origin": [4.59, 2.26917, 13.07625]},
			"faces": {
				"north": {"uv": [6.5, 8.5, 7, 9], "texture": "#10"},
				"east": {"uv": [6.5, 8.5, 7, 9], "texture": "#10"},
				"south": {"uv": [6.5, 8.5, 7, 9], "texture": "#10"},
				"west": {"uv": [6.5, 8.5, 7, 9], "texture": "#10"},
				"up": {"uv": [6.5, 8.5, 7, 9], "texture": "#10"}
			}
		},
		{
			"name": "egg",
			"from": [4.24, 1.82, 12.58625],
			"to": [4.94, 2.31, 13.56625],
			"rotation": {"angle": -45, "axis": "y", "origin": [4.59, 2.26917, 13.07625]},
			"faces": {
				"north": {"uv": [6.5, 8.5, 7, 9], "texture": "#10"},
				"east": {"uv": [6.5, 8.5, 7, 9], "texture": "#10"},
				"south": {"uv": [6.5, 8.5, 7, 9], "texture": "#10"},
				"west": {"uv": [6.5, 8.5, 7, 9], "texture": "#10"},
				"up": {"uv": [6.5, 8.5, 7, 9], "texture": "#10"},
				"down": {"uv": [6.5, 8.5, 7, 9], "texture": "#10"}
			}
		},
		{
			"name": "egg",
			"from": [4.1, 1.82781, 12.72625],
			"to": [5.08, 2.31781, 13.42625],
			"rotation": {"angle": -45, "axis": "y", "origin": [4.59, 2.26917, 13.07625]},
			"faces": {
				"north": {"uv": [6.5, 8.5, 7, 9], "texture": "#10"},
				"east": {"uv": [6.5, 8.5, 7, 9], "texture": "#10"},
				"south": {"uv": [6.5, 8.5, 7, 9], "texture": "#10"},
				"west": {"uv": [6.5, 8.5, 7, 9], "texture": "#10"},
				"up": {"uv": [6.5, 8.5, 7, 9], "rotation": 90, "texture": "#10"},
				"down": {"uv": [6.5, 8.5, 7, 9], "rotation": 270, "texture": "#10"}
			}
		},
		{
			"name": "egg",
			"from": [3.76, 6.5325, 2.2425],
			"to": [4.32, 6.6725, 2.8025],
			"rotation": {"angle": 45, "axis": "y", "origin": [5.54, 6.88667, 3.2725]},
			"faces": {
				"north": {"uv": [9, 12, 9.5, 12.5], "texture": "#10"},
				"east": {"uv": [9, 12, 9.5, 12.5], "texture": "#10"},
				"south": {"uv": [9, 12, 9.5, 12.5], "texture": "#10"},
				"west": {"uv": [9, 12, 9.5, 12.5], "texture": "#10"},
				"down": {"uv": [9, 12, 9.5, 12.5], "texture": "#10"}
			}
		},
		{
			"name": "egg",
			"from": [3.62, 6.6725, 2.1025],
			"to": [4.46, 6.8125, 2.9425],
			"rotation": {"angle": 45, "axis": "y", "origin": [5.54, 6.88667, 3.2725]},
			"faces": {
				"north": {"uv": [9, 12, 9.5, 12.5], "texture": "#10"},
				"east": {"uv": [9, 12, 9.5, 12.5], "texture": "#10"},
				"south": {"uv": [9, 12, 9.5, 12.5], "texture": "#10"},
				"west": {"uv": [9, 12, 9.5, 12.5], "texture": "#10"},
				"down": {"uv": [9, 12, 9.5, 12.5], "texture": "#10"}
			}
		},
		{
			"name": "egg",
			"from": [3.62, 6.8125, 2.1025],
			"to": [4.46, 7.5125, 2.9425],
			"rotation": {"angle": 45, "axis": "y", "origin": [5.54, 6.88667, 3.2725]},
			"faces": {
				"north": {"uv": [6.5, 8.5, 7, 9], "texture": "#10"},
				"east": {"uv": [6.5, 8.5, 7, 9], "texture": "#10"},
				"south": {"uv": [6.5, 8.5, 7, 9], "texture": "#10"},
				"west": {"uv": [6.5, 8.5, 7, 9], "texture": "#10"},
				"up": {"uv": [6.5, 8.5, 7, 9], "texture": "#10"}
			}
		},
		{
			"name": "egg",
			"from": [3.69, 7.41875, 2.1725],
			"to": [4.39, 7.7225, 2.8725],
			"rotation": {"angle": 45, "axis": "y", "origin": [5.54, 6.88667, 3.2725]},
			"faces": {
				"north": {"uv": [6.5, 8.5, 7, 9], "texture": "#10"},
				"east": {"uv": [6.5, 8.5, 7, 9], "texture": "#10"},
				"south": {"uv": [6.5, 8.5, 7, 9], "texture": "#10"},
				"west": {"uv": [6.5, 8.5, 7, 9], "texture": "#10"},
				"up": {"uv": [6.5, 8.5, 7, 9], "texture": "#10"}
			}
		},
		{
			"name": "egg",
			"from": [3.83, 7.6525, 2.3125],
			"to": [4.25, 7.8625, 2.7325],
			"rotation": {"angle": 45, "axis": "y", "origin": [5.54, 6.88667, 3.2725]},
			"faces": {
				"north": {"uv": [6.5, 8.5, 7, 9], "texture": "#10"},
				"east": {"uv": [6.5, 8.5, 7, 9], "texture": "#10"},
				"south": {"uv": [6.5, 8.5, 7, 9], "texture": "#10"},
				"west": {"uv": [6.5, 8.5, 7, 9], "texture": "#10"},
				"up": {"uv": [6.5, 8.5, 7, 9], "texture": "#10"}
			}
		},
		{
			"name": "egg",
			"from": [3.69, 6.82031, 2.0325],
			"to": [4.39, 7.31031, 3.0125],
			"rotation": {"angle": 45, "axis": "y", "origin": [5.54, 6.88667, 3.2725]},
			"faces": {
				"north": {"uv": [6.5, 8.5, 7, 9], "texture": "#10"},
				"east": {"uv": [6.5, 8.5, 7, 9], "texture": "#10"},
				"south": {"uv": [6.5, 8.5, 7, 9], "texture": "#10"},
				"west": {"uv": [6.5, 8.5, 7, 9], "texture": "#10"},
				"up": {"uv": [6.5, 8.5, 7, 9], "texture": "#10"},
				"down": {"uv": [6.5, 8.5, 7, 9], "texture": "#10"}
			}
		},
		{
			"name": "egg",
			"from": [3.55, 6.8125, 2.1725],
			"to": [4.53, 7.3025, 2.8725],
			"rotation": {"angle": 45, "axis": "y", "origin": [5.54, 6.88667, 3.2725]},
			"faces": {
				"north": {"uv": [6.5, 8.5, 7, 9], "texture": "#10"},
				"east": {"uv": [6.5, 8.5, 7, 9], "texture": "#10"},
				"south": {"uv": [6.5, 8.5, 7, 9], "texture": "#10"},
				"west": {"uv": [6.5, 8.5, 7, 9], "texture": "#10"},
				"up": {"uv": [6.5, 8.5, 7, 9], "rotation": 90, "texture": "#10"},
				"down": {"uv": [6.5, 8.5, 7, 9], "rotation": 270, "texture": "#10"}
			}
		},
		{
			"name": "egg",
			"from": [4.81083, 6.60667, 2.9925],
			"to": [4.95083, 7.16667, 3.5525],
			"rotation": {"angle": 0, "axis": "y", "origin": [5.54, 6.88667, 3.2725]},
			"faces": {
				"north": {"uv": [9, 12, 9.5, 12.5], "rotation": 90, "texture": "#10"},
				"south": {"uv": [9, 12, 9.5, 12.5], "rotation": 90, "texture": "#10"},
				"west": {"uv": [9, 12, 9.5, 12.5], "rotation": 90, "texture": "#10"},
				"up": {"uv": [9, 12, 9.5, 12.5], "rotation": 90, "texture": "#10"},
				"down": {"uv": [9, 12, 9.5, 12.5], "rotation": 90, "texture": "#10"}
			}
		},
		{
			"name": "egg",
			"from": [4.95083, 6.46667, 2.8525],
			"to": [5.09083, 7.30667, 3.6925],
			"rotation": {"angle": 0, "axis": "y", "origin": [5.54, 6.88667, 3.2725]},
			"faces": {
				"north": {"uv": [9, 12, 9.5, 12.5], "rotation": 90, "texture": "#10"},
				"south": {"uv": [9, 12, 9.5, 12.5], "rotation": 90, "texture": "#10"},
				"west": {"uv": [9, 12, 9.5, 12.5], "rotation": 90, "texture": "#10"},
				"up": {"uv": [9, 12, 9.5, 12.5], "rotation": 90, "texture": "#10"}
			}
		},
		{
			"name": "egg",
			"from": [5.09083, 6.46667, 2.8525],
			"to": [5.79083, 7.30667, 3.6925],
			"rotation": {"angle": 0, "axis": "y", "origin": [5.54, 6.88667, 3.2725]},
			"faces": {
				"north": {"uv": [6.5, 8.5, 7, 9], "rotation": 270, "texture": "#10"},
				"east": {"uv": [6.5, 8.5, 7, 9], "rotation": 90, "texture": "#10"},
				"south": {"uv": [6.5, 8.5, 7, 9], "rotation": 90, "texture": "#10"},
				"up": {"uv": [6.5, 8.5, 7, 9], "rotation": 90, "texture": "#10"}
			}
		},
		{
			"name": "egg",
			"from": [5.72833, 6.53667, 2.9225],
			"to": [6.00083, 7.23667, 3.6225],
			"rotation": {"angle": 0, "axis": "y", "origin": [5.54, 6.88667, 3.2725]},
			"faces": {
				"north": {"uv": [6.5, 8.5, 7, 9], "rotation": 270, "texture": "#10"},
				"east": {"uv": [6.5, 8.5, 7, 9], "rotation": 90, "texture": "#10"},
				"south": {"uv": [6.5, 8.5, 7, 9], "rotation": 90, "texture": "#10"},
				"up": {"uv": [6.5, 8.5, 7, 9], "rotation": 90, "texture": "#10"},
				"down": {"uv": [6.5, 8.5, 7, 9], "rotation": 90, "texture": "#10"}
			}
		},
		{
			"name": "egg",
			"from": [5.93083, 6.67667, 3.0625],
			"to": [6.14083, 7.09667, 3.4825],
			"rotation": {"angle": 0, "axis": "y", "origin": [5.54, 6.88667, 3.2725]},
			"faces": {
				"north": {"uv": [6.5, 8.5, 7, 9], "rotation": 270, "texture": "#10"},
				"east": {"uv": [6.5, 8.5, 7, 9], "rotation": 90, "texture": "#10"},
				"south": {"uv": [6.5, 8.5, 7, 9], "rotation": 90, "texture": "#10"},
				"up": {"uv": [6.5, 8.5, 7, 9], "rotation": 90, "texture": "#10"},
				"down": {"uv": [6.5, 8.5, 7, 9], "rotation": 90, "texture": "#10"}
			}
		},
		{
			"name": "egg",
			"from": [5.09864, 6.53667, 2.7825],
			"to": [5.58864, 7.23667, 3.7625],
			"rotation": {"angle": 0, "axis": "y", "origin": [5.54, 6.88667, 3.2725]},
			"faces": {
				"north": {"uv": [6.5, 8.5, 7, 9], "rotation": 270, "texture": "#10"},
				"east": {"uv": [6.5, 8.5, 7, 9], "rotation": 90, "texture": "#10"},
				"south": {"uv": [6.5, 8.5, 7, 9], "rotation": 90, "texture": "#10"},
				"west": {"uv": [6.5, 8.5, 7, 9], "rotation": 90, "texture": "#10"},
				"up": {"uv": [6.5, 8.5, 7, 9], "rotation": 90, "texture": "#10"},
				"down": {"uv": [6.5, 8.5, 7, 9], "rotation": 90, "texture": "#10"}
			}
		},
		{
			"name": "egg",
			"from": [5.09083, 6.39667, 2.9225],
			"to": [5.58083, 7.37667, 3.6225],
			"rotation": {"angle": 0, "axis": "y", "origin": [5.54, 6.88667, 3.2725]},
			"faces": {
				"north": {"uv": [6.5, 8.5, 7, 9], "rotation": 270, "texture": "#10"},
				"east": {"uv": [6.5, 8.5, 7, 9], "rotation": 180, "texture": "#10"},
				"south": {"uv": [6.5, 8.5, 7, 9], "rotation": 90, "texture": "#10"},
				"west": {"uv": [6.5, 8.5, 7, 9], "texture": "#10"},
				"up": {"uv": [6.5, 8.5, 7, 9], "rotation": 90, "texture": "#10"}
			}
		},
		{
			"name": "egg",
			"from": [11.81083, 1.73167, 13.9925],
			"to": [11.95083, 2.29167, 14.5525],
			"rotation": {"angle": 45, "axis": "y", "origin": [12.54, 2.01167, 14.2725]},
			"faces": {
				"north": {"uv": [9, 12, 9.5, 12.5], "rotation": 90, "texture": "#10"},
				"south": {"uv": [9, 12, 9.5, 12.5], "rotation": 90, "texture": "#10"},
				"west": {"uv": [9, 12, 9.5, 12.5], "rotation": 90, "texture": "#10"},
				"up": {"uv": [9, 12, 9.5, 12.5], "rotation": 90, "texture": "#10"},
				"down": {"uv": [9, 12, 9.5, 12.5], "rotation": 90, "texture": "#10"}
			}
		},
		{
			"name": "egg",
			"from": [11.95083, 1.59167, 13.8525],
			"to": [12.09083, 2.43167, 14.6925],
			"rotation": {"angle": 45, "axis": "y", "origin": [12.54, 2.01167, 14.2725]},
			"faces": {
				"north": {"uv": [9, 12, 9.5, 12.5], "rotation": 90, "texture": "#10"},
				"south": {"uv": [9, 12, 9.5, 12.5], "rotation": 90, "texture": "#10"},
				"west": {"uv": [9, 12, 9.5, 12.5], "rotation": 90, "texture": "#10"},
				"up": {"uv": [9, 12, 9.5, 12.5], "rotation": 90, "texture": "#10"},
				"down": {"uv": [9, 12, 9.5, 12.5], "rotation": 90, "texture": "#10"}
			}
		},
		{
			"name": "egg",
			"from": [12.09083, 1.59167, 13.8525],
			"to": [12.79083, 2.43167, 14.6925],
			"rotation": {"angle": 45, "axis": "y", "origin": [12.54, 2.01167, 14.2725]},
			"faces": {
				"north": {"uv": [6.5, 8.5, 7, 9], "rotation": 270, "texture": "#10"},
				"east": {"uv": [6.5, 8.5, 7, 9], "rotation": 90, "texture": "#10"},
				"south": {"uv": [6.5, 8.5, 7, 9], "rotation": 90, "texture": "#10"},
				"up": {"uv": [6.5, 8.5, 7, 9], "rotation": 90, "texture": "#10"},
				"down": {"uv": [6.5, 8.5, 7, 9], "rotation": 90, "texture": "#10"}
			}
		},
		{
			"name": "egg",
			"from": [12.75958, 1.66167, 13.9225],
			"to": [13.00083, 2.36167, 14.6225],
			"rotation": {"angle": 45, "axis": "y", "origin": [12.54, 2.01167, 14.2725]},
			"faces": {
				"north": {"uv": [6.5, 8.5, 7, 9], "rotation": 270, "texture": "#10"},
				"east": {"uv": [6.5, 8.5, 7, 9], "rotation": 90, "texture": "#10"},
				"south": {"uv": [6.5, 8.5, 7, 9], "rotation": 90, "texture": "#10"},
				"up": {"uv": [6.5, 8.5, 7, 9], "rotation": 90, "texture": "#10"},
				"down": {"uv": [6.5, 8.5, 7, 9], "rotation": 90, "texture": "#10"}
			}
		},
		{
			"name": "egg",
			"from": [12.93083, 1.80167, 14.0625],
			"to": [13.14083, 2.22167, 14.4825],
			"rotation": {"angle": 45, "axis": "y", "origin": [12.54, 2.01167, 14.2725]},
			"faces": {
				"north": {"uv": [6.5, 8.5, 7, 9], "rotation": 270, "texture": "#10"},
				"east": {"uv": [6.5, 8.5, 7, 9], "rotation": 90, "texture": "#10"},
				"south": {"uv": [6.5, 8.5, 7, 9], "rotation": 90, "texture": "#10"},
				"up": {"uv": [6.5, 8.5, 7, 9], "rotation": 90, "texture": "#10"},
				"down": {"uv": [6.5, 8.5, 7, 9], "rotation": 90, "texture": "#10"}
			}
		},
		{
			"name": "egg",
			"from": [12.09083, 1.66167, 13.7825],
			"to": [12.58083, 2.36167, 14.7625],
			"rotation": {"angle": 45, "axis": "y", "origin": [12.54, 2.01167, 14.2725]},
			"faces": {
				"north": {"uv": [6.5, 8.5, 7, 9], "rotation": 270, "texture": "#10"},
				"east": {"uv": [6.5, 8.5, 7, 9], "rotation": 90, "texture": "#10"},
				"south": {"uv": [6.5, 8.5, 7, 9], "rotation": 90, "texture": "#10"},
				"west": {"uv": [6.5, 8.5, 7, 9], "rotation": 90, "texture": "#10"},
				"up": {"uv": [6.5, 8.5, 7, 9], "rotation": 90, "texture": "#10"},
				"down": {"uv": [6.5, 8.5, 7, 9], "rotation": 90, "texture": "#10"}
			}
		},
		{
			"name": "egg",
			"from": [12.09083, 1.52167, 13.9225],
			"to": [12.58083, 2.50167, 14.6225],
			"rotation": {"angle": 45, "axis": "y", "origin": [12.54, 2.01167, 14.2725]},
			"faces": {
				"north": {"uv": [6.5, 8.5, 7, 9], "rotation": 270, "texture": "#10"},
				"east": {"uv": [6.5, 8.5, 7, 9], "rotation": 180, "texture": "#10"},
				"south": {"uv": [6.5, 8.5, 7, 9], "rotation": 90, "texture": "#10"},
				"west": {"uv": [6.5, 8.5, 7, 9], "texture": "#10"},
				"up": {"uv": [6.5, 8.5, 7, 9], "rotation": 90, "texture": "#10"},
				"down": {"uv": [6.5, 8.5, 7, 9], "rotation": 90, "texture": "#10"}
			}
		}
	],
	"display": {
		"thirdperson_righthand": {
			"rotation": [75, -145, 0],
			"translation": [0, 2.5, 0],
			"scale": [0.375, 0.375, 0.375]
		},
		"gui": {
			"rotation": [30, -45, 0],
			"translation": [0, 2.75, 0],
			"scale": [0.5, 0.5, 0.5]
		},
		"head": {
			"rotation": [0, -180, 0],
			"translation": [0, -38, 0],
			"scale": [4, 4, 4]
		}
	},
	"groups": [0, 1, 2, 3, 4, 5, 6, 7, 8, 9, 10, 11, 12, 13, 14, 15, 16, 17, 18, 19, 20, 21, 22, 23, 24, 25, 26, 27, 28, 29, 30, 31, 32, 33, 34, 35, 36, 37, 38, 39, 40, 41,
		{
			"name": "group",
			"origin": [1.75, 12.75, 8.25],
			"children": [
				{
					"name": "egg",
					"origin": [1.75, 12.75, 8.25],
					"children": [42, 43, 44, 45, 46, 47, 48]
				},
				{
					"name": "egg",
					"origin": [1.75, 12.75, 8.25],
					"children": [49, 50, 51, 52, 53, 54, 55]
				},
				{
					"name": "egg",
					"origin": [1.75, 12.75, 8.25],
					"children": [56, 57, 58, 59, 60, 61, 62]
				},
				{
					"name": "egg",
					"origin": [1.75, 12.75, 8.25],
					"children": [63, 64, 65, 66, 67, 68, 69]
				},
				{
					"name": "egg",
					"origin": [1.75, 12.75, 8.25],
					"children": [70, 71, 72, 73, 74, 75, 76]
				}
			]
		}
	]
}