{
	"credit": "Made by MadstonMagic, using Cubik Pro & Blockbench",
	"textures": {
		"9": "towers/chicken_lvl_2",
		"10": "item/egg",
		"13": "block/spruce_log",
		"14": "block/dark_oak_planks",
		"16": "block/oak_planks",
		"17": "towers/chicken_lvl_1",
		"particle": "towers/chicken_lvl_2",
		"concrete_gray": "block/gray_concrete",
		"heads": "custom/heads"
	},
	"elements": [
		{
			"from": [16.875, -2.5, 16.875],
			"to": [17.875, 5, 17.875],
			"rotation": {"angle": 0, "axis": "y", "origin": [7.77796, 3.22742, 7.72743]},
			"faces": {
				"north": {"uv": [1.5, 0, 2.5, 16], "texture": "#14"},
				"east": {"uv": [11, 0, 12, 16], "texture": "#14"},
				"south": {"uv": [9, 0, 10, 16], "texture": "#14"},
				"west": {"uv": [4.5, 0, 5.5, 16], "texture": "#14"},
				"up": {"uv": [15, 15, 16, 16], "texture": "#14"}
			}
		},
		{
			"from": [11.75, 5.5, 15.75],
			"to": [12.75, 9.5, 16.75],
			"rotation": {"angle": 0, "axis": "y", "origin": [2.65296, 9.72742, 6.60243]},
			"faces": {
				"east": {"uv": [11, 0, 12, 16], "texture": "#16"},
				"south": {"uv": [9, 0, 10, 16], "texture": "#16"},
				"west": {"uv": [4.5, 0, 5.5, 16], "texture": "#16"},
				"down": {"uv": [0, 3.5, 1, 4.5], "texture": "#16"}
			}
		},
		{
			"from": [-0.75, 5.5, 11.75],
			"to": [0.25, 9.5, 12.75],
			"rotation": {"angle": 0, "axis": "y", "origin": [8, 7.5, 8]},
			"faces": {
				"north": {"uv": [4.5, 0, 5.5, 16], "texture": "#16"},
				"south": {"uv": [11, 0, 12, 16], "texture": "#16"},
				"west": {"uv": [9, 0, 10, 16], "texture": "#16"},
				"down": {"uv": [0, 3.5, 1, 4.5], "rotation": 270, "texture": "#16"}
			}
		},
		{
			"from": [11.75, 5.5, -0.75],
			"to": [12.75, 9.5, 0.25],
			"rotation": {"angle": 0, "axis": "y", "origin": [2.65296, 9.72742, -9.89757]},
			"faces": {
				"north": {"uv": [1.5, 0, 2.5, 16], "texture": "#16"},
				"east": {"uv": [11, 0, 12, 16], "texture": "#16"},
				"west": {"uv": [4.5, 0, 5.5, 16], "texture": "#16"},
				"down": {"uv": [0, 3.5, 1, 4.5], "texture": "#16"}
			}
		},
		{
			"from": [15.75, 5.5, 11.75],
			"to": [16.75, 9.5, 12.75],
			"rotation": {"angle": 0, "axis": "y", "origin": [8, 7.5, 8]},
			"faces": {
				"north": {"uv": [4.5, 0, 5.5, 16], "texture": "#16"},
				"east": {"uv": [1.5, 0, 2.5, 16], "texture": "#16"},
				"south": {"uv": [11, 0, 12, 16], "texture": "#16"},
				"down": {"uv": [0, 3.5, 1, 4.5], "rotation": 270, "texture": "#16"}
			}
		},
		{
			"from": [3.25, 5.5, 15.75],
			"to": [4.25, 9.5, 16.75],
			"rotation": {"angle": 0, "axis": "y", "origin": [-5.84704, 9.72742, 6.60243]},
			"faces": {
				"east": {"uv": [11, 0, 12, 16], "texture": "#16"},
				"south": {"uv": [9, 0, 10, 16], "texture": "#16"},
				"west": {"uv": [4.5, 0, 5.5, 16], "texture": "#16"},
				"down": {"uv": [0, 3.5, 1, 4.5], "texture": "#16"}
			}
		},
		{
			"from": [-0.75, 5.5, 3.25],
			"to": [0.25, 9.5, 4.25],
			"rotation": {"angle": 0, "axis": "y", "origin": [8, 7.5, 8]},
			"faces": {
				"north": {"uv": [4.5, 0, 5.5, 16], "texture": "#16"},
				"south": {"uv": [11, 0, 12, 16], "texture": "#16"},
				"west": {"uv": [9, 0, 10, 16], "texture": "#16"},
				"down": {"uv": [0, 3.5, 1, 4.5], "rotation": 270, "texture": "#16"}
			}
		},
		{
			"from": [3.25, 5.5, -0.75],
			"to": [4.25, 9.5, 0.25],
			"rotation": {"angle": 0, "axis": "y", "origin": [-5.84704, 9.72742, -9.89757]},
			"faces": {
				"north": {"uv": [1.5, 0, 2.5, 16], "texture": "#16"},
				"east": {"uv": [11, 0, 12, 16], "texture": "#16"},
				"west": {"uv": [4.5, 0, 5.5, 16], "texture": "#16"},
				"down": {"uv": [0, 3.5, 1, 4.5], "texture": "#16"}
			}
		},
		{
			"from": [15.75, 5.5, 3.25],
			"to": [16.75, 9.5, 4.25],
			"rotation": {"angle": 0, "axis": "y", "origin": [8, 7.5, 8]},
			"faces": {
				"north": {"uv": [4.5, 0, 5.5, 16], "texture": "#16"},
				"east": {"uv": [1.5, 0, 2.5, 16], "texture": "#16"},
				"south": {"uv": [11, 0, 12, 16], "texture": "#16"},
				"down": {"uv": [0, 3.5, 1, 4.5], "rotation": 270, "texture": "#16"}
			}
		},
		{
			"from": [16.875, -2.5, -1.875],
			"to": [17.875, 5, -0.875],
			"rotation": {"angle": 0, "axis": "y", "origin": [7.77796, 3.22742, 7.97743]},
			"faces": {
				"north": {"uv": [10, 0, 9, 16], "texture": "#14"},
				"east": {"uv": [12, 0, 11, 16], "texture": "#14"},
				"south": {"uv": [2.5, 0, 1.5, 16], "texture": "#14"},
				"west": {"uv": [5.5, 0, 4.5, 16], "texture": "#14"},
				"up": {"uv": [15, 16, 16, 15], "texture": "#14"}
			}
		},
		{
			"from": [-1.875, -2.5, 16.875],
			"to": [-0.875, 5, 17.875],
			"rotation": {"angle": 0, "axis": "y", "origin": [8.02796, 3.22742, 7.72743]},
			"faces": {
				"north": {"uv": [2.5, 0, 1.5, 16], "texture": "#14"},
				"east": {"uv": [5.5, 0, 4.5, 16], "texture": "#14"},
				"south": {"uv": [10, 0, 9, 16], "texture": "#14"},
				"west": {"uv": [12, 0, 11, 16], "texture": "#14"},
				"up": {"uv": [16, 15, 15, 16], "texture": "#14"}
			}
		},
		{
			"from": [-1.875, -2.5, -1.875],
			"to": [-0.875, 5, -0.875],
			"rotation": {"angle": 0, "axis": "y", "origin": [8.02796, 3.22742, 7.97743]},
			"faces": {
				"north": {"uv": [9, 0, 10, 16], "texture": "#14"},
				"east": {"uv": [4.5, 0, 5.5, 16], "texture": "#14"},
				"south": {"uv": [1.5, 0, 2.5, 16], "texture": "#14"},
				"west": {"uv": [11, 0, 12, 16], "texture": "#14"},
				"up": {"uv": [16, 16, 15, 15], "texture": "#14"}
			}
		},
		{
			"from": [-1, 3.5, 17.25],
			"to": [17, 4, 17.75],
			"rotation": {"angle": 0, "axis": "y", "origin": [7.90296, 3.22742, 7.85243]},
			"faces": {
				"north": {"uv": [1, 10.5, 15, 11], "texture": "#concrete_gray"},
				"south": {"uv": [1, 10.5, 15, 11], "texture": "#concrete_gray"},
				"up": {"uv": [1, 15.25, 15, 15.75], "texture": "#concrete_gray"},
				"down": {"uv": [1, 15.25, 15, 15.75], "texture": "#concrete_gray"}
			}
		},
		{
			"from": [-1, 3.5, -1.75],
			"to": [17, 4, -1.25],
			"rotation": {"angle": 0, "axis": "y", "origin": [7.90296, 3.22742, 7.85243]},
			"faces": {
				"north": {"uv": [1, 10.5, 15, 11], "texture": "#concrete_gray"},
				"south": {"uv": [1, 10.5, 15, 11], "texture": "#concrete_gray"},
				"up": {"uv": [1, 15.25, 15, 15.75], "texture": "#concrete_gray"},
				"down": {"uv": [1, 15.25, 15, 15.75], "texture": "#concrete_gray"}
			}
		},
		{
			"from": [-1, 2, 17.25],
			"to": [17, 2.5, 17.75],
			"rotation": {"angle": 0, "axis": "y", "origin": [7.90296, 3.22742, 7.85243]},
			"faces": {
				"north": {"uv": [1, 11.5, 15, 12], "texture": "#concrete_gray"},
				"south": {"uv": [1, 11.5, 15, 12], "texture": "#concrete_gray"},
				"up": {"uv": [1, 15.25, 15, 15.75], "texture": "#concrete_gray"},
				"down": {"uv": [1, 15.25, 15, 15.75], "texture": "#concrete_gray"}
			}
		},
		{
			"from": [-1, 2, -1.75],
			"to": [17, 2.5, -1.25],
			"rotation": {"angle": 0, "axis": "y", "origin": [7.90296, 3.22742, 7.85243]},
			"faces": {
				"north": {"uv": [1, 11.5, 15, 12], "texture": "#concrete_gray"},
				"south": {"uv": [1, 11.5, 15, 12], "texture": "#concrete_gray"},
				"up": {"uv": [1, 15.25, 15, 15.75], "texture": "#concrete_gray"},
				"down": {"uv": [1, 15.25, 15, 15.75], "texture": "#concrete_gray"}
			}
		},
		{
			"from": [17.25, 3.5, -1],
			"to": [17.75, 4, 17],
			"rotation": {"angle": 0, "axis": "y", "origin": [7.90296, 3.22742, 7.85243]},
			"faces": {
				"east": {"uv": [1, 10.5, 15, 11], "texture": "#concrete_gray"},
				"west": {"uv": [1, 10.5, 15, 11], "texture": "#concrete_gray"},
				"up": {"uv": [15.25, 1, 15.75, 15], "texture": "#concrete_gray"},
				"down": {"uv": [15.25, 1, 15.75, 15], "texture": "#concrete_gray"}
			}
		},
		{
			"from": [-1.75, 3.5, -1],
			"to": [-1.25, 4, 17],
			"rotation": {"angle": 0, "axis": "y", "origin": [7.90296, 3.22742, 7.85243]},
			"faces": {
				"east": {"uv": [1, 10.5, 15, 11], "texture": "#concrete_gray"},
				"west": {"uv": [1, 10.5, 15, 11], "texture": "#concrete_gray"},
				"up": {"uv": [15.25, 1, 15.75, 15], "texture": "#concrete_gray"},
				"down": {"uv": [15.25, 1, 15.75, 15], "texture": "#concrete_gray"}
			}
		},
		{
			"from": [17.25, 2, -1],
			"to": [17.75, 2.5, 17],
			"rotation": {"angle": 0, "axis": "y", "origin": [7.90296, 3.22742, 7.85243]},
			"faces": {
				"east": {"uv": [1, 11.5, 15, 12], "texture": "#concrete_gray"},
				"west": {"uv": [1, 11.5, 15, 12], "texture": "#concrete_gray"},
				"up": {"uv": [15.25, 1, 15.75, 15], "texture": "#concrete_gray"},
				"down": {"uv": [15.25, 1, 15.75, 15], "texture": "#concrete_gray"}
			}
		},
		{
			"from": [-1.75, 2, -1],
			"to": [-1.25, 2.5, 17],
			"rotation": {"angle": 0, "axis": "y", "origin": [7.90296, 3.22742, 7.85243]},
			"faces": {
				"east": {"uv": [1, 11.5, 15, 12], "texture": "#concrete_gray"},
				"west": {"uv": [1, 11.5, 15, 12], "texture": "#concrete_gray"},
				"up": {"uv": [15.25, 1, 15.75, 15], "texture": "#concrete_gray"},
				"down": {"uv": [15.25, 1, 15.75, 15], "texture": "#concrete_gray"}
			}
		},
		{
			"from": [0, 1.5, 14.5],
			"to": [1.5, 13.5, 16],
			"rotation": {"angle": 0, "axis": "y", "origin": [5.90296, -0.77258, 12.85243]},
			"faces": {
				"north": {"uv": [11.6875, 13, 11.9375, 16], "texture": "#9"},
				"east": {"uv": [11.375, 13, 11.625, 16], "texture": "#9"},
				"south": {"uv": [11.375, 13, 11.625, 16], "texture": "#9"},
				"west": {"uv": [11.6875, 13, 11.9375, 16], "texture": "#9"}
			}
		},
		{
			"from": [0, 1.5, 0],
			"to": [1.5, 13.5, 1.5],
			"rotation": {"angle": 0, "axis": "y", "origin": [5.90296, -0.77258, -1.64757]},
			"faces": {
				"north": {"uv": [11.6875, 13, 11.9375, 16], "texture": "#9"},
				"east": {"uv": [11.375, 13, 11.625, 16], "texture": "#9"},
				"south": {"uv": [11.375, 13, 11.625, 16], "texture": "#9"},
				"west": {"uv": [11.6875, 13, 11.9375, 16], "texture": "#9"}
			}
		},
		{
			"from": [14.5, 1.5, 14.5],
			"to": [16, 13.5, 16],
			"rotation": {"angle": 0, "axis": "y", "origin": [20.40296, -0.77258, 12.85243]},
			"faces": {
				"north": {"uv": [11.6875, 13, 11.9375, 16], "texture": "#9"},
				"east": {"uv": [11.375, 13, 11.625, 16], "texture": "#9"},
				"south": {"uv": [11.375, 13, 11.625, 16], "texture": "#9"},
				"west": {"uv": [11.6875, 13, 11.9375, 16], "texture": "#9"}
			}
		},
		{
			"from": [14.5, 1.5, 0],
			"to": [16, 13.5, 1.5],
			"rotation": {"angle": 0, "axis": "y", "origin": [20.40296, -0.77258, -1.64757]},
			"faces": {
				"north": {"uv": [11.6875, 13, 11.9375, 16], "texture": "#9"},
				"east": {"uv": [11.375, 13, 11.625, 16], "texture": "#9"},
				"south": {"uv": [11.375, 13, 11.625, 16], "texture": "#9"},
				"west": {"uv": [11.6875, 13, 11.9375, 16], "texture": "#9"}
			}
		},
		{
			"from": [-1.5, 17.625, -1.625],
			"to": [17.5, 19.125, 17.375],
			"rotation": {"angle": 0, "axis": "z", "origin": [14, 17.375, 17.875]},
			"faces": {
				"north": {"uv": [6.6875, 11, 11.3125, 11.3125], "texture": "#9"},
				"east": {"uv": [6.6875, 11, 11.3125, 11.3125], "texture": "#9"},
				"south": {"uv": [6.6875, 11, 11.3125, 11.3125], "texture": "#9"},
				"west": {"uv": [6.6875, 11, 11.3125, 11.3125], "texture": "#9"},
				"up": {"uv": [6.6875, 11.375, 11.3125, 16], "rotation": 90, "texture": "#9"},
				"down": {"uv": [6.6875, 11.375, 11.3125, 16], "rotation": 90, "texture": "#9"}
			}
		},
		{
			"from": [0, 13.5, 0],
			"to": [16, 16, 16],
			"rotation": {"angle": 0, "axis": "y", "origin": [-1.40954, 5.22742, -0.72743]},
			"faces": {
				"north": {"uv": [11, 8.125, 16, 8.875], "texture": "#9"},
				"east": {"uv": [11, 8.125, 16, 8.875], "texture": "#9"},
				"south": {"uv": [11, 8.125, 16, 8.875], "texture": "#9"},
				"west": {"uv": [11, 8.125, 16, 8.875], "texture": "#9"},
				"down": {"uv": [16, 2.8125, 11, 7.8125], "rotation": 90, "texture": "#9"}
			}
		},
		{
			"from": [-0.75, 16, -0.75],
			"to": [16.75, 18.5, 16.75],
			"rotation": {"angle": 0, "axis": "y", "origin": [-1.15954, 7.72742, -1.47743]},
			"faces": {
				"north": {"uv": [11, 8.375, 16, 8.875], "texture": "#9"},
				"east": {"uv": [11, 8.375, 16, 8.875], "texture": "#9"},
				"south": {"uv": [11, 8.375, 16, 8.875], "texture": "#9"},
				"west": {"uv": [11, 8.375, 16, 8.875], "texture": "#9"},
				"down": {"uv": [16, 2.8125, 11, 7.8125], "rotation": 90, "texture": "#9"}
			}
		},
		{
			"from": [0.25, 1.5, 0.25],
			"to": [15.75, 13.5, 15.75],
			"rotation": {"angle": 0, "axis": "y", "origin": [8, 7.5, 7.99461]},
			"faces": {
				"north": {"uv": [12, 13, 16, 16], "texture": "#9"},
				"east": {"uv": [12, 13, 16, 16], "texture": "#9"},
				"south": {"uv": [12, 13, 16, 16], "texture": "#9"},
				"west": {"uv": [12, 13, 16, 16], "texture": "#9"}
			}
		},
		{
			"from": [2.76197, 9.5, -3.25539],
			"to": [13.26197, 10, 0.24461],
			"rotation": {"angle": 0, "axis": "y", "origin": [8.01197, 9.75, 7.99461]},
			"faces": {
				"north": {"uv": [0, 3.5, 16, 8], "texture": "#14"},
				"east": {"uv": [0, 3.5, 16, 8], "texture": "#14"},
				"west": {"uv": [0, 7.5, 16, 12], "texture": "#14"},
				"up": {"uv": [0, 0, 16, 16], "rotation": 90, "texture": "#14"},
				"down": {"uv": [0, 0, 16, 16], "rotation": 270, "texture": "#14"}
			}
		},
		{
			"from": [15.76197, 9.5, 2.74461],
			"to": [19.26197, 10, 13.24461],
			"rotation": {"angle": 0, "axis": "y", "origin": [18.40954, -2.27258, 8.02257]},
			"faces": {
				"north": {"uv": [0, 3.5, 16, 8], "texture": "#14"},
				"east": {"uv": [0, 11.5, 16, 16], "texture": "#14"},
				"south": {"uv": [0, 7.5, 16, 12], "texture": "#14"},
				"up": {"uv": [0, 0, 16, 16], "texture": "#14"},
				"down": {"uv": [0, 0, 16, 16], "texture": "#14"}
			}
		},
		{
			"from": [2.76197, 9.5, 15.74461],
			"to": [13.26197, 10, 19.24461],
			"rotation": {"angle": 0, "axis": "y", "origin": [8.01197, 9.75, 7.99461]},
			"faces": {
				"east": {"uv": [0, 3.5, 16, 8], "texture": "#14"},
				"south": {"uv": [0, 11.5, 16, 16], "texture": "#14"},
				"west": {"uv": [0, 7.5, 16, 12], "texture": "#14"},
				"up": {"uv": [0, 0, 16, 16], "rotation": 90, "texture": "#14"},
				"down": {"uv": [0, 0, 16, 16], "rotation": 270, "texture": "#14"}
			}
		},
		{
			"from": [-3.23803, 9.5, 2.74461],
			"to": [0.26197, 10, 13.24461],
			"rotation": {"angle": 0, "axis": "y", "origin": [-0.59046, -2.27258, 8.02257]},
			"faces": {
				"north": {"uv": [0, 3.5, 16, 8], "texture": "#14"},
				"south": {"uv": [0, 7.5, 16, 12], "texture": "#14"},
				"west": {"uv": [0, 11.5, 16, 16], "texture": "#14"},
				"up": {"uv": [0, 0, 16, 16], "texture": "#14"},
				"down": {"uv": [0, 0, 16, 16], "texture": "#14"}
			}
		},
		{
			"from": [6.75, 13.3, 15.625],
			"to": [9.25, 15.8, 16.625],
			"rotation": {"angle": 22.5, "axis": "x", "origin": [8, 14.25313, 16.52344]},
			"faces": {
				"east": {"uv": [3, 4.75, 3.5, 5.25], "texture": "#16"},
				"south": {"uv": [7.5, 8, 11, 11.5], "rotation": 270, "texture": "#16"},
				"west": {"uv": [3, 4.75, 3.5, 5.25], "texture": "#16"},
				"up": {"uv": [7.5, 8, 8, 11.5], "rotation": 90, "texture": "#16"},
				"down": {"uv": [7.5, 8, 8, 11.5], "rotation": 270, "texture": "#16"}
			}
		},
		{
			"from": [7.125, 13.6125, 16.15625],
			"to": [8.875, 15.4875, 16.65625],
			"rotation": {"angle": 22.5, "axis": "x", "origin": [8, 14.25313, 16.52344]},
			"faces": {
				"east": {"uv": [2.25, 7.75, 1.75, 8.75], "texture": "#heads"},
				"south": {"uv": [0.25, 7.75, 1.25, 8.75], "texture": "#heads"},
				"west": {"uv": [1.75, 7.75, 2.25, 8.75], "texture": "#heads"},
				"up": {"uv": [1.75, 7.75, 2, 8], "rotation": 90, "texture": "#heads"},
				"down": {"uv": [2, 8.5, 2.25, 8.75], "rotation": 90, "texture": "#heads"}
			}
		},
		{
			"from": [7.125, 13.9875, 16.65625],
			"to": [8.875, 14.4875, 17.40625],
			"rotation": {"angle": 22.5, "axis": "x", "origin": [8, 14.25313, 16.52344]},
			"faces": {
				"east": {"uv": [1, 9.75, 1.5, 10.25], "texture": "#heads"},
				"south": {"uv": [1, 9.75, 1.5, 10.25], "texture": "#heads"},
				"west": {"uv": [1, 9.75, 1.5, 10.25], "texture": "#heads"},
				"up": {"uv": [2, 9.25, 3, 9.75], "texture": "#heads"},
				"down": {"uv": [1, 9.75, 1.5, 10.25], "texture": "#heads"}
			}
		},
		{
			"from": [7.625, 13.3625, 16.15625],
			"to": [8.375, 13.9875, 16.90625],
			"rotation": {"angle": 22.5, "axis": "x", "origin": [8, 14.25313, 16.52344]},
			"faces": {
				"east": {"uv": [0.25, 9.25, 0.5, 9.5], "texture": "#heads"},
				"south": {"uv": [0.25, 9.25, 0.5, 9.5], "texture": "#heads"},
				"west": {"uv": [0.25, 9.25, 0.5, 9.5], "texture": "#heads"},
				"down": {"uv": [0.25, 9.25, 0.5, 9.5], "texture": "#heads"}
			}
		},
		{
			"name": "egg",
			"from": [10.058, 19.59263, 7.39299],
			"to": [12.1944, 20.66083, 8.91899],
			"rotation": {"angle": 0, "axis": "y", "origin": [11.32699, 20.06203, 3.29905]},
			"faces": {
				"north": {"uv": [6.5, 8.5, 7, 9], "texture": "#10"},
				"east": {"uv": [6.5, 8.5, 7, 9], "texture": "#10"},
				"south": {"uv": [6.5, 8.5, 7, 9], "texture": "#10"},
				"west": {"uv": [6.5, 8.5, 7, 9], "texture": "#10"},
				"up": {"uv": [6.5, 8.5, 7, 9], "rotation": 90, "texture": "#10"},
				"down": {"uv": [6.5, 8.5, 7, 9], "rotation": 270, "texture": "#10"}
			}
		},
		{
			"name": "egg",
			"from": [10.3632, 19.60044, 7.08779],
			"to": [11.8892, 20.66864, 9.22419],
			"rotation": {"angle": 0, "axis": "y", "origin": [11.32699, 20.06984, 3.29905]},
			"faces": {
				"north": {"uv": [6.5, 8.5, 7, 9], "texture": "#10"},
				"east": {"uv": [6.5, 8.5, 7, 9], "texture": "#10"},
				"south": {"uv": [6.5, 8.5, 7, 9], "texture": "#10"},
				"west": {"uv": [6.5, 8.5, 7, 9], "texture": "#10"},
				"up": {"uv": [6.5, 8.5, 7, 9], "rotation": 180, "texture": "#10"},
				"down": {"uv": [6.5, 8.5, 7, 9], "rotation": 180, "texture": "#10"}
			}
		},
		{
			"name": "egg",
			"from": [10.2106, 19.60044, 7.24039],
			"to": [12.0418, 21.12644, 9.07159],
			"rotation": {"angle": 0, "axis": "y", "origin": [11.32699, 20.06984, 3.29905]},
			"faces": {
				"north": {"uv": [6.5, 8.5, 7, 9], "texture": "#10"},
				"east": {"uv": [6.5, 8.5, 7, 9], "texture": "#10"},
				"south": {"uv": [6.5, 8.5, 7, 9], "texture": "#10"},
				"west": {"uv": [6.5, 8.5, 7, 9], "texture": "#10"},
				"up": {"uv": [6.5, 8.5, 7, 9], "rotation": 90, "texture": "#10"}
			}
		},
		{
			"name": "egg",
			"from": [10.3632, 21.00144, 7.39299],
			"to": [11.8892, 21.58424, 8.91899],
			"rotation": {"angle": 0, "axis": "y", "origin": [11.32699, 20.06984, 3.29905]},
			"faces": {
				"north": {"uv": [6.5, 8.5, 7, 9], "texture": "#10"},
				"east": {"uv": [6.5, 8.5, 7, 9], "texture": "#10"},
				"south": {"uv": [6.5, 8.5, 7, 9], "texture": "#10"},
				"west": {"uv": [6.5, 8.5, 7, 9], "texture": "#10"},
				"up": {"uv": [6.5, 8.5, 7, 9], "rotation": 90, "texture": "#10"}
			}
		},
		{
			"name": "egg",
			"from": [10.6684, 21.43164, 7.69819],
			"to": [11.584, 21.88944, 8.61379],
			"rotation": {"angle": 0, "axis": "y", "origin": [11.32699, 20.06984, 3.29905]},
			"faces": {
				"north": {"uv": [6.5, 8.5, 7, 9], "texture": "#10"},
				"east": {"uv": [6.5, 8.5, 7, 9], "texture": "#10"},
				"south": {"uv": [6.5, 8.5, 7, 9], "texture": "#10"},
				"west": {"uv": [6.5, 8.5, 7, 9], "texture": "#10"},
				"up": {"uv": [6.5, 8.5, 7, 9], "rotation": 90, "texture": "#10"}
			}
		},
		{
			"name": "egg",
			"from": [12.60759, 19.30684, 4.73085],
			"to": [13.67579, 20.83284, 6.86725],
			"rotation": {"angle": 22.5, "axis": "y", "origin": [13.32699, 20.06984, 5.79905]},
			"faces": {
				"north": {"uv": [6.5, 8.5, 7, 9], "rotation": 270, "texture": "#10"},
				"east": {"uv": [6.5, 8.5, 7, 9], "rotation": 270, "texture": "#10"},
				"south": {"uv": [6.5, 8.5, 7, 9], "rotation": 90, "texture": "#10"},
				"west": {"uv": [6.5, 8.5, 7, 9], "rotation": 270, "texture": "#10"},
				"up": {"uv": [6.5, 8.5, 7, 9], "rotation": 90, "texture": "#10"},
				"down": {"uv": [6.5, 8.5, 7, 9], "rotation": 90, "texture": "#10"}
			}
		},
		{
			"name": "egg",
			"from": [12.60759, 19.00164, 5.03605],
			"to": [13.67579, 21.13804, 6.56205],
			"rotation": {"angle": 22.5, "axis": "y", "origin": [13.32699, 20.06984, 5.79905]},
			"faces": {
				"north": {"uv": [6.5, 8.5, 7, 9], "rotation": 270, "texture": "#10"},
				"east": {"uv": [6.5, 8.5, 7, 9], "texture": "#10"},
				"south": {"uv": [6.5, 8.5, 7, 9], "rotation": 90, "texture": "#10"},
				"west": {"uv": [6.5, 8.5, 7, 9], "rotation": 180, "texture": "#10"},
				"up": {"uv": [6.5, 8.5, 7, 9], "rotation": 90, "texture": "#10"},
				"down": {"uv": [6.5, 8.5, 7, 9], "rotation": 90, "texture": "#10"}
			}
		},
		{
			"name": "egg",
			"from": [12.60759, 19.15424, 4.88345],
			"to": [14.13359, 20.98544, 6.71465],
			"rotation": {"angle": 22.5, "axis": "y", "origin": [13.32699, 20.06984, 5.79905]},
			"faces": {
				"north": {"uv": [6.5, 8.5, 7, 9], "rotation": 270, "texture": "#10"},
				"east": {"uv": [6.5, 8.5, 7, 9], "rotation": 270, "texture": "#10"},
				"south": {"uv": [6.5, 8.5, 7, 9], "rotation": 90, "texture": "#10"},
				"up": {"uv": [6.5, 8.5, 7, 9], "rotation": 90, "texture": "#10"},
				"down": {"uv": [6.5, 8.5, 7, 9], "rotation": 90, "texture": "#10"}
			}
		},
		{
			"name": "egg",
			"from": [12.30239, 19.15424, 4.88345],
			"to": [12.60759, 20.98544, 6.71465],
			"rotation": {"angle": 22.5, "axis": "y", "origin": [13.32699, 20.06984, 5.79905]},
			"faces": {
				"north": {"uv": [9, 12, 9.5, 12.5], "rotation": 270, "texture": "#10"},
				"south": {"uv": [9, 12, 9.5, 12.5], "rotation": 270, "texture": "#10"},
				"west": {"uv": [9, 12, 9.5, 12.5], "rotation": 270, "texture": "#10"},
				"up": {"uv": [9, 12, 9.5, 12.5], "rotation": 270, "texture": "#10"},
				"down": {"uv": [9, 12, 9.5, 12.5], "rotation": 270, "texture": "#10"}
			}
		},
		{
			"name": "egg",
			"from": [11.99719, 19.45944, 5.18865],
			"to": [12.30239, 20.68024, 6.40945],
			"rotation": {"angle": 22.5, "axis": "y", "origin": [13.32699, 20.06984, 5.79905]},
			"faces": {
				"north": {"uv": [9, 12, 9.5, 12.5], "rotation": 270, "texture": "#10"},
				"south": {"uv": [9, 12, 9.5, 12.5], "rotation": 270, "texture": "#10"},
				"west": {"uv": [9, 12, 9.5, 12.5], "rotation": 270, "texture": "#10"},
				"up": {"uv": [9, 12, 9.5, 12.5], "rotation": 270, "texture": "#10"},
				"down": {"uv": [9, 12, 9.5, 12.5], "rotation": 270, "texture": "#10"}
			}
		},
		{
			"name": "egg",
			"from": [14.00859, 19.30684, 5.03605],
			"to": [14.59139, 20.83284, 6.56205],
			"rotation": {"angle": 22.5, "axis": "y", "origin": [13.32699, 20.06984, 5.79905]},
			"faces": {
				"north": {"uv": [6.5, 8.5, 7, 9], "rotation": 270, "texture": "#10"},
				"east": {"uv": [6.5, 8.5, 7, 9], "rotation": 270, "texture": "#10"},
				"south": {"uv": [6.5, 8.5, 7, 9], "rotation": 90, "texture": "#10"},
				"up": {"uv": [6.5, 8.5, 7, 9], "rotation": 90, "texture": "#10"},
				"down": {"uv": [6.5, 8.5, 7, 9], "rotation": 90, "texture": "#10"}
			}
		},
		{
			"name": "egg",
			"from": [10.2106, 19.29524, 7.24039],
			"to": [12.0418, 19.60044, 9.07159],
			"rotation": {"angle": 0, "axis": "y", "origin": [11.32699, 20.06984, 3.29905]},
			"faces": {
				"north": {"uv": [9, 12, 9.5, 12.5], "texture": "#10"},
				"east": {"uv": [9, 12, 9.5, 12.5], "texture": "#10"},
				"south": {"uv": [9, 12, 9.5, 12.5], "texture": "#10"},
				"west": {"uv": [9, 12, 9.5, 12.5], "texture": "#10"},
				"down": {"uv": [9, 12, 9.5, 12.5], "texture": "#10"}
			}
		},
		{
			"name": "egg",
			"from": [10.5158, 18.99004, 7.54559],
			"to": [11.7366, 19.29524, 8.76639],
			"rotation": {"angle": 0, "axis": "y", "origin": [11.32699, 20.06984, 3.29905]},
			"faces": {
				"north": {"uv": [9, 12, 9.5, 12.5], "texture": "#10"},
				"east": {"uv": [9, 12, 9.5, 12.5], "texture": "#10"},
				"south": {"uv": [9, 12, 9.5, 12.5], "texture": "#10"},
				"west": {"uv": [9, 12, 9.5, 12.5], "texture": "#10"}
			}
		},
		{
			"name": "egg",
			"from": [14.43879, 19.61204, 5.34125],
			"to": [14.89659, 20.52764, 6.25685],
			"rotation": {"angle": 22.5, "axis": "y", "origin": [13.32699, 20.06984, 5.79905]},
			"faces": {
				"north": {"uv": [6.5, 8.5, 7, 9], "rotation": 270, "texture": "#10"},
				"east": {"uv": [6.5, 8.5, 7, 9], "rotation": 270, "texture": "#10"},
				"south": {"uv": [6.5, 8.5, 7, 9], "rotation": 90, "texture": "#10"},
				"up": {"uv": [6.5, 8.5, 7, 9], "rotation": 90, "texture": "#10"},
				"down": {"uv": [6.5, 8.5, 7, 9], "rotation": 90, "texture": "#10"}
			}
		},
		{
			"name": "egg",
			"from": [3.21659, 19.45944, 2.82365],
			"to": [4.43739, 20.68024, 3.12885],
			"rotation": {"angle": 22.5, "axis": "y", "origin": [9.32699, 20.06984, -2.70095]},
			"faces": {
				"east": {"uv": [9, 12, 9.5, 12.5], "rotation": 90, "texture": "#10"},
				"south": {"uv": [9, 12, 9.5, 12.5], "rotation": 90, "texture": "#10"},
				"west": {"uv": [9, 12, 9.5, 12.5], "rotation": 90, "texture": "#10"},
				"up": {"uv": [9, 12, 9.5, 12.5], "rotation": 90, "texture": "#10"},
				"down": {"uv": [9, 12, 9.5, 12.5], "rotation": 90, "texture": "#10"}
			}
		},
		{
			"name": "egg",
			"from": [3.06399, 19.00164, 1.45806],
			"to": [4.58999, 21.13804, 2.52626],
			"rotation": {"angle": 22.5, "axis": "y", "origin": [9.32699, 20.06984, -2.70095]},
			"faces": {
				"north": {"uv": [6.5, 8.5, 7, 9], "texture": "#10"},
				"east": {"uv": [6.5, 8.5, 7, 9], "rotation": 90, "texture": "#10"},
				"south": {"uv": [6.5, 8.5, 7, 9], "rotation": 180, "texture": "#10"},
				"west": {"uv": [6.5, 8.5, 7, 9], "rotation": 270, "texture": "#10"},
				"up": {"uv": [6.5, 8.5, 7, 9], "texture": "#10"},
				"down": {"uv": [6.5, 8.5, 7, 9], "rotation": 180, "texture": "#10"}
			}
		},
		{
			"name": "egg",
			"from": [2.75879, 19.30684, 1.45025],
			"to": [4.89519, 20.83284, 2.51845],
			"rotation": {"angle": 22.5, "axis": "y", "origin": [9.32699, 20.06984, -2.70095]},
			"faces": {
				"north": {"uv": [6.5, 8.5, 7, 9], "rotation": 270, "texture": "#10"},
				"east": {"uv": [6.5, 8.5, 7, 9], "rotation": 90, "texture": "#10"},
				"south": {"uv": [6.5, 8.5, 7, 9], "rotation": 270, "texture": "#10"},
				"west": {"uv": [6.5, 8.5, 7, 9], "rotation": 270, "texture": "#10"},
				"up": {"uv": [6.5, 8.5, 7, 9], "texture": "#10"},
				"down": {"uv": [6.5, 8.5, 7, 9], "rotation": 180, "texture": "#10"}
			}
		},
		{
			"name": "egg",
			"from": [2.91139, 19.15424, 0.99245],
			"to": [4.74259, 20.98544, 2.51845],
			"rotation": {"angle": 22.5, "axis": "y", "origin": [9.32699, 20.06984, -2.70095]},
			"faces": {
				"north": {"uv": [6.5, 8.5, 7, 9], "rotation": 270, "texture": "#10"},
				"east": {"uv": [6.5, 8.5, 7, 9], "rotation": 90, "texture": "#10"},
				"west": {"uv": [6.5, 8.5, 7, 9], "rotation": 270, "texture": "#10"},
				"up": {"uv": [6.5, 8.5, 7, 9], "texture": "#10"},
				"down": {"uv": [6.5, 8.5, 7, 9], "rotation": 180, "texture": "#10"}
			}
		},
		{
			"name": "egg",
			"from": [2.91139, 19.15424, 2.51845],
			"to": [4.74259, 20.98544, 2.82365],
			"rotation": {"angle": 22.5, "axis": "y", "origin": [9.32699, 20.06984, -2.70095]},
			"faces": {
				"east": {"uv": [9, 12, 9.5, 12.5], "rotation": 90, "texture": "#10"},
				"south": {"uv": [9, 12, 9.5, 12.5], "rotation": 90, "texture": "#10"},
				"west": {"uv": [9, 12, 9.5, 12.5], "rotation": 90, "texture": "#10"},
				"up": {"uv": [9, 12, 9.5, 12.5], "rotation": 90, "texture": "#10"},
				"down": {"uv": [9, 12, 9.5, 12.5], "rotation": 90, "texture": "#10"}
			}
		},
		{
			"name": "egg",
			"from": [6.3632, 19.60044, 7.08779],
			"to": [7.8892, 20.66864, 9.22419],
			"rotation": {"angle": 45, "axis": "y", "origin": [5.04813, 18.71556, 10.37712]},
			"faces": {
				"north": {"uv": [6.5, 8.5, 7, 9], "texture": "#10"},
				"east": {"uv": [6.5, 8.5, 7, 9], "texture": "#10"},
				"south": {"uv": [6.5, 8.5, 7, 9], "texture": "#10"},
				"west": {"uv": [6.5, 8.5, 7, 9], "texture": "#10"},
				"up": {"uv": [6.5, 8.5, 7, 9], "rotation": 180, "texture": "#10"},
				"down": {"uv": [6.5, 8.5, 7, 9], "rotation": 180, "texture": "#10"}
			}
		},
		{
			"name": "egg",
			"from": [6.058, 19.59263, 7.39299],
			"to": [8.1944, 20.66083, 8.91899],
			"rotation": {"angle": 45, "axis": "y", "origin": [5.04813, 18.70775, 10.37712]},
			"faces": {
				"north": {"uv": [6.5, 8.5, 7, 9], "texture": "#10"},
				"east": {"uv": [6.5, 8.5, 7, 9], "texture": "#10"},
				"south": {"uv": [6.5, 8.5, 7, 9], "texture": "#10"},
				"west": {"uv": [6.5, 8.5, 7, 9], "texture": "#10"},
				"up": {"uv": [6.5, 8.5, 7, 9], "rotation": 90, "texture": "#10"},
				"down": {"uv": [6.5, 8.5, 7, 9], "rotation": 270, "texture": "#10"}
			}
		},
		{
			"name": "egg",
			"from": [6.2106, 19.60044, 7.24039],
			"to": [8.0418, 21.12644, 9.07159],
			"rotation": {"angle": 45, "axis": "y", "origin": [5.04813, 18.71556, 10.37712]},
			"faces": {
				"north": {"uv": [6.5, 8.5, 7, 9], "texture": "#10"},
				"east": {"uv": [6.5, 8.5, 7, 9], "texture": "#10"},
				"south": {"uv": [6.5, 8.5, 7, 9], "texture": "#10"},
				"west": {"uv": [6.5, 8.5, 7, 9], "texture": "#10"},
				"up": {"uv": [6.5, 8.5, 7, 9], "rotation": 90, "texture": "#10"}
			}
		},
		{
			"name": "egg",
			"from": [6.3632, 21.00144, 7.39299],
			"to": [7.8892, 21.58424, 8.91899],
			"rotation": {"angle": 45, "axis": "y", "origin": [5.04813, 18.71556, 10.37712]},
			"faces": {
				"north": {"uv": [6.5, 8.5, 7, 9], "texture": "#10"},
				"east": {"uv": [6.5, 8.5, 7, 9], "texture": "#10"},
				"south": {"uv": [6.5, 8.5, 7, 9], "texture": "#10"},
				"west": {"uv": [6.5, 8.5, 7, 9], "texture": "#10"},
				"up": {"uv": [6.5, 8.5, 7, 9], "rotation": 90, "texture": "#10"}
			}
		},
		{
			"name": "egg",
			"from": [6.6684, 21.43164, 7.69819],
			"to": [7.584, 21.88944, 8.61379],
			"rotation": {"angle": 45, "axis": "y", "origin": [5.04813, 18.71556, 10.37712]},
			"faces": {
				"north": {"uv": [6.5, 8.5, 7, 9], "texture": "#10"},
				"east": {"uv": [6.5, 8.5, 7, 9], "texture": "#10"},
				"south": {"uv": [6.5, 8.5, 7, 9], "texture": "#10"},
				"west": {"uv": [6.5, 8.5, 7, 9], "texture": "#10"},
				"up": {"uv": [6.5, 8.5, 7, 9], "rotation": 90, "texture": "#10"}
			}
		},
		{
			"name": "egg",
			"from": [6.2106, 19.29524, 7.24039],
			"to": [8.0418, 19.60044, 9.07159],
			"rotation": {"angle": 45, "axis": "y", "origin": [5.04813, 18.71556, 10.37712]},
			"faces": {
				"north": {"uv": [9, 12, 9.5, 12.5], "texture": "#10"},
				"east": {"uv": [9, 12, 9.5, 12.5], "texture": "#10"},
				"south": {"uv": [9, 12, 9.5, 12.5], "texture": "#10"},
				"west": {"uv": [9, 12, 9.5, 12.5], "texture": "#10"},
				"down": {"uv": [9, 12, 9.5, 12.5], "texture": "#10"}
			}
		},
		{
			"name": "egg",
			"from": [6.5158, 18.99004, 7.54559],
			"to": [7.7366, 19.29524, 8.76639],
			"rotation": {"angle": 45, "axis": "y", "origin": [5.04813, 18.71556, 10.37712]},
			"faces": {
				"north": {"uv": [9, 12, 9.5, 12.5], "texture": "#10"},
				"east": {"uv": [9, 12, 9.5, 12.5], "texture": "#10"},
				"south": {"uv": [9, 12, 9.5, 12.5], "texture": "#10"},
				"west": {"uv": [9, 12, 9.5, 12.5], "texture": "#10"},
				"down": {"uv": [9, 12, 9.5, 12.5], "texture": "#10"}
			}
		},
		{
			"name": "egg",
			"from": [6.058, 21.60044, 14.26799],
			"to": [8.1944, 22.66864, 15.79399],
			"rotation": {"angle": 22.5, "axis": "x", "origin": [7.32699, 22.06984, 10.17405]},
			"faces": {
				"north": {"uv": [6.5, 8.5, 7, 9], "texture": "#10"},
				"east": {"uv": [6.5, 8.5, 7, 9], "texture": "#10"},
				"south": {"uv": [6.5, 8.5, 7, 9], "texture": "#10"},
				"west": {"uv": [6.5, 8.5, 7, 9], "texture": "#10"},
				"up": {"uv": [6.5, 8.5, 7, 9], "rotation": 90, "texture": "#10"},
				"down": {"uv": [6.5, 8.5, 7, 9], "rotation": 270, "texture": "#10"}
			}
		},
		{
			"name": "egg",
			"from": [6.3632, 21.59263, 13.96279],
			"to": [7.8892, 22.66083, 16.09919],
			"rotation": {"angle": 22.5, "axis": "x", "origin": [7.32699, 22.06984, 10.17405]},
			"faces": {
				"north": {"uv": [6.5, 8.5, 7, 9], "texture": "#10"},
				"east": {"uv": [6.5, 8.5, 7, 9], "texture": "#10"},
				"south": {"uv": [6.5, 8.5, 7, 9], "texture": "#10"},
				"west": {"uv": [6.5, 8.5, 7, 9], "texture": "#10"},
				"up": {"uv": [6.5, 8.5, 7, 9], "rotation": 180, "texture": "#10"},
				"down": {"uv": [6.5, 8.5, 7, 9], "rotation": 180, "texture": "#10"}
			}
		},
		{
			"name": "egg",
			"from": [6.2106, 21.60044, 14.11539],
			"to": [8.0418, 23.12644, 15.94659],
			"rotation": {"angle": 22.5, "axis": "x", "origin": [7.32699, 22.06984, 10.17405]},
			"faces": {
				"north": {"uv": [6.5, 8.5, 7, 9], "texture": "#10"},
				"east": {"uv": [6.5, 8.5, 7, 9], "texture": "#10"},
				"south": {"uv": [6.5, 8.5, 7, 9], "texture": "#10"},
				"west": {"uv": [6.5, 8.5, 7, 9], "texture": "#10"},
				"up": {"uv": [6.5, 8.5, 7, 9], "rotation": 90, "texture": "#10"}
			}
		},
		{
			"name": "egg",
			"from": [6.3632, 22.87644, 14.26799],
			"to": [7.8892, 23.58424, 15.79399],
			"rotation": {"angle": 22.5, "axis": "x", "origin": [7.32699, 22.06984, 10.17405]},
			"faces": {
				"north": {"uv": [6.5, 8.5, 7, 9], "texture": "#10"},
				"east": {"uv": [6.5, 8.5, 7, 9], "texture": "#10"},
				"south": {"uv": [6.5, 8.5, 7, 9], "texture": "#10"},
				"west": {"uv": [6.5, 8.5, 7, 9], "texture": "#10"},
				"up": {"uv": [6.5, 8.5, 7, 9], "rotation": 90, "texture": "#10"}
			}
		},
		{
			"name": "egg",
			"from": [6.6684, 23.43164, 14.57319],
			"to": [7.584, 23.88944, 15.48879],
			"rotation": {"angle": 22.5, "axis": "x", "origin": [7.32699, 22.06984, 10.17405]},
			"faces": {
				"north": {"uv": [6.5, 8.5, 7, 9], "texture": "#10"},
				"east": {"uv": [6.5, 8.5, 7, 9], "texture": "#10"},
				"south": {"uv": [6.5, 8.5, 7, 9], "texture": "#10"},
				"west": {"uv": [6.5, 8.5, 7, 9], "texture": "#10"},
				"up": {"uv": [6.5, 8.5, 7, 9], "rotation": 90, "texture": "#10"}
			}
		},
		{
			"name": "egg",
			"from": [6.2106, 21.29524, 14.11539],
			"to": [8.0418, 21.60044, 15.94659],
			"rotation": {"angle": 22.5, "axis": "x", "origin": [7.32699, 22.06984, 10.17405]},
			"faces": {
				"north": {"uv": [9, 12, 9.5, 12.5], "texture": "#10"},
				"east": {"uv": [9, 12, 9.5, 12.5], "texture": "#10"},
				"south": {"uv": [9, 12, 9.5, 12.5], "texture": "#10"},
				"west": {"uv": [9, 12, 9.5, 12.5], "texture": "#10"},
				"down": {"uv": [9, 12, 9.5, 12.5], "texture": "#10"}
			}
		},
		{
			"name": "egg",
			"from": [6.5158, 20.99004, 14.42059],
			"to": [7.7366, 21.29524, 15.64139],
			"rotation": {"angle": 22.5, "axis": "x", "origin": [7.32699, 22.06984, 10.17405]},
			"faces": {
				"north": {"uv": [9, 12, 9.5, 12.5], "texture": "#10"},
				"east": {"uv": [9, 12, 9.5, 12.5], "texture": "#10"},
				"south": {"uv": [9, 12, 9.5, 12.5], "texture": "#10"},
				"west": {"uv": [9, 12, 9.5, 12.5], "texture": "#10"},
				"down": {"uv": [9, 12, 9.5, 12.5], "texture": "#10"}
			}
		},
		{
			"name": "egg",
			"from": [3.06399, 19.30684, 0.53465],
			"to": [4.58999, 20.83284, 1.11745],
			"rotation": {"angle": 22.5, "axis": "y", "origin": [9.32699, 20.06984, -2.70095]},
			"faces": {
				"north": {"uv": [6.5, 8.5, 7, 9], "rotation": 270, "texture": "#10"},
				"east": {"uv": [6.5, 8.5, 7, 9], "rotation": 90, "texture": "#10"},
				"west": {"uv": [6.5, 8.5, 7, 9], "rotation": 270, "texture": "#10"},
				"up": {"uv": [6.5, 8.5, 7, 9], "texture": "#10"},
				"down": {"uv": [6.5, 8.5, 7, 9], "rotation": 180, "texture": "#10"}
			}
		},
		{
			"name": "egg",
			"from": [3.36919, 19.61204, 0.22945],
			"to": [4.28479, 20.52764, 0.68725],
			"rotation": {"angle": 22.5, "axis": "y", "origin": [9.32699, 20.06984, -2.70095]},
			"faces": {
				"north": {"uv": [6.5, 8.5, 7, 9], "rotation": 270, "texture": "#10"},
				"east": {"uv": [6.5, 8.5, 7, 9], "rotation": 90, "texture": "#10"},
				"west": {"uv": [6.5, 8.5, 7, 9], "rotation": 270, "texture": "#10"},
				"up": {"uv": [6.5, 8.5, 7, 9], "texture": "#10"},
				"down": {"uv": [6.5, 8.5, 7, 9], "rotation": 180, "texture": "#10"}
			}
		},
		{
			"name": "egg",
			"from": [10.21659, 1.99004, 9.18865],
			"to": [11.43739, 2.29524, 10.40945],
			"rotation": {"angle": -45, "axis": "y", "origin": [10.54813, 1.71556, 10.37712]},
			"faces": {
				"north": {"uv": [9, 12, 9.5, 12.5], "texture": "#10"},
				"east": {"uv": [9, 12, 9.5, 12.5], "texture": "#10"},
				"south": {"uv": [9, 12, 9.5, 12.5], "texture": "#10"},
				"west": {"uv": [9, 12, 9.5, 12.5], "texture": "#10"},
				"down": {"uv": [9, 12, 9.5, 12.5], "texture": "#10"}
			}
		},
		{
			"name": "egg",
			"from": [9.91139, 2.29524, 8.88345],
			"to": [11.74259, 2.60044, 10.71465],
			"rotation": {"angle": -45, "axis": "y", "origin": [10.54813, 1.71556, 10.37712]},
			"faces": {
				"north": {"uv": [9, 12, 9.5, 12.5], "texture": "#10"},
				"east": {"uv": [9, 12, 9.5, 12.5], "texture": "#10"},
				"south": {"uv": [9, 12, 9.5, 12.5], "texture": "#10"},
				"west": {"uv": [9, 12, 9.5, 12.5], "texture": "#10"},
				"down": {"uv": [9, 12, 9.5, 12.5], "texture": "#10"}
			}
		},
		{
			"name": "egg",
			"from": [9.91139, 2.60044, 8.88345],
			"to": [11.74259, 4.12644, 10.71465],
			"rotation": {"angle": -45, "axis": "y", "origin": [10.54813, 1.71556, 10.37712]},
			"faces": {
				"north": {"uv": [6.5, 8.5, 7, 9], "texture": "#10"},
				"east": {"uv": [6.5, 8.5, 7, 9], "texture": "#10"},
				"south": {"uv": [6.5, 8.5, 7, 9], "texture": "#10"},
				"west": {"uv": [6.5, 8.5, 7, 9], "texture": "#10"},
				"up": {"uv": [6.5, 8.5, 7, 9], "texture": "#10"}
			}
		},
		{
			"name": "egg",
			"from": [10.06399, 4.00144, 9.03605],
			"to": [11.58999, 4.58424, 10.56205],
			"rotation": {"angle": -45, "axis": "y", "origin": [10.54813, 1.71556, 10.37712]},
			"faces": {
				"north": {"uv": [6.5, 8.5, 7, 9], "texture": "#10"},
				"east": {"uv": [6.5, 8.5, 7, 9], "texture": "#10"},
				"south": {"uv": [6.5, 8.5, 7, 9], "texture": "#10"},
				"west": {"uv": [6.5, 8.5, 7, 9], "texture": "#10"},
				"up": {"uv": [6.5, 8.5, 7, 9], "texture": "#10"}
			}
		},
		{
			"name": "egg",
			"from": [10.36919, 4.43164, 9.34125],
			"to": [11.28479, 4.88944, 10.25685],
			"rotation": {"angle": -45, "axis": "y", "origin": [10.54813, 1.71556, 10.37712]},
			"faces": {
				"north": {"uv": [6.5, 8.5, 7, 9], "texture": "#10"},
				"east": {"uv": [6.5, 8.5, 7, 9], "texture": "#10"},
				"south": {"uv": [6.5, 8.5, 7, 9], "texture": "#10"},
				"west": {"uv": [6.5, 8.5, 7, 9], "texture": "#10"},
				"up": {"uv": [6.5, 8.5, 7, 9], "texture": "#10"}
			}
		},
		{
			"name": "egg",
			"from": [10.06399, 2.59263, 8.73085],
			"to": [11.58999, 3.66083, 10.86725],
			"rotation": {"angle": -45, "axis": "y", "origin": [10.54813, 1.70775, 10.37712]},
			"faces": {
				"north": {"uv": [6.5, 8.5, 7, 9], "texture": "#10"},
				"east": {"uv": [6.5, 8.5, 7, 9], "texture": "#10"},
				"south": {"uv": [6.5, 8.5, 7, 9], "texture": "#10"},
				"west": {"uv": [6.5, 8.5, 7, 9], "texture": "#10"},
				"up": {"uv": [6.5, 8.5, 7, 9], "texture": "#10"},
				"down": {"uv": [6.5, 8.5, 7, 9], "texture": "#10"}
			}
		},
		{
			"name": "egg",
			"from": [9.75879, 2.60044, 9.03605],
			"to": [11.89519, 3.66864, 10.56205],
			"rotation": {"angle": -45, "axis": "y", "origin": [10.54813, 1.71556, 10.37712]},
			"faces": {
				"north": {"uv": [6.5, 8.5, 7, 9], "texture": "#10"},
				"east": {"uv": [6.5, 8.5, 7, 9], "texture": "#10"},
				"south": {"uv": [6.5, 8.5, 7, 9], "texture": "#10"},
				"west": {"uv": [6.5, 8.5, 7, 9], "texture": "#10"},
				"up": {"uv": [6.5, 8.5, 7, 9], "rotation": 90, "texture": "#10"},
				"down": {"uv": [6.5, 8.5, 7, 9], "rotation": 270, "texture": "#10"}
			}
		},
		{
			"name": "egg",
			"from": [10.71659, 2.45944, 6.82365],
			"to": [11.93739, 3.68024, 7.12885],
			"rotation": {"angle": -22.5, "axis": "y", "origin": [11.32699, 3.06984, 5.79905]},
			"faces": {
				"east": {"uv": [9, 12, 9.5, 12.5], "rotation": 90, "texture": "#10"},
				"south": {"uv": [9, 12, 9.5, 12.5], "rotation": 90, "texture": "#10"},
				"west": {"uv": [9, 12, 9.5, 12.5], "rotation": 90, "texture": "#10"},
				"up": {"uv": [9, 12, 9.5, 12.5], "rotation": 90, "texture": "#10"},
				"down": {"uv": [9, 12, 9.5, 12.5], "rotation": 90, "texture": "#10"}
			}
		},
		{
			"name": "egg",
			"from": [10.41139, 2.15424, 6.51845],
			"to": [12.24259, 3.98544, 6.82365],
			"rotation": {"angle": -22.5, "axis": "y", "origin": [11.32699, 3.06984, 5.79905]},
			"faces": {
				"east": {"uv": [9, 12, 9.5, 12.5], "rotation": 90, "texture": "#10"},
				"south": {"uv": [9, 12, 9.5, 12.5], "rotation": 90, "texture": "#10"},
				"west": {"uv": [9, 12, 9.5, 12.5], "rotation": 90, "texture": "#10"},
				"up": {"uv": [9, 12, 9.5, 12.5], "rotation": 90, "texture": "#10"},
				"down": {"uv": [9, 12, 9.5, 12.5], "rotation": 90, "texture": "#10"}
			}
		},
		{
			"name": "egg",
			"from": [10.41139, 2.15424, 4.99245],
			"to": [12.24259, 3.98544, 6.51845],
			"rotation": {"angle": -22.5, "axis": "y", "origin": [11.32699, 3.06984, 5.79905]},
			"faces": {
				"north": {"uv": [6.5, 8.5, 7, 9], "rotation": 270, "texture": "#10"},
				"east": {"uv": [6.5, 8.5, 7, 9], "rotation": 90, "texture": "#10"},
				"west": {"uv": [6.5, 8.5, 7, 9], "rotation": 270, "texture": "#10"},
				"up": {"uv": [6.5, 8.5, 7, 9], "texture": "#10"},
				"down": {"uv": [6.5, 8.5, 7, 9], "rotation": 180, "texture": "#10"}
			}
		},
		{
			"name": "egg",
			"from": [10.56399, 2.30684, 4.53465],
			"to": [12.08999, 3.83284, 5.11745],
			"rotation": {"angle": -22.5, "axis": "y", "origin": [11.32699, 3.06984, 5.79905]},
			"faces": {
				"north": {"uv": [6.5, 8.5, 7, 9], "rotation": 270, "texture": "#10"},
				"east": {"uv": [6.5, 8.5, 7, 9], "rotation": 90, "texture": "#10"},
				"west": {"uv": [6.5, 8.5, 7, 9], "rotation": 270, "texture": "#10"},
				"up": {"uv": [6.5, 8.5, 7, 9], "texture": "#10"},
				"down": {"uv": [6.5, 8.5, 7, 9], "rotation": 180, "texture": "#10"}
			}
		},
		{
			"name": "egg",
			"from": [10.86919, 2.61204, 4.22945],
			"to": [11.78479, 3.52764, 4.68725],
			"rotation": {"angle": -22.5, "axis": "y", "origin": [11.32699, 3.06984, 5.79905]},
			"faces": {
				"north": {"uv": [6.5, 8.5, 7, 9], "rotation": 270, "texture": "#10"},
				"east": {"uv": [6.5, 8.5, 7, 9], "rotation": 90, "texture": "#10"},
				"west": {"uv": [6.5, 8.5, 7, 9], "rotation": 270, "texture": "#10"},
				"up": {"uv": [6.5, 8.5, 7, 9], "texture": "#10"},
				"down": {"uv": [6.5, 8.5, 7, 9], "rotation": 180, "texture": "#10"}
			}
		},
		{
			"name": "egg",
			"from": [10.25879, 2.30684, 5.45025],
			"to": [12.39519, 3.83284, 6.51845],
			"rotation": {"angle": -22.5, "axis": "y", "origin": [11.32699, 3.06984, 5.79905]},
			"faces": {
				"north": {"uv": [6.5, 8.5, 7, 9], "rotation": 270, "texture": "#10"},
				"east": {"uv": [6.5, 8.5, 7, 9], "rotation": 90, "texture": "#10"},
				"south": {"uv": [6.5, 8.5, 7, 9], "rotation": 270, "texture": "#10"},
				"west": {"uv": [6.5, 8.5, 7, 9], "rotation": 270, "texture": "#10"},
				"up": {"uv": [6.5, 8.5, 7, 9], "texture": "#10"},
				"down": {"uv": [6.5, 8.5, 7, 9], "rotation": 180, "texture": "#10"}
			}
		},
		{
			"name": "egg",
			"from": [10.56399, 2.00164, 5.45806],
			"to": [12.08999, 4.13804, 6.52626],
			"rotation": {"angle": -22.5, "axis": "y", "origin": [11.32699, 3.06984, 5.80686]},
			"faces": {
				"north": {"uv": [6.5, 8.5, 7, 9], "texture": "#10"},
				"east": {"uv": [6.5, 8.5, 7, 9], "rotation": 90, "texture": "#10"},
				"south": {"uv": [6.5, 8.5, 7, 9], "rotation": 180, "texture": "#10"},
				"west": {"uv": [6.5, 8.5, 7, 9], "rotation": 270, "texture": "#10"},
				"up": {"uv": [6.5, 8.5, 7, 9], "texture": "#10"},
				"down": {"uv": [6.5, 8.5, 7, 9], "rotation": 180, "texture": "#10"}
			}
		},
		{
			"name": "egg",
			"from": [6.85159, 2.45944, 9.68865],
			"to": [7.15679, 3.68024, 10.90945],
			"rotation": {"angle": -45, "axis": "y", "origin": [5.82699, 3.06984, 10.29905]},
			"faces": {
				"north": {"uv": [9, 12, 9.5, 12.5], "rotation": 270, "texture": "#10"},
				"east": {"uv": [9, 12, 9.5, 12.5], "rotation": 270, "texture": "#10"},
				"south": {"uv": [9, 12, 9.5, 12.5], "rotation": 270, "texture": "#10"},
				"up": {"uv": [9, 12, 9.5, 12.5], "rotation": 270, "texture": "#10"},
				"down": {"uv": [9, 12, 9.5, 12.5], "rotation": 270, "texture": "#10"}
			}
		},
		{
			"name": "egg",
			"from": [6.54639, 2.15424, 9.38345],
			"to": [6.85159, 3.98544, 11.21465],
			"rotation": {"angle": -45, "axis": "y", "origin": [5.82699, 3.06984, 10.29905]},
			"faces": {
				"north": {"uv": [9, 12, 9.5, 12.5], "rotation": 270, "texture": "#10"},
				"east": {"uv": [9, 12, 9.5, 12.5], "rotation": 270, "texture": "#10"},
				"south": {"uv": [9, 12, 9.5, 12.5], "rotation": 270, "texture": "#10"},
				"up": {"uv": [9, 12, 9.5, 12.5], "rotation": 270, "texture": "#10"},
				"down": {"uv": [9, 12, 9.5, 12.5], "rotation": 270, "texture": "#10"}
			}
		},
		{
			"name": "egg",
			"from": [5.02039, 2.15424, 9.38345],
			"to": [6.54639, 3.98544, 11.21465],
			"rotation": {"angle": -45, "axis": "y", "origin": [5.82699, 3.06984, 10.29905]},
			"faces": {
				"north": {"uv": [6.5, 8.5, 7, 9], "rotation": 90, "texture": "#10"},
				"south": {"uv": [6.5, 8.5, 7, 9], "rotation": 270, "texture": "#10"},
				"west": {"uv": [6.5, 8.5, 7, 9], "rotation": 270, "texture": "#10"},
				"up": {"uv": [6.5, 8.5, 7, 9], "rotation": 270, "texture": "#10"},
				"down": {"uv": [6.5, 8.5, 7, 9], "rotation": 270, "texture": "#10"}
			}
		},
		{
			"name": "egg",
			"from": [4.56259, 2.30684, 9.53605],
			"to": [5.14539, 3.83284, 11.06205],
			"rotation": {"angle": -45, "axis": "y", "origin": [5.82699, 3.06984, 10.29905]},
			"faces": {
				"north": {"uv": [6.5, 8.5, 7, 9], "rotation": 90, "texture": "#10"},
				"south": {"uv": [6.5, 8.5, 7, 9], "rotation": 270, "texture": "#10"},
				"west": {"uv": [6.5, 8.5, 7, 9], "rotation": 270, "texture": "#10"},
				"up": {"uv": [6.5, 8.5, 7, 9], "rotation": 270, "texture": "#10"},
				"down": {"uv": [6.5, 8.5, 7, 9], "rotation": 270, "texture": "#10"}
			}
		},
		{
			"name": "egg",
			"from": [4.25739, 2.61204, 9.84125],
			"to": [4.71519, 3.52764, 10.75685],
			"rotation": {"angle": -45, "axis": "y", "origin": [5.82699, 3.06984, 10.29905]},
			"faces": {
				"north": {"uv": [6.5, 8.5, 7, 9], "rotation": 90, "texture": "#10"},
				"south": {"uv": [6.5, 8.5, 7, 9], "rotation": 270, "texture": "#10"},
				"west": {"uv": [6.5, 8.5, 7, 9], "rotation": 270, "texture": "#10"},
				"up": {"uv": [6.5, 8.5, 7, 9], "rotation": 270, "texture": "#10"},
				"down": {"uv": [6.5, 8.5, 7, 9], "rotation": 270, "texture": "#10"}
			}
		},
		{
			"name": "egg",
			"from": [5.47819, 2.30684, 9.23085],
			"to": [6.54639, 3.83284, 11.36725],
			"rotation": {"angle": -45, "axis": "y", "origin": [5.82699, 3.06984, 10.29905]},
			"faces": {
				"north": {"uv": [6.5, 8.5, 7, 9], "rotation": 90, "texture": "#10"},
				"east": {"uv": [6.5, 8.5, 7, 9], "rotation": 270, "texture": "#10"},
				"south": {"uv": [6.5, 8.5, 7, 9], "rotation": 270, "texture": "#10"},
				"west": {"uv": [6.5, 8.5, 7, 9], "rotation": 270, "texture": "#10"},
				"up": {"uv": [6.5, 8.5, 7, 9], "rotation": 270, "texture": "#10"},
				"down": {"uv": [6.5, 8.5, 7, 9], "rotation": 270, "texture": "#10"}
			}
		},
		{
			"name": "egg",
			"from": [5.486, 2.00164, 9.53605],
			"to": [6.5542, 4.13804, 11.06205],
			"rotation": {"angle": -45, "axis": "y", "origin": [5.8348, 3.06984, 10.29905]},
			"faces": {
				"north": {"uv": [6.5, 8.5, 7, 9], "rotation": 90, "texture": "#10"},
				"east": {"uv": [6.5, 8.5, 7, 9], "rotation": 180, "texture": "#10"},
				"south": {"uv": [6.5, 8.5, 7, 9], "rotation": 270, "texture": "#10"},
				"west": {"uv": [6.5, 8.5, 7, 9], "texture": "#10"},
				"up": {"uv": [6.5, 8.5, 7, 9], "rotation": 270, "texture": "#10"},
				"down": {"uv": [6.5, 8.5, 7, 9], "rotation": 270, "texture": "#10"}
			}
		},
		{
			"name": "egg",
			"from": [7.71659, 1.99004, 7.68865],
			"to": [8.93739, 2.29524, 8.90945],
			"rotation": {"angle": 0, "axis": "z", "origin": [8.04813, 1.71556, 8.87712]},
			"faces": {
				"north": {"uv": [9, 12, 9.5, 12.5], "texture": "#10"},
				"east": {"uv": [9, 12, 9.5, 12.5], "texture": "#10"},
				"south": {"uv": [9, 12, 9.5, 12.5], "texture": "#10"},
				"west": {"uv": [9, 12, 9.5, 12.5], "texture": "#10"}
			}
		},
		{
			"name": "egg",
			"from": [7.41139, 2.29524, 7.38345],
			"to": [9.24259, 2.60044, 9.21465],
			"rotation": {"angle": 0, "axis": "z", "origin": [8.04813, 1.71556, 8.87712]},
			"faces": {
				"north": {"uv": [9, 12, 9.5, 12.5], "texture": "#10"},
				"east": {"uv": [9, 12, 9.5, 12.5], "texture": "#10"},
				"south": {"uv": [9, 12, 9.5, 12.5], "texture": "#10"},
				"west": {"uv": [9, 12, 9.5, 12.5], "texture": "#10"},
				"down": {"uv": [9, 12, 9.5, 12.5], "texture": "#10"}
			}
		},
		{
			"name": "egg",
			"from": [7.41139, 2.60044, 7.38345],
			"to": [9.24259, 4.12644, 9.21465],
			"rotation": {"angle": 0, "axis": "z", "origin": [8.04813, 1.71556, 8.87712]},
			"faces": {
				"north": {"uv": [6.5, 8.5, 7, 9], "texture": "#10"},
				"east": {"uv": [6.5, 8.5, 7, 9], "texture": "#10"},
				"south": {"uv": [6.5, 8.5, 7, 9], "texture": "#10"},
				"west": {"uv": [6.5, 8.5, 7, 9], "texture": "#10"},
				"up": {"uv": [6.5, 8.5, 7, 9], "texture": "#10"}
			}
		},
		{
			"name": "egg",
			"from": [7.56399, 4.00144, 7.53605],
			"to": [9.08999, 4.58424, 9.06205],
			"rotation": {"angle": 0, "axis": "z", "origin": [8.04813, 1.71556, 8.87712]},
			"faces": {
				"north": {"uv": [6.5, 8.5, 7, 9], "texture": "#10"},
				"east": {"uv": [6.5, 8.5, 7, 9], "texture": "#10"},
				"south": {"uv": [6.5, 8.5, 7, 9], "texture": "#10"},
				"west": {"uv": [6.5, 8.5, 7, 9], "texture": "#10"},
				"up": {"uv": [6.5, 8.5, 7, 9], "texture": "#10"}
			}
		},
		{
			"name": "egg",
			"from": [7.86919, 4.43164, 7.84125],
			"to": [8.78479, 4.88944, 8.75685],
			"rotation": {"angle": 0, "axis": "z", "origin": [8.04813, 1.71556, 8.87712]},
			"faces": {
				"north": {"uv": [6.5, 8.5, 7, 9], "texture": "#10"},
				"east": {"uv": [6.5, 8.5, 7, 9], "texture": "#10"},
				"south": {"uv": [6.5, 8.5, 7, 9], "texture": "#10"},
				"west": {"uv": [6.5, 8.5, 7, 9], "texture": "#10"},
				"up": {"uv": [6.5, 8.5, 7, 9], "texture": "#10"}
			}
		},
		{
			"name": "egg",
			"from": [7.56399, 2.59263, 7.23085],
			"to": [9.08999, 3.66083, 9.36725],
			"rotation": {"angle": 0, "axis": "z", "origin": [8.04813, 1.70775, 8.87712]},
			"faces": {
				"north": {"uv": [6.5, 8.5, 7, 9], "texture": "#10"},
				"east": {"uv": [6.5, 8.5, 7, 9], "texture": "#10"},
				"south": {"uv": [6.5, 8.5, 7, 9], "texture": "#10"},
				"west": {"uv": [6.5, 8.5, 7, 9], "texture": "#10"},
				"up": {"uv": [6.5, 8.5, 7, 9], "texture": "#10"},
				"down": {"uv": [6.5, 8.5, 7, 9], "texture": "#10"}
			}
		},
		{
			"name": "egg",
			"from": [7.25879, 2.60044, 7.53605],
			"to": [9.39519, 3.66864, 9.06205],
			"rotation": {"angle": 0, "axis": "z", "origin": [8.04813, 1.71556, 8.87712]},
			"faces": {
				"north": {"uv": [6.5, 8.5, 7, 9], "texture": "#10"},
				"east": {"uv": [6.5, 8.5, 7, 9], "texture": "#10"},
				"south": {"uv": [6.5, 8.5, 7, 9], "texture": "#10"},
				"west": {"uv": [6.5, 8.5, 7, 9], "texture": "#10"},
				"up": {"uv": [6.5, 8.5, 7, 9], "rotation": 90, "texture": "#10"},
				"down": {"uv": [6.5, 8.5, 7, 9], "rotation": 270, "texture": "#10"}
			}
		},
		{
			"from": [15.5, 15.25, 11.5],
			"to": [17, 18, 13],
			"rotation": {"angle": 22.5, "axis": "z", "origin": [16.25, 16.5, 12.25]},
			"faces": {
				"north": {"uv": [13.5, 0, 16, 16], "texture": "#13"},
				"east": {"uv": [10, 9, 16, 16], "texture": "#13"},
				"south": {"uv": [10.5, 9, 13, 16], "rotation": 180, "texture": "#13"},
				"west": {"uv": [2, 0, 8, 16], "texture": "#13"},
				"down": {"uv": [16, 12, 10, 7], "texture": "#13"}
			}
		},
		{
			"from": [15.5, 15.25, 3],
			"to": [17, 18, 4.5],
			"rotation": {"angle": 22.5, "axis": "z", "origin": [16.25, 16.5, 3.75]},
			"faces": {
				"north": {"uv": [13, 9, 10.5, 16], "rotation": 180, "texture": "#13"},
				"east": {"uv": [16, 9, 10, 16], "texture": "#13"},
				"south": {"uv": [16, 0, 13.5, 16], "texture": "#13"},
				"west": {"uv": [8, 0, 2, 16], "texture": "#13"},
				"down": {"uv": [16, 7, 10, 12], "texture": "#13"}
			}
		},
		{
			"from": [-1, 15.25, 11.5],
			"to": [0.5, 18, 13],
			"rotation": {"angle": -22.5, "axis": "z", "origin": [-0.25, 16.5, 12.25]},
			"faces": {
				"north": {"uv": [16, 0, 13.5, 16], "texture": "#13"},
				"east": {"uv": [8, 0, 2, 16], "texture": "#13"},
				"south": {"uv": [13, 9, 10.5, 16], "rotation": 180, "texture": "#13"},
				"west": {"uv": [16, 9, 10, 16], "texture": "#13"},
				"down": {"uv": [10, 12, 16, 7], "texture": "#13"}
			}
		},
		{
			"from": [-1, 15.25, 3],
			"to": [0.5, 18, 4.5],
			"rotation": {"angle": -22.5, "axis": "z", "origin": [-0.25, 16.5, 3.75]},
			"faces": {
				"north": {"uv": [10.5, 9, 13, 16], "rotation": 180, "texture": "#13"},
				"east": {"uv": [2, 0, 8, 16], "texture": "#13"},
				"south": {"uv": [13.5, 0, 16, 16], "texture": "#13"},
				"west": {"uv": [10, 9, 16, 16], "texture": "#13"},
				"down": {"uv": [10, 7, 16, 12], "texture": "#13"}
			}
		},
		{
			"from": [3, 15.25, 15.5],
			"to": [4.5, 18, 17],
			"rotation": {"angle": -22.5, "axis": "x", "origin": [3.75, 16.5, 16.25]},
			"faces": {
				"north": {"uv": [2, 0, 8, 16], "texture": "#13"},
				"east": {"uv": [13.5, 0, 16, 16], "texture": "#13"},
				"south": {"uv": [10, 9, 16, 16], "texture": "#13"},
				"west": {"uv": [10.5, 9, 13, 16], "rotation": 180, "texture": "#13"},
				"down": {"uv": [16, 12, 10, 7], "rotation": 270, "texture": "#13"}
			}
		},
		{
			"from": [11.5, 15.25, 15.5],
			"to": [13, 18, 17],
			"rotation": {"angle": -22.5, "axis": "x", "origin": [12.25, 16.5, 16.25]},
			"faces": {
				"north": {"uv": [8, 0, 2, 16], "texture": "#13"},
				"east": {"uv": [13, 9, 10.5, 16], "rotation": 180, "texture": "#13"},
				"south": {"uv": [16, 9, 10, 16], "texture": "#13"},
				"west": {"uv": [16, 0, 13.5, 16], "texture": "#13"},
				"down": {"uv": [16, 7, 10, 12], "rotation": 270, "texture": "#13"}
			}
		},
		{
			"from": [3, 15.25, -1],
			"to": [4.5, 18, 0.5],
			"rotation": {"angle": 22.5, "axis": "x", "origin": [3.75, 16.5, -0.25]},
			"faces": {
				"north": {"uv": [16, 9, 10, 16], "texture": "#13"},
				"east": {"uv": [16, 0, 13.5, 16], "texture": "#13"},
				"south": {"uv": [8, 0, 2, 16], "texture": "#13"},
				"west": {"uv": [13, 9, 10.5, 16], "rotation": 180, "texture": "#13"},
				"down": {"uv": [10, 12, 16, 7], "rotation": 270, "texture": "#13"}
			}
		},
		{
			"from": [11.5, 15.25, -1],
			"to": [13, 18, 0.5],
			"rotation": {"angle": 22.5, "axis": "x", "origin": [12.25, 16.5, -0.25]},
			"faces": {
				"north": {"uv": [10, 9, 16, 16], "texture": "#13"},
				"east": {"uv": [10.5, 9, 13, 16], "rotation": 180, "texture": "#13"},
				"south": {"uv": [2, 0, 8, 16], "texture": "#13"},
				"west": {"uv": [13.5, 0, 16, 16], "texture": "#13"},
				"down": {"uv": [10, 7, 16, 12], "rotation": 270, "texture": "#13"}
			}
		},
		{
			"from": [-1, -2.5, -2.5],
			"to": [17, 0.5, 18.5],
			"faces": {
				"north": {"uv": [6.0625, 0, 12.0625, 1], "texture": "#17"},
				"east": {"uv": [0, 2.125, 7, 3.125], "texture": "#17"},
				"south": {"uv": [6.0625, 1.0625, 12.0625, 2.0625], "texture": "#17"},
				"west": {"uv": [7, 2.125, 0, 3.125], "texture": "#17"},
				"up": {"uv": [13.0625, 4.6875, 6.0625, 10.6875], "rotation": 90, "texture": "#17"}
			}
		},
		{
			"from": [-1, -1.5, -1],
			"to": [17, 1.5, 17],
			"rotation": {"angle": 0, "axis": "y", "origin": [8, 6.5, 8]},
			"faces": {
				"north": {"uv": [6, 1.0625, 0, 2.0625], "texture": "#17"},
				"east": {"uv": [0, 1.0625, 6, 2.0625], "texture": "#17"},
				"south": {"uv": [0, 0, 6, 1], "texture": "#17"},
				"west": {"uv": [6, 0, 0, 1], "texture": "#17"},
				"up": {"uv": [0, 4.6875, 6, 10.6875], "texture": "#17"}
			}
		},
		{
			"from": [-2.5, -2.5, -1],
			"to": [18.5, 0.5, 17],
			"faces": {
				"north": {"uv": [7, 2.125, 0, 3.125], "texture": "#17"},
				"east": {"uv": [6.0625, 0, 12.0625, 1], "texture": "#17"},
				"south": {"uv": [0, 2.125, 7, 3.125], "texture": "#17"},
				"west": {"uv": [6.0625, 1.0625, 12.0625, 2.0625], "texture": "#17"},
				"up": {"uv": [13.0625, 4.6875, 6.0625, 10.6875], "rotation": 180, "texture": "#17"}
			}
		},
		{
			"name": "log_side",
			"from": [12.25, 9.94026, 18.55455],
			"to": [12.251, 16.44026, 19.30455],
			"rotation": {"angle": -22.5, "axis": "x", "origin": [4.0625, 10.38365, 20]},
			"faces": {
				"north": {"uv": [0, 0, 0, 0], "rotation": 180, "texture": "#17"},
				"east": {"uv": [14.25, 1, 14.4375, 0], "texture": "#17"},
				"south": {"uv": [0, 0, 0, 0], "texture": "#17"},
				"west": {"uv": [14.25, 0, 14.4375, 1], "rotation": 180, "texture": "#17"},
				"down": {"uv": [0, 0, 0, 0], "texture": "#17"}
			}
		},
		{
			"name": "log_side",
			"from": [-5.05455, 5.56526, 12.25],
			"to": [-4.30455, 12.06526, 12.251],
			"rotation": {"angle": -22.5, "axis": "z", "origin": [6.25, 3.625, 8]},
			"faces": {
				"north": {"uv": [14.25, 0, 14.4375, 1], "rotation": 180, "texture": "#17"},
				"east": {"uv": [0, 0, 0, 0], "rotation": 180, "texture": "#17"},
				"south": {"uv": [14.25, 1, 14.4375, 0], "texture": "#17"},
				"west": {"uv": [0, 0, 0, 0], "texture": "#17"},
				"down": {"uv": [0, 0, 0, 0], "rotation": 270, "texture": "#17"}
			}
		},
		{
			"name": "log_side",
			"from": [12.25, 9.94026, -3.30455],
			"to": [12.251, 16.44026, -2.55455],
			"rotation": {"angle": 22.5, "axis": "x", "origin": [4.0625, 10.38365, -4]},
			"faces": {
				"north": {"uv": [0, 0, 0, 0], "texture": "#17"},
				"east": {"uv": [14.4375, 1, 14.25, 0], "texture": "#17"},
				"south": {"uv": [0, 0, 0, 0], "rotation": 180, "texture": "#17"},
				"west": {"uv": [14.4375, 0, 14.25, 1], "rotation": 180, "texture": "#17"},
				"down": {"uv": [0, 0, 0, 0], "texture": "#17"}
			}
		},
		{
			"name": "log_side",
			"from": [20.30455, 5.44026, 12.25],
			"to": [21.05455, 11.94026, 12.251],
			"rotation": {"angle": 22.5, "axis": "z", "origin": [9.75, 3.5, 8]},
			"faces": {
				"north": {"uv": [14.4375, 0, 14.25, 1], "rotation": 180, "texture": "#17"},
				"east": {"uv": [0, 0, 0, 0], "texture": "#17"},
				"south": {"uv": [14.4375, 1, 14.25, 0], "texture": "#17"},
				"west": {"uv": [0, 0, 0, 0], "rotation": 180, "texture": "#17"},
				"down": {"uv": [0, 0, 0, 0], "rotation": 270, "texture": "#17"}
			}
		},
		{
			"name": "log_side",
			"from": [3.75, 9.94026, 18.55455],
			"to": [3.751, 16.44026, 19.30455],
			"rotation": {"angle": -22.5, "axis": "x", "origin": [-4.4375, 10.38365, 20]},
			"faces": {
				"north": {"uv": [0, 0, 0, 0], "rotation": 180, "texture": "#17"},
				"east": {"uv": [14.25, 1, 14.4375, 0], "texture": "#17"},
				"south": {"uv": [0, 0, 0, 0], "texture": "#17"},
				"west": {"uv": [14.25, 0, 14.4375, 1], "rotation": 180, "texture": "#17"},
				"down": {"uv": [0, 0, 0, 0], "texture": "#17"}
			}
		},
		{
			"name": "log_side",
			"from": [-5.05455, 5.56526, 3.75],
			"to": [-4.30455, 12.06526, 3.751],
			"rotation": {"angle": -22.5, "axis": "z", "origin": [6.25, 3.625, 8]},
			"faces": {
				"north": {"uv": [14.25, 0, 14.4375, 1], "rotation": 180, "texture": "#17"},
				"east": {"uv": [0, 0, 0, 0], "rotation": 180, "texture": "#17"},
				"south": {"uv": [14.25, 1, 14.4375, 0], "texture": "#17"},
				"west": {"uv": [0, 0, 0, 0], "texture": "#17"},
				"down": {"uv": [0, 0, 0, 0], "rotation": 270, "texture": "#17"}
			}
		},
		{
			"name": "log_side",
			"from": [3.75, 9.94026, -3.30455],
			"to": [3.751, 16.44026, -2.55455],
			"rotation": {"angle": 22.5, "axis": "x", "origin": [-4.4375, 10.38365, -4]},
			"faces": {
				"north": {"uv": [0, 0, 0, 0], "texture": "#17"},
				"east": {"uv": [14.4375, 1, 14.25, 0], "texture": "#17"},
				"south": {"uv": [0, 0, 0, 0], "rotation": 180, "texture": "#17"},
				"west": {"uv": [14.4375, 0, 14.25, 1], "rotation": 180, "texture": "#17"},
				"down": {"uv": [0, 0, 0, 0], "texture": "#17"}
			}
		},
		{
			"name": "log_side",
			"from": [20.30455, 5.44026, 3.75],
			"to": [21.05455, 11.94026, 3.751],
			"rotation": {"angle": 22.5, "axis": "z", "origin": [9.75, 3.5, 8]},
			"faces": {
				"north": {"uv": [14.4375, 0, 14.25, 1], "rotation": 180, "texture": "#17"},
				"east": {"uv": [0, 0, 0, 0], "texture": "#17"},
				"south": {"uv": [14.4375, 1, 14.25, 0], "texture": "#17"},
				"west": {"uv": [0, 0, 0, 0], "rotation": 180, "texture": "#17"},
				"down": {"uv": [0, 0, 0, 0], "rotation": 270, "texture": "#17"}
			}
		},
		{
			"name": "log_side",
			"from": [11.875, 9.94026, 18.95198],
			"to": [12.625, 16.44026, 18.95298],
			"rotation": {"angle": -22.5, "axis": "x", "origin": [3.6875, 10.38365, 20]},
			"faces": {
				"north": {"uv": [14.5, 0, 14.6875, 1], "rotation": 180, "texture": "#17"},
				"east": {"uv": [0, 0, 0, 0], "rotation": 270, "texture": "#17"},
				"south": {"uv": [14.5, 1, 14.6875, 0], "texture": "#17"},
				"west": {"uv": [0, 0, 0, 0], "rotation": 90, "texture": "#17"}
			}
		},
		{
			"name": "log_side",
			"from": [-4.70298, 5.56526, 11.875],
			"to": [-4.70198, 12.06526, 12.625],
			"rotation": {"angle": -22.5, "axis": "z", "origin": [6.25, 3.625, 8]},
			"faces": {
				"north": {"uv": [0, 0, 0, 0], "rotation": 90, "texture": "#17"},
				"east": {"uv": [14.5, 0, 14.6875, 1], "rotation": 180, "texture": "#17"},
				"south": {"uv": [0, 0, 0, 0], "rotation": 270, "texture": "#17"},
				"west": {"uv": [14.5, 1, 14.6875, 0], "texture": "#17"}
			}
		},
		{
			"name": "log_side",
			"from": [11.875, 9.94026, -2.95298],
			"to": [12.625, 16.44026, -2.95198],
			"rotation": {"angle": 22.5, "axis": "x", "origin": [3.6875, 10.38365, -4]},
			"faces": {
				"north": {"uv": [14.6875, 1, 14.5, 0], "texture": "#17"},
				"east": {"uv": [0, 0, 0, 0], "rotation": 270, "texture": "#17"},
				"south": {"uv": [14.6875, 0, 14.5, 1], "rotation": 180, "texture": "#17"},
				"west": {"uv": [0, 0, 0, 0], "rotation": 90, "texture": "#17"}
			}
		},
		{
			"name": "log_side",
			"from": [20.70198, 5.44026, 11.875],
			"to": [20.70298, 11.94026, 12.625],
			"rotation": {"angle": 22.5, "axis": "z", "origin": [9.75, 3.5, 8]},
			"faces": {
				"north": {"uv": [0, 0, 0, 0], "rotation": 90, "texture": "#17"},
				"east": {"uv": [14.6875, 1, 14.5, 0], "texture": "#17"},
				"south": {"uv": [0, 0, 0, 0], "rotation": 270, "texture": "#17"},
				"west": {"uv": [14.6875, 0, 14.5, 1], "rotation": 180, "texture": "#17"},
				"down": {"uv": [0, 0, 0, 0], "rotation": 270, "texture": "#17"}
			}
		},
		{
			"name": "log_side",
			"from": [3.375, 9.94026, 18.95198],
			"to": [4.125, 16.44026, 18.95298],
			"rotation": {"angle": -22.5, "axis": "x", "origin": [-4.8125, 10.38365, 20]},
			"faces": {
				"north": {"uv": [14.5, 0, 14.6875, 1], "rotation": 180, "texture": "#17"},
				"east": {"uv": [0, 0, 0, 0], "rotation": 270, "texture": "#17"},
				"south": {"uv": [14.5, 1, 14.6875, 0], "texture": "#17"},
				"west": {"uv": [0, 0, 0, 0], "rotation": 90, "texture": "#17"}
			}
		},
		{
			"name": "log_side",
			"from": [-4.70298, 5.56526, 3.375],
			"to": [-4.70198, 12.06526, 4.125],
			"rotation": {"angle": -22.5, "axis": "z", "origin": [6.25, 3.625, 8]},
			"faces": {
				"north": {"uv": [0, 0, 0, 0], "rotation": 90, "texture": "#17"},
				"east": {"uv": [14.5, 0, 14.6875, 1], "rotation": 180, "texture": "#17"},
				"south": {"uv": [0, 0, 0, 0], "rotation": 270, "texture": "#17"},
				"west": {"uv": [14.5, 1, 14.6875, 0], "texture": "#17"}
			}
		},
		{
			"name": "log_side",
			"from": [3.375, 9.94026, -2.95298],
			"to": [4.125, 16.44026, -2.95198],
			"rotation": {"angle": 22.5, "axis": "x", "origin": [-4.8125, 10.38365, -4]},
			"faces": {
				"north": {"uv": [14.6875, 1, 14.5, 0], "texture": "#17"},
				"east": {"uv": [0, 0, 0, 0], "rotation": 270, "texture": "#17"},
				"south": {"uv": [14.6875, 0, 14.5, 1], "rotation": 180, "texture": "#17"},
				"west": {"uv": [0, 0, 0, 0], "rotation": 90, "texture": "#17"}
			}
		},
		{
			"name": "log_side",
			"from": [20.70198, 5.44026, 3.375],
			"to": [20.70298, 11.94026, 4.125],
			"rotation": {"angle": 22.5, "axis": "z", "origin": [9.75, 3.5, 8]},
			"faces": {
				"north": {"uv": [0, 0, 0, 0], "rotation": 90, "texture": "#17"},
				"east": {"uv": [14.6875, 1, 14.5, 0], "texture": "#17"},
				"south": {"uv": [0, 0, 0, 0], "rotation": 270, "texture": "#17"},
				"west": {"uv": [14.6875, 0, 14.5, 1], "rotation": 180, "texture": "#17"},
				"down": {"uv": [0, 0, 0, 0], "rotation": 270, "texture": "#17"}
			}
		},
		{
			"name": "top",
			"from": [-1.25589, 19.0625, -1.37351],
			"to": [17.24411, 21.4375, 17.12649],
			"rotation": {"angle": 0, "axis": "y", "origin": [7.90296, 12.22742, 5.35243]},
			"faces": {
				"north": {"uv": [11.3125, 10.1875, 6.375, 10.9375], "texture": "#9"},
				"east": {"uv": [11.3125, 10.1875, 6.375, 10.9375], "texture": "#9"},
				"south": {"uv": [11.3125, 10.1875, 6.375, 10.9375], "texture": "#9"},
				"west": {"uv": [11.3125, 10.1875, 6.375, 10.9375], "texture": "#9"}
			}
		},
		{
			"name": "floor",
			"from": [0.25781, -1, 0.28906],
			"to": [15.71875, 2, 15.72656],
			"rotation": {"angle": 0, "axis": "y", "origin": [7.88734, 3.72742, 7.84462]},
			"faces": {
				"north": {"uv": [0, 0, 16, 16], "texture": "#14"},
				"east": {"uv": [0, 0, 16, 16], "texture": "#14"},
				"south": {"uv": [0, 0, 16, 16], "texture": "#14"},
				"west": {"uv": [0, 0, 16, 16], "texture": "#14"},
				"up": {"uv": [0, 0, 16, 16], "texture": "#14"}
			}
		}
	],
	"display": {
		"thirdperson_righthand": {
			"rotation": [75, -145, 0],
			"translation": [0, 2.5, 0],
			"scale": [0.375, 0.375, 0.375]
		},
		"gui": {
			"rotation": [30, -45, 0],
			"scale": [0.4, 0.4, 0.4]
		},
		"head": {
			"rotation": [0, -180, 0],
			"translation": [0, -38, 0],
			"scale": [4, 4, 4]
		}
	},
	"groups": [0, 1, 2, 3, 4, 5, 6, 7, 8, 9, 10, 11, 12, 13, 14, 15, 16, 17, 18, 19, 20, 21, 22, 23, 24, 25, 26, 27, 28, 29, 30, 31, 32, 33, 34, 35,
		{
			"name": "group",
			"origin": [1.75, 12.75, 8.25],
			"children": [
				{
					"name": "egg",
					"origin": [1.75, 12.75, 8.25],
					"children": [
						{
							"name": "eggs_top",
							"origin": [9.32699, 20.06984, -2.70095],
							"children": [36, 37, 38, 39, 40, 41, 42, 43, 44, 45, 46, 47, 48, 49, 50, 51, 52, 53, 54, 55, 56, 57, 58, 59, 60, 61, 62, 63, 64, 65, 66, 67, 68, 69, 70]
						}
					]
				},
				{
					"name": "egg",
					"origin": [1.75, 12.75, 8.25],
					"children": [71, 72, 73, 74, 75, 76, 77]
				},
				{
					"name": "egg",
					"origin": [1.75, 12.75, 8.25],
					"children": [78, 79, 80, 81, 82, 83, 84]
				},
				{
					"name": "egg",
					"origin": [1.75, 12.75, 8.25],
					"children": [85, 86, 87, 88, 89, 90, 91]
				},
				{
					"name": "egg",
					"origin": [8.04813, 1.71556, 8.87712],
					"children": [92, 93, 94, 95, 96, 97, 98]
				}
			]
		},
		{
			"name": "chains_side",
			"origin": [8, 8, 8],
			"children": [
				{
					"name": "chain",
					"origin": [-2.5, 12.375, 3.75],
					"children": [99, 100]
				},
				{
					"name": "chain",
					"origin": [-2.5, 12.375, 3.75],
					"children": [101, 102]
				}
			]
		},
		{
			"name": "chains_front",
			"origin": [8, 8, 8],
			"children": [
				{
					"name": "chain",
					"origin": [-2.5, 12.375, 3.75],
					"children": [103, 104]
				},
				{
					"name": "chain",
					"origin": [-2.5, 12.375, 3.75],
					"children": [105, 106]
				}
			]
		}, 107, 108, 109, 110, 111, 112, 113, 114, 115, 116, 117, 118, 119, 120, 121, 122, 123, 124, 125, 126, 127]
}