{
  "file_name": "lid",
  "texture_size": [
    64,
    64
  ],
  "textures": {
    "layer0": "modelengine:entity/goblintreasure"
  },
  "elements": [
    {
      "name": "lid_0",
      "from": [
        6.274358,
        8.40605,
        7.484876
      ],
      "to": [
        7.174358,
        9.53105,
        7.934876
      ],
      "rotation": {
        "angle": 0.0,
        "axis": "z",
        "origin": [
          8.0,
          8.0,
          8.0
        ]
      },
      "faces": {
        "down": {
          "uv": [
            11.0,
            13.75,
            11.25,
            14.25
          ],
          "texture": "#layer0",
          "tintindex": 0
        },
        "east": {
          "uv": [
            10.0,
            13.75,
            10.25,
            14.25
          ],
          "texture": "#layer0",
          "tintindex": 0
        },
        "north": {
          "uv": [
            7.0,
            13.0,
            7.5,
            13.5
          ],
          "texture": "#layer0",
          "tintindex": 0
        },
        "south": {
          "uv": [
            6.5,
            13.0,
            7.0,
            13.5
          ],
          "texture": "#layer0",
          "tintindex": 0
        },
        "up": {
          "uv": [
            10.75,
            14.25,
            10.5,
            13.75
          ],
          "texture": "#layer0",
          "tintindex": 0
        },
        "west": {
          "uv": [
            10.25,
            13.75,
            10.5,
            14.25
          ],
          "texture": "#layer0",
          "tintindex": 0
        }
      }
    },
    {
      "name": "lid_1",
      "from": [
        8.974358,
        8.40605,
        7.484876
      ],
      "to": [
        9.874357,
        9.53105,
        7.934876
      ],
      "rotation": {
        "angle": 0.0,
        "axis": "z",
        "origin": [
          8.0,
          8.0,
          8.0
        ]
      },
      "faces": {
        "down": {
          "uv": [
            13.5,
            0.5,
            13.75,
            1.0
          ],
          "texture": "#layer0",
          "tintindex": 0
        },
        "east": {
          "uv": [
            13.25,
            13.5,
            13.5,
            14.0
          ],
          "texture": "#layer0",
          "tintindex": 0
        },
        "north": {
          "uv": [
            12.5,
            11.5,
            13.0,
            12.0
          ],
          "texture": "#layer0",
          "tintindex": 0
        },
        "south": {
          "uv": [
            12.5,
            6.25,
            13.0,
            6.75
          ],
          "texture": "#layer0",
          "tintindex": 0
        },
        "up": {
          "uv": [
            13.75,
            0.5,
            13.5,
            0.0
          ],
          "texture": "#layer0",
          "tintindex": 0
        },
        "west": {
          "uv": [
            13.5,
            13.5,
            13.75,
            14.0
          ],
          "texture": "#layer0",
          "tintindex": 0
        }
      }
    },
    {
      "name": "lid_2",
      "from": [
        3.5743577,
        8.40605,
        2.2791197
      ],
      "to": [
        4.4743576,
        9.53105,
        2.7291198
      ],
      "rotation": {
        "angle": 0.0,
        "axis": "z",
        "origin": [
          8.0,
          8.0,
          8.0
        ]
      },
      "faces": {
        "down": {
          "uv": [
            6.5,
            14.0,
            6.75,
            14.5
          ],
          "texture": "#layer0",
          "tintindex": 0
        },
        "east": {
          "uv": [
            5.75,
            14.0,
            6.0,
            14.5
          ],
          "texture": "#layer0",
          "tintindex": 0
        },
        "north": {
          "uv": [
            13.0,
            5.25,
            13.5,
            5.75
          ],
          "texture": "#layer0",
          "tintindex": 0
        },
        "south": {
          "uv": [
            13.0,
            4.75,
            13.5,
            5.25
          ],
          "texture": "#layer0",
          "tintindex": 0
        },
        "up": {
          "uv": [
            6.5,
            14.5,
            6.25,
            14.0
          ],
          "texture": "#layer0",
          "tintindex": 0
        },
        "west": {
          "uv": [
            6.0,
            14.0,
            6.25,
            14.5
          ],
          "texture": "#layer0",
          "tintindex": 0
        }
      }
    },
    {
      "name": "lid_3",
      "from": [
        6.274358,
        8.40605,
        2.2791197
      ],
      "to": [
        7.174358,
        9.53105,
        2.7291198
      ],
      "rotation": {
        "angle": 0.0,
        "axis": "z",
        "origin": [
          8.0,
          8.0,
          8.0
        ]
      },
      "faces": {
        "down": {
          "uv": [
            13.5,
            5.25,
            13.75,
            5.75
          ],
          "texture": "#layer0",
          "tintindex": 0
        },
        "east": {
          "uv": [
            13.5,
            3.75,
            13.75,
            4.25
          ],
          "texture": "#layer0",
          "tintindex": 0
        },
        "north": {
          "uv": [
            12.0,
            12.75,
            12.5,
            13.25
          ],
          "texture": "#layer0",
          "tintindex": 0
        },
        "south": {
          "uv": [
            11.5,
            12.75,
            12.0,
            13.25
          ],
          "texture": "#layer0",
          "tintindex": 0
        },
        "up": {
          "uv": [
            13.75,
            5.25,
            13.5,
            4.75
          ],
          "texture": "#layer0",
          "tintindex": 0
        },
        "west": {
          "uv": [
            13.5,
            4.25,
            13.75,
            4.75
          ],
          "texture": "#layer0",
          "tintindex": 0
        }
      }
    },
    {
      "name": "lid_4",
      "from": [
        8.974358,
        8.40605,
        2.2791197
      ],
      "to": [
        9.874357,
        9.53105,
        2.7291198
      ],
      "rotation": {
        "angle": 0.0,
        "axis": "z",
        "origin": [
          8.0,
          8.0,
          8.0
        ]
      },
      "faces": {
        "down": {
          "uv": [
            13.5,
            3.25,
            13.75,
            3.75
          ],
          "texture": "#layer0",
          "tintindex": 0
        },
        "east": {
          "uv": [
            13.5,
            1.75,
            13.75,
            2.25
          ],
          "texture": "#layer0",
          "tintindex": 0
        },
        "north": {
          "uv": [
            11.0,
            12.75,
            11.5,
            13.25
          ],
          "texture": "#layer0",
          "tintindex": 0
        },
        "south": {
          "uv": [
            2.5,
            12.75,
            3.0,
            13.25
          ],
          "texture": "#layer0",
          "tintindex": 0
        },
        "up": {
          "uv": [
            13.75,
            3.25,
            13.5,
            2.75
          ],
          "texture": "#layer0",
          "tintindex": 0
        },
        "west": {
          "uv": [
            13.5,
            2.25,
            13.75,
            2.75
          ],
          "texture": "#layer0",
          "tintindex": 0
        }
      }
    },
    {
      "name": "lid_5",
      "from": [
        11.674357,
        8.40605,
        2.2791197
      ],
      "to": [
        12.574358,
        9.53105,
        2.7291198
      ],
      "rotation": {
        "angle": 0.0,
        "axis": "z",
        "origin": [
          8.0,
          8.0,
          8.0
        ]
      },
      "faces": {
        "down": {
          "uv": [
            1.0,
            13.5,
            1.25,
            14.0
          ],
          "texture": "#layer0",
          "tintindex": 0
        },
        "east": {
          "uv": [
            0.25,
            13.5,
            0.5,
            14.0
          ],
          "texture": "#layer0",
          "tintindex": 0
        },
        "north": {
          "uv": [
            7.0,
            12.5,
            7.5,
            13.0
          ],
          "texture": "#layer0",
          "tintindex": 0
        },
        "south": {
          "uv": [
            6.5,
            12.5,
            7.0,
            13.0
          ],
          "texture": "#layer0",
          "tintindex": 0
        },
        "up": {
          "uv": [
            1.0,
            14.0,
            0.75,
            13.5
          ],
          "texture": "#layer0",
          "tintindex": 0
        },
        "west": {
          "uv": [
            0.5,
            13.5,
            0.75,
            14.0
          ],
          "texture": "#layer0",
          "tintindex": 0
        }
      }
    },
    {
      "name": "lid_6",
      "from": [
        11.674357,
        7.218098,
        2.1126199
      ],
      "to": [
        12.574358,
        8.343099,
        2.56262
      ],
      "rotation": {
        "angle": 22.5,
        "axis": "x",
        "origin": [
          8.074358,
          7.95605,
          8.009876
        ]
      },
      "faces": {
        "down": {
          "uv": [
            13.25,
            9.5,
            13.5,
            10.0
          ],
          "texture": "#layer0",
          "tintindex": 0
        },
        "east": {
          "uv": [
            13.25,
            7.5,
            13.5,
            8.0
          ],
          "texture": "#layer0",
          "tintindex": 0
        },
        "north": {
          "uv": [
            5.0,
            12.5,
            5.5,
            13.0
          ],
          "texture": "#layer0",
          "tintindex": 0
        },
        "south": {
          "uv": [
            2.0,
            12.5,
            2.5,
            13.0
          ],
          "texture": "#layer0",
          "tintindex": 0
        },
        "up": {
          "uv": [
            13.5,
            9.0,
            13.25,
            8.5
          ],
          "texture": "#layer0",
          "tintindex": 0
        },
        "west": {
          "uv": [
            13.25,
            8.0,
            13.5,
            8.5
          ],
          "texture": "#layer0",
          "tintindex": 0
        }
      }
    },
    {
      "name": "lid_7",
      "from": [
        11.674357,
        6.056858,
        2.413406
      ],
      "to": [
        12.574358,
        7.181858,
        2.863406
      ],
      "rotation": {
        "angle": 45.0,
        "axis": "x",
        "origin": [
          8.074358,
          7.95605,
          8.009876
        ]
      },
      "faces": {
        "down": {
          "uv": [
            11.25,
            13.25,
            11.5,
            13.75
          ],
          "texture": "#layer0",
          "tintindex": 0
        },
        "east": {
          "uv": [
            2.5,
            13.25,
            2.75,
            13.75
          ],
          "texture": "#layer0",
          "tintindex": 0
        },
        "north": {
          "uv": [
            12.25,
            7.5,
            12.75,
            8.0
          ],
          "texture": "#layer0",
          "tintindex": 0
        },
        "south": {
          "uv": [
            12.25,
            12.25,
            12.75,
            12.75
          ],
          "texture": "#layer0",
          "tintindex": 0
        },
        "up": {
          "uv": [
            11.25,
            13.75,
            11.0,
            13.25
          ],
          "texture": "#layer0",
          "tintindex": 0
        },
        "west": {
          "uv": [
            2.75,
            13.25,
            3.0,
            13.75
          ],
          "texture": "#layer0",
          "tintindex": 0
        }
      }
    },
    {
      "name": "lid_8",
      "from": [
        11.674357,
        11.346434,
        4.544504
      ],
      "to": [
        12.574358,
        11.796434,
        5.669504
      ],
      "rotation": {
        "angle": 0.0,
        "axis": "z",
        "origin": [
          8.0,
          8.0,
          8.0
        ]
      },
      "faces": {
        "down": {
          "uv": [
            2.5,
            12.25,
            3.0,
            12.75
          ],
          "texture": "#layer0",
          "tintindex": 0
        },
        "east": {
          "uv": [
            4.5,
            2.25,
            5.0,
            2.5
          ],
          "texture": "#layer0",
          "tintindex": 0
        },
        "north": {
          "uv": [
            13.0,
            6.0,
            13.5,
            6.25
          ],
          "texture": "#layer0",
          "tintindex": 0
        },
        "south": {
          "uv": [
            13.0,
            1.0,
            13.5,
            1.25
          ],
          "texture": "#layer0",
          "tintindex": 0
        },
        "up": {
          "uv": [
            2.5,
            12.25,
            2.0,
            11.75
          ],
          "texture": "#layer0",
          "tintindex": 0
        },
        "west": {
          "uv": [
            13.0,
            5.75,
            13.5,
            6.0
          ],
          "texture": "#layer0",
          "tintindex": 0
        }
      }
    },
    {
      "name": "lid_9",
      "from": [
        11.674357,
        12.380235,
        5.152934
      ],
      "to": [
        12.574358,
        12.830235,
        6.277934
      ],
      "rotation": {
        "angle": -22.5,
        "axis": "x",
        "origin": [
          8.074358,
          7.95605,
          8.009876
        ]
      },
      "faces": {
        "down": {
          "uv": [
            0.5,
            12.5,
            1.0,
            13.0
          ],
          "texture": "#layer0",
          "tintindex": 0
        },
        "east": {
          "uv": [
            13.0,
            10.5,
            13.5,
            10.75
          ],
          "texture": "#layer0",
          "tintindex": 0
        },
        "north": {
          "uv": [
            13.25,
            1.25,
            13.75,
            1.5
          ],
          "texture": "#layer0",
          "tintindex": 0
        },
        "south": {
          "uv": [
            13.0,
            12.75,
            13.5,
            13.0
          ],
          "texture": "#layer0",
          "tintindex": 0
        },
        "up": {
          "uv": [
            0.5,
            13.0,
            0.0,
            12.5
          ],
          "texture": "#layer0",
          "tintindex": 0
        },
        "west": {
          "uv": [
            12.5,
            13.25,
            13.0,
            13.5
          ],
          "texture": "#layer0",
          "tintindex": 0
        }
      }
    },
    {
      "name": "lid_10",
      "from": [
        11.674357,
        10.15847,
        4.378004
      ],
      "to": [
        12.574358,
        10.608471,
        5.503004
      ],
      "rotation": {
        "angle": 22.5,
        "axis": "x",
        "origin": [
          8.074358,
          7.95605,
          8.009876
        ]
      },
      "faces": {
        "down": {
          "uv": [
            1.5,
            12.5,
            2.0,
            13.0
          ],
          "texture": "#layer0",
          "tintindex": 0
        },
        "east": {
          "uv": [
            13.25,
            1.5,
            13.75,
            1.75
          ],
          "texture": "#layer0",
          "tintindex": 0
        },
        "north": {
          "uv": [
            13.25,
            6.75,
            13.75,
            7.0
          ],
          "texture": "#layer0",
          "tintindex": 0
        },
        "south": {
          "uv": [
            13.25,
            6.25,
            13.75,
            6.5
          ],
          "texture": "#layer0",
          "tintindex": 0
        },
        "up": {
          "uv": [
            1.5,
            13.0,
            1.0,
            12.5
          ],
          "texture": "#layer0",
          "tintindex": 0
        },
        "west": {
          "uv": [
            13.25,
            6.5,
            13.75,
            6.75
          ],
          "texture": "#layer0",
          "tintindex": 0
        }
      }
    },
    {
      "name": "lid_11",
      "from": [
        11.674357,
        10.162136,
        9.051056
      ],
      "to": [
        12.574358,
        11.287136,
        9.501057
      ],
      "rotation": {
        "angle": -45.0,
        "axis": "x",
        "origin": [
          8.074358,
          7.95605,
          8.009876
        ]
      },
      "faces": {
        "down": {
          "uv": [
            12.25,
            13.25,
            12.5,
            13.75
          ],
          "texture": "#layer0",
          "tintindex": 0
        },
        "east": {
          "uv": [
            11.5,
            13.25,
            11.75,
            13.75
          ],
          "texture": "#layer0",
          "tintindex": 0
        },
        "north": {
          "uv": [
            12.25,
            8.5,
            12.75,
            9.0
          ],
          "texture": "#layer0",
          "tintindex": 0
        },
        "south": {
          "uv": [
            12.25,
            8.0,
            12.75,
            8.5
          ],
          "texture": "#layer0",
          "tintindex": 0
        },
        "up": {
          "uv": [
            12.25,
            13.75,
            12.0,
            13.25
          ],
          "texture": "#layer0",
          "tintindex": 0
        },
        "west": {
          "uv": [
            11.75,
            13.25,
            12.0,
            13.75
          ],
          "texture": "#layer0",
          "tintindex": 0
        }
      }
    },
    {
      "name": "lid_12",
      "from": [
        11.674357,
        9.439861,
        8.093311
      ],
      "to": [
        12.574358,
        10.564861,
        8.543312
      ],
      "rotation": {
        "angle": -22.5,
        "axis": "x",
        "origin": [
          8.074358,
          7.95605,
          8.009876
        ]
      },
      "faces": {
        "down": {
          "uv": [
            13.0,
            11.5,
            13.25,
            12.0
          ],
          "texture": "#layer0",
          "tintindex": 0
        },
        "east": {
          "uv": [
            13.0,
            6.25,
            13.25,
            6.75
          ],
          "texture": "#layer0",
          "tintindex": 0
        },
        "north": {
          "uv": [
            11.75,
            12.25,
            12.25,
            12.75
          ],
          "texture": "#layer0",
          "tintindex": 0
        },
        "south": {
          "uv": [
            11.25,
            12.25,
            11.75,
            12.75
          ],
          "texture": "#layer0",
          "tintindex": 0
        },
        "up": {
          "uv": [
            13.25,
            10.5,
            13.0,
            10.0
          ],
          "texture": "#layer0",
          "tintindex": 0
        },
        "west": {
          "uv": [
            13.0,
            9.5,
            13.25,
            10.0
          ],
          "texture": "#layer0",
          "tintindex": 0
        }
      }
    },
    {
      "name": "lid_13",
      "from": [
        11.674357,
        8.40605,
        7.484876
      ],
      "to": [
        12.574358,
        9.53105,
        7.934876
      ],
      "rotation": {
        "angle": 0.0,
        "axis": "z",
        "origin": [
          8.0,
          8.0,
          8.0
        ]
      },
      "faces": {
        "down": {
          "uv": [
            0.0,
            13.5,
            0.25,
            14.0
          ],
          "texture": "#layer0",
          "tintindex": 0
        },
        "east": {
          "uv": [
            13.25,
            10.0,
            13.5,
            10.5
          ],
          "texture": "#layer0",
          "tintindex": 0
        },
        "north": {
          "uv": [
            6.0,
            12.5,
            6.5,
            13.0
          ],
          "texture": "#layer0",
          "tintindex": 0
        },
        "south": {
          "uv": [
            5.5,
            12.5,
            6.0,
            13.0
          ],
          "texture": "#layer0",
          "tintindex": 0
        },
        "up": {
          "uv": [
            13.5,
            12.5,
            13.25,
            12.0
          ],
          "texture": "#layer0",
          "tintindex": 0
        },
        "west": {
          "uv": [
            13.25,
            11.5,
            13.5,
            12.0
          ],
          "texture": "#layer0",
          "tintindex": 0
        }
      }
    },
    {
      "name": "lid_14",
      "from": [
        8.974358,
        9.439861,
        8.093311
      ],
      "to": [
        9.874357,
        10.564861,
        8.543312
      ],
      "rotation": {
        "angle": -22.5,
        "axis": "x",
        "origin": [
          8.074358,
          7.95605,
          8.009876
        ]
      },
      "faces": {
        "down": {
          "uv": [
            4.5,
            13.5,
            4.75,
            14.0
          ],
          "texture": "#layer0",
          "tintindex": 0
        },
        "east": {
          "uv": [
            2.25,
            13.5,
            2.5,
            14.0
          ],
          "texture": "#layer0",
          "tintindex": 0
        },
        "north": {
          "uv": [
            9.0,
            12.5,
            9.5,
            13.0
          ],
          "texture": "#layer0",
          "tintindex": 0
        },
        "south": {
          "uv": [
            8.5,
            12.5,
            9.0,
            13.0
          ],
          "texture": "#layer0",
          "tintindex": 0
        },
        "up": {
          "uv": [
            4.5,
            14.0,
            4.25,
            13.5
          ],
          "texture": "#layer0",
          "tintindex": 0
        },
        "west": {
          "uv": [
            4.0,
            13.5,
            4.25,
            14.0
          ],
          "texture": "#layer0",
          "tintindex": 0
        }
      }
    },
    {
      "name": "lid_15",
      "from": [
        6.274358,
        9.439861,
        8.093311
      ],
      "to": [
        7.174358,
        10.564861,
        8.543312
      ],
      "rotation": {
        "angle": -22.5,
        "axis": "x",
        "origin": [
          8.074358,
          7.95605,
          8.009876
        ]
      },
      "faces": {
        "down": {
          "uv": [
            13.5,
            9.25,
            13.75,
            9.75
          ],
          "texture": "#layer0",
          "tintindex": 0
        },
        "east": {
          "uv": [
            13.5,
            7.75,
            13.75,
            8.25
          ],
          "texture": "#layer0",
          "tintindex": 0
        },
        "north": {
          "uv": [
            12.75,
            8.5,
            13.25,
            9.0
          ],
          "texture": "#layer0",
          "tintindex": 0
        },
        "south": {
          "uv": [
            12.75,
            8.0,
            13.25,
            8.5
          ],
          "texture": "#layer0",
          "tintindex": 0
        },
        "up": {
          "uv": [
            13.75,
            9.25,
            13.5,
            8.75
          ],
          "texture": "#layer0",
          "tintindex": 0
        },
        "west": {
          "uv": [
            13.5,
            8.25,
            13.75,
            8.75
          ],
          "texture": "#layer0",
          "tintindex": 0
        }
      }
    },
    {
      "name": "lid_16",
      "from": [
        3.5743577,
        9.439861,
        8.093311
      ],
      "to": [
        4.4743576,
        10.564861,
        8.543312
      ],
      "rotation": {
        "angle": -22.5,
        "axis": "x",
        "origin": [
          8.074358,
          7.95605,
          8.009876
        ]
      },
      "faces": {
        "down": {
          "uv": [
            13.75,
            2.25,
            14.0,
            2.75
          ],
          "texture": "#layer0",
          "tintindex": 0
        },
        "east": {
          "uv": [
            12.25,
            13.75,
            12.5,
            14.25
          ],
          "texture": "#layer0",
          "tintindex": 0
        },
        "north": {
          "uv": [
            9.0,
            13.0,
            9.5,
            13.5
          ],
          "texture": "#layer0",
          "tintindex": 0
        },
        "south": {
          "uv": [
            8.5,
            13.0,
            9.0,
            13.5
          ],
          "texture": "#layer0",
          "tintindex": 0
        },
        "up": {
          "uv": [
            14.0,
            2.25,
            13.75,
            1.75
          ],
          "texture": "#layer0",
          "tintindex": 0
        },
        "west": {
          "uv": [
            13.75,
            1.25,
            14.0,
            1.75
          ],
          "texture": "#layer0",
          "tintindex": 0
        }
      }
    },
    {
      "name": "lid_17",
      "from": [
        3.5743577,
        8.40605,
        7.484876
      ],
      "to": [
        4.4743576,
        9.53105,
        7.934876
      ],
      "rotation": {
        "angle": 0.0,
        "axis": "z",
        "origin": [
          8.0,
          8.0,
          8.0
        ]
      },
      "faces": {
        "down": {
          "uv": [
            5.5,
            14.0,
            5.75,
            14.5
          ],
          "texture": "#layer0",
          "tintindex": 0
        },
        "east": {
          "uv": [
            4.75,
            14.0,
            5.0,
            14.5
          ],
          "texture": "#layer0",
          "tintindex": 0
        },
        "north": {
          "uv": [
            13.0,
            4.25,
            13.5,
            4.75
          ],
          "texture": "#layer0",
          "tintindex": 0
        },
        "south": {
          "uv": [
            13.0,
            3.75,
            13.5,
            4.25
          ],
          "texture": "#layer0",
          "tintindex": 0
        },
        "up": {
          "uv": [
            5.5,
            14.5,
            5.25,
            14.0
          ],
          "texture": "#layer0",
          "tintindex": 0
        },
        "west": {
          "uv": [
            5.0,
            14.0,
            5.25,
            14.5
          ],
          "texture": "#layer0",
          "tintindex": 0
        }
      }
    },
    {
      "name": "lid_18",
      "from": [
        3.5743577,
        7.218098,
        2.1126199
      ],
      "to": [
        4.4743576,
        8.343099,
        2.56262
      ],
      "rotation": {
        "angle": 22.5,
        "axis": "x",
        "origin": [
          8.074358,
          7.95605,
          8.009876
        ]
      },
      "faces": {
        "down": {
          "uv": [
            4.0,
            14.0,
            4.25,
            14.5
          ],
          "texture": "#layer0",
          "tintindex": 0
        },
        "east": {
          "uv": [
            1.0,
            14.0,
            1.25,
            14.5
          ],
          "texture": "#layer0",
          "tintindex": 0
        },
        "north": {
          "uv": [
            13.0,
            3.25,
            13.5,
            3.75
          ],
          "texture": "#layer0",
          "tintindex": 0
        },
        "south": {
          "uv": [
            13.0,
            2.75,
            13.5,
            3.25
          ],
          "texture": "#layer0",
          "tintindex": 0
        },
        "up": {
          "uv": [
            4.0,
            14.5,
            3.75,
            14.0
          ],
          "texture": "#layer0",
          "tintindex": 0
        },
        "west": {
          "uv": [
            2.75,
            14.0,
            3.0,
            14.5
          ],
          "texture": "#layer0",
          "tintindex": 0
        }
      }
    },
    {
      "name": "lid_19",
      "from": [
        3.5743577,
        6.056858,
        2.413406
      ],
      "to": [
        4.4743576,
        7.181858,
        2.863406
      ],
      "rotation": {
        "angle": 45.0,
        "axis": "x",
        "origin": [
          8.074358,
          7.95605,
          8.009876
        ]
      },
      "faces": {
        "down": {
          "uv": [
            13.75,
            5.25,
            14.0,
            5.75
          ],
          "texture": "#layer0",
          "tintindex": 0
        },
        "east": {
          "uv": [
            13.75,
            3.75,
            14.0,
            4.25
          ],
          "texture": "#layer0",
          "tintindex": 0
        },
        "north": {
          "uv": [
            10.0,
            13.0,
            10.5,
            13.5
          ],
          "texture": "#layer0",
          "tintindex": 0
        },
        "south": {
          "uv": [
            9.5,
            13.0,
            10.0,
            13.5
          ],
          "texture": "#layer0",
          "tintindex": 0
        },
        "up": {
          "uv": [
            14.0,
            5.25,
            13.75,
            4.75
          ],
          "texture": "#layer0",
          "tintindex": 0
        },
        "west": {
          "uv": [
            13.75,
            4.25,
            14.0,
            4.75
          ],
          "texture": "#layer0",
          "tintindex": 0
        }
      }
    },
    {
      "name": "lid_20",
      "from": [
        3.5743577,
        12.380235,
        5.152934
      ],
      "to": [
        4.4743576,
        12.830235,
        6.277934
      ],
      "rotation": {
        "angle": -22.5,
        "axis": "x",
        "origin": [
          8.074358,
          7.95605,
          8.009876
        ]
      },
      "faces": {
        "down": {
          "uv": [
            13.0,
            0.5,
            13.5,
            1.0
          ],
          "texture": "#layer0",
          "tintindex": 0
        },
        "east": {
          "uv": [
            13.75,
            0.75,
            14.25,
            1.0
          ],
          "texture": "#layer0",
          "tintindex": 0
        },
        "north": {
          "uv": [
            13.75,
            11.75,
            14.25,
            12.0
          ],
          "texture": "#layer0",
          "tintindex": 0
        },
        "south": {
          "uv": [
            13.75,
            6.75,
            14.25,
            7.0
          ],
          "texture": "#layer0",
          "tintindex": 0
        },
        "up": {
          "uv": [
            13.5,
            0.5,
            13.0,
            0.0
          ],
          "texture": "#layer0",
          "tintindex": 0
        },
        "west": {
          "uv": [
            13.75,
            10.75,
            14.25,
            11.0
          ],
          "texture": "#layer0",
          "tintindex": 0
        }
      }
    },
    {
      "name": "lid_21",
      "from": [
        3.5743577,
        10.15847,
        4.378004
      ],
      "to": [
        4.4743576,
        10.608471,
        5.503004
      ],
      "rotation": {
        "angle": 22.5,
        "axis": "x",
        "origin": [
          8.074358,
          7.95605,
          8.009876
        ]
      },
      "faces": {
        "down": {
          "uv": [
            13.0,
            2.25,
            13.5,
            2.75
          ],
          "texture": "#layer0",
          "tintindex": 0
        },
        "east": {
          "uv": [
            13.75,
            12.75,
            14.25,
            13.0
          ],
          "texture": "#layer0",
          "tintindex": 0
        },
        "north": {
          "uv": [
            0.0,
            14.0,
            0.5,
            14.25
          ],
          "texture": "#layer0",
          "tintindex": 0
        },
        "south": {
          "uv": [
            13.75,
            13.0,
            14.25,
            13.25
          ],
          "texture": "#layer0",
          "tintindex": 0
        },
        "up": {
          "uv": [
            13.5,
            2.25,
            13.0,
            1.75
          ],
          "texture": "#layer0",
          "tintindex": 0
        },
        "west": {
          "uv": [
            13.75,
            13.5,
            14.25,
            13.75
          ],
          "texture": "#layer0",
          "tintindex": 0
        }
      }
    },
    {
      "name": "lid_22",
      "from": [
        3.5743577,
        11.346434,
        4.544504
      ],
      "to": [
        4.4743576,
        11.796434,
        5.669504
      ],
      "rotation": {
        "angle": 0.0,
        "axis": "z",
        "origin": [
          8.0,
          8.0,
          8.0
        ]
      },
      "faces": {
        "down": {
          "uv": [
            8.0,
            13.0,
            8.5,
            13.5
          ],
          "texture": "#layer0",
          "tintindex": 0
        },
        "east": {
          "uv": [
            11.25,
            13.75,
            11.75,
            14.0
          ],
          "texture": "#layer0",
          "tintindex": 0
        },
        "north": {
          "uv": [
            13.75,
            0.0,
            14.25,
            0.25
          ],
          "texture": "#layer0",
          "tintindex": 0
        },
        "south": {
          "uv": [
            11.75,
            13.75,
            12.25,
            14.0
          ],
          "texture": "#layer0",
          "tintindex": 0
        },
        "up": {
          "uv": [
            8.0,
            13.5,
            7.5,
            13.0
          ],
          "texture": "#layer0",
          "tintindex": 0
        },
        "west": {
          "uv": [
            13.75,
            13.75,
            14.25,
            14.0
          ],
          "texture": "#layer0",
          "tintindex": 0
        }
      }
    },
    {
      "name": "lid_23",
      "from": [
        3.5743577,
        10.162136,
        9.051056
      ],
      "to": [
        4.4743576,
        11.287136,
        9.501057
      ],
      "rotation": {
        "angle": -45.0,
        "axis": "x",
        "origin": [
          8.074358,
          7.95605,
          8.009876
        ]
      },
      "faces": {
        "down": {
          "uv": [
            13.75,
            9.75,
            14.0,
            10.25
          ],
          "texture": "#layer0",
          "tintindex": 0
        },
        "east": {
          "uv": [
            13.75,
            8.25,
            14.0,
            8.75
          ],
          "texture": "#layer0",
          "tintindex": 0
        },
        "north": {
          "uv": [
            13.0,
            13.0,
            13.5,
            13.5
          ],
          "texture": "#layer0",
          "tintindex": 0
        },
        "south": {
          "uv": [
            10.5,
            13.0,
            11.0,
            13.5
          ],
          "texture": "#layer0",
          "tintindex": 0
        },
        "up": {
          "uv": [
            14.0,
            9.75,
            13.75,
            9.25
          ],
          "texture": "#layer0",
          "tintindex": 0
        },
        "west": {
          "uv": [
            13.75,
            8.75,
            14.0,
            9.25
          ],
          "texture": "#layer0",
          "tintindex": 0
        }
      }
    },
    {
      "name": "lid_24",
      "from": [
        6.274358,
        7.218098,
        2.1126199
      ],
      "to": [
        7.174358,
        8.343099,
        2.56262
      ],
      "rotation": {
        "angle": 22.5,
        "axis": "x",
        "origin": [
          8.074358,
          7.95605,
          8.009876
        ]
      },
      "faces": {
        "down": {
          "uv": [
            9.75,
            13.75,
            10.0,
            14.25
          ],
          "texture": "#layer0",
          "tintindex": 0
        },
        "east": {
          "uv": [
            2.0,
            13.75,
            2.25,
            14.25
          ],
          "texture": "#layer0",
          "tintindex": 0
        },
        "north": {
          "uv": [
            6.0,
            13.0,
            6.5,
            13.5
          ],
          "texture": "#layer0",
          "tintindex": 0
        },
        "south": {
          "uv": [
            5.5,
            13.0,
            6.0,
            13.5
          ],
          "texture": "#layer0",
          "tintindex": 0
        },
        "up": {
          "uv": [
            9.75,
            14.25,
            9.5,
            13.75
          ],
          "texture": "#layer0",
          "tintindex": 0
        },
        "west": {
          "uv": [
            9.25,
            13.75,
            9.5,
            14.25
          ],
          "texture": "#layer0",
          "tintindex": 0
        }
      }
    },
    {
      "name": "lid_25",
      "from": [
        6.274358,
        6.056858,
        2.413406
      ],
      "to": [
        7.174358,
        7.181858,
        2.863406
      ],
      "rotation": {
        "angle": 45.0,
        "axis": "x",
        "origin": [
          8.074358,
          7.95605,
          8.009876
        ]
      },
      "faces": {
        "down": {
          "uv": [
            13.5,
            11.75,
            13.75,
            12.25
          ],
          "texture": "#layer0",
          "tintindex": 0
        },
        "east": {
          "uv": [
            13.5,
            9.75,
            13.75,
            10.25
          ],
          "texture": "#layer0",
          "tintindex": 0
        },
        "north": {
          "uv": [
            0.0,
            13.0,
            0.5,
            13.5
          ],
          "texture": "#layer0",
          "tintindex": 0
        },
        "south": {
          "uv": [
            12.75,
            12.25,
            13.25,
            12.75
          ],
          "texture": "#layer0",
          "tintindex": 0
        },
        "up": {
          "uv": [
            13.75,
            11.75,
            13.5,
            11.25
          ],
          "texture": "#layer0",
          "tintindex": 0
        },
        "west": {
          "uv": [
            13.5,
            10.25,
            13.75,
            10.75
          ],
          "texture": "#layer0",
          "tintindex": 0
        }
      }
    },
    {
      "name": "lid_26",
      "from": [
        8.974358,
        6.056858,
        2.413406
      ],
      "to": [
        9.874357,
        7.181858,
        2.863406
      ],
      "rotation": {
        "angle": 45.0,
        "axis": "x",
        "origin": [
          8.074358,
          7.95605,
          8.009876
        ]
      },
      "faces": {
        "down": {
          "uv": [
            5.5,
            13.5,
            5.75,
            14.0
          ],
          "texture": "#layer0",
          "tintindex": 0
        },
        "east": {
          "uv": [
            4.75,
            13.5,
            5.0,
            14.0
          ],
          "texture": "#layer0",
          "tintindex": 0
        },
        "north": {
          "uv": [
            10.0,
            12.5,
            10.5,
            13.0
          ],
          "texture": "#layer0",
          "tintindex": 0
        },
        "south": {
          "uv": [
            9.5,
            12.5,
            10.0,
            13.0
          ],
          "texture": "#layer0",
          "tintindex": 0
        },
        "up": {
          "uv": [
            5.5,
            14.0,
            5.25,
            13.5
          ],
          "texture": "#layer0",
          "tintindex": 0
        },
        "west": {
          "uv": [
            5.0,
            13.5,
            5.25,
            14.0
          ],
          "texture": "#layer0",
          "tintindex": 0
        }
      }
    },
    {
      "name": "lid_27",
      "from": [
        8.974358,
        7.218098,
        2.1126199
      ],
      "to": [
        9.874357,
        8.343099,
        2.56262
      ],
      "rotation": {
        "angle": 22.5,
        "axis": "x",
        "origin": [
          8.074358,
          7.95605,
          8.009876
        ]
      },
      "faces": {
        "down": {
          "uv": [
            13.0,
            13.5,
            13.25,
            14.0
          ],
          "texture": "#layer0",
          "tintindex": 0
        },
        "east": {
          "uv": [
            10.75,
            13.5,
            11.0,
            14.0
          ],
          "texture": "#layer0",
          "tintindex": 0
        },
        "north": {
          "uv": [
            12.5,
            5.75,
            13.0,
            6.25
          ],
          "texture": "#layer0",
          "tintindex": 0
        },
        "south": {
          "uv": [
            12.5,
            5.25,
            13.0,
            5.75
          ],
          "texture": "#layer0",
          "tintindex": 0
        },
        "up": {
          "uv": [
            13.0,
            14.0,
            12.75,
            13.5
          ],
          "texture": "#layer0",
          "tintindex": 0
        },
        "west": {
          "uv": [
            12.5,
            13.5,
            12.75,
            14.0
          ],
          "texture": "#layer0",
          "tintindex": 0
        }
      }
    },
    {
      "name": "lid_28",
      "from": [
        8.974358,
        12.380235,
        5.152934
      ],
      "to": [
        9.874357,
        12.830235,
        6.277934
      ],
      "rotation": {
        "angle": -22.5,
        "axis": "x",
        "origin": [
          8.074358,
          7.95605,
          8.009876
        ]
      },
      "faces": {
        "down": {
          "uv": [
            12.5,
            3.75,
            13.0,
            4.25
          ],
          "texture": "#layer0",
          "tintindex": 0
        },
        "east": {
          "uv": [
            6.75,
            13.5,
            7.25,
            13.75
          ],
          "texture": "#layer0",
          "tintindex": 0
        },
        "north": {
          "uv": [
            8.25,
            13.5,
            8.75,
            13.75
          ],
          "texture": "#layer0",
          "tintindex": 0
        },
        "south": {
          "uv": [
            7.25,
            13.5,
            7.75,
            13.75
          ],
          "texture": "#layer0",
          "tintindex": 0
        },
        "up": {
          "uv": [
            13.0,
            3.75,
            12.5,
            3.25
          ],
          "texture": "#layer0",
          "tintindex": 0
        },
        "west": {
          "uv": [
            7.75,
            13.5,
            8.25,
            13.75
          ],
          "texture": "#layer0",
          "tintindex": 0
        }
      }
    },
    {
      "name": "lid_29",
      "from": [
        8.974358,
        11.346434,
        4.544504
      ],
      "to": [
        9.874357,
        11.796434,
        5.669504
      ],
      "rotation": {
        "angle": 0.0,
        "axis": "z",
        "origin": [
          8.0,
          8.0,
          8.0
        ]
      },
      "faces": {
        "down": {
          "uv": [
            8.0,
            12.5,
            8.5,
            13.0
          ],
          "texture": "#layer0",
          "tintindex": 0
        },
        "east": {
          "uv": [
            13.25,
            10.75,
            13.75,
            11.0
          ],
          "texture": "#layer0",
          "tintindex": 0
        },
        "north": {
          "uv": [
            1.75,
            13.5,
            2.25,
            13.75
          ],
          "texture": "#layer0",
          "tintindex": 0
        },
        "south": {
          "uv": [
            13.25,
            12.5,
            13.75,
            12.75
          ],
          "texture": "#layer0",
          "tintindex": 0
        },
        "up": {
          "uv": [
            8.0,
            13.0,
            7.5,
            12.5
          ],
          "texture": "#layer0",
          "tintindex": 0
        },
        "west": {
          "uv": [
            1.25,
            13.5,
            1.75,
            13.75
          ],
          "texture": "#layer0",
          "tintindex": 0
        }
      }
    },
    {
      "name": "lid_30",
      "from": [
        6.274358,
        12.380235,
        5.152934
      ],
      "to": [
        7.174358,
        12.830235,
        6.277934
      ],
      "rotation": {
        "angle": -22.5,
        "axis": "x",
        "origin": [
          8.074358,
          7.95605,
          8.009876
        ]
      },
      "faces": {
        "down": {
          "uv": [
            2.0,
            13.0,
            2.5,
            13.5
          ],
          "texture": "#layer0",
          "tintindex": 0
        },
        "east": {
          "uv": [
            13.5,
            12.25,
            14.0,
            12.5
          ],
          "texture": "#layer0",
          "tintindex": 0
        },
        "north": {
          "uv": [
            6.75,
            13.75,
            7.25,
            14.0
          ],
          "texture": "#layer0",
          "tintindex": 0
        },
        "south": {
          "uv": [
            13.5,
            13.25,
            14.0,
            13.5
          ],
          "texture": "#layer0",
          "tintindex": 0
        },
        "up": {
          "uv": [
            2.0,
            13.5,
            1.5,
            13.0
          ],
          "texture": "#layer0",
          "tintindex": 0
        },
        "west": {
          "uv": [
            2.5,
            13.75,
            3.0,
            14.0
          ],
          "texture": "#layer0",
          "tintindex": 0
        }
      }
    },
    {
      "name": "lid_31",
      "from": [
        6.274358,
        11.346434,
        4.544504
      ],
      "to": [
        7.174358,
        11.796434,
        5.669504
      ],
      "rotation": {
        "angle": 0.0,
        "axis": "z",
        "origin": [
          8.0,
          8.0,
          8.0
        ]
      },
      "faces": {
        "down": {
          "uv": [
            12.75,
            7.5,
            13.25,
            8.0
          ],
          "texture": "#layer0",
          "tintindex": 0
        },
        "east": {
          "uv": [
            13.5,
            1.0,
            14.0,
            1.25
          ],
          "texture": "#layer0",
          "tintindex": 0
        },
        "north": {
          "uv": [
            13.5,
            7.5,
            14.0,
            7.75
          ],
          "texture": "#layer0",
          "tintindex": 0
        },
        "south": {
          "uv": [
            13.5,
            5.75,
            14.0,
            6.0
          ],
          "texture": "#layer0",
          "tintindex": 0
        },
        "up": {
          "uv": [
            13.0,
            13.25,
            12.5,
            12.75
          ],
          "texture": "#layer0",
          "tintindex": 0
        },
        "west": {
          "uv": [
            13.5,
            6.0,
            14.0,
            6.25
          ],
          "texture": "#layer0",
          "tintindex": 0
        }
      }
    },
    {
      "name": "lid_32",
      "from": [
        6.274358,
        10.15847,
        4.378004
      ],
      "to": [
        7.174358,
        10.608471,
        5.503004
      ],
      "rotation": {
        "angle": 22.5,
        "axis": "x",
        "origin": [
          8.074358,
          7.95605,
          8.009876
        ]
      },
      "faces": {
        "down": {
          "uv": [
            5.0,
            13.0,
            5.5,
            13.5
          ],
          "texture": "#layer0",
          "tintindex": 0
        },
        "east": {
          "uv": [
            7.25,
            13.75,
            7.75,
            14.0
          ],
          "texture": "#layer0",
          "tintindex": 0
        },
        "north": {
          "uv": [
            8.75,
            13.75,
            9.25,
            14.0
          ],
          "texture": "#layer0",
          "tintindex": 0
        },
        "south": {
          "uv": [
            7.75,
            13.75,
            8.25,
            14.0
          ],
          "texture": "#layer0",
          "tintindex": 0
        },
        "up": {
          "uv": [
            5.0,
            13.5,
            4.5,
            13.0
          ],
          "texture": "#layer0",
          "tintindex": 0
        },
        "west": {
          "uv": [
            8.25,
            13.75,
            8.75,
            14.0
          ],
          "texture": "#layer0",
          "tintindex": 0
        }
      }
    },
    {
      "name": "lid_33",
      "from": [
        6.274358,
        10.162136,
        9.051056
      ],
      "to": [
        7.174358,
        11.287136,
        9.501057
      ],
      "rotation": {
        "angle": -45.0,
        "axis": "x",
        "origin": [
          8.074358,
          7.95605,
          8.009876
        ]
      },
      "faces": {
        "down": {
          "uv": [
            1.75,
            13.75,
            2.0,
            14.25
          ],
          "texture": "#layer0",
          "tintindex": 0
        },
        "east": {
          "uv": [
            13.5,
            12.75,
            13.75,
            13.25
          ],
          "texture": "#layer0",
          "tintindex": 0
        },
        "north": {
          "uv": [
            1.0,
            13.0,
            1.5,
            13.5
          ],
          "texture": "#layer0",
          "tintindex": 0
        },
        "south": {
          "uv": [
            0.5,
            13.0,
            1.0,
            13.5
          ],
          "texture": "#layer0",
          "tintindex": 0
        },
        "up": {
          "uv": [
            1.75,
            14.25,
            1.5,
            13.75
          ],
          "texture": "#layer0",
          "tintindex": 0
        },
        "west": {
          "uv": [
            1.25,
            13.75,
            1.5,
            14.25
          ],
          "texture": "#layer0",
          "tintindex": 0
        }
      }
    },
    {
      "name": "lid_34",
      "from": [
        8.974358,
        10.162136,
        9.051056
      ],
      "to": [
        9.874357,
        11.287136,
        9.501057
      ],
      "rotation": {
        "angle": -45.0,
        "axis": "x",
        "origin": [
          8.074358,
          7.95605,
          8.009876
        ]
      },
      "faces": {
        "down": {
          "uv": [
            6.5,
            13.5,
            6.75,
            14.0
          ],
          "texture": "#layer0",
          "tintindex": 0
        },
        "east": {
          "uv": [
            5.75,
            13.5,
            6.0,
            14.0
          ],
          "texture": "#layer0",
          "tintindex": 0
        },
        "north": {
          "uv": [
            12.5,
            2.75,
            13.0,
            3.25
          ],
          "texture": "#layer0",
          "tintindex": 0
        },
        "south": {
          "uv": [
            10.5,
            12.5,
            11.0,
            13.0
          ],
          "texture": "#layer0",
          "tintindex": 0
        },
        "up": {
          "uv": [
            6.5,
            14.0,
            6.25,
            13.5
          ],
          "texture": "#layer0",
          "tintindex": 0
        },
        "west": {
          "uv": [
            6.0,
            13.5,
            6.25,
            14.0
          ],
          "texture": "#layer0",
          "tintindex": 0
        }
      }
    },
    {
      "name": "lid_35",
      "from": [
        8.974358,
        10.15847,
        4.378004
      ],
      "to": [
        9.874357,
        10.608471,
        5.503004
      ],
      "rotation": {
        "angle": 22.5,
        "axis": "x",
        "origin": [
          8.074358,
          7.95605,
          8.009876
        ]
      },
      "faces": {
        "down": {
          "uv": [
            12.5,
            4.75,
            13.0,
            5.25
          ],
          "texture": "#layer0",
          "tintindex": 0
        },
        "east": {
          "uv": [
            8.75,
            13.5,
            9.25,
            13.75
          ],
          "texture": "#layer0",
          "tintindex": 0
        },
        "north": {
          "uv": [
            10.25,
            13.5,
            10.75,
            13.75
          ],
          "texture": "#layer0",
          "tintindex": 0
        },
        "south": {
          "uv": [
            9.25,
            13.5,
            9.75,
            13.75
          ],
          "texture": "#layer0",
          "tintindex": 0
        },
        "up": {
          "uv": [
            13.0,
            4.75,
            12.5,
            4.25
          ],
          "texture": "#layer0",
          "tintindex": 0
        },
        "west": {
          "uv": [
            9.75,
            13.5,
            10.25,
            13.75
          ],
          "texture": "#layer0",
          "tintindex": 0
        }
      }
    },
    {
      "name": "lid_36",
      "from": [
        3.8272276,
        10.832552,
        3.591512
      ],
      "to": [
        4.2772274,
        11.377449,
        6.651512
      ],
      "rotation": {
        "angle": 0.0,
        "axis": "z",
        "origin": [
          8.0,
          8.0,
          8.0
        ]
      },
      "faces": {
        "down": {
          "uv": [
            10.0,
            12.25,
            11.25,
            12.5
          ],
          "texture": "#layer0",
          "tintindex": 0
        },
        "east": {
          "uv": [
            6.25,
            12.25,
            7.5,
            12.5
          ],
          "texture": "#layer0",
          "tintindex": 0
        },
        "north": {
          "uv": [
            8.75,
            14.0,
            9.0,
            14.25
          ],
          "texture": "#layer0",
          "tintindex": 0
        },
        "south": {
          "uv": [
            8.5,
            14.0,
            8.75,
            14.25
          ],
          "texture": "#layer0",
          "tintindex": 0
        },
        "up": {
          "uv": [
            10.0,
            12.5,
            8.75,
            12.25
          ],
          "texture": "#layer0",
          "tintindex": 0
        },
        "west": {
          "uv": [
            7.5,
            12.25,
            8.75,
            12.5
          ],
          "texture": "#layer0",
          "tintindex": 0
        }
      }
    },
    {
      "name": "lid_37",
      "from": [
        3.8272276,
        10.382553,
        3.0515118
      ],
      "to": [
        4.2772274,
        10.837448,
        7.101512
      ],
      "rotation": {
        "angle": 0.0,
        "axis": "z",
        "origin": [
          8.0,
          8.0,
          8.0
        ]
      },
      "faces": {
        "down": {
          "uv": [
            10.25,
            12.0,
            12.0,
            12.25
          ],
          "texture": "#layer0",
          "tintindex": 0
        },
        "east": {
          "uv": [
            5.0,
            12.0,
            6.75,
            12.25
          ],
          "texture": "#layer0",
          "tintindex": 0
        },
        "north": {
          "uv": [
            7.75,
            14.0,
            8.0,
            14.25
          ],
          "texture": "#layer0",
          "tintindex": 0
        },
        "south": {
          "uv": [
            11.0,
            12.5,
            11.25,
            12.75
          ],
          "texture": "#layer0",
          "tintindex": 0
        },
        "up": {
          "uv": [
            10.25,
            12.25,
            8.5,
            12.0
          ],
          "texture": "#layer0",
          "tintindex": 0
        },
        "west": {
          "uv": [
            6.75,
            12.0,
            8.5,
            12.25
          ],
          "texture": "#layer0",
          "tintindex": 0
        }
      }
    },
    {
      "name": "lid_38",
      "from": [
        3.8272276,
        9.392551,
        2.6915119
      ],
      "to": [
        4.2772274,
        10.387448,
        7.5515122
      ],
      "rotation": {
        "angle": 0.0,
        "axis": "z",
        "origin": [
          8.0,
          8.0,
          8.0
        ]
      },
      "faces": {
        "down": {
          "uv": [
            5.0,
            11.75,
            7.0,
            12.0
          ],
          "texture": "#layer0",
          "tintindex": 0
        },
        "east": {
          "uv": [
            2.5,
            10.0,
            4.5,
            10.5
          ],
          "texture": "#layer0",
          "tintindex": 0
        },
        "north": {
          "uv": [
            7.5,
            14.0,
            7.75,
            14.5
          ],
          "texture": "#layer0",
          "tintindex": 0
        },
        "south": {
          "uv": [
            7.25,
            14.0,
            7.5,
            14.5
          ],
          "texture": "#layer0",
          "tintindex": 0
        },
        "up": {
          "uv": [
            2.0,
            12.0,
            0.0,
            11.75
          ],
          "texture": "#layer0",
          "tintindex": 0
        },
        "west": {
          "uv": [
            2.0,
            10.5,
            4.0,
            11.0
          ],
          "texture": "#layer0",
          "tintindex": 0
        }
      }
    },
    {
      "name": "lid_39",
      "from": [
        3.827228,
        8.402552,
        2.601512
      ],
      "to": [
        12.377229,
        9.397449,
        7.605512
      ],
      "rotation": {
        "angle": 0.0,
        "axis": "z",
        "origin": [
          8.0,
          8.0,
          8.0
        ]
      },
      "faces": {
        "down": {
          "uv": [
            7.5,
            3.5,
            9.5,
            7.0
          ],
          "texture": "#layer0",
          "tintindex": 0
        },
        "east": {
          "uv": [
            9.5,
            7.5,
            11.5,
            8.0
          ],
          "texture": "#layer0",
          "tintindex": 0
        },
        "north": {
          "uv": [
            9.5,
            2.25,
            13.0,
            2.75
          ],
          "texture": "#layer0",
          "tintindex": 0
        },
        "south": {
          "uv": [
            9.5,
            1.75,
            13.0,
            2.25
          ],
          "texture": "#layer0",
          "tintindex": 0
        },
        "up": {
          "uv": [
            9.5,
            3.5,
            7.5,
            0.0
          ],
          "texture": "#layer0",
          "tintindex": 0
        },
        "west": {
          "uv": [
            9.5,
            8.0,
            11.5,
            8.5
          ],
          "texture": "#layer0",
          "tintindex": 0
        }
      }
    },
    {
      "name": "lid_40",
      "from": [
        4.4572277,
        9.443354,
        7.787786
      ],
      "to": [
        11.657228,
        10.43825,
        8.185742
      ],
      "rotation": {
        "angle": -22.5,
        "axis": "x",
        "origin": [
          8.074358,
          7.95605,
          8.009876
        ]
      },
      "faces": {
        "down": {
          "uv": [
            4.75,
            10.0,
            5.0,
            13.0
          ],
          "texture": "#layer0",
          "tintindex": 0
        },
        "east": {
          "uv": [
            13.75,
            2.75,
            14.0,
            3.25
          ],
          "texture": "#layer0",
          "tintindex": 0
        },
        "north": {
          "uv": [
            9.5,
            3.25,
            12.5,
            3.75
          ],
          "texture": "#layer0",
          "tintindex": 0
        },
        "south": {
          "uv": [
            0.0,
            15.5,
            3.0,
            16.0
          ],
          "texture": "#layer0",
          "tintindex": 0
        },
        "up": {
          "uv": [
            4.75,
            13.0,
            4.5,
            10.0
          ],
          "texture": "#layer0",
          "tintindex": 0
        },
        "west": {
          "uv": [
            13.75,
            3.25,
            14.0,
            3.75
          ],
          "texture": "#layer0",
          "tintindex": 0
        }
      }
    },
    {
      "name": "lid_41",
      "from": [
        4.4572277,
        10.182009,
        8.72429
      ],
      "to": [
        11.657228,
        11.176905,
        9.1222515
      ],
      "rotation": {
        "angle": -45.0,
        "axis": "x",
        "origin": [
          8.074358,
          7.95605,
          8.009876
        ]
      },
      "faces": {
        "down": {
          "uv": [
            3.0,
            11.25,
            3.25,
            14.25
          ],
          "texture": "#layer0",
          "tintindex": 0
        },
        "east": {
          "uv": [
            13.75,
            10.25,
            14.0,
            10.75
          ],
          "texture": "#layer0",
          "tintindex": 0
        },
        "north": {
          "uv": [
            9.5,
            5.25,
            12.5,
            5.75
          ],
          "texture": "#layer0",
          "tintindex": 0
        },
        "south": {
          "uv": [
            0.0,
            15.5,
            3.0,
            16.0
          ],
          "texture": "#layer0",
          "tintindex": 0
        },
        "up": {
          "uv": [
            4.0,
            14.0,
            3.75,
            11.0
          ],
          "texture": "#layer0",
          "tintindex": 0
        },
        "west": {
          "uv": [
            13.75,
            11.25,
            14.0,
            11.75
          ],
          "texture": "#layer0",
          "tintindex": 0
        }
      }
    },
    {
      "name": "lid_42",
      "from": [
        4.4572277,
        9.818366,
        4.464992
      ],
      "to": [
        11.657228,
        10.216316,
        5.459888
      ],
      "rotation": {
        "angle": 22.5,
        "axis": "x",
        "origin": [
          8.074358,
          7.95605,
          8.009876
        ]
      },
      "faces": {
        "down": {
          "uv": [
            7.0,
            8.75,
            7.5,
            11.75
          ],
          "texture": "#layer0",
          "tintindex": 0
        },
        "east": {
          "uv": [
            0.5,
            14.0,
            1.0,
            14.25
          ],
          "texture": "#layer0",
          "tintindex": 0
        },
        "north": {
          "uv": [
            11.25,
            11.0,
            14.25,
            11.25
          ],
          "texture": "#layer0",
          "tintindex": 0
        },
        "south": {
          "uv": [
            11.25,
            7.25,
            14.25,
            7.5
          ],
          "texture": "#layer0",
          "tintindex": 0
        },
        "up": {
          "uv": [
            3.0,
            16.0,
            0.0,
            15.5
          ],
          "texture": "#layer0",
          "tintindex": 0
        },
        "west": {
          "uv": [
            2.25,
            14.0,
            2.75,
            14.25
          ],
          "texture": "#layer0",
          "tintindex": 0
        }
      }
    },
    {
      "name": "lid_43",
      "from": [
        4.4572277,
        11.002886,
        4.6049
      ],
      "to": [
        11.657228,
        11.400842,
        5.5997963
      ],
      "rotation": {
        "angle": 0.0,
        "axis": "z",
        "origin": [
          8.0,
          8.0,
          8.0
        ]
      },
      "faces": {
        "down": {
          "uv": [
            5.0,
            8.75,
            5.5,
            11.75
          ],
          "texture": "#layer0",
          "tintindex": 0
        },
        "east": {
          "uv": [
            13.75,
            0.25,
            14.25,
            0.5
          ],
          "texture": "#layer0",
          "tintindex": 0
        },
        "north": {
          "uv": [
            7.5,
            11.25,
            10.5,
            11.5
          ],
          "texture": "#layer0",
          "tintindex": 0
        },
        "south": {
          "uv": [
            0.0,
            11.25,
            3.0,
            11.5
          ],
          "texture": "#layer0",
          "tintindex": 0
        },
        "up": {
          "uv": [
            3.0,
            16.0,
            0.0,
            15.5
          ],
          "texture": "#layer0",
          "tintindex": 0
        },
        "west": {
          "uv": [
            13.75,
            0.5,
            14.25,
            0.75
          ],
          "texture": "#layer0",
          "tintindex": 0
        }
      }
    },
    {
      "name": "lid_44",
      "from": [
        4.4572277,
        6.070142,
        2.7856278
      ],
      "to": [
        11.657228,
        7.065038,
        3.18359
      ],
      "rotation": {
        "angle": 45.0,
        "axis": "x",
        "origin": [
          8.074358,
          7.95605,
          8.009876
        ]
      },
      "faces": {
        "down": {
          "uv": [
            4.25,
            10.5,
            4.5,
            13.5
          ],
          "texture": "#layer0",
          "tintindex": 0
        },
        "east": {
          "uv": [
            13.75,
            6.25,
            14.0,
            6.75
          ],
          "texture": "#layer0",
          "tintindex": 0
        },
        "north": {
          "uv": [
            9.5,
            4.25,
            12.5,
            4.75
          ],
          "texture": "#layer0",
          "tintindex": 0
        },
        "south": {
          "uv": [
            9.5,
            3.75,
            12.5,
            4.25
          ],
          "texture": "#layer0",
          "tintindex": 0
        },
        "up": {
          "uv": [
            4.25,
            13.5,
            4.0,
            10.5
          ],
          "texture": "#layer0",
          "tintindex": 0
        },
        "west": {
          "uv": [
            13.75,
            7.75,
            14.0,
            8.25
          ],
          "texture": "#layer0",
          "tintindex": 0
        }
      }
    },
    {
      "name": "lid_45",
      "from": [
        4.4572277,
        12.043688,
        5.187452
      ],
      "to": [
        11.657228,
        12.441638,
        6.1823483
      ],
      "rotation": {
        "angle": -22.5,
        "axis": "x",
        "origin": [
          8.074358,
          7.95605,
          8.009876
        ]
      },
      "faces": {
        "down": {
          "uv": [
            6.0,
            8.75,
            6.5,
            11.75
          ],
          "texture": "#layer0",
          "tintindex": 0
        },
        "east": {
          "uv": [
            13.75,
            12.0,
            14.25,
            12.25
          ],
          "texture": "#layer0",
          "tintindex": 0
        },
        "north": {
          "uv": [
            11.25,
            7.0,
            14.25,
            7.25
          ],
          "texture": "#layer0",
          "tintindex": 0
        },
        "south": {
          "uv": [
            10.5,
            11.25,
            13.5,
            11.5
          ],
          "texture": "#layer0",
          "tintindex": 0
        },
        "up": {
          "uv": [
            3.0,
            15.91425,
            0.0,
            15.5
          ],
          "texture": "#layer0",
          "tintindex": 0
        },
        "west": {
          "uv": [
            13.75,
            12.5,
            14.25,
            12.75
          ],
          "texture": "#layer0",
          "tintindex": 0
        }
      }
    },
    {
      "name": "lid_46",
      "from": [
        4.4572277,
        7.218032,
        2.461598
      ],
      "to": [
        11.657228,
        8.212929,
        2.8595479
      ],
      "rotation": {
        "angle": 22.5,
        "axis": "x",
        "origin": [
          8.074358,
          7.95605,
          8.009876
        ]
      },
      "faces": {
        "down": {
          "uv": [
            3.5,
            11.25,
            3.75,
            14.25
          ],
          "texture": "#layer0",
          "tintindex": 0
        },
        "east": {
          "uv": [
            4.25,
            14.0,
            4.5,
            14.5
          ],
          "texture": "#layer0",
          "tintindex": 0
        },
        "north": {
          "uv": [
            9.5,
            6.25,
            12.5,
            6.75
          ],
          "texture": "#layer0",
          "tintindex": 0
        },
        "south": {
          "uv": [
            9.5,
            5.75,
            12.5,
            6.25
          ],
          "texture": "#layer0",
          "tintindex": 0
        },
        "up": {
          "uv": [
            3.5,
            14.25,
            3.25,
            11.25
          ],
          "texture": "#layer0",
          "tintindex": 0
        },
        "west": {
          "uv": [
            4.5,
            14.0,
            4.75,
            14.5
          ],
          "texture": "#layer0",
          "tintindex": 0
        }
      }
    },
    {
      "name": "lid_47",
      "from": [
        7.1743574,
        7.19105,
        1.7841198
      ],
      "to": [
        8.974358,
        8.991051,
        2.68412
      ],
      "rotation": {
        "angle": 0.0,
        "axis": "z",
        "origin": [
          8.0,
          8.0,
          8.0
        ]
      },
      "faces": {
        "down": {
          "uv": [
            2.5,
            11.5,
            3.0,
            12.25
          ],
          "texture": "#layer0",
          "tintindex": 0
        },
        "east": {
          "uv": [
            4.5,
            0.0,
            5.0,
            0.75
          ],
          "texture": "#layer0",
          "tintindex": 0
        },
        "north": {
          "uv": [
            11.5,
            8.25,
            12.25,
            9.0
          ],
          "texture": "#layer0",
          "tintindex": 0
        },
        "south": {
          "uv": [
            11.5,
            7.5,
            12.25,
            8.25
          ],
          "texture": "#layer0",
          "tintindex": 0
        },
        "up": {
          "uv": [
            5.0,
            2.25,
            4.5,
            1.5
          ],
          "texture": "#layer0",
          "tintindex": 0
        },
        "west": {
          "uv": [
            4.5,
            0.75,
            5.0,
            1.5
          ],
          "texture": "#layer0",
          "tintindex": 0
        }
      }
    },
    {
      "name": "lid_48",
      "from": [
        3.5743573,
        7.95605,
        2.1441197
      ],
      "to": [
        12.574358,
        8.40605,
        7.99412
      ],
      "rotation": {
        "angle": 0.0,
        "axis": "z",
        "origin": [
          8.0,
          8.0,
          8.0
        ]
      },
      "faces": {
        "down": {
          "uv": [
            2.5,
            2.5,
            5.0,
            6.25
          ],
          "texture": "#layer0",
          "tintindex": 0
        },
        "east": {
          "uv": [
            5.0,
            4.75,
            7.5,
            5.0
          ],
          "texture": "#layer0",
          "tintindex": 0
        },
        "north": {
          "uv": [
            9.5,
            10.75,
            13.25,
            11.0
          ],
          "texture": "#layer0",
          "tintindex": 0
        },
        "south": {
          "uv": [
            9.5,
            6.75,
            13.25,
            7.0
          ],
          "texture": "#layer0",
          "tintindex": 0
        },
        "up": {
          "uv": [
            2.5,
            3.75,
            0.0,
            0.0
          ],
          "texture": "#layer0",
          "tintindex": 0
        },
        "west": {
          "uv": [
            0.0,
            11.5,
            2.5,
            11.75
          ],
          "texture": "#layer0",
          "tintindex": 0
        }
      }
    },
    {
      "name": "lid_49",
      "from": [
        11.927229,
        9.392551,
        2.6915119
      ],
      "to": [
        12.377229,
        10.387448,
        7.5515122
      ],
      "rotation": {
        "angle": 0.0,
        "axis": "z",
        "origin": [
          8.0,
          8.0,
          8.0
        ]
      },
      "faces": {
        "down": {
          "uv": [
            11.5,
            9.25,
            13.5,
            9.5
          ],
          "texture": "#layer0",
          "tintindex": 0
        },
        "east": {
          "uv": [
            9.5,
            8.5,
            11.5,
            9.0
          ],
          "texture": "#layer0",
          "tintindex": 0
        },
        "north": {
          "uv": [
            7.0,
            14.0,
            7.25,
            14.5
          ],
          "texture": "#layer0",
          "tintindex": 0
        },
        "south": {
          "uv": [
            6.75,
            14.0,
            7.0,
            14.5
          ],
          "texture": "#layer0",
          "tintindex": 0
        },
        "up": {
          "uv": [
            13.5,
            9.25,
            11.5,
            9.0
          ],
          "texture": "#layer0",
          "tintindex": 0
        },
        "west": {
          "uv": [
            9.5,
            9.0,
            11.5,
            9.5
          ],
          "texture": "#layer0",
          "tintindex": 0
        }
      }
    },
    {
      "name": "lid_50",
      "from": [
        11.927229,
        10.382553,
        3.0515118
      ],
      "to": [
        12.377229,
        10.837448,
        7.101512
      ],
      "rotation": {
        "angle": 0.0,
        "axis": "z",
        "origin": [
          8.0,
          8.0,
          8.0
        ]
      },
      "faces": {
        "down": {
          "uv": [
            0.0,
            12.0,
            1.75,
            12.25
          ],
          "texture": "#layer0",
          "tintindex": 0
        },
        "east": {
          "uv": [
            7.0,
            11.75,
            8.75,
            12.0
          ],
          "texture": "#layer0",
          "tintindex": 0
        },
        "north": {
          "uv": [
            12.25,
            11.75,
            12.5,
            12.0
          ],
          "texture": "#layer0",
          "tintindex": 0
        },
        "south": {
          "uv": [
            1.75,
            12.0,
            2.0,
            12.25
          ],
          "texture": "#layer0",
          "tintindex": 0
        },
        "up": {
          "uv": [
            12.25,
            12.0,
            10.5,
            11.75
          ],
          "texture": "#layer0",
          "tintindex": 0
        },
        "west": {
          "uv": [
            8.75,
            11.75,
            10.5,
            12.0
          ],
          "texture": "#layer0",
          "tintindex": 0
        }
      }
    },
    {
      "name": "lid_51",
      "from": [
        11.927229,
        10.832552,
        3.591512
      ],
      "to": [
        12.377229,
        11.377449,
        6.651512
      ],
      "rotation": {
        "angle": 0.0,
        "axis": "z",
        "origin": [
          8.0,
          8.0,
          8.0
        ]
      },
      "faces": {
        "down": {
          "uv": [
            5.0,
            12.25,
            6.25,
            12.5
          ],
          "texture": "#layer0",
          "tintindex": 0
        },
        "east": {
          "uv": [
            12.0,
            12.0,
            13.25,
            12.25
          ],
          "texture": "#layer0",
          "tintindex": 0
        },
        "north": {
          "uv": [
            8.25,
            14.0,
            8.5,
            14.25
          ],
          "texture": "#layer0",
          "tintindex": 0
        },
        "south": {
          "uv": [
            8.0,
            14.0,
            8.25,
            14.25
          ],
          "texture": "#layer0",
          "tintindex": 0
        },
        "up": {
          "uv": [
            2.5,
            12.5,
            1.25,
            12.25
          ],
          "texture": "#layer0",
          "tintindex": 0
        },
        "west": {
          "uv": [
            0.0,
            12.25,
            1.25,
            12.5
          ],
          "texture": "#layer0",
          "tintindex": 0
        }
      }
    }
  ],
  "display": {
    "head": {
      "translation": [
        0.0,
        -6.4,
        0.0
      ],
      "rotation": [
        0.0,
        0.0,
        0.0
      ],
      "scale": [
        3.8095,
        3.8095,
        3.8095
      ]
    },
    "gui": {
      "translation": [
        0.0,
        0.0,
        0.0
      ],
      "rotation": [
        35.0,
        225.0,
        0.0
      ],
      "scale": [
        0.625,
        0.625,
        0.625
      ]
    }
  }
}