{
  "file_name": "backlegs",
  "texture_size": [
    64,
    64
  ],
  "textures": {
    "layer0": "modelengine:entity/scorpid"
  },
  "elements": [
    {
      "name": "backlegs_0",
      "from": [
        2.33453,
        5.5900097,
        8.140106
      ],
      "to": [
        3.23453,
        9.19001,
        9.040106
      ],
      "rotation": {
        "angle": -22.5,
        "axis": "z",
        "origin": [
          2.669834,
          7.66691,
          8.603191
        ]
      },
      "faces": {
        "down": {
          "uv": [
            1.5,
            12.0,
            2.0,
            12.5
          ],
          "texture": "#layer0",
          "tintindex": 0
        },
        "east": {
          "uv": [
            11.25,
            0.0,
            11.75,
            1.5
          ],
          "texture": "#layer0",
          "tintindex": 0
        },
        "north": {
          "uv": [
            11.25,
            11.25,
            11.75,
            12.75
          ],
          "texture": "#layer0",
          "tintindex": 0
        },
        "south": {
          "uv": [
            11.25,
            6.25,
            11.75,
            7.75
          ],
          "texture": "#layer0",
          "tintindex": 0
        },
        "up": {
          "uv": [
            1.5,
            12.5,
            1.0,
            12.0
          ],
          "texture": "#layer0",
          "tintindex": 0
        },
        "west": {
          "uv": [
            11.25,
            7.75,
            11.75,
            9.25
          ],
          "texture": "#layer0",
          "tintindex": 0
        }
      }
    },
    {
      "name": "backlegs_1",
      "from": [
        3.0928042,
        8.502116,
        8.140106
      ],
      "to": [
        6.6928043,
        9.402117,
        9.040106
      ],
      "rotation": {
        "angle": -22.5,
        "axis": "z",
        "origin": [
          4.7781076,
          9.229015,
          8.603191
        ]
      },
      "faces": {
        "down": {
          "uv": [
            1.0,
            11.5,
            2.5,
            12.0
          ],
          "texture": "#layer0",
          "tintindex": 0
        },
        "east": {
          "uv": [
            2.0,
            12.0,
            2.5,
            12.5
          ],
          "texture": "#layer0",
          "tintindex": 0
        },
        "north": {
          "uv": [
            11.0,
            3.0,
            12.5,
            3.5
          ],
          "texture": "#layer0",
          "tintindex": 0
        },
        "south": {
          "uv": [
            11.0,
            3.5,
            12.5,
            4.0
          ],
          "texture": "#layer0",
          "tintindex": 0
        },
        "up": {
          "uv": [
            12.75,
            2.0,
            11.25,
            1.5
          ],
          "texture": "#layer0",
          "tintindex": 0
        },
        "west": {
          "uv": [
            6.25,
            12.0,
            6.75,
            12.5
          ],
          "texture": "#layer0",
          "tintindex": 0
        }
      }
    },
    {
      "name": "backlegs_2",
      "from": [
        9.848469,
        8.502116,
        8.050412
      ],
      "to": [
        13.448468,
        9.402117,
        8.950413
      ],
      "rotation": {
        "angle": 22.5,
        "axis": "z",
        "origin": [
          11.7631645,
          9.229015,
          8.513498
        ]
      },
      "faces": {
        "down": {
          "uv": [
            11.5,
            5.0,
            13.0,
            5.5
          ],
          "texture": "#layer0",
          "tintindex": 0
        },
        "east": {
          "uv": [
            7.5,
            12.0,
            8.0,
            12.5
          ],
          "texture": "#layer0",
          "tintindex": 0
        },
        "north": {
          "uv": [
            7.5,
            11.5,
            9.0,
            12.0
          ],
          "texture": "#layer0",
          "tintindex": 0
        },
        "south": {
          "uv": [
            11.5,
            4.0,
            13.0,
            4.5
          ],
          "texture": "#layer0",
          "tintindex": 0
        },
        "up": {
          "uv": [
            13.0,
            5.0,
            11.5,
            4.5
          ],
          "texture": "#layer0",
          "tintindex": 0
        },
        "west": {
          "uv": [
            8.0,
            12.0,
            8.5,
            12.5
          ],
          "texture": "#layer0",
          "tintindex": 0
        }
      }
    },
    {
      "name": "backlegs_3",
      "from": [
        13.306743,
        5.5900097,
        8.050412
      ],
      "to": [
        14.206742,
        9.19001,
        8.950413
      ],
      "rotation": {
        "angle": 22.5,
        "axis": "z",
        "origin": [
          13.871438,
          7.66691,
          8.513498
        ]
      },
      "faces": {
        "down": {
          "uv": [
            12.0,
            9.25,
            12.5,
            9.75
          ],
          "texture": "#layer0",
          "tintindex": 0
        },
        "east": {
          "uv": [
            5.0,
            11.5,
            5.5,
            13.0
          ],
          "texture": "#layer0",
          "tintindex": 0
        },
        "north": {
          "uv": [
            4.5,
            11.5,
            5.0,
            13.0
          ],
          "texture": "#layer0",
          "tintindex": 0
        },
        "south": {
          "uv": [
            11.5,
            9.25,
            12.0,
            10.75
          ],
          "texture": "#layer0",
          "tintindex": 0
        },
        "up": {
          "uv": [
            9.0,
            12.5,
            8.5,
            12.0
          ],
          "texture": "#layer0",
          "tintindex": 0
        },
        "west": {
          "uv": [
            0.0,
            11.75,
            0.5,
            13.25
          ],
          "texture": "#layer0",
          "tintindex": 0
        }
      }
    }
  ],
  "display": {
    "head": {
      "translation": [
        0.0,
        -6.4,
        0.0
      ],
      "rotation": [
        0.0,
        0.0,
        0.0
      ],
      "scale": [
        3.8095,
        3.8095,
        3.8095
      ]
    },
    "gui": {
      "translation": [
        0.0,
        0.0,
        0.0
      ],
      "rotation": [
        35.0,
        225.0,
        0.0
      ],
      "scale": [
        0.625,
        0.625,
        0.625
      ]
    }
  }
}