{
  "file_name": "frontlegs",
  "texture_size": [
    64,
    64
  ],
  "textures": {
    "layer0": "modelengine:entity/scorpid"
  },
  "elements": [
    {
      "name": "frontlegs_0",
      "from": [
        2.3346376,
        5.58974,
        8.153192
      ],
      "to": [
        3.2346377,
        9.189739,
        9.053192
      ],
      "rotation": {
        "angle": -22.5,
        "axis": "z",
        "origin": [
          2.669834,
          7.666904,
          8.603192
        ]
      },
      "faces": {
        "down": {
          "uv": [
            11.75,
            7.25,
            12.25,
            7.75
          ],
          "texture": "#layer0",
          "tintindex": 0
        },
        "east": {
          "uv": [
            1.0,
            10.0,
            1.5,
            11.5
          ],
          "texture": "#layer0",
          "tintindex": 0
        },
        "north": {
          "uv": [
            6.0,
            9.5,
            6.5,
            11.0
          ],
          "texture": "#layer0",
          "tintindex": 0
        },
        "south": {
          "uv": [
            1.5,
            10.0,
            2.0,
            11.5
          ],
          "texture": "#layer0",
          "tintindex": 0
        },
        "up": {
          "uv": [
            12.25,
            1.5,
            11.75,
            1.0
          ],
          "texture": "#layer0",
          "tintindex": 0
        },
        "west": {
          "uv": [
            2.0,
            10.0,
            2.5,
            11.5
          ],
          "texture": "#layer0",
          "tintindex": 0
        }
      }
    },
    {
      "name": "frontlegs_1",
      "from": [
        3.0929117,
        8.501846,
        8.153192
      ],
      "to": [
        6.692912,
        9.401846,
        9.053192
      ],
      "rotation": {
        "angle": -22.5,
        "axis": "z",
        "origin": [
          4.7781076,
          9.22901,
          8.603192
        ]
      },
      "faces": {
        "down": {
          "uv": [
            9.75,
            1.5,
            11.25,
            2.0
          ],
          "texture": "#layer0",
          "tintindex": 0
        },
        "east": {
          "uv": [
            4.0,
            8.75,
            4.5,
            9.25
          ],
          "texture": "#layer0",
          "tintindex": 0
        },
        "north": {
          "uv": [
            9.5,
            8.5,
            11.0,
            9.0
          ],
          "texture": "#layer0",
          "tintindex": 0
        },
        "south": {
          "uv": [
            9.5,
            9.0,
            11.0,
            9.5
          ],
          "texture": "#layer0",
          "tintindex": 0
        },
        "up": {
          "uv": [
            11.25,
            1.5,
            9.75,
            1.0
          ],
          "texture": "#layer0",
          "tintindex": 0
        },
        "west": {
          "uv": [
            4.75,
            10.25,
            5.25,
            10.75
          ],
          "texture": "#layer0",
          "tintindex": 0
        }
      }
    },
    {
      "name": "frontlegs_2",
      "from": [
        9.84836,
        8.501846,
        8.063498
      ],
      "to": [
        13.44836,
        9.401846,
        8.963498
      ],
      "rotation": {
        "angle": 22.5,
        "axis": "z",
        "origin": [
          11.7631645,
          9.22901,
          8.513498
        ]
      },
      "faces": {
        "down": {
          "uv": [
            11.0,
            2.5,
            12.5,
            3.0
          ],
          "texture": "#layer0",
          "tintindex": 0
        },
        "east": {
          "uv": [
            11.75,
            7.75,
            12.25,
            8.25
          ],
          "texture": "#layer0",
          "tintindex": 0
        },
        "north": {
          "uv": [
            10.0,
            4.25,
            11.5,
            4.75
          ],
          "texture": "#layer0",
          "tintindex": 0
        },
        "south": {
          "uv": [
            7.5,
            11.0,
            9.0,
            11.5
          ],
          "texture": "#layer0",
          "tintindex": 0
        },
        "up": {
          "uv": [
            12.5,
            2.5,
            11.0,
            2.0
          ],
          "texture": "#layer0",
          "tintindex": 0
        },
        "west": {
          "uv": [
            11.75,
            8.25,
            12.25,
            8.75
          ],
          "texture": "#layer0",
          "tintindex": 0
        }
      }
    },
    {
      "name": "frontlegs_3",
      "from": [
        13.306635,
        5.58974,
        8.063498
      ],
      "to": [
        14.2066345,
        9.189739,
        8.963498
      ],
      "rotation": {
        "angle": 22.5,
        "axis": "z",
        "origin": [
          13.871438,
          7.666904,
          8.513498
        ]
      },
      "faces": {
        "down": {
          "uv": [
            11.75,
            11.25,
            12.25,
            11.75
          ],
          "texture": "#layer0",
          "tintindex": 0
        },
        "east": {
          "uv": [
            11.0,
            4.75,
            11.5,
            6.25
          ],
          "texture": "#layer0",
          "tintindex": 0
        },
        "north": {
          "uv": [
            9.75,
            11.0,
            10.25,
            12.5
          ],
          "texture": "#layer0",
          "tintindex": 0
        },
        "south": {
          "uv": [
            10.25,
            11.25,
            10.75,
            12.75
          ],
          "texture": "#layer0",
          "tintindex": 0
        },
        "up": {
          "uv": [
            12.25,
            9.25,
            11.75,
            8.75
          ],
          "texture": "#layer0",
          "tintindex": 0
        },
        "west": {
          "uv": [
            10.75,
            11.25,
            11.25,
            12.75
          ],
          "texture": "#layer0",
          "tintindex": 0
        }
      }
    }
  ],
  "display": {
    "head": {
      "translation": [
        0.0,
        -6.4,
        0.0
      ],
      "rotation": [
        0.0,
        0.0,
        0.0
      ],
      "scale": [
        3.8095,
        3.8095,
        3.8095
      ]
    },
    "gui": {
      "translation": [
        0.0,
        0.0,
        0.0
      ],
      "rotation": [
        35.0,
        225.0,
        0.0
      ],
      "scale": [
        0.625,
        0.625,
        0.625
      ]
    }
  }
}