{
	"parent": "item/handheld",
	"textures": {
		"layer0": "item/diamond_axe"
	},
	"overrides": [
		{ "predicate": { "custom_model_data": 1 }, "model": "barricades/01_barricade_wooden" },
		{ "predicate": { "custom_model_data": 2 }, "model": "barricades/01_barricade_wooden" },
		{ "predicate": { "custom_model_data": 3 }, "model": "barricades/01_barricade_wooden" },
		
		{ "predicate": { "custom_model_data": 4 }, "model": "barricades/02_barricade_stone" },
		{ "predicate": { "custom_model_data": 5 }, "model": "barricades/02_barricade_stone" },
		{ "predicate": { "custom_model_data": 6 }, "model": "barricades/02_barricade_stone" },
		
		{ "predicate": { "custom_model_data": 7 }, "model": "barricades/05_barricade_iron_end_mir" },
		{ "predicate": { "custom_model_data": 8 }, "model": "barricades/03_barricade_iron" },
		{ "predicate": { "custom_model_data": 9 }, "model": "barricades/04_barricade_iron_end" },
		
		{ "predicate": { "custom_model_data": 10 }, "model": "barricades/08_barricade_gold_end_mir" },
		{ "predicate": { "custom_model_data": 11 }, "model": "barricades/06_barricade_gold" },
		{ "predicate": { "custom_model_data": 12 }, "model": "barricades/07_barricade_gold_end" },
		
		{ "predicate": { "custom_model_data": 13 }, "model": "barricades/11_barricade_diamond_end_mir" },
		{ "predicate": { "custom_model_data": 14 }, "model": "barricades/09_barricade_diamond" },
		{ "predicate": { "custom_model_data": 15 }, "model": "barricades/10_barricade_diamond_end" },
		
		{ "predicate": { "custom_model_data": 16 }, "model": "barricades/14_barricade_emerald_end_mir" },
		{ "predicate": { "custom_model_data": 17 }, "model": "barricades/12_barricade_emerald" },
		{ "predicate": { "custom_model_data": 18 }, "model": "barricades/13_barricade_emerald_end" }
	]
}