{
	"parent": "item/handheld",
	"textures": {
		"layer0": "item/diamond_hoe"
	},
	"overrides": [
		{ "predicate": { "custom_model_data": 1 }, "model": "towers/zombie/01_lvl_1" },
		{ "predicate": { "custom_model_data": 2 }, "model": "towers/zombie/02_lvl_2" },
		{ "predicate": { "custom_model_data": 3 }, "model": "towers/zombie/03_lvl_3" },
		{ "predicate": { "custom_model_data": 4 }, "model": "towers/zombie/04_lvl_4" },
		{ "predicate": { "custom_model_data": 5 }, "model": "towers/zombie/05_lvl_5" },

		{ "predicate": { "custom_model_data": 6 }, "model": "towers/archer/01_lvl_1" },
		{ "predicate": { "custom_model_data": 7 }, "model": "towers/archer/02_lvl_2" },
		{ "predicate": { "custom_model_data": 8 }, "model": "towers/archer/03_lvl_3" },
		{ "predicate": { "custom_model_data": 9 }, "model": "towers/archer/04_lvl_4" },
		{ "predicate": { "custom_model_data": 10 }, "model":"towers/archer/05_lvl_5" },
		
		{ "predicate": { "custom_model_data": 11 }, "model": "towers/mage/01_lvl_1" },
		{ "predicate": { "custom_model_data": 12 }, "model": "towers/mage/02_lvl_2" },
		{ "predicate": { "custom_model_data": 13 }, "model": "towers/mage/03_lvl_3" },
		{ "predicate": { "custom_model_data": 14 }, "model": "towers/mage/04_lvl_4" },
		{ "predicate": { "custom_model_data": 15 }, "model": "towers/mage/05_lvl_5" },
		
		{ "predicate": { "custom_model_data": 16 }, "model": "towers/creeper/01_lvl_1" },
		{ "predicate": { "custom_model_data": 17 }, "model": "towers/creeper/02_lvl_2" },
		{ "predicate": { "custom_model_data": 18 }, "model": "towers/creeper/03_lvl_3" },
		{ "predicate": { "custom_model_data": 19 }, "model": "towers/creeper/04_lvl_4" },
		{ "predicate": { "custom_model_data": 20 }, "model": "towers/creeper/05_lvl_5" },
		
		{ "predicate": { "custom_model_data": 21 }, "model": "towers/chicken/01_lvl_1" },
		{ "predicate": { "custom_model_data": 22 }, "model": "towers/chicken/02_lvl_2" },
		{ "predicate": { "custom_model_data": 23 }, "model": "towers/chicken/03_lvl_3" },
		{ "predicate": { "custom_model_data": 24 }, "model": "towers/chicken/04_lvl_4" },
		{ "predicate": { "custom_model_data": 25 }, "model": "towers/chicken/05_lvl_5" },
		
		{ "predicate": { "custom_model_data": 26 }, "model": "towers/snowman/01_lvl_1" },
		{ "predicate": { "custom_model_data": 27 }, "model": "towers/snowman/02_lvl_2" },
		{ "predicate": { "custom_model_data": 28 }, "model": "towers/snowman/03_lvl_3" },
		{ "predicate": { "custom_model_data": 29 }, "model": "towers/snowman/04_lvl_4" },
		{ "predicate": { "custom_model_data": 30 }, "model": "towers/snowman/05_lvl_5" },
		
		{ "predicate": { "custom_model_data": 31 }, "model": "towers/bee/01_lvl_1" },
		{ "predicate": { "custom_model_data": 32 }, "model": "towers/bee/02_lvl_2" },
		{ "predicate": { "custom_model_data": 33 }, "model": "towers/bee/03_lvl_3" },
		{ "predicate": { "custom_model_data": 34 }, "model": "towers/bee/04_lvl_4" },
		{ "predicate": { "custom_model_data": 35 }, "model": "towers/bee/05_lvl_5" },
		
		{ "predicate": { "custom_model_data": 36 }, "model": "towers/guardian/01_lvl_1" },
		{ "predicate": { "custom_model_data": 37 }, "model": "towers/guardian/02_lvl_2" },
		{ "predicate": { "custom_model_data": 38 }, "model": "towers/guardian/03_lvl_3" },
		{ "predicate": { "custom_model_data": 39 }, "model": "towers/guardian/04_lvl_4" },
		{ "predicate": { "custom_model_data": 40 }, "model": "towers/guardian/05_lvl_5" },
		
		{ "predicate": { "custom_model_data": 41 }, "model": "towers/spider/01_lvl_1" },
		{ "predicate": { "custom_model_data": 42 }, "model": "towers/spider/02_lvl_2" },
		{ "predicate": { "custom_model_data": 43 }, "model": "towers/spider/03_lvl_3" },
		{ "predicate": { "custom_model_data": 44 }, "model": "towers/spider/04_lvl_4" },
		{ "predicate": { "custom_model_data": 45 }, "model": "towers/spider/05_lvl_5" },
		
		{ "predicate": { "custom_model_data": 46 }, "model": "towers/iron_golem/01_lvl_1" },
		{ "predicate": { "custom_model_data": 47 }, "model": "towers/iron_golem/02_lvl_2" },
		{ "predicate": { "custom_model_data": 48 }, "model": "towers/iron_golem/03_lvl_3" },
		{ "predicate": { "custom_model_data": 49 }, "model": "towers/iron_golem/04_lvl_4" },
		{ "predicate": { "custom_model_data": 50 }, "model": "towers/iron_golem/05_lvl_5" }
	]
}