{
	"parent": "item/handheld",
	"textures": {
		"layer0": "item/diamond_shovel"
	},
	"overrides": [
		{ "predicate": { "custom_model_data": 1 }, "model": "decoration/01_raid_table_wood" },
		{ "predicate": { "custom_model_data": 2 }, "model": "decoration/02_raid_table_iron" },
		{ "predicate": { "custom_model_data": 3 }, "model": "decoration/03_raid_table_gold" },
		
		{ "predicate": { "custom_model_data": 4 }, "model": "decoration/04_statue_knight" },
		
		{ "predicate": { "custom_model_data": 5 }, "model": "decoration/throne/black_throne_lvl_1" },
		{ "predicate": { "custom_model_data": 6 }, "model": "decoration/throne/black_throne_lvl_2" },
		{ "predicate": { "custom_model_data": 7 }, "model": "decoration/throne/black_throne_lvl_3" },
		
		{ "predicate": { "custom_model_data": 8 }, "model": "decoration/throne/blue_throne_lvl_1" },
		{ "predicate": { "custom_model_data": 9 }, "model": "decoration/throne/blue_throne_lvl_2" },
		{ "predicate": { "custom_model_data": 10 }, "model": "decoration/throne/blue_throne_lvl_3" },
		
		{ "predicate": { "custom_model_data": 11 }, "model": "decoration/throne/brown_throne_lvl_1" },
		{ "predicate": { "custom_model_data": 12 }, "model": "decoration/throne/brown_throne_lvl_2" },
		{ "predicate": { "custom_model_data": 13 }, "model": "decoration/throne/brown_throne_lvl_3" },
		
		{ "predicate": { "custom_model_data": 14 }, "model": "decoration/throne/cyan_throne_lvl_1" },
		{ "predicate": { "custom_model_data": 15 }, "model": "decoration/throne/cyan_throne_lvl_2" },
		{ "predicate": { "custom_model_data": 16 }, "model": "decoration/throne/cyan_throne_lvl_3" },
		
		{ "predicate": { "custom_model_data": 17 }, "model": "decoration/throne/gray_throne_lvl_1" },
		{ "predicate": { "custom_model_data": 18 }, "model": "decoration/throne/gray_throne_lvl_2" },
		{ "predicate": { "custom_model_data": 19 }, "model": "decoration/throne/gray_throne_lvl_3" },
		
		{ "predicate": { "custom_model_data": 20 }, "model": "decoration/throne/green_throne_lvl_1" },
		{ "predicate": { "custom_model_data": 21 }, "model": "decoration/throne/green_throne_lvl_2" },
		{ "predicate": { "custom_model_data": 22 }, "model": "decoration/throne/green_throne_lvl_3" },
		
		{ "predicate": { "custom_model_data": 23 }, "model": "decoration/throne/light_blue_throne_lvl_1" },
		{ "predicate": { "custom_model_data": 24 }, "model": "decoration/throne/light_blue_throne_lvl_2" },
		{ "predicate": { "custom_model_data": 25 }, "model": "decoration/throne/light_blue_throne_lvl_3" },
		
		{ "predicate": { "custom_model_data": 26 }, "model": "decoration/throne/light_gray_throne_lvl_1" },
		{ "predicate": { "custom_model_data": 27 }, "model": "decoration/throne/light_gray_throne_lvl_2" },
		{ "predicate": { "custom_model_data": 28 }, "model": "decoration/throne/light_gray_throne_lvl_3" },
		
		{ "predicate": { "custom_model_data": 29 }, "model": "decoration/throne/lime_throne_lvl_1" },
		{ "predicate": { "custom_model_data": 30 }, "model": "decoration/throne/lime_throne_lvl_2" },
		{ "predicate": { "custom_model_data": 31 }, "model": "decoration/throne/lime_throne_lvl_3" },
		
		{ "predicate": { "custom_model_data": 32 }, "model": "decoration/throne/magenta_throne_lvl_1" },
		{ "predicate": { "custom_model_data": 33 }, "model": "decoration/throne/magenta_throne_lvl_2" },
		{ "predicate": { "custom_model_data": 34 }, "model": "decoration/throne/magenta_throne_lvl_3" },
		
		{ "predicate": { "custom_model_data": 35 }, "model": "decoration/throne/orange_throne_lvl_1" },
		{ "predicate": { "custom_model_data": 36 }, "model": "decoration/throne/orange_throne_lvl_2" },
		{ "predicate": { "custom_model_data": 37 }, "model": "decoration/throne/orange_throne_lvl_3" },
		
		{ "predicate": { "custom_model_data": 38 }, "model": "decoration/throne/pink_throne_lvl_1" },
		{ "predicate": { "custom_model_data": 39 }, "model": "decoration/throne/pink_throne_lvl_2" },
		{ "predicate": { "custom_model_data": 40 }, "model": "decoration/throne/pink_throne_lvl_3" },
		
		{ "predicate": { "custom_model_data": 41 }, "model": "decoration/throne/purple_throne_lvl_1" },
		{ "predicate": { "custom_model_data": 42 }, "model": "decoration/throne/purple_throne_lvl_2" },
		{ "predicate": { "custom_model_data": 43 }, "model": "decoration/throne/purple_throne_lvl_3" },
		
		{ "predicate": { "custom_model_data": 44 }, "model": "decoration/throne/red_throne_lvl_1" },
		{ "predicate": { "custom_model_data": 45 }, "model": "decoration/throne/red_throne_lvl_2" },
		{ "predicate": { "custom_model_data": 46 }, "model": "decoration/throne/red_throne_lvl_3" },
		
		{ "predicate": { "custom_model_data": 47 }, "model": "decoration/throne/white_throne_lvl_1" },
		{ "predicate": { "custom_model_data": 48 }, "model": "decoration/throne/white_throne_lvl_2" },
		{ "predicate": { "custom_model_data": 49 }, "model": "decoration/throne/white_throne_lvl_3" },
		
		{ "predicate": { "custom_model_data": 50 }, "model": "decoration/throne/yellow_throne_lvl_1" },
		{ "predicate": { "custom_model_data": 51 }, "model": "decoration/throne/yellow_throne_lvl_2" },
		{ "predicate": { "custom_model_data": 52 }, "model": "decoration/throne/yellow_throne_lvl_3" }
	]
}