{
  "parent": "item/generated",
  "textures": {
    "layer0": "item/leather_horse_armor"
  },
  "overrides": [
    {
      "predicate": {
        "custom_model_data": 1
      },
      "model": "modelengine:banshee/banshee"
    },
    {
      "predicate": {
        "custom_model_data": 2
      },
      "model": "modelengine:bloodthirst/blood"
    },
    {
      "predicate": {
        "custom_model_data": 3
      },
      "model": "modelengine:candycauldron/body"
    },
    {
      "predicate": {
        "custom_model_data": 4
      },
      "model": "modelengine:candycauldron/candy"
    },
    {
      "predicate": {
        "custom_model_data": 5
      },
      "model": "modelengine:coffin/casket"
    },
    {
      "predicate": {
        "custom_model_data": 6
      },
      "model": "modelengine:coffin/lid"
    },
    {
      "predicate": {
        "custom_model_data": 7
      },
      "model": "modelengine:coffin/bone4"
    },
    {
      "predicate": {
        "custom_model_data": 8
      },
      "model": "modelengine:coffin/bone3"
    },
    {
      "predicate": {
        "custom_model_data": 9
      },
      "model": "modelengine:coffin/bone2"
    },
    {
      "predicate": {
        "custom_model_data": 10
      },
      "model": "modelengine:coffin/bone"
    },
    {
      "predicate": {
        "custom_model_data": 11
      },
      "model": "modelengine:coffin/bone5"
    },
    {
      "predicate": {
        "custom_model_data": 12
      },
      "model": "modelengine:coffin/bone6"
    },
    {
      "predicate": {
        "custom_model_data": 13
      },
      "model": "modelengine:coffin/bone7"
    },
    {
      "predicate": {
        "custom_model_data": 14
      },
      "model": "modelengine:coffin/bone8"
    },
    {
      "predicate": {
        "custom_model_data": 15
      },
      "model": "modelengine:frankenstein/torso"
    },
    {
      "predicate": {
        "custom_model_data": 16
      },
      "model": "modelengine:frankenstein/rightarm"
    },
    {
      "predicate": {
        "custom_model_data": 17
      },
      "model": "modelengine:frankenstein/rightforearm"
    },
    {
      "predicate": {
        "custom_model_data": 18
      },
      "model": "modelengine:frankenstein/leftarm"
    },
    {
      "predicate": {
        "custom_model_data": 19
      },
      "model": "modelengine:frankenstein/leftforearm"
    },
    {
      "predicate": {
        "custom_model_data": 20
      },
      "model": "modelengine:frankenstein/head"
    },
    {
      "predicate": {
        "custom_model_data": 21
      },
      "model": "modelengine:frankenstein/rightleg"
    },
    {
      "predicate": {
        "custom_model_data": 22
      },
      "model": "modelengine:frankenstein/rightcalf"
    },
    {
      "predicate": {
        "custom_model_data": 23
      },
      "model": "modelengine:frankenstein/leftleg"
    },
    {
      "predicate": {
        "custom_model_data": 24
      },
      "model": "modelengine:frankenstein/leftcalf"
    },
    {
      "predicate": {
        "custom_model_data": 25
      },
      "model": "modelengine:goblin/goblin"
    },
    {
      "predicate": {
        "custom_model_data": 26
      },
      "model": "modelengine:goblin/rightarm"
    },
    {
      "predicate": {
        "custom_model_data": 27
      },
      "model": "modelengine:goblin/bow"
    },
    {
      "predicate": {
        "custom_model_data": 28
      },
      "model": "modelengine:goblin/sword"
    },
    {
      "predicate": {
        "custom_model_data": 29
      },
      "model": "modelengine:goblin/club"
    },
    {
      "predicate": {
        "custom_model_data": 30
      },
      "model": "modelengine:goblin/leftarm"
    },
    {
      "predicate": {
        "custom_model_data": 31
      },
      "model": "modelengine:goblin/empty"
    },
    {
      "predicate": {
        "custom_model_data": 32
      },
      "model": "modelengine:goblin/shield"
    },
    {
      "predicate": {
        "custom_model_data": 33
      },
      "model": "modelengine:goblin/rightleg"
    },
    {
      "predicate": {
        "custom_model_data": 34
      },
      "model": "modelengine:goblin/leftleg"
    },
    {
      "predicate": {
        "custom_model_data": 35
      },
      "model": "modelengine:goblin/helmet"
    },
    {
      "predicate": {
        "custom_model_data": 36
      },
      "model": "modelengine:goblin/nohelmet"
    },
    {
      "predicate": {
        "custom_model_data": 37
      },
      "model": "modelengine:goblinking/body"
    },
    {
      "predicate": {
        "custom_model_data": 38
      },
      "model": "modelengine:goblinking/rightarm"
    },
    {
      "predicate": {
        "custom_model_data": 39
      },
      "model": "modelengine:goblinking/rightleg"
    },
    {
      "predicate": {
        "custom_model_data": 40
      },
      "model": "modelengine:goblinking/cape"
    },
    {
      "predicate": {
        "custom_model_data": 41
      },
      "model": "modelengine:goblinking/leftleg"
    },
    {
      "predicate": {
        "custom_model_data": 42
      },
      "model": "modelengine:goblinking/leftarm"
    },
    {
      "predicate": {
        "custom_model_data": 43
      },
      "model": "modelengine:goblinskeleton/goblin"
    },
    {
      "predicate": {
        "custom_model_data": 44
      },
      "model": "modelengine:goblinskeleton/rightarm"
    },
    {
      "predicate": {
        "custom_model_data": 45
      },
      "model": "modelengine:goblinskeleton/right"
    },
    {
      "predicate": {
        "custom_model_data": 46
      },
      "model": "modelengine:goblinskeleton/leftarm"
    },
    {
      "predicate": {
        "custom_model_data": 47
      },
      "model": "modelengine:goblinskeleton/left"
    },
    {
      "predicate": {
        "custom_model_data": 48
      },
      "model": "modelengine:goblinskeleton/rightleg"
    },
    {
      "predicate": {
        "custom_model_data": 49
      },
      "model": "modelengine:goblinskeleton/leftleg"
    },
    {
      "predicate": {
        "custom_model_data": 50
      },
      "model": "modelengine:goblinskeleton/body"
    },
    {
      "predicate": {
        "custom_model_data": 51
      },
      "model": "modelengine:goblintreasure/chest"
    },
    {
      "predicate": {
        "custom_model_data": 52
      },
      "model": "modelengine:goblintreasure/lid"
    },
    {
      "predicate": {
        "custom_model_data": 53
      },
      "model": "modelengine:goblinwitchdoctor/body"
    },
    {
      "predicate": {
        "custom_model_data": 54
      },
      "model": "modelengine:goblinwitchdoctor/rightarm"
    },
    {
      "predicate": {
        "custom_model_data": 55
      },
      "model": "modelengine:goblinwitchdoctor/rightleg"
    },
    {
      "predicate": {
        "custom_model_data": 56
      },
      "model": "modelengine:goblinwitchdoctor/leftarm"
    },
    {
      "predicate": {
        "custom_model_data": 57
      },
      "model": "modelengine:goblinwitchdoctor/leftleg"
    },
    {
      "predicate": {
        "custom_model_data": 58
      },
      "model": "modelengine:golem/torso"
    },
    {
      "predicate": {
        "custom_model_data": 59
      },
      "model": "modelengine:golem/leftarm"
    },
    {
      "predicate": {
        "custom_model_data": 60
      },
      "model": "modelengine:golem/leftarm2"
    },
    {
      "predicate": {
        "custom_model_data": 61
      },
      "model": "modelengine:golem/leftleg"
    },
    {
      "predicate": {
        "custom_model_data": 62
      },
      "model": "modelengine:golem/leftleg2"
    },
    {
      "predicate": {
        "custom_model_data": 63
      },
      "model": "modelengine:golem/rightleg"
    },
    {
      "predicate": {
        "custom_model_data": 64
      },
      "model": "modelengine:golem/rightleg2"
    },
    {
      "predicate": {
        "custom_model_data": 65
      },
      "model": "modelengine:golem/rightarm"
    },
    {
      "predicate": {
        "custom_model_data": 66
      },
      "model": "modelengine:golem/rightarm2"
    },
    {
      "predicate": {
        "custom_model_data": 67
      },
      "model": "modelengine:groundcrack/effect"
    },
    {
      "predicate": {
        "custom_model_data": 68
      },
      "model": "modelengine:hermitcrab/bone"
    },
    {
      "predicate": {
        "custom_model_data": 69
      },
      "model": "modelengine:hermitcrab/bone2"
    },
    {
      "predicate": {
        "custom_model_data": 70
      },
      "model": "modelengine:hermitcrab/bone3"
    },
    {
      "predicate": {
        "custom_model_data": 71
      },
      "model": "modelengine:hermitcrab/bone4"
    },
    {
      "predicate": {
        "custom_model_data": 72
      },
      "model": "modelengine:jelly/jelly"
    },
    {
      "predicate": {
        "custom_model_data": 73
      },
      "model": "modelengine:jelly/membrane"
    },
    {
      "predicate": {
        "custom_model_data": 74
      },
      "model": "modelengine:jelly/tendrils4"
    },
    {
      "predicate": {
        "custom_model_data": 75
      },
      "model": "modelengine:jelly/tendrils"
    },
    {
      "predicate": {
        "custom_model_data": 76
      },
      "model": "modelengine:jelly/tendrils3"
    },
    {
      "predicate": {
        "custom_model_data": 77
      },
      "model": "modelengine:jelly/tendrils2"
    },
    {
      "predicate": {
        "custom_model_data": 78
      },
      "model": "modelengine:mimic/bone"
    },
    {
      "predicate": {
        "custom_model_data": 79
      },
      "model": "modelengine:mimic/tongue"
    },
    {
      "predicate": {
        "custom_model_data": 80
      },
      "model": "modelengine:mimic/1"
    },
    {
      "predicate": {
        "custom_model_data": 81
      },
      "model": "modelengine:mimic/2"
    },
    {
      "predicate": {
        "custom_model_data": 82
      },
      "model": "modelengine:mimic/3"
    },
    {
      "predicate": {
        "custom_model_data": 83
      },
      "model": "modelengine:mimic/bone2"
    },
    {
      "predicate": {
        "custom_model_data": 84
      },
      "model": "modelengine:mummy/torso"
    },
    {
      "predicate": {
        "custom_model_data": 85
      },
      "model": "modelengine:mummy/leftleg"
    },
    {
      "predicate": {
        "custom_model_data": 86
      },
      "model": "modelengine:mummy/leftcalf"
    },
    {
      "predicate": {
        "custom_model_data": 87
      },
      "model": "modelengine:mummy/leftfoot"
    },
    {
      "predicate": {
        "custom_model_data": 88
      },
      "model": "modelengine:mummy/rightleg"
    },
    {
      "predicate": {
        "custom_model_data": 89
      },
      "model": "modelengine:mummy/rightcalf"
    },
    {
      "predicate": {
        "custom_model_data": 90
      },
      "model": "modelengine:mummy/rightfoot"
    },
    {
      "predicate": {
        "custom_model_data": 91
      },
      "model": "modelengine:mummy/leftarm"
    },
    {
      "predicate": {
        "custom_model_data": 92
      },
      "model": "modelengine:mummy/leftforearm"
    },
    {
      "predicate": {
        "custom_model_data": 93
      },
      "model": "modelengine:mummy/lefthand"
    },
    {
      "predicate": {
        "custom_model_data": 94
      },
      "model": "modelengine:mummy/rightarm"
    },
    {
      "predicate": {
        "custom_model_data": 95
      },
      "model": "modelengine:mummy/rightforearm"
    },
    {
      "predicate": {
        "custom_model_data": 96
      },
      "model": "modelengine:mummy/righthand"
    },
    {
      "predicate": {
        "custom_model_data": 97
      },
      "model": "modelengine:mummy/head"
    },
    {
      "predicate": {
        "custom_model_data": 98
      },
      "model": "modelengine:rhino/body"
    },
    {
      "predicate": {
        "custom_model_data": 99
      },
      "model": "modelengine:rhino/leftshell"
    },
    {
      "predicate": {
        "custom_model_data": 100
      },
      "model": "modelengine:rhino/rightshell"
    },
    {
      "predicate": {
        "custom_model_data": 101
      },
      "model": "modelengine:rhino/legs1"
    },
    {
      "predicate": {
        "custom_model_data": 102
      },
      "model": "modelengine:rhino/legs2"
    },
    {
      "predicate": {
        "custom_model_data": 103
      },
      "model": "modelengine:rhino/legs3"
    },
    {
      "predicate": {
        "custom_model_data": 104
      },
      "model": "modelengine:rhino/leftwing"
    },
    {
      "predicate": {
        "custom_model_data": 105
      },
      "model": "modelengine:rhino/rightwing"
    },
    {
      "predicate": {
        "custom_model_data": 106
      },
      "model": "modelengine:rhino/head"
    },
    {
      "predicate": {
        "custom_model_data": 107
      },
      "model": "modelengine:scorpid/body"
    },
    {
      "predicate": {
        "custom_model_data": 108
      },
      "model": "modelengine:scorpid/rightarm"
    },
    {
      "predicate": {
        "custom_model_data": 109
      },
      "model": "modelengine:scorpid/rightclaw"
    },
    {
      "predicate": {
        "custom_model_data": 110
      },
      "model": "modelengine:scorpid/leftarm"
    },
    {
      "predicate": {
        "custom_model_data": 111
      },
      "model": "modelengine:scorpid/leftclaw"
    },
    {
      "predicate": {
        "custom_model_data": 112
      },
      "model": "modelengine:scorpid/backlegs"
    },
    {
      "predicate": {
        "custom_model_data": 113
      },
      "model": "modelengine:scorpid/frontlegs"
    },
    {
      "predicate": {
        "custom_model_data": 114
      },
      "model": "modelengine:scorpid/bone"
    },
    {
      "predicate": {
        "custom_model_data": 115
      },
      "model": "modelengine:scorpid/bone2"
    },
    {
      "predicate": {
        "custom_model_data": 116
      },
      "model": "modelengine:scorpid/bone3"
    },
    {
      "predicate": {
        "custom_model_data": 117
      },
      "model": "modelengine:scorpid/bone4"
    },
    {
      "predicate": {
        "custom_model_data": 118
      },
      "model": "modelengine:scorpid/bone5"
    },
    {
      "predicate": {
        "custom_model_data": 119
      },
      "model": "modelengine:shark/body"
    },
    {
      "predicate": {
        "custom_model_data": 120
      },
      "model": "modelengine:shark/rightfin"
    },
    {
      "predicate": {
        "custom_model_data": 121
      },
      "model": "modelengine:shark/rightfin2"
    },
    {
      "predicate": {
        "custom_model_data": 122
      },
      "model": "modelengine:shark/tail1"
    },
    {
      "predicate": {
        "custom_model_data": 123
      },
      "model": "modelengine:shark/tail2"
    },
    {
      "predicate": {
        "custom_model_data": 124
      },
      "model": "modelengine:shark/neck"
    },
    {
      "predicate": {
        "custom_model_data": 125
      },
      "model": "modelengine:shark/head"
    },
    {
      "predicate": {
        "custom_model_data": 126
      },
      "model": "modelengine:shark/jaw"
    },
    {
      "predicate": {
        "custom_model_data": 127
      },
      "model": "modelengine:shieldbreak/shield"
    },
    {
      "predicate": {
        "custom_model_data": 128
      },
      "model": "modelengine:shieldbreak/piece1"
    },
    {
      "predicate": {
        "custom_model_data": 129
      },
      "model": "modelengine:shieldbreak/piece2"
    },
    {
      "predicate": {
        "custom_model_data": 130
      },
      "model": "modelengine:shieldbreak/piece3"
    },
    {
      "predicate": {
        "custom_model_data": 131
      },
      "model": "modelengine:spineffect/swingeffect"
    },
    {
      "predicate": {
        "custom_model_data": 132
      },
      "model": "modelengine:vamp/torso"
    },
    {
      "predicate": {
        "custom_model_data": 133
      },
      "model": "modelengine:vamp/leftbicep"
    },
    {
      "predicate": {
        "custom_model_data": 134
      },
      "model": "modelengine:vamp/leftforearm"
    },
    {
      "predicate": {
        "custom_model_data": 135
      },
      "model": "modelengine:vamp/lefthand"
    },
    {
      "predicate": {
        "custom_model_data": 136
      },
      "model": "modelengine:vamp/rightbicep"
    },
    {
      "predicate": {
        "custom_model_data": 137
      },
      "model": "modelengine:vamp/rightforearm"
    },
    {
      "predicate": {
        "custom_model_data": 138
      },
      "model": "modelengine:vamp/righthand"
    },
    {
      "predicate": {
        "custom_model_data": 139
      },
      "model": "modelengine:vamp/leftthigh"
    },
    {
      "predicate": {
        "custom_model_data": 140
      },
      "model": "modelengine:vamp/leftcalf"
    },
    {
      "predicate": {
        "custom_model_data": 141
      },
      "model": "modelengine:vamp/leftfoot"
    },
    {
      "predicate": {
        "custom_model_data": 142
      },
      "model": "modelengine:vamp/rightthigh"
    },
    {
      "predicate": {
        "custom_model_data": 143
      },
      "model": "modelengine:vamp/rightcalf"
    },
    {
      "predicate": {
        "custom_model_data": 144
      },
      "model": "modelengine:vamp/rightfoot"
    },
    {
      "predicate": {
        "custom_model_data": 145
      },
      "model": "modelengine:vamp/head"
    }
  ]
}