{
  "parent": "minecraft:item/generated",
  "textures": {
    "layer0": "minecraft:item/paper"
  },
	"overrides": [
		{ "predicate": { "custom_model_data": 1 }, "model": "gui/01_background" },
		{ "predicate": { "custom_model_data": 2 }, "model": "gui/02_raid_troops_text" },
		{ "predicate": { "custom_model_data": 3 }, "model": "gui/03_crown" },
		{ "predicate": { "custom_model_data": 4 }, "model": "gui/04_battle" },
		{ "predicate": { "custom_model_data": 5 }, "model": "gui/05_trophy" },
		{ "predicate": { "custom_model_data": 6 }, "model": "gui/06_raid_button" },
		{ "predicate": { "custom_model_data": 7 }, "model": "gui/07_empty" },
		{ "predicate": { "custom_model_data": 8 }, "model": "gui/08_yes" },
		{ "predicate": { "custom_model_data": 9 }, "model": "gui/09_battle_player" },
		{ "predicate": { "custom_model_data": 10 }, "model": "gui/10_hint" },
		{ "predicate": { "custom_model_data": 11 }, "model": "gui/11_banker" },
		{ "predicate": { "custom_model_data": 12 }, "model": "gui/12_builder" },
		{ "predicate": { "custom_model_data": 13 }, "model": "gui/13_king" },
		{ "predicate": { "custom_model_data": 14 }, "model": "gui/14_barracks" },
		{ "predicate": { "custom_model_data": 15 }, "model": "gui/15_blacksmith" },
		{ "predicate": { "custom_model_data": 16 }, "model": "gui/16_butcher" },
		
		{ "predicate": { "custom_model_data": 17 }, "model": "gui/17_blueprint_hoe" },
		{ "predicate": { "custom_model_data": 18 }, "model": "gui/18_blueprint_pickaxe" },
		{ "predicate": { "custom_model_data": 19 }, "model": "gui/19_blueprint_sword" },
		{ "predicate": { "custom_model_data": 20 }, "model": "gui/20_blueprint_hammer" },
		{ "predicate": { "custom_model_data": 21 }, "model": "gui/21_blueprint_dollar" },
		{ "predicate": { "custom_model_data": 22 }, "model": "gui/22_blueprint_fence" },
		{ "predicate": { "custom_model_data": 23 }, "model": "gui/23_blueprint_chestplate" },
		{ "predicate": { "custom_model_data": 24 }, "model": "gui/24_box_blueprint" },
		{ "predicate": { "custom_model_data": 25 }, "model": "gui/25_info" },
		{ "predicate": { "custom_model_data": 26 }, "model": "gui/26_arrow_green_up" },
		{ "predicate": { "custom_model_data": 27 }, "model": "gui/27_portrait" },
		{ "predicate": { "custom_model_data": 28 }, "model": "gui/28_farmer" }
	]
}