{
	"credit": "Made by MadstonMagic, using Cubik Pro & Blockbench",
	"parent": "towers/archer/03_lvl_3",
	"textures": {
		"6": "towers_transparent/barrel_top_open",
		"7": "towers_transparent/oak_log",
		"8": "towers_transparent/oak_log_top",
		"9": "towers_transparent/bow_pulling_2",
		"10": "towers_transparent/oak_planks",
		"11": "towers_transparent/towers/archer_lvl_3",
		"particle": "towers_transparent/oak_log",
		"stonebrick_carved": "towers_transparent/cobblestone",
		"barrel_side": "towers_transparent/barrel_side",
		"fire_coral_block": "towers_transparent/cartography_table_side3"
	}
}