{
  "file_name": "rightleg",
  "texture_size": [
    64,
    64
  ],
  "textures": {
    "layer0": "modelengine:entity/mummy"
  },
  "elements": [
    {
      "name": "rightleg_0",
      "from": [
        7.9999995,
        5.3,
        6.92
      ],
      "to": [
        9.08,
        9.08,
        8.81
      ],
      "rotation": {
        "angle": 22.5,
        "axis": "x",
        "origin": [
          9.35,
          7.9999995,
          6.6499996
        ]
      },
      "faces": {
        "down": {
          "uv": [
            7.5,
            5.0,
            7.0,
            5.75
          ],
          "texture": "#layer0",
          "tintindex": 0
        },
        "east": {
          "uv": [
            5.0,
            2.25,
            4.25,
            3.75
          ],
          "texture": "#layer0",
          "tintindex": 0
        },
        "north": {
          "uv": [
            1.75,
            7.0,
            1.25,
            8.5
          ],
          "texture": "#layer0",
          "tintindex": 0
        },
        "south": {
          "uv": [
            2.25,
            7.0,
            1.75,
            8.5
          ],
          "texture": "#layer0",
          "tintindex": 0
        },
        "up": {
          "uv": [
            7.0,
            5.0,
            7.5,
            4.25
          ],
          "texture": "#layer0",
          "tintindex": 0
        },
        "west": {
          "uv": [
            5.0,
            0.75,
            4.25,
            2.25
          ],
          "texture": "#layer0",
          "tintindex": 0
        }
      }
    },
    {
      "name": "rightleg_1",
      "from": [
        8.135,
        4.7599993,
        6.92
      ],
      "to": [
        8.945001,
        5.2999997,
        8.27
      ],
      "rotation": {
        "angle": 22.5,
        "axis": "x",
        "origin": [
          9.35,
          7.9999995,
          6.6499996
        ]
      },
      "faces": {
        "down": {
          "uv": [
            8.0,
            1.75,
            7.75,
            2.25
          ],
          "texture": "#layer0",
          "tintindex": 0
        },
        "east": {
          "uv": [
            2.0,
            6.0,
            1.5,
            6.25
          ],
          "texture": "#layer0",
          "tintindex": 0
        },
        "north": {
          "uv": [
            7.75,
            5.5,
            7.5,
            5.75
          ],
          "texture": "#layer0",
          "tintindex": 0
        },
        "south": {
          "uv": [
            7.75,
            7.25,
            7.5,
            7.5
          ],
          "texture": "#layer0",
          "tintindex": 0
        },
        "up": {
          "uv": [
            7.75,
            1.75,
            8.0,
            1.25
          ],
          "texture": "#layer0",
          "tintindex": 0
        },
        "west": {
          "uv": [
            5.25,
            4.5,
            4.75,
            4.75
          ],
          "texture": "#layer0",
          "tintindex": 0
        }
      }
    }
  ],
  "display": {
    "head": {
      "translation": [
        0.0,
        -6.4,
        0.0
      ],
      "rotation": [
        0.0,
        0.0,
        0.0
      ],
      "scale": [
        3.8095,
        3.8095,
        3.8095
      ]
    },
    "gui": {
      "translation": [
        0.0,
        0.0,
        0.0
      ],
      "rotation": [
        35.0,
        225.0,
        0.0
      ],
      "scale": [
        0.625,
        0.625,
        0.625
      ]
    }
  }
}