{
  "file_name": "rightarm",
  "texture_size": [
    64,
    64
  ],
  "textures": {
    "layer0": "modelengine:entity/frankenstein"
  },
  "elements": [
    {
      "name": "rightarm_0",
      "from": [
        8.0,
        6.8,
        3.1999998
      ],
      "to": [
        10.4,
        9.8,
        9.8
      ],
      "rotation": {
        "angle": 0.0,
        "axis": "z",
        "origin": [
          8.0,
          8.0,
          8.0
        ]
      },
      "faces": {
        "down": {
          "uv": [
            1.0,
            9.75,
            0.0,
            12.5
          ],
          "texture": "#layer0",
          "tintindex": 0
        },
        "east": {
          "uv": [
            8.0,
            6.5,
            10.75,
            7.75
          ],
          "texture": "#layer0",
          "tintindex": 0
        },
        "north": {
          "uv": [
            10.75,
            6.5,
            11.75,
            7.75
          ],
          "texture": "#layer0",
          "tintindex": 0
        },
        "south": {
          "uv": [
            12.75,
            0.0,
            13.75,
            1.25
          ],
          "texture": "#layer0",
          "tintindex": 0
        },
        "up": {
          "uv": [
            8.0,
            12.0,
            7.0,
            9.25
          ],
          "texture": "#layer0",
          "tintindex": 0
        },
        "west": {
          "uv": [
            9.5,
            9.5,
            12.25,
            10.75
          ],
          "texture": "#layer0",
          "tintindex": 0
        }
      }
    }
  ],
  "display": {
    "head": {
      "translation": [
        0.0,
        -6.4,
        0.0
      ],
      "rotation": [
        0.0,
        0.0,
        0.0
      ],
      "scale": [
        3.8095,
        3.8095,
        3.8095
      ]
    },
    "gui": {
      "translation": [
        0.0,
        0.0,
        0.0
      ],
      "rotation": [
        35.0,
        225.0,
        0.0
      ],
      "scale": [
        0.625,
        0.625,
        0.625
      ]
    }
  }
}