{
	"credit": "Made by MadstonMagic, using Cubik Pro & Blockbench",
	"textures": {
		"0": "block/gold_block",
		"1": "block/emerald_block",
		"2": "block/diamond_block",
		"particle": "block/gold_block"
	},
	"elements": [
		{
			"from": [0, 0, 0],
			"to": [16, 4, 2],
			"faces": {
				"north": {"uv": [0, 12, 16, 16], "texture": "#0"},
				"east": {"uv": [14, 12, 16, 16], "texture": "#0"},
				"south": {"uv": [0, 12, 16, 16], "texture": "#0"},
				"west": {"uv": [0, 12, 2, 16], "texture": "#0"},
				"up": {"uv": [0, 0, 16, 2], "texture": "#0"},
				"down": {"uv": [0, 14, 16, 16], "texture": "#0"}
			}
		},
		{
			"from": [14, 4, 0],
			"to": [16, 6, 2],
			"rotation": {"angle": 0, "axis": "y", "origin": [8, 12, 8]},
			"faces": {
				"north": {"uv": [0, 10, 2, 12], "texture": "#0"},
				"east": {"uv": [14, 10, 16, 12], "texture": "#0"},
				"south": {"uv": [14, 10, 16, 12], "texture": "#0"},
				"west": {"uv": [0, 10, 2, 12], "texture": "#0"},
				"up": {"uv": [14, 0, 16, 2], "texture": "#0"}
			}
		},
		{
			"from": [14, 4, 14],
			"to": [16, 6, 16],
			"rotation": {"angle": 0, "axis": "y", "origin": [8, 12, 22]},
			"faces": {
				"north": {"uv": [0, 10, 2, 12], "texture": "#0"},
				"east": {"uv": [0, 10, 2, 12], "texture": "#0"},
				"south": {"uv": [14, 10, 16, 12], "texture": "#0"},
				"west": {"uv": [14, 10, 16, 12], "texture": "#0"},
				"up": {"uv": [14, 14, 16, 16], "texture": "#0"}
			}
		},
		{
			"from": [0, 4, 0],
			"to": [2, 6, 2],
			"rotation": {"angle": 0, "axis": "y", "origin": [-6, 12, 8]},
			"faces": {
				"north": {"uv": [14, 10, 16, 12], "texture": "#0"},
				"east": {"uv": [14, 10, 16, 12], "texture": "#0"},
				"south": {"uv": [0, 10, 2, 12], "texture": "#0"},
				"west": {"uv": [0, 10, 2, 12], "texture": "#0"},
				"up": {"uv": [0, 0, 2, 2], "texture": "#0"}
			}
		},
		{
			"from": [0, 4, 14],
			"to": [2, 6, 16],
			"rotation": {"angle": 0, "axis": "y", "origin": [-6, 12, 22]},
			"faces": {
				"north": {"uv": [14, 10, 16, 12], "texture": "#0"},
				"east": {"uv": [0, 10, 2, 12], "texture": "#0"},
				"south": {"uv": [0, 10, 2, 12], "texture": "#0"},
				"west": {"uv": [14, 10, 16, 12], "texture": "#0"},
				"up": {"uv": [0, 14, 2, 16], "texture": "#0"}
			}
		},
		{
			"from": [4, 4, 0],
			"to": [5.5, 7.5, 2],
			"rotation": {"angle": 0, "axis": "y", "origin": [-2, 14.5, 8]},
			"faces": {
				"north": {"uv": [10.5, 8.5, 12, 12], "texture": "#0"},
				"south": {"uv": [4, 8.5, 5.5, 12], "texture": "#0"},
				"west": {"uv": [0, 8.5, 2, 12], "texture": "#0"},
				"up": {"uv": [4, 0, 5.5, 2], "texture": "#0"}
			}
		},
		{
			"from": [14, 4, 4.5],
			"to": [16, 6.5, 6],
			"rotation": {"angle": 0, "axis": "y", "origin": [8, 11, 8]},
			"faces": {
				"north": {"uv": [0, 9.5, 2, 12], "texture": "#0"},
				"east": {"uv": [10, 9.5, 11.5, 12], "texture": "#0"},
				"west": {"uv": [4.5, 9.5, 6, 12], "texture": "#0"},
				"up": {"uv": [14, 4.5, 16, 6], "texture": "#0"}
			}
		},
		{
			"from": [0, 4, 4.5],
			"to": [2, 6.5, 6],
			"rotation": {"angle": 0, "axis": "y", "origin": [8, 11, 8]},
			"faces": {
				"north": {"uv": [14, 9.5, 16, 12], "texture": "#0"},
				"east": {"uv": [10, 9.5, 11.5, 12], "texture": "#0"},
				"west": {"uv": [4.5, 9.5, 6, 12], "texture": "#0"},
				"up": {"uv": [0, 4.5, 2, 6], "texture": "#0"}
			}
		},
		{
			"from": [4.5, 4, 14],
			"to": [6, 6.5, 16],
			"rotation": {"angle": 0, "axis": "y", "origin": [-1.5, 12, 8]},
			"faces": {
				"north": {"uv": [10, 9.5, 11.5, 12], "texture": "#0"},
				"south": {"uv": [4.5, 9.5, 6, 12], "texture": "#0"},
				"west": {"uv": [14, 9.5, 16, 12], "texture": "#0"},
				"up": {"uv": [4.5, 14, 6, 16], "texture": "#0"}
			}
		},
		{
			"from": [5.5, 4, 0],
			"to": [10.5, 9.5, 2],
			"rotation": {"angle": 0, "axis": "y", "origin": [1.5, 15, 8]},
			"faces": {
				"north": {"uv": [5.5, 6.5, 10.5, 12], "texture": "#0"},
				"east": {"uv": [14, 6.5, 16, 12], "texture": "#0"},
				"south": {"uv": [5.5, 6.5, 10.5, 12], "texture": "#0"},
				"west": {"uv": [0, 6.5, 2, 12], "texture": "#0"},
				"up": {"uv": [5.5, 0, 10.5, 2], "texture": "#0"}
			}
		},
		{
			"from": [5.5, -1, 0],
			"to": [10.5, 0, 2],
			"rotation": {"angle": 0, "axis": "y", "origin": [1.5, 10, 8]},
			"faces": {
				"north": {"uv": [6, 15, 11, 16], "texture": "#0"},
				"east": {"uv": [14, 15, 16, 16], "texture": "#0"},
				"south": {"uv": [6, 15, 11, 16], "texture": "#0"},
				"west": {"uv": [0, 15, 2, 16], "texture": "#0"},
				"down": {"uv": [6, 15, 11, 16], "texture": "#0"}
			}
		},
		{
			"from": [14, 4, 6],
			"to": [16, 8, 10],
			"rotation": {"angle": 0, "axis": "y", "origin": [8, 11, 8]},
			"faces": {
				"north": {"uv": [0, 8, 2, 12], "texture": "#0"},
				"east": {"uv": [6, 8, 10, 12], "texture": "#0"},
				"south": {"uv": [14, 8, 16, 12], "texture": "#0"},
				"west": {"uv": [6, 8, 10, 12], "texture": "#0"},
				"up": {"uv": [14, 6, 16, 10], "texture": "#0"}
			}
		},
		{
			"from": [0, 4, 6],
			"to": [2, 8, 10],
			"rotation": {"angle": 0, "axis": "y", "origin": [8, 11, 8]},
			"faces": {
				"north": {"uv": [14, 8, 16, 12], "texture": "#0"},
				"east": {"uv": [6, 8, 10, 12], "texture": "#0"},
				"south": {"uv": [0, 8, 2, 12], "texture": "#0"},
				"west": {"uv": [6, 8, 10, 12], "texture": "#0"},
				"up": {"uv": [0, 6, 2, 10], "texture": "#0"}
			}
		},
		{
			"from": [6, 4, 14],
			"to": [10, 8, 16],
			"rotation": {"angle": 0, "axis": "y", "origin": [1.5, 12, 8]},
			"faces": {
				"north": {"uv": [6, 8, 10, 12], "texture": "#0"},
				"east": {"uv": [0, 8, 2, 12], "texture": "#0"},
				"south": {"uv": [6, 8, 10, 12], "texture": "#0"},
				"west": {"uv": [14, 8, 16, 12], "texture": "#0"},
				"up": {"uv": [6, 14, 10, 16], "texture": "#0"}
			}
		},
		{
			"from": [10.5, 4, 0],
			"to": [12, 7.5, 2],
			"rotation": {"angle": 0, "axis": "y", "origin": [4, 14.5, 8]},
			"faces": {
				"north": {"uv": [4, 8.5, 5.5, 12], "texture": "#0"},
				"east": {"uv": [14, 8.5, 16, 12], "texture": "#0"},
				"south": {"uv": [10.5, 8.5, 12, 12], "texture": "#0"},
				"up": {"uv": [10.5, 0, 12, 2], "texture": "#0"}
			}
		},
		{
			"from": [14, 4, 10],
			"to": [16, 6.5, 11.5],
			"rotation": {"angle": 0, "axis": "y", "origin": [8, 11, 8]},
			"faces": {
				"east": {"uv": [4.5, 9.5, 6, 12], "texture": "#0"},
				"south": {"uv": [14, 9.5, 16, 12], "texture": "#0"},
				"west": {"uv": [10, 9.5, 11.5, 12], "texture": "#0"},
				"up": {"uv": [14, 10, 16, 11.5], "texture": "#0"}
			}
		},
		{
			"from": [0, 4, 10],
			"to": [2, 6.5, 11.5],
			"rotation": {"angle": 0, "axis": "y", "origin": [8, 11, 8]},
			"faces": {
				"east": {"uv": [4.5, 9.5, 6, 12], "texture": "#0"},
				"south": {"uv": [0, 9.5, 2, 12], "texture": "#0"},
				"west": {"uv": [10, 9.5, 11.5, 12], "texture": "#0"},
				"up": {"uv": [0, 10, 2, 11.5], "texture": "#0"}
			}
		},
		{
			"from": [10, 4, 14],
			"to": [11.5, 6.5, 16],
			"rotation": {"angle": 0, "axis": "y", "origin": [3.5, 12, 8]},
			"faces": {
				"north": {"uv": [4.5, 9.5, 6, 12], "texture": "#0"},
				"east": {"uv": [0, 9.5, 2, 12], "texture": "#0"},
				"south": {"uv": [10, 9.5, 11.5, 12], "texture": "#0"},
				"up": {"uv": [10, 14, 11.5, 16], "texture": "#0"}
			}
		},
		{
			"from": [6.75, 3, -0.5],
			"to": [9.25, 8, 0.5],
			"rotation": {"angle": 0, "axis": "y", "origin": [0.75, 12, 7.5]},
			"faces": {
				"north": {"uv": [7, 6, 9, 10], "texture": "#1"},
				"east": {"uv": [7, 6, 8, 10], "texture": "#1"},
				"west": {"uv": [8, 6, 9, 10], "texture": "#1"},
				"up": {"uv": [7, 6, 9, 7], "rotation": 180, "texture": "#1"},
				"down": {"uv": [7, 9, 9, 10], "rotation": 180, "texture": "#1"}
			}
		},
		{
			"from": [15.5, 2, 6.75],
			"to": [16.5, 7, 9.25],
			"rotation": {"angle": 0, "axis": "y", "origin": [8, 11, 8]},
			"faces": {
				"north": {"uv": [8, 6, 9, 10], "texture": "#1"},
				"east": {"uv": [7, 6, 9, 10], "texture": "#1"},
				"south": {"uv": [7, 6, 8, 10], "texture": "#1"},
				"up": {"uv": [7, 6, 9, 7], "rotation": 270, "texture": "#1"},
				"down": {"uv": [7, 9, 9, 10], "rotation": 90, "texture": "#1"}
			}
		},
		{
			"from": [-0.5, 2, 6.75],
			"to": [0.5, 7, 9.25],
			"rotation": {"angle": 0, "axis": "y", "origin": [8, 11, 8]},
			"faces": {
				"north": {"uv": [9, 6, 8, 10], "texture": "#1"},
				"south": {"uv": [8, 6, 7, 10], "texture": "#1"},
				"west": {"uv": [9, 6, 7, 10], "texture": "#1"},
				"up": {"uv": [7, 7, 9, 6], "rotation": 270, "texture": "#1"},
				"down": {"uv": [7, 10, 9, 9], "rotation": 90, "texture": "#1"}
			}
		},
		{
			"from": [6.75, 2, 15.5],
			"to": [9.25, 7, 16.5],
			"rotation": {"angle": 0, "axis": "y", "origin": [0.75, 11, 8.5]},
			"faces": {
				"east": {"uv": [8, 6, 7, 10], "texture": "#1"},
				"south": {"uv": [9, 6, 7, 10], "texture": "#1"},
				"west": {"uv": [9, 6, 8, 10], "texture": "#1"},
				"up": {"uv": [7, 7, 9, 6], "rotation": 180, "texture": "#1"},
				"down": {"uv": [7, 10, 9, 9], "rotation": 180, "texture": "#1"}
			}
		},
		{
			"from": [0, 0, 14],
			"to": [16, 4, 16],
			"rotation": {"angle": 0, "axis": "y", "origin": [8, 8, 22]},
			"faces": {
				"north": {"uv": [0, 12, 16, 16], "texture": "#0"},
				"east": {"uv": [0, 12, 2, 16], "texture": "#0"},
				"south": {"uv": [0, 12, 16, 16], "texture": "#0"},
				"west": {"uv": [14, 12, 16, 16], "texture": "#0"},
				"up": {"uv": [0, 14, 16, 16], "texture": "#0"},
				"down": {"uv": [0, 0, 16, 2], "texture": "#0"}
			}
		},
		{
			"from": [0, 0, 2],
			"to": [2, 4, 14],
			"rotation": {"angle": 0, "axis": "y", "origin": [8, 8, 20]},
			"faces": {
				"east": {"uv": [2, 12, 14, 16], "texture": "#0"},
				"west": {"uv": [2, 12, 14, 16], "texture": "#0"},
				"up": {"uv": [0, 2, 2, 14], "texture": "#0"},
				"down": {"uv": [0, 2, 2, 14], "texture": "#0"}
			}
		},
		{
			"from": [14, 0, 2],
			"to": [16, 4, 14],
			"rotation": {"angle": 0, "axis": "y", "origin": [22, 8, 20]},
			"faces": {
				"east": {"uv": [2, 12, 14, 16], "texture": "#0"},
				"west": {"uv": [2, 12, 14, 16], "texture": "#0"},
				"up": {"uv": [14, 2, 16, 14], "texture": "#0"},
				"down": {"uv": [14, 2, 16, 14], "texture": "#0"}
			}
		},
		{
			"from": [4, 2, -0.5],
			"to": [5.5, 3.5, 1],
			"rotation": {"angle": 0, "axis": "y", "origin": [10.5, 10.5, 8]},
			"faces": {
				"north": {"uv": [6, 11, 8, 13], "texture": "#2"},
				"east": {"uv": [6, 11, 7, 13], "texture": "#2"},
				"west": {"uv": [7, 11, 8, 13], "texture": "#2"},
				"up": {"uv": [6, 11, 8, 12], "rotation": 180, "texture": "#2"},
				"down": {"uv": [6, 12, 8, 13], "rotation": 180, "texture": "#2"}
			}
		},
		{
			"from": [10.5, 2, -0.5],
			"to": [12, 3.5, 1],
			"rotation": {"angle": 0, "axis": "y", "origin": [17, 10.5, 8]},
			"faces": {
				"north": {"uv": [6, 11, 8, 13], "texture": "#2"},
				"east": {"uv": [6, 11, 7, 13], "texture": "#2"},
				"west": {"uv": [7, 11, 8, 13], "texture": "#2"},
				"up": {"uv": [6, 11, 8, 12], "rotation": 180, "texture": "#2"},
				"down": {"uv": [6, 12, 8, 13], "rotation": 180, "texture": "#2"}
			}
		}
	],
	"display": {
		"thirdperson_righthand": {
			"rotation": [75, 45, 0],
			"translation": [0, 2.5, 1.5],
			"scale": [0.375, 0.375, 0.375]
		},
		"thirdperson_lefthand": {
			"rotation": [75, 45, 0],
			"translation": [0, 2.5, 1.5],
			"scale": [0.375, 0.375, 0.375]
		},
		"firstperson_righthand": {
			"rotation": [0, 45, 0],
			"translation": [0, 2.75, 0],
			"scale": [0.4, 0.4, 0.4]
		},
		"firstperson_lefthand": {
			"rotation": [0, 45, 0],
			"translation": [0, 2.75, 0],
			"scale": [0.4, 0.4, 0.4]
		},
		"ground": {
			"translation": [0, 3, 0],
			"scale": [0.35, 0.35, 0.35]
		},
		"gui": {
			"rotation": [30, 135, 0],
			"translation": [0, 2.5, 0],
			"scale": [0.625, 0.625, 0.625]
		},
		"head": {
			"translation": [0, 11.75, 0],
			"scale": [0.93, 0.93, 0.93]
		},
		"fixed": {
			"scale": [0.5, 0.5, 0.5]
		}
	}
}