{
	"credit": "Made by MadstonMagic, using Cubik Pro & Blockbench",
	"textures": {
		"0": "block/gold_block",
		"1": "block/emerald_block",
		"2": "block/diamond_block",
		"3": "block/redstone_block",
		"particle": "block/gold_block"
	},
	"elements": [
		{
			"from": [13, 0, 0],
			"to": [16, 2, 2],
			"faces": {
				"north": {"uv": [0, 14, 3, 16], "texture": "#0"},
				"east": {"uv": [5, 14, 7, 16], "texture": "#0"},
				"south": {"uv": [8, 14, 11, 16], "texture": "#0"},
				"west": {"uv": [10, 14, 12, 16], "texture": "#0"},
				"up": {"uv": [13, 0, 16, 2], "texture": "#0"},
				"down": {"uv": [13, 14, 16, 16], "texture": "#0"}
			}
		},
		{
			"from": [13, 0, 14],
			"to": [16, 2, 16],
			"rotation": {"angle": 0, "axis": "y", "origin": [8, 8, 22]},
			"faces": {
				"north": {"uv": [0, 14, 3, 16], "texture": "#0"},
				"east": {"uv": [5, 14, 7, 16], "texture": "#0"},
				"south": {"uv": [8, 14, 11, 16], "texture": "#0"},
				"west": {"uv": [10, 14, 12, 16], "texture": "#0"},
				"up": {"uv": [13, 14, 16, 16], "texture": "#0"},
				"down": {"uv": [13, 0, 16, 2], "texture": "#0"}
			}
		},
		{
			"from": [6, 0, 0.00781],
			"to": [13, 2.5, 1.99219],
			"rotation": {"angle": -45, "axis": "z", "origin": [13, 0, -0.00781]},
			"faces": {
				"north": {"uv": [2, 13, 9, 15], "texture": "#0"},
				"south": {"uv": [4, 12, 11, 14], "texture": "#0"},
				"up": {"uv": [5, 6, 12, 8], "texture": "#0"},
				"down": {"uv": [7, 14, 14, 16], "texture": "#0"}
			}
		},
		{
			"from": [6, 0, 14.00781],
			"to": [13, 2.5, 15.99219],
			"rotation": {"angle": -45, "axis": "z", "origin": [13, 0, 16.00781]},
			"faces": {
				"north": {"uv": [13, 4, 6, 6], "texture": "#0"},
				"south": {"uv": [11, 12, 4, 14], "texture": "#0"},
				"up": {"uv": [5, 8, 12, 6], "texture": "#0"},
				"down": {"uv": [7, 16, 14, 14], "texture": "#0"}
			}
		},
		{
			"from": [3, 0, 0.00781],
			"to": [10, 2.5, 1.99219],
			"rotation": {"angle": 45, "axis": "z", "origin": [3, 0, -0.00781]},
			"faces": {
				"north": {"uv": [13, 9, 6, 11], "texture": "#0"},
				"south": {"uv": [3, 12, 10, 14], "texture": "#0"},
				"up": {"uv": [12, 11, 5, 13], "texture": "#0"},
				"down": {"uv": [14, 14, 7, 16], "texture": "#0"}
			}
		},
		{
			"from": [3, 0, 14.00781],
			"to": [10, 2.5, 15.99219],
			"rotation": {"angle": 45, "axis": "z", "origin": [3, 0, 16.00781]},
			"faces": {
				"north": {"uv": [14, 6, 7, 8], "texture": "#0"},
				"south": {"uv": [7, 5, 14, 7], "texture": "#0"},
				"up": {"uv": [12, 13, 5, 11], "texture": "#0"},
				"down": {"uv": [14, 16, 7, 14], "texture": "#0"}
			}
		},
		{
			"from": [3, 0, 0.01563],
			"to": [7.5, 5, 1.98438],
			"rotation": {"angle": -22.5, "axis": "z", "origin": [3, 0, 0]},
			"faces": {
				"north": {"uv": [9, 11, 4, 16], "texture": "#0"},
				"south": {"uv": [8, 11, 3, 16], "texture": "#0"},
				"down": {"uv": [9, 12, 4, 14], "texture": "#0"}
			}
		},
		{
			"from": [3, 0, 14.01563],
			"to": [7.5, 5, 15.98438],
			"rotation": {"angle": -22.5, "axis": "z", "origin": [3, 0, 16]},
			"faces": {
				"north": {"uv": [9, 11, 14, 16], "texture": "#0"},
				"south": {"uv": [3, 11, 8, 16], "texture": "#0"},
				"down": {"uv": [9, 14, 4, 12], "texture": "#0"}
			}
		},
		{
			"from": [8.5, 0, 0.01563],
			"to": [13, 5, 1.98438],
			"rotation": {"angle": 22.5, "axis": "z", "origin": [13, 0, 0]},
			"faces": {
				"north": {"uv": [7, 11, 12, 16], "texture": "#0"},
				"south": {"uv": [8, 11, 13, 16], "texture": "#0"},
				"down": {"uv": [4, 12, 9, 14], "texture": "#0"}
			}
		},
		{
			"from": [8.5, 0, 14.01563],
			"to": [13, 5, 15.98438],
			"rotation": {"angle": 22.5, "axis": "z", "origin": [13, 0, 16]},
			"faces": {
				"north": {"uv": [7, 11, 2, 16], "texture": "#0"},
				"south": {"uv": [13, 11, 8, 16], "texture": "#0"},
				"down": {"uv": [4, 14, 9, 12], "texture": "#0"}
			}
		},
		{
			"from": [0, 0, 0],
			"to": [3, 2, 2],
			"rotation": {"angle": 0, "axis": "y", "origin": [-5, 8, 8]},
			"faces": {
				"north": {"uv": [0, 14, 3, 16], "texture": "#0"},
				"east": {"uv": [5, 14, 7, 16], "texture": "#0"},
				"south": {"uv": [8, 14, 11, 16], "texture": "#0"},
				"west": {"uv": [10, 14, 12, 16], "texture": "#0"},
				"up": {"uv": [13, 0, 16, 2], "texture": "#0"},
				"down": {"uv": [1, 14, 4, 16], "texture": "#0"}
			}
		},
		{
			"from": [0, 0, 14],
			"to": [3, 2, 16],
			"rotation": {"angle": 0, "axis": "y", "origin": [-5, 8, 22]},
			"faces": {
				"north": {"uv": [0, 14, 3, 16], "texture": "#0"},
				"east": {"uv": [5, 14, 7, 16], "texture": "#0"},
				"south": {"uv": [2, 14, 5, 16], "texture": "#0"},
				"west": {"uv": [10, 14, 12, 16], "texture": "#0"},
				"up": {"uv": [0, 14, 3, 16], "texture": "#0"},
				"down": {"uv": [0, 0, 3, 2], "texture": "#0"}
			}
		},
		{
			"from": [0, 0, 2],
			"to": [2, 2, 14],
			"rotation": {"angle": 0, "axis": "y", "origin": [8, 8, 20]},
			"faces": {
				"east": {"uv": [2, 14, 14, 16], "texture": "#0"},
				"west": {"uv": [2, 14, 14, 16], "texture": "#0"},
				"up": {"uv": [0, 2, 2, 14], "texture": "#0"},
				"down": {"uv": [0, 2, 2, 14], "texture": "#0"}
			}
		},
		{
			"from": [14, 0, 2],
			"to": [16, 2, 14],
			"rotation": {"angle": 0, "axis": "y", "origin": [22, 8, 20]},
			"faces": {
				"east": {"uv": [2, 14, 14, 16], "texture": "#0"},
				"west": {"uv": [2, 14, 14, 16], "texture": "#0"},
				"up": {"uv": [14, 2, 16, 14], "texture": "#0"},
				"down": {"uv": [14, 2, 16, 14], "texture": "#0"}
			}
		},
		{
			"from": [7, 1.5, -0.5],
			"to": [9, 6.5, 1],
			"rotation": {"angle": 0, "axis": "y", "origin": [14, 10, 8]},
			"faces": {
				"north": {"uv": [3, 5, 1, 11], "texture": "#1"},
				"east": {"uv": [1, 5, 0, 11], "texture": "#1"},
				"west": {"uv": [2, 5, 1, 11], "texture": "#1"},
				"up": {"uv": [2, 5, 0, 7], "texture": "#1"},
				"down": {"uv": [4, 5, 2, 7], "texture": "#1"}
			}
		},
		{
			"from": [3, 1.5, -0.5],
			"to": [4.5, 3, 1],
			"rotation": {"angle": 0, "axis": "y", "origin": [9.5, 10, 8]},
			"faces": {
				"north": {"uv": [6, 11, 8, 13], "texture": "#2"},
				"east": {"uv": [6, 11, 7, 13], "texture": "#2"},
				"south": {"uv": [15, 9.5, 13, 13], "texture": "#2"},
				"west": {"uv": [7, 11, 8, 13], "texture": "#2"},
				"up": {"uv": [6, 11, 8, 12], "rotation": 180, "texture": "#2"},
				"down": {"uv": [6, 12, 8, 13], "rotation": 180, "texture": "#2"}
			}
		},
		{
			"from": [7.25, 9.5, -0.5],
			"to": [8.75, 11, 1],
			"rotation": {"angle": 0, "axis": "y", "origin": [13.75, 18, 8]},
			"faces": {
				"north": {"uv": [6, 11, 8, 13], "texture": "#3"},
				"east": {"uv": [6, 11, 7, 13], "texture": "#3"},
				"west": {"uv": [7, 11, 8, 13], "texture": "#3"},
				"up": {"uv": [6, 11, 8, 12], "rotation": 180, "texture": "#3"},
				"down": {"uv": [6, 12, 8, 13], "rotation": 180, "texture": "#3"}
			}
		},
		{
			"from": [11.5, 1.5, -0.5],
			"to": [13, 3, 1],
			"rotation": {"angle": 0, "axis": "y", "origin": [18, 10, 8]},
			"faces": {
				"north": {"uv": [6, 11, 8, 13], "texture": "#2"},
				"east": {"uv": [6, 11, 7, 13], "texture": "#2"},
				"south": {"uv": [15, 9.5, 13, 13], "texture": "#2"},
				"west": {"uv": [7, 11, 8, 13], "texture": "#2"},
				"up": {"uv": [6, 11, 8, 12], "rotation": 180, "texture": "#2"},
				"down": {"uv": [6, 12, 8, 13], "rotation": 180, "texture": "#2"}
			}
		},
		{
			"from": [-0.5, 1.5, 7],
			"to": [1, 5, 9],
			"rotation": {"angle": 0, "axis": "y", "origin": [8, 10, 2]},
			"faces": {
				"north": {"uv": [9, 8, 8, 12], "texture": "#1"},
				"east": {"uv": [15, 9.5, 13, 13], "texture": "#1"},
				"south": {"uv": [8, 8, 7, 12], "texture": "#1"},
				"west": {"uv": [9, 8, 7, 12], "texture": "#1"},
				"up": {"uv": [9, 8, 7, 9], "rotation": 90, "texture": "#1"},
				"down": {"uv": [9, 11, 7, 12], "texture": "#1"}
			}
		},
		{
			"from": [15, 1.5, 7],
			"to": [16.5, 5, 9],
			"rotation": {"angle": 0, "axis": "y", "origin": [8, 10, 2]},
			"faces": {
				"north": {"uv": [5, 10, 6, 14], "texture": "#1"},
				"east": {"uv": [4, 10, 6, 14], "texture": "#1"},
				"south": {"uv": [4, 10, 5, 14], "texture": "#1"},
				"west": {"uv": [13, 9.5, 15, 13], "texture": "#1"},
				"up": {"uv": [4, 10, 6, 11], "rotation": 270, "texture": "#1"},
				"down": {"uv": [4, 13, 6, 14], "texture": "#1"}
			}
		},
		{
			"from": [7, 1.5, 15],
			"to": [9, 6.5, 16.5],
			"rotation": {"angle": 0, "axis": "y", "origin": [14, 10, 8]},
			"faces": {
				"east": {"uv": [0, 5, 1, 11], "texture": "#1"},
				"south": {"uv": [1, 5, 3, 11], "texture": "#1"},
				"west": {"uv": [1, 5, 2, 11], "texture": "#1"},
				"up": {"uv": [2, 7, 0, 5], "texture": "#1"},
				"down": {"uv": [4, 7, 2, 5], "texture": "#1"}
			}
		},
		{
			"from": [7.58594, 5.08594, -0.49219],
			"to": [9, 6.5, 1.00781],
			"rotation": {"angle": -45, "axis": "z", "origin": [9, 6.5, -0.49219]},
			"faces": {
				"north": {"uv": [9, 7, 7, 9], "texture": "#1"},
				"south": {"uv": [15, 9.5, 13, 13], "texture": "#1"},
				"west": {"uv": [8, 7, 7, 9], "texture": "#1"},
				"up": {"uv": [8, 7, 7, 9], "rotation": 270, "texture": "#1"}
			}
		},
		{
			"from": [7.58594, 5.08594, 14.99219],
			"to": [9, 6.5, 16.49219],
			"rotation": {"angle": -45, "axis": "z", "origin": [9, 6.5, 16.49219]},
			"faces": {
				"north": {"uv": [13, 9.5, 15, 13], "texture": "#1"},
				"south": {"uv": [7, 7, 9, 9], "texture": "#1"},
				"west": {"uv": [7, 7, 8, 9], "texture": "#1"},
				"up": {"uv": [7, 7, 8, 9], "rotation": 270, "texture": "#1"}
			}
		},
		{
			"from": [7.58594, 0.08594, -0.49219],
			"to": [9, 1.5, 1.00781],
			"rotation": {"angle": -45, "axis": "z", "origin": [9, 1.5, -0.49219]},
			"faces": {
				"north": {"uv": [9, 7, 7, 9], "texture": "#1"},
				"east": {"uv": [9, 7, 7, 9], "rotation": 270, "texture": "#1"},
				"south": {"uv": [15, 9.5, 13, 13], "texture": "#1"},
				"down": {"uv": [9, 7, 7, 9], "rotation": 180, "texture": "#1"}
			}
		},
		{
			"from": [7.58594, 0.08594, 14.99219],
			"to": [9, 1.5, 16.49219],
			"rotation": {"angle": -45, "axis": "z", "origin": [9, 1.5, 16.49219]},
			"faces": {
				"north": {"uv": [13, 9.5, 15, 13], "texture": "#1"},
				"east": {"uv": [9, 9, 7, 7], "rotation": 270, "texture": "#1"},
				"south": {"uv": [7, 7, 9, 9], "texture": "#1"},
				"down": {"uv": [9, 9, 7, 7], "rotation": 180, "texture": "#1"}
			}
		},
		{
			"from": [6, -2, 0],
			"to": [10, 11.5, 2],
			"rotation": {"angle": 0, "axis": "y", "origin": [2, 12, 8]},
			"faces": {
				"north": {"uv": [7, 0, 11, 16], "texture": "#0"},
				"east": {"uv": [5, 0, 7, 16], "texture": "#0"},
				"south": {"uv": [4, 0, 8, 16], "texture": "#0"},
				"west": {"uv": [11, 0, 13, 16], "texture": "#0"},
				"up": {"uv": [7, 10, 11, 12], "texture": "#0"},
				"down": {"uv": [0, 14, 16, 16], "texture": "#0"}
			}
		},
		{
			"from": [6, -1, 14],
			"to": [10, 8, 16],
			"rotation": {"angle": 0, "axis": "y", "origin": [2, 12, 8]},
			"faces": {
				"north": {"uv": [15, 6, 11, 15], "texture": "#0"},
				"east": {"uv": [7, 6, 5, 15], "texture": "#0"},
				"south": {"uv": [11, 5, 7, 14], "texture": "#0"},
				"west": {"uv": [12, 4, 10, 13], "texture": "#0"},
				"up": {"uv": [7, 12, 11, 10], "texture": "#0"},
				"down": {"uv": [0, 16, 16, 14], "texture": "#0"}
			}
		},
		{
			"from": [0.00781, 2, 2.5],
			"to": [1.99219, 7.78125, 4.5],
			"rotation": {"angle": 45, "axis": "x", "origin": [0.49219, 2, 2.5]},
			"faces": {
				"north": {"uv": [11, 3, 9, 9], "texture": "#0"},
				"east": {"uv": [9, 7, 7, 13], "texture": "#0"},
				"south": {"uv": [6, 8, 4, 14], "texture": "#0"},
				"west": {"uv": [13, 7, 11, 13], "texture": "#0"},
				"up": {"uv": [12, 10, 10, 12], "texture": "#0"}
			}
		},
		{
			"from": [14.00781, 2, 2.5],
			"to": [15.99219, 7.78125, 4.5],
			"rotation": {"angle": 45, "axis": "x", "origin": [14.49219, 2, 2.5]},
			"faces": {
				"north": {"uv": [8, 8, 6, 14], "texture": "#0"},
				"east": {"uv": [14, 4, 12, 10], "texture": "#0"},
				"south": {"uv": [6, 8, 4, 14], "texture": "#0"},
				"west": {"uv": [13, 7, 11, 13], "texture": "#0"},
				"up": {"uv": [12, 10, 10, 12], "texture": "#0"}
			}
		},
		{
			"from": [0.00781, 2, 11.5],
			"to": [1.99219, 7.78125, 13.5],
			"rotation": {"angle": -45, "axis": "x", "origin": [0.49219, 2, 13.5]},
			"faces": {
				"north": {"uv": [11, 5, 13, 11], "texture": "#0"},
				"east": {"uv": [11, 5, 13, 11], "texture": "#0"},
				"south": {"uv": [11, 8, 13, 14], "texture": "#0"},
				"west": {"uv": [6, 8, 8, 14], "texture": "#0"},
				"up": {"uv": [8, 14, 6, 12], "texture": "#0"}
			}
		},
		{
			"from": [14.00781, 2, 11.5],
			"to": [15.99219, 7.78125, 13.5],
			"rotation": {"angle": -45, "axis": "x", "origin": [14.49219, 2, 13.5]},
			"faces": {
				"north": {"uv": [11, 5, 13, 11], "texture": "#0"},
				"east": {"uv": [6, 7, 8, 13], "texture": "#0"},
				"south": {"uv": [9, 4, 11, 10], "texture": "#0"},
				"west": {"uv": [9, 3, 11, 9], "texture": "#0"},
				"up": {"uv": [8, 14, 6, 12], "texture": "#0"}
			}
		},
		{
			"from": [7.17188, -2, 0.00781],
			"to": [10, 0.82813, 1.99219],
			"rotation": {"angle": 45, "axis": "z", "origin": [10, -2, 0]},
			"faces": {
				"north": {"uv": [10, 8, 14, 12], "texture": "#0"},
				"south": {"uv": [5, 10, 9, 14], "texture": "#0"},
				"west": {"uv": [6, 10, 8, 14], "texture": "#0"},
				"down": {"uv": [12, 7, 14, 11], "rotation": 90, "texture": "#0"}
			}
		},
		{
			"from": [7.17188, -1, 14.00781],
			"to": [10, 1.82813, 15.99219],
			"rotation": {"angle": 45, "axis": "z", "origin": [10, -1, 16]},
			"faces": {
				"north": {"uv": [9, 10, 5, 14], "texture": "#0"},
				"south": {"uv": [14, 8, 10, 12], "texture": "#0"},
				"west": {"uv": [8, 10, 6, 14], "texture": "#0"},
				"down": {"uv": [14, 7, 12, 11], "rotation": 90, "texture": "#0"}
			}
		},
		{
			"from": [7.17188, 11.5, 0.00781],
			"to": [10, 14.32813, 1.99219],
			"rotation": {"angle": 45, "axis": "z", "origin": [10, 11.5, 0]},
			"faces": {
				"north": {"uv": [4, 11, 8, 15], "texture": "#0"},
				"east": {"uv": [9, 10, 11, 14], "texture": "#0"},
				"south": {"uv": [5, 10, 9, 14], "rotation": 90, "texture": "#0"},
				"up": {"uv": [9, 10, 11, 14], "rotation": 90, "texture": "#0"}
			}
		},
		{
			"from": [7.17188, 8, 14.00781],
			"to": [10, 10.82813, 15.99219],
			"rotation": {"angle": 45, "axis": "z", "origin": [10, 8, 16]},
			"faces": {
				"north": {"uv": [5, 14, 9, 10], "rotation": 90, "texture": "#0"},
				"east": {"uv": [11, 10, 9, 14], "texture": "#0"},
				"south": {"uv": [8, 11, 4, 15], "texture": "#0"},
				"up": {"uv": [11, 10, 9, 14], "rotation": 90, "texture": "#0"}
			}
		},
		{
			"from": [0.01563, 6.3125, 7.98438],
			"to": [1.98438, 8.32813, 10],
			"rotation": {"angle": -45, "axis": "x", "origin": [0.00781, 5.5, 10]},
			"faces": {
				"north": {"uv": [11, 4, 9, 6], "texture": "#0"},
				"east": {"uv": [6, 10, 4, 12], "texture": "#0"},
				"south": {"uv": [13, 9, 11, 11], "texture": "#0"},
				"west": {"uv": [8, 12, 6, 14], "texture": "#0"},
				"up": {"uv": [12, 5, 10, 7], "texture": "#0"},
				"down": {"uv": [7, 9, 5, 11], "texture": "#0"}
			}
		},
		{
			"from": [14.01563, 6.3125, 7.98438],
			"to": [15.98438, 8.32813, 10],
			"rotation": {"angle": -45, "axis": "x", "origin": [14.00781, 5.5, 10]},
			"faces": {
				"east": {"uv": [9, 11, 7, 13], "texture": "#0"},
				"south": {"uv": [10, 10, 8, 12], "texture": "#0"},
				"west": {"uv": [12, 4, 10, 6], "texture": "#0"},
				"up": {"uv": [12, 5, 10, 7], "texture": "#0"}
			}
		},
		{
			"from": [0.0156, 1.92188, 5.17188],
			"to": [1.98435, 3.42188, 10.75],
			"rotation": {"angle": 0, "axis": "x", "origin": [0.00781, 4, 10]},
			"faces": {
				"east": {"uv": [12, 13, 6, 15], "texture": "#0"},
				"west": {"uv": [9, 11, 3, 13], "texture": "#0"}
			}
		},
		{
			"from": [14.0156, 1.92188, 5.17188],
			"to": [15.98435, 3.42188, 10.75],
			"rotation": {"angle": 0, "axis": "x", "origin": [14.00781, 4, 10]},
			"faces": {
				"east": {"uv": [11, 10, 5, 12], "texture": "#0"},
				"west": {"uv": [14, 4, 8, 6], "texture": "#0"}
			}
		},
		{
			"from": [0.0156, 3.42188, 5.67188],
			"to": [1.98435, 4.67188, 10.25],
			"rotation": {"angle": 0, "axis": "x", "origin": [0.00781, 5.5, 10]},
			"faces": {
				"east": {"uv": [13, 8, 9, 10], "texture": "#0"},
				"west": {"uv": [11, 12, 7, 14], "texture": "#0"}
			}
		},
		{
			"from": [14.0156, 3.42188, 5.67188],
			"to": [15.98435, 4.67188, 10.25],
			"rotation": {"angle": 0, "axis": "x", "origin": [14.00781, 5.5, 10]},
			"faces": {
				"east": {"uv": [12, 10, 8, 12], "texture": "#0"},
				"west": {"uv": [11, 5, 7, 7], "texture": "#0"}
			}
		},
		{
			"from": [1.67188, 0.67188, 0.01563],
			"to": [4.5, 3.5, 1.98438],
			"rotation": {"angle": -22.5, "axis": "z", "origin": [4.5, 3.5, 0]},
			"faces": {
				"north": {"uv": [10, 3, 14, 7], "rotation": 90, "texture": "#0"},
				"south": {"uv": [10, 5, 14, 9], "rotation": 90, "texture": "#0"},
				"west": {"uv": [11, 5, 13, 9], "texture": "#0"},
				"up": {"uv": [8, 4, 10, 8], "rotation": 270, "texture": "#0"}
			}
		},
		{
			"from": [1.67188, 0.67188, 14.01563],
			"to": [4.5, 3.5, 15.98438],
			"rotation": {"angle": -22.5, "axis": "z", "origin": [4.5, 3.5, 16]},
			"faces": {
				"north": {"uv": [10, 9, 14, 5], "rotation": 90, "texture": "#0"},
				"south": {"uv": [10, 7, 14, 3], "rotation": 90, "texture": "#0"},
				"west": {"uv": [13, 5, 11, 9], "texture": "#0"},
				"up": {"uv": [10, 4, 8, 8], "rotation": 270, "texture": "#0"}
			}
		},
		{
			"from": [11.5, 0.67188, 0.01563],
			"to": [14.32813, 3.5, 1.98438],
			"rotation": {"angle": 22.5, "axis": "z", "origin": [11.5, 3.5, 0]},
			"faces": {
				"north": {"uv": [5, 14, 9, 10], "rotation": 90, "texture": "#0"},
				"east": {"uv": [8, 10, 6, 14], "texture": "#0"},
				"south": {"uv": [4, 14, 8, 10], "rotation": 90, "texture": "#0"},
				"up": {"uv": [12, 12, 14, 8], "rotation": 270, "texture": "#0"}
			}
		},
		{
			"from": [11.5, 0.67188, 14.01563],
			"to": [14.32813, 3.5, 15.98438],
			"rotation": {"angle": 22.5, "axis": "z", "origin": [11.5, 3.5, 16]},
			"faces": {
				"north": {"uv": [4, 10, 8, 14], "rotation": 90, "texture": "#0"},
				"east": {"uv": [6, 10, 8, 14], "texture": "#0"},
				"south": {"uv": [5, 10, 9, 14], "rotation": 90, "texture": "#0"},
				"up": {"uv": [14, 12, 12, 8], "rotation": 270, "texture": "#0"}
			}
		}
	],
	"display": {
		"thirdperson_righthand": {
			"rotation": [75, 45, 0],
			"translation": [0, 2.5, 1.5],
			"scale": [0.375, 0.375, 0.375]
		},
		"thirdperson_lefthand": {
			"rotation": [75, 45, 0],
			"translation": [0, 2.5, 1.5],
			"scale": [0.375, 0.375, 0.375]
		},
		"firstperson_righthand": {
			"rotation": [0, 45, 0],
			"translation": [0, 2.75, 0],
			"scale": [0.4, 0.4, 0.4]
		},
		"firstperson_lefthand": {
			"rotation": [0, 45, 0],
			"translation": [0, 2.75, 0],
			"scale": [0.4, 0.4, 0.4]
		},
		"ground": {
			"translation": [0, 3, 0],
			"scale": [0.35, 0.35, 0.35]
		},
		"gui": {
			"rotation": [30, 135, 0],
			"translation": [0, 2.5, 0],
			"scale": [0.625, 0.625, 0.625]
		},
		"head": {
			"translation": [0, 11.75, 0],
			"scale": [0.93, 0.93, 0.93]
		},
		"fixed": {
			"scale": [0.5, 0.5, 0.5]
		}
	}
}