{
  "file_name": "bone7",
  "texture_size": [
    64,
    64
  ],
  "textures": {
    "layer0": "modelengine:entity/coffin"
  },
  "elements": [
    {
      "name": "bone7_0",
      "from": [
        8.825754,
        8.360912,
        10.177502
      ],
      "to": [
        10.205755,
        18.020912,
        18.4575
      ],
      "rotation": {
        "angle": 0.0,
        "axis": "z",
        "origin": [
          10.122536,
          7.8889213,
          10.177502
        ]
      },
      "faces": {
        "down": {
          "uv": [
            4.5,
            12.5,
            4.75,
            11.0
          ],
          "texture": "#layer0",
          "tintindex": 0
        },
        "east": {
          "uv": [
            7.25,
            9.5,
            5.75,
            11.25
          ],
          "texture": "#layer0",
          "tintindex": 0
        },
        "north": {
          "uv": [
            10.25,
            10.0,
            10.0,
            11.75
          ],
          "texture": "#layer0",
          "tintindex": 0
        },
        "south": {
          "uv": [
            10.0,
            10.0,
            9.75,
            11.75
          ],
          "texture": "#layer0",
          "tintindex": 0
        },
        "up": {
          "uv": [
            4.5,
            8.0,
            4.25,
            9.5
          ],
          "texture": "#layer0",
          "tintindex": 0
        },
        "west": {
          "uv": [
            8.75,
            9.5,
            7.25,
            11.25
          ],
          "texture": "#layer0",
          "tintindex": 0
        }
      }
    }
  ],
  "display": {
    "head": {
      "translation": [
        0.0,
        -6.4,
        0.0
      ],
      "rotation": [
        0.0,
        0.0,
        0.0
      ],
      "scale": [
        3.8095,
        3.8095,
        3.8095
      ]
    },
    "gui": {
      "translation": [
        0.0,
        0.0,
        0.0
      ],
      "rotation": [
        35.0,
        225.0,
        0.0
      ],
      "scale": [
        0.625,
        0.625,
        0.625
      ]
    }
  }
}