{
  "file_name": "bone8",
  "texture_size": [
    64,
    64
  ],
  "textures": {
    "layer0": "modelengine:entity/coffin"
  },
  "elements": [
    {
      "name": "bone8_0",
      "from": [
        4.7902336,
        -16.0,
        10.177502
      ],
      "to": [
        6.1702337,
        11.6,
        18.4575
      ],
      "rotation": {
        "angle": 0.0,
        "axis": "z",
        "origin": [
          8.0,
          15.089809,
          8.0
        ]
      },
      "faces": {
        "down": {
          "uv": [
            5.0,
            12.5,
            5.25,
            11.0
          ],
          "texture": "#layer0",
          "tintindex": 0
        },
        "east": {
          "uv": [
            4.5,
            3.0,
            3.0,
            8.0
          ],
          "texture": "#layer0",
          "tintindex": 0
        },
        "north": {
          "uv": [
            3.75,
            9.75,
            3.5,
            14.75
          ],
          "texture": "#layer0",
          "tintindex": 0
        },
        "south": {
          "uv": [
            3.5,
            9.75,
            3.25,
            14.75
          ],
          "texture": "#layer0",
          "tintindex": 0
        },
        "up": {
          "uv": [
            5.0,
            11.0,
            4.75,
            12.5
          ],
          "texture": "#layer0",
          "tintindex": 0
        },
        "west": {
          "uv": [
            6.0,
            4.5,
            4.5,
            9.5
          ],
          "texture": "#layer0",
          "tintindex": 0
        }
      }
    }
  ],
  "display": {
    "head": {
      "translation": [
        0.0,
        -33.40863,
        0.0
      ],
      "rotation": [
        0.0,
        0.0,
        0.0
      ],
      "scale": [
        3.8095,
        3.8095,
        3.8095
      ]
    },
    "gui": {
      "translation": [
        0.0,
        0.0,
        0.0
      ],
      "rotation": [
        35.0,
        225.0,
        0.0
      ],
      "scale": [
        0.625,
        0.625,
        0.625
      ]
    }
  }
}