{
  "file_name": "bone6",
  "texture_size": [
    64,
    64
  ],
  "textures": {
    "layer0": "modelengine:entity/coffin"
  },
  "elements": [
    {
      "name": "bone6_0",
      "from": [
        9.8726845,
        -16.0,
        10.177502
      ],
      "to": [
        11.252685,
        11.600001,
        18.4575
      ],
      "rotation": {
        "angle": 0.0,
        "axis": "z",
        "origin": [
          8.0,
          15.093567,
          8.0
        ]
      },
      "faces": {
        "down": {
          "uv": [
            4.0,
            9.5,
            4.25,
            8.0
          ],
          "texture": "#layer0",
          "tintindex": 0
        },
        "east": {
          "uv": [
            1.5,
            0.0,
            0.0,
            5.0
          ],
          "texture": "#layer0",
          "tintindex": 0
        },
        "north": {
          "uv": [
            3.25,
            9.75,
            3.0,
            14.75
          ],
          "texture": "#layer0",
          "tintindex": 0
        },
        "south": {
          "uv": [
            3.0,
            9.75,
            2.75,
            14.75
          ],
          "texture": "#layer0",
          "tintindex": 0
        },
        "up": {
          "uv": [
            3.0,
            6.5,
            2.75,
            8.0
          ],
          "texture": "#layer0",
          "tintindex": 0
        },
        "west": {
          "uv": [
            3.0,
            1.5,
            1.5,
            6.5
          ],
          "texture": "#layer0",
          "tintindex": 0
        }
      }
    }
  ],
  "display": {
    "head": {
      "translation": [
        0.0,
        -33.422943,
        0.0
      ],
      "rotation": [
        0.0,
        0.0,
        0.0
      ],
      "scale": [
        3.8095,
        3.8095,
        3.8095
      ]
    },
    "gui": {
      "translation": [
        0.0,
        0.0,
        0.0
      ],
      "rotation": [
        35.0,
        225.0,
        0.0
      ],
      "scale": [
        0.625,
        0.625,
        0.625
      ]
    }
  }
}