{
  "file_name": "bone3",
  "texture_size": [
    64,
    64
  ],
  "textures": {
    "layer0": "modelengine:entity/coffin"
  },
  "elements": [
    {
      "name": "bone3_0",
      "from": [
        9.8726845,
        -16.0,
        8.7975025
      ],
      "to": [
        11.252685,
        11.600001,
        10.177502
      ],
      "rotation": {
        "angle": 0.0,
        "axis": "z",
        "origin": [
          8.0,
          15.093567,
          8.0
        ]
      },
      "faces": {
        "down": {
          "uv": [
            11.0,
            5.5,
            11.25,
            5.25
          ],
          "texture": "#layer0",
          "tintindex": 0
        },
        "east": {
          "uv": [
            9.75,
            9.5,
            9.5,
            14.5
          ],
          "texture": "#layer0",
          "tintindex": 0
        },
        "north": {
          "uv": [
            2.5,
            9.75,
            2.25,
            14.75
          ],
          "texture": "#layer0",
          "tintindex": 0
        },
        "south": {
          "uv": [
            9.5,
            9.5,
            9.25,
            14.5
          ],
          "texture": "#layer0",
          "tintindex": 0
        },
        "up": {
          "uv": [
            11.25,
            5.0,
            11.0,
            5.25
          ],
          "texture": "#layer0",
          "tintindex": 0
        },
        "west": {
          "uv": [
            2.75,
            9.75,
            2.5,
            14.75
          ],
          "texture": "#layer0",
          "tintindex": 0
        }
      }
    }
  ],
  "display": {
    "head": {
      "translation": [
        0.0,
        -33.422943,
        0.0
      ],
      "rotation": [
        0.0,
        0.0,
        0.0
      ],
      "scale": [
        3.8095,
        3.8095,
        3.8095
      ]
    },
    "gui": {
      "translation": [
        0.0,
        0.0,
        0.0
      ],
      "rotation": [
        35.0,
        225.0,
        0.0
      ],
      "scale": [
        0.625,
        0.625,
        0.625
      ]
    }
  }
}