{
  "file_name": "tail2",
  "texture_size": [
    64,
    64
  ],
  "textures": {
    "layer0": "modelengine:entity/shark"
  },
  "elements": [
    {
      "name": "tail2_0",
      "from": [
        12.522398,
        7.4266033,
        7.583768
      ],
      "to": [
        15.852254,
        13.253852,
        8.416232
      ],
      "rotation": {
        "angle": -45.0,
        "axis": "z",
        "origin": [
          14.1873255,
          10.340227,
          8.0
        ]
      },
      "faces": {
        "down": {
          "uv": [
            9.25,
            2.75,
            10.25,
            3.0
          ],
          "texture": "#layer0",
          "tintindex": 0
        },
        "east": {
          "uv": [
            8.0,
            9.25,
            8.25,
            11.0
          ],
          "texture": "#layer0",
          "tintindex": 0
        },
        "north": {
          "uv": [
            6.75,
            3.5,
            7.75,
            5.25
          ],
          "texture": "#layer0",
          "tintindex": 0
        },
        "south": {
          "uv": [
            4.75,
            7.0,
            5.75,
            8.75
          ],
          "texture": "#layer0",
          "tintindex": 0
        },
        "up": {
          "uv": [
            10.25,
            2.75,
            9.25,
            2.5
          ],
          "texture": "#layer0",
          "tintindex": 0
        },
        "west": {
          "uv": [
            8.25,
            9.25,
            8.5,
            11.0
          ],
          "texture": "#layer0",
          "tintindex": 0
        }
      }
    },
    {
      "name": "tail2_1",
      "from": [
        12.358023,
        4.6173015,
        7.583768
      ],
      "to": [
        14.02295,
        8.779622,
        8.416232
      ],
      "rotation": {
        "angle": 45.0,
        "axis": "z",
        "origin": [
          13.190485,
          6.6984615,
          8.0
        ]
      },
      "faces": {
        "down": {
          "uv": [
            1.0,
            8.0,
            1.5,
            8.25
          ],
          "texture": "#layer0",
          "tintindex": 0
        },
        "east": {
          "uv": [
            5.25,
            5.75,
            5.5,
            7.0
          ],
          "texture": "#layer0",
          "tintindex": 0
        },
        "north": {
          "uv": [
            4.75,
            5.75,
            5.25,
            7.0
          ],
          "texture": "#layer0",
          "tintindex": 0
        },
        "south": {
          "uv": [
            1.0,
            6.75,
            1.5,
            8.0
          ],
          "texture": "#layer0",
          "tintindex": 0
        },
        "up": {
          "uv": [
            4.0,
            5.75,
            3.5,
            5.5
          ],
          "texture": "#layer0",
          "tintindex": 0
        },
        "west": {
          "uv": [
            8.5,
            9.25,
            8.75,
            10.5
          ],
          "texture": "#layer0",
          "tintindex": 0
        }
      }
    },
    {
      "name": "tail2_2",
      "from": [
        7.821931,
        6.6803474,
        7.167536
      ],
      "to": [
        13.649179,
        10.010204,
        8.832464
      ],
      "rotation": {
        "angle": 0.0,
        "axis": "z",
        "origin": [
          8.0,
          8.0,
          8.0
        ]
      },
      "faces": {
        "down": {
          "uv": [
            5.75,
            8.5,
            7.5,
            9.0
          ],
          "texture": "#layer0",
          "tintindex": 0
        },
        "east": {
          "uv": [
            4.5,
            1.5,
            5.0,
            2.5
          ],
          "texture": "#layer0",
          "tintindex": 0
        },
        "north": {
          "uv": [
            6.25,
            1.5,
            8.0,
            2.5
          ],
          "texture": "#layer0",
          "tintindex": 0
        },
        "south": {
          "uv": [
            6.25,
            2.5,
            8.0,
            3.5
          ],
          "texture": "#layer0",
          "tintindex": 0
        },
        "up": {
          "uv": [
            4.25,
            9.0,
            2.5,
            8.5
          ],
          "texture": "#layer0",
          "tintindex": 0
        },
        "west": {
          "uv": [
            8.75,
            8.75,
            9.25,
            9.75
          ],
          "texture": "#layer0",
          "tintindex": 0
        }
      }
    }
  ],
  "display": {
    "head": {
      "translation": [
        0.0,
        -6.4,
        0.0
      ],
      "rotation": [
        0.0,
        0.0,
        0.0
      ],
      "scale": [
        3.8095,
        3.8095,
        3.8095
      ]
    },
    "gui": {
      "translation": [
        0.0,
        0.0,
        0.0
      ],
      "rotation": [
        35.0,
        225.0,
        0.0
      ],
      "scale": [
        0.625,
        0.625,
        0.625
      ]
    }
  }
}