{
	"credit": "Made by MadstonMagic, using Cubik Pro & Blockbench",
	"textures": {
		"particle": "custom_gui/00_icon"
	},
	"elements": [
		{
			"from": [2, 2, 7.5],
			"to": [14, 14, 8],
			"rotation": {"angle": 0, "axis": "y", "origin": [9, 9, 15.5]},
			"faces": {
				"north": {"uv": [0, 0, 16, 16], "texture": "#particle"},
				"east": {"uv": [0, 0, 0.5, 0.5], "texture": "#particle"},
				"south": {"uv": [0, 0, 0.5, 0.5], "texture": "#particle"},
				"west": {"uv": [0, 0, 0.5, 0.5], "texture": "#particle"},
				"up": {"uv": [0, 0, 0.5, 0.5], "texture": "#particle"},
				"down": {"uv": [0, 0, 0.5, 0.5], "texture": "#particle"}
			}
		}
	],
	"gui_light": "front",
	"display": {
		"thirdperson_righthand": {
			"scale": [0, 0, 0]
		},
		"thirdperson_lefthand": {
			"scale": [0, 0, 0]
		},
		"firstperson_righthand": {
			"scale": [0, 0, 0]
		},
		"firstperson_lefthand": {
			"scale": [0, 0, 0]
		},
		"ground": {
			"scale": [0, 0, 0]
		},
		"gui": {
			"rotation": [0, -180, 0]
		},
		"head": {
			"scale": [0, 0, 0]
		},
		"fixed": {
			"scale": [0, 0, 0]
		}
	}
}