{
	"credit": "Made by MadstonMagic, using Cubik Pro & Blockbench",
	"textures": {
		"0": "block/dark_oak_planks",
		"1": "block/dark_oak_log",
		"2": "block/white_wool",
		"3": "block/gold_block",
		"4": "block/red_wool",
		"particle": "block/dark_oak_planks"
	},
	"elements": [
		{
			"from": [-1, -10.5, -1],
			"to": [3, -0.5, 3],
			"rotation": {"angle": 0, "axis": "y", "origin": [6, -1.5, 6]},
			"faces": {
				"north": {"uv": [9, 4, 15, 14], "texture": "#3"},
				"east": {"uv": [10, 6, 16, 16], "texture": "#3"},
				"south": {"uv": [8, 6, 14, 16], "texture": "#3"},
				"west": {"uv": [2, 0, 8, 10], "texture": "#3"}
			}
		},
		{
			"from": [13, -10.5, 13],
			"to": [17, -0.5, 17],
			"rotation": {"angle": 0, "axis": "y", "origin": [10, -1.5, 10]},
			"faces": {
				"north": {"uv": [8, 6, 14, 16], "texture": "#3"},
				"east": {"uv": [2, 0, 8, 10], "texture": "#3"},
				"south": {"uv": [9, 4, 15, 14], "texture": "#3"},
				"west": {"uv": [10, 6, 16, 16], "texture": "#3"}
			}
		},
		{
			"from": [13, -10.5, -1],
			"to": [17, -0.5, 3],
			"rotation": {"angle": 0, "axis": "y", "origin": [20, -1.5, 6]},
			"faces": {
				"north": {"uv": [4, 2, 10, 12], "texture": "#3"},
				"east": {"uv": [6, 3, 12, 13], "texture": "#3"},
				"south": {"uv": [2, 2, 8, 12], "texture": "#3"},
				"west": {"uv": [8, 6, 14, 16], "texture": "#3"}
			}
		},
		{
			"from": [12.5, -10.5, -1.5],
			"to": [17.5, -7.5, 3.5],
			"rotation": {"angle": 0, "axis": "y", "origin": [20, -1.5, 6]},
			"faces": {
				"north": {"uv": [6, 9, 12, 13], "texture": "#1"},
				"east": {"uv": [6, 9, 12, 13], "texture": "#1"},
				"south": {"uv": [6, 9, 12, 13], "texture": "#1"},
				"west": {"uv": [6, 9, 12, 13], "texture": "#1"},
				"up": {"uv": [4, 3, 10, 9], "texture": "#1"},
				"down": {"uv": [3, 2, 9, 8], "texture": "#1"}
			}
		},
		{
			"from": [-1.5, -10.5, 12.5],
			"to": [3.5, -7.5, 17.5],
			"rotation": {"angle": 0, "axis": "y", "origin": [-4, -1.5, 10]},
			"faces": {
				"north": {"uv": [6, 9, 12, 13], "texture": "#1"},
				"east": {"uv": [6, 9, 12, 13], "texture": "#1"},
				"south": {"uv": [6, 9, 12, 13], "texture": "#1"},
				"west": {"uv": [6, 9, 12, 13], "texture": "#1"},
				"up": {"uv": [10, 9, 4, 3], "texture": "#1"},
				"down": {"uv": [9, 8, 3, 2], "texture": "#1"}
			}
		},
		{
			"from": [-1.5, -10.5, -1.5],
			"to": [3.5, -7.5, 3.5],
			"rotation": {"angle": 0, "axis": "y", "origin": [6, -1.5, 6]},
			"faces": {
				"north": {"uv": [10, 5, 16, 9], "texture": "#1"},
				"east": {"uv": [10, 12, 16, 16], "texture": "#1"},
				"south": {"uv": [1, 4, 7, 8], "texture": "#1"},
				"west": {"uv": [9, 1, 15, 5], "texture": "#1"},
				"up": {"uv": [4, 3, 10, 9], "texture": "#1"},
				"down": {"uv": [3, 2, 9, 8], "texture": "#1"}
			}
		},
		{
			"from": [-4.5, -0.5, -0.5],
			"to": [-3, 7.5, 1],
			"rotation": {"angle": 0, "axis": "y", "origin": [2.5, 8.5, 6.5]},
			"faces": {
				"north": {"uv": [3, 3, 7, 15], "texture": "#1"},
				"east": {"uv": [2, 0, 6, 12], "texture": "#1"},
				"south": {"uv": [4, 4, 8, 16], "texture": "#1"},
				"west": {"uv": [9, 1, 13, 13], "texture": "#1"},
				"down": {"uv": [3, 2, 9, 8], "texture": "#1"}
			}
		},
		{
			"from": [-4.5, -8.5, -0.46875],
			"to": [-3, -0.5, 0.96875],
			"rotation": {"angle": 45, "axis": "z", "origin": [-4.5, -0.5, -0.5]},
			"faces": {
				"north": {"uv": [3, 3, 7, 15], "texture": "#1"},
				"east": {"uv": [2, 0, 6, 12], "texture": "#1"},
				"south": {"uv": [4, 4, 8, 16], "texture": "#1"},
				"west": {"uv": [9, 1, 13, 13], "texture": "#1"}
			}
		},
		{
			"from": [19, -8.5, -0.46875],
			"to": [20.5, -0.5, 0.96875],
			"rotation": {"angle": -45, "axis": "z", "origin": [20.5, -0.5, -0.5]},
			"faces": {
				"north": {"uv": [7, 3, 3, 15], "texture": "#1"},
				"east": {"uv": [13, 1, 9, 13], "texture": "#1"},
				"south": {"uv": [8, 4, 4, 16], "texture": "#1"},
				"west": {"uv": [6, 0, 2, 12], "texture": "#1"}
			}
		},
		{
			"from": [19, -0.5, 15],
			"to": [20.5, 7.5, 16.5],
			"rotation": {"angle": 0, "axis": "y", "origin": [26, 8.5, 22]},
			"faces": {
				"north": {"uv": [3, 3, 7, 15], "texture": "#1"},
				"east": {"uv": [2, 0, 6, 12], "texture": "#1"},
				"south": {"uv": [4, 4, 8, 16], "texture": "#1"},
				"west": {"uv": [9, 1, 13, 13], "texture": "#1"},
				"down": {"uv": [3, 2, 9, 8], "texture": "#1"}
			}
		},
		{
			"from": [-4.5, 8.5, 15],
			"to": [-3, 24.5, 16.5],
			"rotation": {"angle": 0, "axis": "y", "origin": [2.5, 17.5, 22]},
			"faces": {
				"north": {"uv": [8, 0, 11, 16], "texture": "#1"},
				"east": {"uv": [8, 0, 11, 16], "texture": "#1"},
				"south": {"uv": [0, 0, 3, 16], "texture": "#1"},
				"west": {"uv": [13, 0, 16, 16], "texture": "#1"},
				"up": {"uv": [8, 4, 11, 7], "texture": "#1"}
			}
		},
		{
			"from": [7.25, 11.5, 15.75],
			"to": [8.75, 23.5, 17.25],
			"rotation": {"angle": 0, "axis": "y", "origin": [14.25, 17.5, 22.75]},
			"faces": {
				"east": {"uv": [8, 0, 11, 16], "texture": "#1"},
				"south": {"uv": [0, 0, 3, 16], "texture": "#1"},
				"west": {"uv": [13, 0, 16, 16], "texture": "#1"}
			}
		},
		{
			"from": [8.75, 10.75, 15.75],
			"to": [19, 12.25, 17.25],
			"rotation": {"angle": 0, "axis": "z", "origin": [8.75, 10.75, 17.25]},
			"faces": {
				"north": {"uv": [8, 0, 11, 16], "rotation": 270, "texture": "#1"},
				"east": {"uv": [8, 4, 11, 7], "rotation": 90, "texture": "#1"},
				"south": {"uv": [0, 0, 3, 16], "rotation": 90, "texture": "#1"},
				"up": {"uv": [13, 0, 16, 16], "rotation": 90, "texture": "#1"},
				"down": {"uv": [8, 0, 11, 16], "rotation": 90, "texture": "#1"}
			}
		},
		{
			"from": [-3, 10.75, 15.75],
			"to": [7.25, 12.25, 17.25],
			"rotation": {"angle": 0, "axis": "z", "origin": [-2.75, 10.75, 17.25]},
			"faces": {
				"north": {"uv": [8, 0, 11, 16], "rotation": 270, "texture": "#1"},
				"south": {"uv": [0, 0, 3, 16], "rotation": 90, "texture": "#1"},
				"west": {"uv": [3, 2, 9, 8], "rotation": 90, "texture": "#1"},
				"up": {"uv": [13, 0, 16, 16], "rotation": 90, "texture": "#1"},
				"down": {"uv": [8, 0, 11, 16], "rotation": 90, "texture": "#1"}
			}
		},
		{
			"from": [7.25, -1, 15.75],
			"to": [8.75, 11.5, 17.25],
			"rotation": {"angle": 0, "axis": "y", "origin": [14.25, 3.5, 22.75]},
			"faces": {
				"north": {"uv": [8, 0, 11, 16], "texture": "#1"},
				"east": {"uv": [8, 0, 11, 16], "texture": "#1"},
				"south": {"uv": [0, 0, 3, 16], "texture": "#1"},
				"west": {"uv": [13, 0, 16, 16], "texture": "#1"},
				"down": {"uv": [3, 2, 9, 8], "texture": "#1"}
			}
		},
		{
			"from": [-3, 23.5, 15.5],
			"to": [19, 26, 17.5],
			"rotation": {"angle": 0, "axis": "y", "origin": [2.5, 14.5, 23]},
			"faces": {
				"north": {"uv": [0, 0, 4, 16], "rotation": 90, "texture": "#1"},
				"east": {"uv": [12, 1, 15, 5], "texture": "#1"},
				"south": {"uv": [7, 0, 11, 16], "rotation": 90, "texture": "#1"},
				"west": {"uv": [8, 7, 11, 11], "texture": "#1"},
				"up": {"uv": [13, 0, 16, 16], "rotation": 90, "texture": "#1"},
				"down": {"uv": [10, 0, 13, 16], "rotation": 90, "texture": "#1"}
			}
		},
		{
			"from": [19, 8.5, 15],
			"to": [20.5, 24.5, 16.5],
			"rotation": {"angle": 0, "axis": "y", "origin": [26, 17.5, 22]},
			"faces": {
				"north": {"uv": [4, 0, 7, 16], "texture": "#1"},
				"east": {"uv": [13, 0, 16, 16], "texture": "#1"},
				"south": {"uv": [5, 0, 8, 16], "texture": "#1"},
				"west": {"uv": [7, 0, 10, 16], "texture": "#1"},
				"up": {"uv": [10, 10, 13, 13], "texture": "#1"}
			}
		},
		{
			"from": [8, 11.5, 16],
			"to": [19, 24.5, 16.5],
			"rotation": {"angle": 0, "axis": "y", "origin": [24.5, 19.5, 22.5]},
			"faces": {
				"north": {"uv": [0, 0, 9, 15], "texture": "#3"},
				"south": {"uv": [9, 0, 0, 15], "texture": "#3"}
			}
		},
		{
			"from": [8, 0.5, 16],
			"to": [19, 11.5, 16.5],
			"rotation": {"angle": 0, "axis": "y", "origin": [24.5, 3.5, 22.5]},
			"faces": {
				"north": {"uv": [0, 4, 9, 16], "texture": "#3"},
				"south": {"uv": [9, 4, 0, 16], "texture": "#3"}
			}
		},
		{
			"from": [-3, 11.5, 16],
			"to": [8, 24.5, 16.5],
			"rotation": {"angle": 0, "axis": "y", "origin": [13.5, 19.5, 22.5]},
			"faces": {
				"north": {"uv": [7, 0, 16, 15], "texture": "#3"},
				"south": {"uv": [16, 0, 7, 15], "texture": "#3"}
			}
		},
		{
			"from": [-3, 0.5, 16],
			"to": [8, 11.5, 16.5],
			"rotation": {"angle": 0, "axis": "y", "origin": [13.5, 3.5, 22.5]},
			"faces": {
				"north": {"uv": [7, 4, 16, 16], "texture": "#3"},
				"south": {"uv": [16, 4, 7, 16], "texture": "#3"}
			}
		},
		{
			"from": [19, -0.5, -0.5],
			"to": [20.5, 7.5, 1],
			"rotation": {"angle": 0, "axis": "y", "origin": [26, 8.5, 6.5]},
			"faces": {
				"north": {"uv": [10, 4, 14, 16], "texture": "#1"},
				"east": {"uv": [7, 4, 11, 16], "texture": "#1"},
				"south": {"uv": [11, 1, 15, 13], "texture": "#1"},
				"west": {"uv": [0, 3, 4, 15], "texture": "#1"},
				"down": {"uv": [3, 2, 9, 8], "texture": "#1"}
			}
		},
		{
			"from": [3, -7, 0.5],
			"to": [13, -5.5, 2],
			"rotation": {"angle": 0, "axis": "z", "origin": [13, -9, 0.75]},
			"faces": {
				"north": {"uv": [10, 4, 14, 16], "rotation": 90, "texture": "#1"},
				"south": {"uv": [11, 1, 15, 13], "rotation": 270, "texture": "#1"},
				"up": {"uv": [7, 4, 11, 16], "rotation": 270, "texture": "#1"},
				"down": {"uv": [0, 3, 4, 15], "rotation": 270, "texture": "#1"}
			}
		},
		{
			"from": [0.5, -7, 3],
			"to": [2, -5.5, 13],
			"rotation": {"angle": 0, "axis": "y", "origin": [13, -9, 0.75]},
			"faces": {
				"east": {"uv": [11, 1, 15, 13], "rotation": 270, "texture": "#1"},
				"west": {"uv": [10, 4, 14, 16], "rotation": 90, "texture": "#1"},
				"up": {"uv": [7, 4, 11, 16], "rotation": 180, "texture": "#1"},
				"down": {"uv": [0, 3, 4, 15], "texture": "#1"}
			}
		},
		{
			"from": [3, -7, 14],
			"to": [13, -5.5, 15.5],
			"rotation": {"angle": 0, "axis": "z", "origin": [13, -9, 0.75]},
			"faces": {
				"north": {"uv": [11, 13, 15, 1], "rotation": 270, "texture": "#1"},
				"south": {"uv": [10, 16, 14, 4], "rotation": 90, "texture": "#1"},
				"up": {"uv": [11, 4, 7, 16], "rotation": 270, "texture": "#1"},
				"down": {"uv": [4, 3, 0, 15], "rotation": 270, "texture": "#1"}
			}
		},
		{
			"from": [14, -7, 3],
			"to": [15.5, -5.5, 13],
			"rotation": {"angle": 0, "axis": "y", "origin": [13, -9, 0.75]},
			"faces": {
				"east": {"uv": [10, 16, 14, 4], "rotation": 90, "texture": "#1"},
				"west": {"uv": [11, 13, 15, 1], "rotation": 270, "texture": "#1"},
				"up": {"uv": [11, 4, 7, 16], "rotation": 180, "texture": "#1"},
				"down": {"uv": [4, 3, 0, 15], "texture": "#1"}
			}
		},
		{
			"from": [-4.5, -0.5, 15],
			"to": [-3, 7.5, 16.5],
			"rotation": {"angle": 0, "axis": "y", "origin": [2.5, 8.5, 22]},
			"faces": {
				"north": {"uv": [10, 4, 14, 16], "texture": "#1"},
				"east": {"uv": [7, 4, 11, 16], "texture": "#1"},
				"south": {"uv": [11, 1, 15, 13], "texture": "#1"},
				"west": {"uv": [0, 3, 4, 15], "texture": "#1"},
				"down": {"uv": [3, 2, 9, 8], "texture": "#1"}
			}
		},
		{
			"from": [-4.5, -8.5, 15.03125],
			"to": [-3, -0.5, 16.46875],
			"rotation": {"angle": 45, "axis": "z", "origin": [-4.5, -0.5, -0.5]},
			"faces": {
				"north": {"uv": [10, 4, 14, 16], "texture": "#1"},
				"east": {"uv": [7, 4, 11, 16], "texture": "#1"},
				"south": {"uv": [11, 1, 15, 13], "texture": "#1"},
				"west": {"uv": [0, 3, 4, 15], "texture": "#1"}
			}
		},
		{
			"from": [19, -8.5, 15.03125],
			"to": [20.5, -0.5, 16.46875],
			"rotation": {"angle": -45, "axis": "z", "origin": [20.5, -0.5, -0.5]},
			"faces": {
				"north": {"uv": [14, 4, 10, 16], "texture": "#1"},
				"east": {"uv": [4, 3, 0, 15], "texture": "#1"},
				"south": {"uv": [15, 1, 11, 13], "texture": "#1"},
				"west": {"uv": [11, 4, 7, 16], "texture": "#1"}
			}
		},
		{
			"from": [-4, 0.5, 1],
			"to": [-3.5, 7.5, 15],
			"rotation": {"angle": 0, "axis": "y", "origin": [2.5, 8.5, 22]},
			"faces": {
				"east": {"uv": [0, 7, 16, 16], "texture": "#0"},
				"west": {"uv": [0, 7, 16, 16], "texture": "#0"},
				"down": {"uv": [3, 2, 9, 8], "texture": "#0"}
			}
		},
		{
			"from": [19.5, 0.5, 1],
			"to": [20, 7.5, 15],
			"rotation": {"angle": 0, "axis": "y", "origin": [26, 8.5, 22]},
			"faces": {
				"east": {"uv": [0, 7, 16, 16], "texture": "#0"},
				"west": {"uv": [0, 7, 16, 16], "texture": "#0"},
				"down": {"uv": [3, 2, 9, 8], "texture": "#0"}
			}
		},
		{
			"from": [12.5, -10.5, 12.5],
			"to": [17.5, -7.5, 17.5],
			"rotation": {"angle": 0, "axis": "y", "origin": [10, -1.5, 10]},
			"faces": {
				"north": {"uv": [1, 4, 7, 8], "texture": "#1"},
				"east": {"uv": [9, 1, 15, 5], "texture": "#1"},
				"south": {"uv": [10, 5, 16, 9], "texture": "#1"},
				"west": {"uv": [10, 12, 16, 16], "texture": "#1"},
				"up": {"uv": [10, 9, 4, 3], "texture": "#1"},
				"down": {"uv": [9, 8, 3, 2], "texture": "#1"}
			}
		},
		{
			"from": [-1, -10.5, 13],
			"to": [3, -0.5, 17],
			"rotation": {"angle": 0, "axis": "y", "origin": [-4, -1.5, 10]},
			"faces": {
				"north": {"uv": [2, 2, 8, 12], "texture": "#3"},
				"east": {"uv": [8, 6, 14, 16], "texture": "#3"},
				"south": {"uv": [4, 2, 10, 12], "texture": "#3"},
				"west": {"uv": [6, 3, 12, 13], "texture": "#3"}
			}
		},
		{
			"from": [-3, -0.5, -1],
			"to": [19, 0.5, 17],
			"rotation": {"angle": 0, "axis": "y", "origin": [9, 1.5, 8]},
			"faces": {
				"north": {"uv": [0, 15, 16, 16], "texture": "#3"},
				"east": {"uv": [0, 0, 1, 16], "rotation": 270, "texture": "#3"},
				"south": {"uv": [0, 0, 16, 1], "rotation": 180, "texture": "#3"},
				"west": {"uv": [15, 0, 16, 16], "rotation": 90, "texture": "#3"},
				"up": {"uv": [0, 0, 16, 16], "rotation": 180, "texture": "#3"},
				"down": {"uv": [2, 0, 14, 16], "texture": "#3"}
			}
		},
		{
			"from": [19, 7.5, -1],
			"to": [22.5, 8.5, 17],
			"rotation": {"angle": 0, "axis": "y", "origin": [28, 9.5, 8]},
			"faces": {
				"north": {"uv": [0, 15, 4, 16], "texture": "#3"},
				"east": {"uv": [0, 0, 1, 16], "rotation": 270, "texture": "#3"},
				"south": {"uv": [0, 0, 4, 1], "rotation": 180, "texture": "#3"},
				"west": {"uv": [3, 0, 4, 16], "rotation": 90, "texture": "#3"},
				"up": {"uv": [0, 0, 4, 16], "rotation": 180, "texture": "#3"},
				"down": {"uv": [2, 0, 14, 16], "texture": "#3"}
			}
		},
		{
			"from": [-6.5, 7.5, -1],
			"to": [-3, 8.5, 17],
			"rotation": {"angle": 0, "axis": "y", "origin": [2.5, 9.5, 8]},
			"faces": {
				"north": {"uv": [12, 15, 16, 16], "texture": "#3"},
				"east": {"uv": [12, 0, 13, 16], "rotation": 270, "texture": "#3"},
				"south": {"uv": [12, 0, 16, 1], "rotation": 180, "texture": "#3"},
				"west": {"uv": [15, 0, 16, 16], "rotation": 90, "texture": "#3"},
				"up": {"uv": [12, 0, 16, 16], "rotation": 180, "texture": "#3"},
				"down": {"uv": [2, 0, 14, 16], "texture": "#3"}
			}
		},
		{
			"from": [-6.375, 7.53125, -2],
			"to": [-3.125, 8.5, -1],
			"rotation": {"angle": -22.5, "axis": "x", "origin": [-5, 8.5, -1]},
			"faces": {
				"north": {"uv": [6, 12, 7, 11], "rotation": 180, "texture": "#3"},
				"east": {"uv": [6, 12, 7, 11], "rotation": 180, "texture": "#3"},
				"west": {"uv": [6, 12, 7, 11], "rotation": 180, "texture": "#3"},
				"up": {"uv": [6, 12, 7, 11], "rotation": 180, "texture": "#3"},
				"down": {"uv": [6, 12, 7, 11], "rotation": 180, "texture": "#3"}
			}
		},
		{
			"from": [-6.375, 7.53125, 17],
			"to": [-3.125, 8.5, 18],
			"rotation": {"angle": 22.5, "axis": "x", "origin": [-5, 8.5, 17]},
			"faces": {
				"east": {"uv": [7, 12, 6, 11], "rotation": 180, "texture": "#3"},
				"south": {"uv": [7, 12, 6, 11], "rotation": 180, "texture": "#3"},
				"west": {"uv": [7, 12, 6, 11], "rotation": 180, "texture": "#3"},
				"up": {"uv": [6, 11, 7, 12], "rotation": 180, "texture": "#3"},
				"down": {"uv": [6, 11, 7, 12], "rotation": 180, "texture": "#3"}
			}
		},
		{
			"from": [19.125, 7.5, -2],
			"to": [22.375, 8.5, -1],
			"rotation": {"angle": -22.5, "axis": "x", "origin": [20.5, 8.5, -1]},
			"faces": {
				"north": {"uv": [6, 12, 7, 11], "rotation": 180, "texture": "#3"},
				"east": {"uv": [6, 12, 7, 11], "rotation": 180, "texture": "#3"},
				"west": {"uv": [6, 12, 7, 11], "rotation": 180, "texture": "#3"},
				"up": {"uv": [6, 12, 7, 11], "rotation": 180, "texture": "#3"},
				"down": {"uv": [6, 12, 7, 11], "rotation": 180, "texture": "#3"}
			}
		},
		{
			"from": [19.125, 7.5, 17],
			"to": [22.375, 8.5, 18],
			"rotation": {"angle": 22.5, "axis": "x", "origin": [20.5, 8.5, 17]},
			"faces": {
				"east": {"uv": [7, 12, 6, 11], "rotation": 180, "texture": "#3"},
				"south": {"uv": [7, 12, 6, 11], "rotation": 180, "texture": "#3"},
				"west": {"uv": [7, 12, 6, 11], "rotation": 180, "texture": "#3"},
				"up": {"uv": [6, 11, 7, 12], "rotation": 180, "texture": "#3"},
				"down": {"uv": [6, 11, 7, 12], "rotation": 180, "texture": "#3"}
			}
		},
		{
			"from": [-6.25, 7.14857, -2.92388],
			"to": [-3.25, 8.11732, -1.92388],
			"rotation": {"angle": -45, "axis": "x", "origin": [-5, 8.11732, -1.92388]},
			"faces": {
				"north": {"uv": [6, 12, 7, 11], "rotation": 180, "texture": "#3"},
				"east": {"uv": [6, 12, 7, 11], "rotation": 180, "texture": "#3"},
				"west": {"uv": [6, 12, 7, 11], "rotation": 180, "texture": "#3"},
				"up": {"uv": [6, 12, 7, 11], "rotation": 180, "texture": "#3"},
				"down": {"uv": [6, 12, 7, 11], "rotation": 180, "texture": "#3"}
			}
		},
		{
			"from": [-6.25, 7.14857, 17.92388],
			"to": [-3.25, 8.11732, 18.92388],
			"rotation": {"angle": 45, "axis": "x", "origin": [-5, 8.11732, 17.92388]},
			"faces": {
				"east": {"uv": [7, 12, 6, 11], "rotation": 180, "texture": "#3"},
				"south": {"uv": [7, 12, 6, 11], "rotation": 180, "texture": "#3"},
				"west": {"uv": [7, 12, 6, 11], "rotation": 180, "texture": "#3"},
				"up": {"uv": [6, 11, 7, 12], "rotation": 180, "texture": "#3"},
				"down": {"uv": [6, 11, 7, 12], "rotation": 180, "texture": "#3"}
			}
		},
		{
			"from": [19.25, 7.11732, -2.92388],
			"to": [22.25, 8.11732, -1.92388],
			"rotation": {"angle": -45, "axis": "x", "origin": [20.5, 8.11732, -1.92388]},
			"faces": {
				"north": {"uv": [6, 12, 7, 11], "rotation": 180, "texture": "#3"},
				"east": {"uv": [6, 12, 7, 11], "rotation": 180, "texture": "#3"},
				"west": {"uv": [6, 12, 7, 11], "rotation": 180, "texture": "#3"},
				"up": {"uv": [6, 12, 7, 11], "rotation": 180, "texture": "#3"},
				"down": {"uv": [6, 12, 7, 11], "rotation": 180, "texture": "#3"}
			}
		},
		{
			"from": [19.25, 7.11732, 17.92388],
			"to": [22.25, 8.11732, 18.92388],
			"rotation": {"angle": 45, "axis": "x", "origin": [20.5, 8.11732, 17.92388]},
			"faces": {
				"east": {"uv": [7, 12, 6, 11], "rotation": 180, "texture": "#3"},
				"south": {"uv": [7, 12, 6, 11], "rotation": 180, "texture": "#3"},
				"west": {"uv": [7, 12, 6, 11], "rotation": 180, "texture": "#3"},
				"up": {"uv": [6, 11, 7, 12], "rotation": 180, "texture": "#3"},
				"down": {"uv": [6, 11, 7, 12], "rotation": 180, "texture": "#3"}
			}
		},
		{
			"from": [-6.125, 6.41021, -2.63099],
			"to": [-3.375, 7.41021, -1.63099],
			"rotation": {"angle": 22.5, "axis": "x", "origin": [-5, 7.41021, -2.63099]},
			"faces": {
				"north": {"uv": [6, 12, 7, 11], "texture": "#3"},
				"east": {"uv": [7, 11, 6, 12], "rotation": 90, "texture": "#3"},
				"south": {"uv": [6, 12, 7, 11], "rotation": 180, "texture": "#3"},
				"west": {"uv": [7, 11, 6, 12], "rotation": 270, "texture": "#3"},
				"up": {"uv": [6, 12, 7, 11], "rotation": 180, "texture": "#3"},
				"down": {"uv": [6, 12, 7, 11], "texture": "#3"}
			}
		},
		{
			"from": [-6.125, 6.41021, 17.63099],
			"to": [-3.375, 7.41021, 18.63099],
			"rotation": {"angle": -22.5, "axis": "x", "origin": [-5, 7.41021, 18.63099]},
			"faces": {
				"north": {"uv": [7, 12, 6, 11], "rotation": 180, "texture": "#3"},
				"east": {"uv": [7, 12, 6, 11], "rotation": 90, "texture": "#3"},
				"south": {"uv": [7, 12, 6, 11], "texture": "#3"},
				"west": {"uv": [7, 12, 6, 11], "rotation": 270, "texture": "#3"},
				"up": {"uv": [6, 11, 7, 12], "rotation": 180, "texture": "#3"},
				"down": {"uv": [6, 11, 7, 12], "texture": "#3"}
			}
		},
		{
			"from": [19.375, 6.41021, -2.63099],
			"to": [22.125, 7.41021, -1.63099],
			"rotation": {"angle": 22.5, "axis": "x", "origin": [20.5, 7.41021, -2.63099]},
			"faces": {
				"north": {"uv": [6, 12, 7, 11], "texture": "#3"},
				"east": {"uv": [7, 11, 6, 12], "rotation": 90, "texture": "#3"},
				"south": {"uv": [6, 12, 7, 11], "rotation": 180, "texture": "#3"},
				"west": {"uv": [7, 11, 6, 12], "rotation": 270, "texture": "#3"},
				"up": {"uv": [6, 12, 7, 11], "rotation": 180, "texture": "#3"},
				"down": {"uv": [6, 12, 7, 11], "texture": "#3"}
			}
		},
		{
			"from": [19.375, 6.41021, 17.63099],
			"to": [22.125, 7.41021, 18.63099],
			"rotation": {"angle": -22.5, "axis": "x", "origin": [20.5, 7.41021, 18.63099]},
			"faces": {
				"north": {"uv": [7, 12, 6, 11], "rotation": 180, "texture": "#3"},
				"east": {"uv": [7, 12, 6, 11], "rotation": 90, "texture": "#3"},
				"south": {"uv": [7, 12, 6, 11], "texture": "#3"},
				"west": {"uv": [7, 12, 6, 11], "rotation": 270, "texture": "#3"},
				"up": {"uv": [6, 11, 7, 12], "rotation": 180, "texture": "#3"},
				"down": {"uv": [6, 11, 7, 12], "texture": "#3"}
			}
		},
		{
			"from": [-6, 5.48633, -3.01367],
			"to": [-3.5, 6.48633, -2.01367],
			"rotation": {"angle": 0, "axis": "x", "origin": [-5, 6.48633, -3.01367]},
			"faces": {
				"north": {"uv": [6, 12, 7, 11], "texture": "#3"},
				"east": {"uv": [7, 11, 6, 12], "rotation": 90, "texture": "#3"},
				"south": {"uv": [6, 12, 7, 11], "rotation": 180, "texture": "#3"},
				"west": {"uv": [7, 11, 6, 12], "rotation": 270, "texture": "#3"},
				"down": {"uv": [6, 12, 7, 11], "texture": "#3"}
			}
		},
		{
			"from": [-6, 5.48633, 18.01367],
			"to": [-3.5, 6.48633, 19.01367],
			"rotation": {"angle": 0, "axis": "x", "origin": [-5, 6.48633, 19.01367]},
			"faces": {
				"north": {"uv": [7, 12, 6, 11], "rotation": 180, "texture": "#3"},
				"east": {"uv": [7, 12, 6, 11], "rotation": 90, "texture": "#3"},
				"south": {"uv": [7, 12, 6, 11], "texture": "#3"},
				"west": {"uv": [7, 12, 6, 11], "rotation": 270, "texture": "#3"},
				"down": {"uv": [6, 11, 7, 12], "texture": "#3"}
			}
		},
		{
			"from": [19.5, 5.48633, -3.01367],
			"to": [22, 6.48633, -2.01367],
			"rotation": {"angle": 0, "axis": "x", "origin": [20.5, 6.48633, -3.01367]},
			"faces": {
				"north": {"uv": [6, 12, 7, 11], "texture": "#3"},
				"east": {"uv": [7, 11, 6, 12], "rotation": 90, "texture": "#3"},
				"south": {"uv": [6, 12, 7, 11], "rotation": 180, "texture": "#3"},
				"west": {"uv": [7, 11, 6, 12], "rotation": 270, "texture": "#3"},
				"down": {"uv": [6, 12, 7, 11], "texture": "#3"}
			}
		},
		{
			"from": [19.5, 5.48633, 18.01367],
			"to": [22, 6.48633, 19.01367],
			"rotation": {"angle": 0, "axis": "x", "origin": [20.5, 6.48633, 19.01367]},
			"faces": {
				"north": {"uv": [7, 12, 6, 11], "rotation": 180, "texture": "#3"},
				"east": {"uv": [7, 12, 6, 11], "rotation": 90, "texture": "#3"},
				"south": {"uv": [7, 12, 6, 11], "texture": "#3"},
				"west": {"uv": [7, 12, 6, 11], "rotation": 270, "texture": "#3"},
				"down": {"uv": [6, 11, 7, 12], "texture": "#3"}
			}
		},
		{
			"from": [-5.875, 4.48633, -3.01367],
			"to": [-3.625, 5.48633, -2.01367],
			"rotation": {"angle": -22.5, "axis": "x", "origin": [-5, 5.48633, -3.01367]},
			"faces": {
				"north": {"uv": [6, 12, 7, 11], "texture": "#3"},
				"east": {"uv": [7, 11, 6, 12], "rotation": 90, "texture": "#3"},
				"south": {"uv": [6, 12, 7, 11], "rotation": 180, "texture": "#3"},
				"west": {"uv": [7, 11, 6, 12], "rotation": 270, "texture": "#3"},
				"down": {"uv": [6, 12, 7, 11], "texture": "#3"}
			}
		},
		{
			"from": [-5.875, 4.48633, 18.01367],
			"to": [-3.625, 5.48633, 19.01367],
			"rotation": {"angle": 22.5, "axis": "x", "origin": [-5, 5.48633, 19.01367]},
			"faces": {
				"north": {"uv": [7, 12, 6, 11], "rotation": 180, "texture": "#3"},
				"east": {"uv": [7, 12, 6, 11], "rotation": 90, "texture": "#3"},
				"south": {"uv": [7, 12, 6, 11], "texture": "#3"},
				"west": {"uv": [7, 12, 6, 11], "rotation": 270, "texture": "#3"},
				"down": {"uv": [6, 11, 7, 12], "texture": "#3"}
			}
		},
		{
			"from": [19.625, 4.48633, -3.01367],
			"to": [21.875, 5.48633, -2.01367],
			"rotation": {"angle": -22.5, "axis": "x", "origin": [20.5, 5.48633, -3.01367]},
			"faces": {
				"north": {"uv": [6, 12, 7, 11], "texture": "#3"},
				"east": {"uv": [7, 11, 6, 12], "rotation": 90, "texture": "#3"},
				"south": {"uv": [6, 12, 7, 11], "rotation": 180, "texture": "#3"},
				"west": {"uv": [7, 11, 6, 12], "rotation": 270, "texture": "#3"},
				"down": {"uv": [6, 12, 7, 11], "texture": "#3"}
			}
		},
		{
			"from": [19.625, 4.48633, 18.01367],
			"to": [21.875, 5.48633, 19.01367],
			"rotation": {"angle": 22.5, "axis": "x", "origin": [20.5, 5.48633, 19.01367]},
			"faces": {
				"north": {"uv": [7, 12, 6, 11], "rotation": 180, "texture": "#3"},
				"east": {"uv": [7, 12, 6, 11], "rotation": 90, "texture": "#3"},
				"south": {"uv": [7, 12, 6, 11], "texture": "#3"},
				"west": {"uv": [7, 12, 6, 11], "rotation": 270, "texture": "#3"},
				"down": {"uv": [6, 11, 7, 12], "texture": "#3"}
			}
		},
		{
			"from": [-5.625, 3.85534, -1.92388],
			"to": [-3.875, 4.85534, -0.92388],
			"rotation": {"angle": 22.5, "axis": "x", "origin": [-5, 3.85534, -1.92388]},
			"faces": {
				"north": {"uv": [6, 12, 7, 11], "texture": "#3"},
				"east": {"uv": [6, 12, 7, 11], "texture": "#3"},
				"south": {"uv": [6, 12, 7, 11], "texture": "#3"},
				"west": {"uv": [6, 12, 7, 11], "texture": "#3"},
				"up": {"uv": [6, 12, 7, 11], "rotation": 180, "texture": "#3"},
				"down": {"uv": [6, 12, 7, 11], "rotation": 180, "texture": "#3"}
			}
		},
		{
			"from": [-5.625, 3.85534, 16.92388],
			"to": [-3.875, 4.85534, 17.92388],
			"rotation": {"angle": -22.5, "axis": "x", "origin": [-5, 3.85534, 17.92388]},
			"faces": {
				"north": {"uv": [7, 12, 6, 11], "texture": "#3"},
				"east": {"uv": [7, 12, 6, 11], "texture": "#3"},
				"south": {"uv": [7, 12, 6, 11], "texture": "#3"},
				"west": {"uv": [7, 12, 6, 11], "texture": "#3"},
				"up": {"uv": [6, 11, 7, 12], "rotation": 180, "texture": "#3"},
				"down": {"uv": [6, 11, 7, 12], "rotation": 180, "texture": "#3"}
			}
		},
		{
			"from": [19.875, 3.85534, -1.92388],
			"to": [21.625, 4.85534, -0.92388],
			"rotation": {"angle": 22.5, "axis": "x", "origin": [20.5, 3.85534, -1.92388]},
			"faces": {
				"north": {"uv": [6, 12, 7, 11], "texture": "#3"},
				"east": {"uv": [6, 12, 7, 11], "texture": "#3"},
				"south": {"uv": [6, 12, 7, 11], "texture": "#3"},
				"west": {"uv": [6, 12, 7, 11], "texture": "#3"},
				"up": {"uv": [6, 12, 7, 11], "rotation": 180, "texture": "#3"},
				"down": {"uv": [6, 12, 7, 11], "rotation": 180, "texture": "#3"}
			}
		},
		{
			"from": [19.875, 3.85534, 16.92388],
			"to": [21.625, 4.85534, 17.92388],
			"rotation": {"angle": -22.5, "axis": "x", "origin": [20.5, 3.85534, 17.92388]},
			"faces": {
				"north": {"uv": [7, 12, 6, 11], "texture": "#3"},
				"east": {"uv": [7, 12, 6, 11], "texture": "#3"},
				"south": {"uv": [7, 12, 6, 11], "texture": "#3"},
				"west": {"uv": [7, 12, 6, 11], "texture": "#3"},
				"up": {"uv": [6, 11, 7, 12], "rotation": 180, "texture": "#3"},
				"down": {"uv": [6, 11, 7, 12], "rotation": 180, "texture": "#3"}
			}
		},
		{
			"from": [-5.75, 3.56245, -2.63099],
			"to": [-3.75, 4.56245, -1.63099],
			"rotation": {"angle": -45, "axis": "x", "origin": [-5, 4.56245, -2.63099]},
			"faces": {
				"north": {"uv": [6, 12, 7, 11], "texture": "#3"},
				"east": {"uv": [7, 11, 6, 12], "rotation": 90, "texture": "#3"},
				"south": {"uv": [6, 12, 7, 11], "rotation": 180, "texture": "#3"},
				"west": {"uv": [7, 11, 6, 12], "rotation": 270, "texture": "#3"},
				"down": {"uv": [6, 12, 7, 11], "texture": "#3"}
			}
		},
		{
			"from": [-5.75, 3.56245, 17.63099],
			"to": [-3.75, 4.56245, 18.63099],
			"rotation": {"angle": 45, "axis": "x", "origin": [-5, 4.56245, 18.63099]},
			"faces": {
				"north": {"uv": [7, 12, 6, 11], "rotation": 180, "texture": "#3"},
				"east": {"uv": [7, 12, 6, 11], "rotation": 90, "texture": "#3"},
				"south": {"uv": [7, 12, 6, 11], "texture": "#3"},
				"west": {"uv": [7, 12, 6, 11], "rotation": 270, "texture": "#3"},
				"down": {"uv": [6, 11, 7, 12], "texture": "#3"}
			}
		},
		{
			"from": [19.75, 3.56245, -2.63099],
			"to": [21.75, 4.56245, -1.63099],
			"rotation": {"angle": -45, "axis": "x", "origin": [20.5, 4.56245, -2.63099]},
			"faces": {
				"north": {"uv": [6, 12, 7, 11], "texture": "#3"},
				"east": {"uv": [7, 11, 6, 12], "rotation": 90, "texture": "#3"},
				"south": {"uv": [6, 12, 7, 11], "rotation": 180, "texture": "#3"},
				"west": {"uv": [7, 11, 6, 12], "rotation": 270, "texture": "#3"},
				"down": {"uv": [6, 12, 7, 11], "texture": "#3"}
			}
		},
		{
			"from": [19.75, 3.56245, 17.63099],
			"to": [21.75, 4.56245, 18.63099],
			"rotation": {"angle": 45, "axis": "x", "origin": [20.5, 4.56245, 18.63099]},
			"faces": {
				"north": {"uv": [7, 12, 6, 11], "rotation": 180, "texture": "#3"},
				"east": {"uv": [7, 12, 6, 11], "rotation": 90, "texture": "#3"},
				"south": {"uv": [7, 12, 6, 11], "texture": "#3"},
				"west": {"uv": [7, 12, 6, 11], "rotation": 270, "texture": "#3"},
				"down": {"uv": [6, 11, 7, 12], "texture": "#3"}
			}
		},
		{
			"from": [8.75, -1.5, 0],
			"to": [11.5, -0.5, 1],
			"rotation": {"angle": -22.5, "axis": "z", "origin": [11.5, -1.5, 0.5]},
			"faces": {
				"north": {"uv": [0, 15, 1, 16], "texture": "#3"},
				"south": {"uv": [0, 15, 1, 16], "texture": "#3"},
				"down": {"uv": [0, 15, 1, 16], "texture": "#3"}
			}
		},
		{
			"from": [14.5, 0.29611, 10.77968],
			"to": [15.5, 1.29611, 13.52968],
			"rotation": {"angle": 22.5, "axis": "x", "origin": [7.5, 4.5, 8]},
			"faces": {
				"east": {"uv": [0, 15, 1, 16], "texture": "#3"},
				"west": {"uv": [0, 15, 1, 16], "texture": "#3"},
				"down": {"uv": [0, 15, 1, 16], "rotation": 270, "texture": "#3"}
			}
		},
		{
			"from": [8.75, -1.5, 15],
			"to": [11.5, -0.5, 16],
			"rotation": {"angle": -22.5, "axis": "z", "origin": [11.5, -1.5, 15.5]},
			"faces": {
				"north": {"uv": [1, 15, 0, 16], "texture": "#3"},
				"south": {"uv": [1, 15, 0, 16], "texture": "#3"},
				"down": {"uv": [0, 16, 1, 15], "texture": "#3"}
			}
		},
		{
			"from": [0.5, 0.29611, 10.77968],
			"to": [1.5, 1.29611, 13.52968],
			"rotation": {"angle": 22.5, "axis": "x", "origin": [8.5, 4.5, 8]},
			"faces": {
				"east": {"uv": [1, 15, 0, 16], "texture": "#3"},
				"west": {"uv": [1, 15, 0, 16], "texture": "#3"},
				"down": {"uv": [0, 16, 1, 15], "rotation": 270, "texture": "#3"}
			}
		},
		{
			"from": [4.5, -1.5, 0],
			"to": [7.25, -0.5, 1],
			"rotation": {"angle": 22.5, "axis": "z", "origin": [4.5, -1.5, 0.5]},
			"faces": {
				"north": {"uv": [1, 15, 0, 16], "texture": "#3"},
				"south": {"uv": [1, 15, 0, 16], "texture": "#3"},
				"down": {"uv": [1, 15, 0, 16], "texture": "#3"}
			}
		},
		{
			"from": [14.5, 0.29611, 2.47032],
			"to": [15.5, 1.29611, 5.22032],
			"rotation": {"angle": -22.5, "axis": "x", "origin": [7.5, 4.5, 8]},
			"faces": {
				"east": {"uv": [1, 15, 0, 16], "texture": "#3"},
				"west": {"uv": [1, 15, 0, 16], "texture": "#3"},
				"down": {"uv": [1, 15, 0, 16], "rotation": 270, "texture": "#3"}
			}
		},
		{
			"from": [4.5, -1.5, 15],
			"to": [7.25, -0.5, 16],
			"rotation": {"angle": 22.5, "axis": "z", "origin": [4.5, -1.5, 15.5]},
			"faces": {
				"north": {"uv": [0, 15, 1, 16], "texture": "#3"},
				"south": {"uv": [0, 15, 1, 16], "texture": "#3"},
				"down": {"uv": [1, 16, 0, 15], "texture": "#3"}
			}
		},
		{
			"from": [0.5, 0.29611, 2.47032],
			"to": [1.5, 1.29611, 5.22032],
			"rotation": {"angle": -22.5, "axis": "x", "origin": [8.5, 4.5, 8]},
			"faces": {
				"east": {"uv": [0, 15, 1, 16], "texture": "#3"},
				"west": {"uv": [0, 15, 1, 16], "texture": "#3"},
				"down": {"uv": [1, 16, 0, 15], "rotation": 270, "texture": "#3"}
			}
		},
		{
			"from": [10, -3, 0],
			"to": [13, -1.125, 1],
			"rotation": {"angle": -45, "axis": "z", "origin": [13, -3, 0]},
			"faces": {
				"north": {"uv": [0, 15, 1, 16], "texture": "#3"},
				"south": {"uv": [0, 15, 1, 16], "texture": "#3"},
				"down": {"uv": [0, 15, 1, 16], "texture": "#3"}
			}
		},
		{
			"from": [10, -9, 0.75],
			"to": [13, -7.125, 1.75],
			"rotation": {"angle": -45, "axis": "z", "origin": [13, -9, 0.75]},
			"faces": {
				"north": {"uv": [0, 15, 1, 16], "texture": "#3"},
				"south": {"uv": [0, 15, 1, 16], "texture": "#3"},
				"down": {"uv": [0, 15, 1, 16], "texture": "#3"}
			}
		},
		{
			"from": [14.25, -0.33794, 6.41206],
			"to": [15.25, 1.53706, 9.41206],
			"rotation": {"angle": 45, "axis": "x", "origin": [13, -9, 0.75]},
			"faces": {
				"east": {"uv": [0, 15, 1, 16], "texture": "#3"},
				"west": {"uv": [0, 15, 1, 16], "texture": "#3"},
				"down": {"uv": [0, 15, 1, 16], "rotation": 270, "texture": "#3"}
			}
		},
		{
			"from": [10, -9, 14.25],
			"to": [13, -7.125, 15.25],
			"rotation": {"angle": -45, "axis": "z", "origin": [13, -9, 0.75]},
			"faces": {
				"north": {"uv": [1, 15, 0, 16], "texture": "#3"},
				"south": {"uv": [1, 15, 0, 16], "texture": "#3"},
				"down": {"uv": [0, 16, 1, 15], "texture": "#3"}
			}
		},
		{
			"from": [0.75, -0.33794, 6.41206],
			"to": [1.75, 1.53706, 9.41206],
			"rotation": {"angle": 45, "axis": "x", "origin": [13, -9, 0.75]},
			"faces": {
				"east": {"uv": [1, 15, 0, 16], "texture": "#3"},
				"west": {"uv": [1, 15, 0, 16], "texture": "#3"},
				"down": {"uv": [0, 16, 1, 15], "rotation": 270, "texture": "#3"}
			}
		},
		{
			"from": [5.92893, -1.92893, 0.75],
			"to": [8.92893, -0.05393, 1.75],
			"rotation": {"angle": 45, "axis": "z", "origin": [13, -9, 0.75]},
			"faces": {
				"north": {"uv": [1, 15, 0, 16], "texture": "#3"},
				"south": {"uv": [1, 15, 0, 16], "texture": "#3"},
				"down": {"uv": [1, 15, 0, 16], "texture": "#3"}
			}
		},
		{
			"from": [14.25, -10.59099, 2.34099],
			"to": [15.25, -8.71599, 5.34099],
			"rotation": {"angle": -45, "axis": "x", "origin": [13, -9, 0.75]},
			"faces": {
				"east": {"uv": [1, 15, 0, 16], "texture": "#3"},
				"west": {"uv": [1, 15, 0, 16], "texture": "#3"},
				"down": {"uv": [1, 15, 0, 16], "rotation": 270, "texture": "#3"}
			}
		},
		{
			"from": [5.92893, -1.92893, 14.25],
			"to": [8.92893, -0.05393, 15.25],
			"rotation": {"angle": 45, "axis": "z", "origin": [13, -9, 0.75]},
			"faces": {
				"north": {"uv": [0, 15, 1, 16], "texture": "#3"},
				"south": {"uv": [0, 15, 1, 16], "texture": "#3"},
				"down": {"uv": [1, 16, 0, 15], "texture": "#3"}
			}
		},
		{
			"from": [0.75, -10.59099, 2.34099],
			"to": [1.75, -8.71599, 5.34099],
			"rotation": {"angle": -45, "axis": "x", "origin": [13, -9, 0.75]},
			"faces": {
				"east": {"uv": [0, 15, 1, 16], "texture": "#3"},
				"west": {"uv": [0, 15, 1, 16], "texture": "#3"},
				"down": {"uv": [1, 16, 0, 15], "rotation": 270, "texture": "#3"}
			}
		},
		{
			"from": [14.5, 2.73223, 13.83883],
			"to": [15.5, 4.60723, 16.83883],
			"rotation": {"angle": 45, "axis": "x", "origin": [7.5, 4.5, 8]},
			"faces": {
				"east": {"uv": [0, 15, 1, 16], "texture": "#3"},
				"west": {"uv": [0, 15, 1, 16], "texture": "#3"},
				"down": {"uv": [0, 15, 1, 16], "rotation": 270, "texture": "#3"}
			}
		},
		{
			"from": [10, -3, 15],
			"to": [13, -1.125, 16],
			"rotation": {"angle": -45, "axis": "z", "origin": [13, -3, 16]},
			"faces": {
				"north": {"uv": [1, 15, 0, 16], "texture": "#3"},
				"south": {"uv": [1, 15, 0, 16], "texture": "#3"},
				"down": {"uv": [0, 16, 1, 15], "texture": "#3"}
			}
		},
		{
			"from": [0.5, 2.73223, 13.83883],
			"to": [1.5, 4.60723, 16.83883],
			"rotation": {"angle": 45, "axis": "x", "origin": [8.5, 4.5, 8]},
			"faces": {
				"east": {"uv": [1, 15, 0, 16], "texture": "#3"},
				"west": {"uv": [1, 15, 0, 16], "texture": "#3"},
				"down": {"uv": [0, 16, 1, 15], "rotation": 270, "texture": "#3"}
			}
		},
		{
			"from": [3, -3, 0],
			"to": [6, -1.125, 1],
			"rotation": {"angle": 45, "axis": "z", "origin": [3, -3, 0]},
			"faces": {
				"north": {"uv": [1, 15, 0, 16], "texture": "#3"},
				"south": {"uv": [1, 15, 0, 16], "texture": "#3"},
				"down": {"uv": [1, 15, 0, 16], "texture": "#3"}
			}
		},
		{
			"from": [14.5, 2.73223, -0.83883],
			"to": [15.5, 4.60723, 2.16117],
			"rotation": {"angle": -45, "axis": "x", "origin": [7.5, 4.5, 8]},
			"faces": {
				"east": {"uv": [1, 15, 0, 16], "texture": "#3"},
				"west": {"uv": [1, 15, 0, 16], "texture": "#3"},
				"down": {"uv": [1, 15, 0, 16], "rotation": 270, "texture": "#3"}
			}
		},
		{
			"from": [3, -3, 15],
			"to": [6, -1.125, 16],
			"rotation": {"angle": 45, "axis": "z", "origin": [3, -3, 16]},
			"faces": {
				"north": {"uv": [0, 15, 1, 16], "texture": "#3"},
				"south": {"uv": [0, 15, 1, 16], "texture": "#3"},
				"down": {"uv": [1, 16, 0, 15], "texture": "#3"}
			}
		},
		{
			"from": [0.5, 2.73223, -0.83883],
			"to": [1.5, 4.60723, 2.16117],
			"rotation": {"angle": -45, "axis": "x", "origin": [8.5, 4.5, 8]},
			"faces": {
				"east": {"uv": [0, 15, 1, 16], "texture": "#3"},
				"west": {"uv": [0, 15, 1, 16], "texture": "#3"},
				"down": {"uv": [1, 16, 0, 15], "rotation": 270, "texture": "#3"}
			}
		},
		{
			"from": [1.5, 0.5, -1],
			"to": [15, 1.5, 16],
			"rotation": {"angle": 0, "axis": "y", "origin": [9.5, 2.5, 8]},
			"faces": {
				"north": {"uv": [3, 15, 13, 16], "rotation": 180, "texture": "#4"},
				"up": {"uv": [0, 0, 16, 12], "rotation": 180, "texture": "#4"}
			}
		},
		{
			"from": [1.5, 1.5, 15],
			"to": [15, 13, 16],
			"rotation": {"angle": 0, "axis": "y", "origin": [9.5, 2.5, 8]},
			"faces": {
				"north": {"uv": [0, 0, 16, 12], "rotation": 180, "texture": "#4"}
			}
		},
		{
			"from": [0.5, 1.5, 15],
			"to": [1.5, 13, 16],
			"rotation": {"angle": 0, "axis": "y", "origin": [4, 2.5, 8]},
			"faces": {
				"north": {"uv": [12, 0, 13, 16], "rotation": 180, "texture": "#2"},
				"west": {"uv": [12, 0, 13, 16], "rotation": 180, "texture": "#2"}
			}
		},
		{
			"from": [15, 1.5, 15],
			"to": [16, 13, 16],
			"rotation": {"angle": 0, "axis": "y", "origin": [18.5, 2.5, 8]},
			"faces": {
				"north": {"uv": [3, 0, 4, 16], "rotation": 180, "texture": "#2"},
				"east": {"uv": [3, 0, 4, 16], "rotation": 180, "texture": "#2"}
			}
		},
		{
			"from": [1.5, 13, 15],
			"to": [15, 24, 16],
			"rotation": {"angle": 0, "axis": "y", "origin": [9.5, 14, 8]},
			"faces": {
				"north": {"uv": [0, 0, 16, 12], "rotation": 180, "texture": "#4"}
			}
		},
		{
			"from": [0.5, 13, 15],
			"to": [1.5, 24, 16],
			"rotation": {"angle": 0, "axis": "y", "origin": [4, 14, 8]},
			"faces": {
				"north": {"uv": [12, 0, 13, 16], "rotation": 180, "texture": "#2"},
				"west": {"uv": [12, 0, 13, 16], "rotation": 180, "texture": "#2"},
				"up": {"uv": [12, 0, 13, 1], "rotation": 180, "texture": "#2"}
			}
		},
		{
			"from": [15, 13, 15],
			"to": [16, 24, 16],
			"rotation": {"angle": 0, "axis": "y", "origin": [18.5, 14, 8]},
			"faces": {
				"north": {"uv": [3, 0, 4, 16], "rotation": 180, "texture": "#2"},
				"east": {"uv": [3, 0, 4, 16], "rotation": 180, "texture": "#2"},
				"up": {"uv": [3, 0, 4, 1], "rotation": 180, "texture": "#2"}
			}
		},
		{
			"from": [0.5, 0.5, -1],
			"to": [1.5, 1.5, 16],
			"rotation": {"angle": 0, "axis": "y", "origin": [6, 2.5, 8]},
			"faces": {
				"north": {"uv": [13, 15, 14, 16], "rotation": 180, "texture": "#2"},
				"west": {"uv": [13, 0, 14, 16], "rotation": 90, "texture": "#2"},
				"up": {"uv": [13, 0, 14, 16], "rotation": 180, "texture": "#2"}
			}
		},
		{
			"from": [15, 0.5, -1],
			"to": [16, 1.5, 16],
			"rotation": {"angle": 0, "axis": "y", "origin": [20.5, 2.5, 8]},
			"faces": {
				"north": {"uv": [2, 15, 3, 16], "rotation": 180, "texture": "#2"},
				"east": {"uv": [2, 0, 3, 16], "rotation": 270, "texture": "#2"},
				"up": {"uv": [2, 0, 3, 16], "rotation": 180, "texture": "#2"}
			}
		},
		{
			"from": [1.5, -5.5, -2],
			"to": [15, 0.5, -1],
			"rotation": {"angle": 0, "axis": "y", "origin": [9.5, 1.5, 7]},
			"faces": {
				"north": {"uv": [0, 7, 16, 12], "rotation": 180, "texture": "#4"},
				"south": {"uv": [3, 9, 13, 16], "rotation": 180, "texture": "#4"},
				"up": {"uv": [3, 9, 13, 10], "rotation": 180, "texture": "#4"}
			}
		},
		{
			"from": [1.5, -6.5, -2],
			"to": [15, -5.5, -1],
			"rotation": {"angle": 0, "axis": "y", "origin": [8, 0.5, 7]},
			"faces": {
				"north": {"uv": [0, 15, 16, 16], "rotation": 180, "texture": "#2"},
				"east": {"uv": [12, 15, 13, 16], "rotation": 180, "texture": "#2"},
				"south": {"uv": [0, 15, 16, 16], "rotation": 180, "texture": "#2"},
				"west": {"uv": [3, 15, 4, 16], "rotation": 180, "texture": "#2"},
				"down": {"uv": [0, 15, 16, 16], "rotation": 180, "texture": "#2"}
			}
		},
		{
			"from": [1.5, 24, 15],
			"to": [15, 25, 16],
			"rotation": {"angle": 0, "axis": "y", "origin": [6, 31, 24]},
			"faces": {
				"north": {"uv": [0, 15, 16, 16], "rotation": 180, "texture": "#2"},
				"east": {"uv": [12, 15, 13, 16], "rotation": 180, "texture": "#2"},
				"west": {"uv": [3, 15, 4, 16], "rotation": 180, "texture": "#2"},
				"up": {"uv": [0, 15, 16, 16], "rotation": 180, "texture": "#2"}
			}
		},
		{
			"from": [0.5, -5.5, -2],
			"to": [1.5, 0.5, -1],
			"rotation": {"angle": 0, "axis": "y", "origin": [6, 1.5, 7]},
			"faces": {
				"north": {"uv": [12, 9, 13, 16], "rotation": 180, "texture": "#2"},
				"west": {"uv": [12, 9, 13, 16], "rotation": 180, "texture": "#2"},
				"up": {"uv": [12, 9, 13, 10], "rotation": 180, "texture": "#2"},
				"down": {"uv": [12, 15, 13, 16], "rotation": 180, "texture": "#2"}
			}
		},
		{
			"from": [15, -5.5, -2],
			"to": [16, 0.5, -1],
			"rotation": {"angle": 0, "axis": "y", "origin": [20.5, 1.5, 7]},
			"faces": {
				"north": {"uv": [2, 9, 3, 16], "rotation": 180, "texture": "#2"},
				"east": {"uv": [2, 9, 3, 16], "rotation": 180, "texture": "#2"},
				"up": {"uv": [2, 9, 3, 10], "rotation": 180, "texture": "#2"},
				"down": {"uv": [2, 15, 3, 16], "rotation": 180, "texture": "#2"}
			}
		},
		{
			"from": [-7.51777, 18.89277, 14.875],
			"to": [-7.01777, 19.39277, 16.625],
			"rotation": {"angle": 0, "axis": "z", "origin": [-8.03553, 20.91053, 14.875]},
			"faces": {
				"north": {"uv": [1, 2, 2, 3], "texture": "#3"},
				"east": {"uv": [1, 2, 2, 3], "texture": "#3"},
				"south": {"uv": [1, 2, 2, 3], "texture": "#3"},
				"west": {"uv": [1, 2, 2, 3], "texture": "#3"},
				"up": {"uv": [1, 2, 2, 3], "texture": "#3"},
				"down": {"uv": [1, 2, 2, 3], "texture": "#3"}
			}
		},
		{
			"from": [-7.5, 18.25, 14.5],
			"to": [-7.375, 18.375, 15],
			"rotation": {"angle": -45, "axis": "x", "origin": [-7.5, 18.375, 15]},
			"faces": {
				"east": {"uv": [1, 2, 2, 3], "texture": "#3"},
				"west": {"uv": [1, 2, 2, 3], "texture": "#3"},
				"up": {"uv": [1, 2, 2, 3], "texture": "#3"},
				"down": {"uv": [1, 2, 2, 3], "texture": "#3"}
			}
		},
		{
			"from": [-7.5, 18.25, 16.5],
			"to": [-7.375, 18.375, 17],
			"rotation": {"angle": 45, "axis": "x", "origin": [-7.5, 18.375, 16.5]},
			"faces": {
				"east": {"uv": [2, 2, 1, 3], "texture": "#3"},
				"west": {"uv": [2, 2, 1, 3], "texture": "#3"},
				"up": {"uv": [1, 3, 2, 2], "texture": "#3"},
				"down": {"uv": [1, 3, 2, 2], "texture": "#3"}
			}
		},
		{
			"from": [-7.5, 17.48339, 14.83779],
			"to": [-7.375, 17.98339, 14.96279],
			"rotation": {"angle": 22.5, "axis": "x", "origin": [-7.5, 18.48339, 14.83779]},
			"faces": {
				"north": {"uv": [1, 2, 2, 3], "rotation": 180, "texture": "#3"},
				"east": {"uv": [1, 2, 2, 3], "rotation": 90, "texture": "#3"},
				"south": {"uv": [1, 2, 2, 3], "texture": "#3"},
				"west": {"uv": [1, 2, 2, 3], "rotation": 270, "texture": "#3"}
			}
		},
		{
			"from": [-7.5, 17.48339, 16.53721],
			"to": [-7.375, 17.98339, 16.66221],
			"rotation": {"angle": -22.5, "axis": "x", "origin": [-7.5, 18.48339, 16.66221]},
			"faces": {
				"north": {"uv": [2, 2, 1, 3], "texture": "#3"},
				"east": {"uv": [1, 3, 2, 2], "rotation": 90, "texture": "#3"},
				"south": {"uv": [2, 2, 1, 3], "rotation": 180, "texture": "#3"},
				"west": {"uv": [1, 3, 2, 2], "rotation": 270, "texture": "#3"}
			}
		},
		{
			"from": [-7.5, 17.05951, 14.4551],
			"to": [-7.375, 17.55951, 14.5801],
			"rotation": {"angle": 0, "axis": "x", "origin": [-7.5, 18.05951, 14.4551]},
			"faces": {
				"north": {"uv": [1, 2, 2, 3], "rotation": 180, "texture": "#3"},
				"east": {"uv": [1, 2, 2, 3], "rotation": 90, "texture": "#3"},
				"south": {"uv": [1, 2, 2, 3], "texture": "#3"},
				"west": {"uv": [1, 2, 2, 3], "rotation": 270, "texture": "#3"}
			}
		},
		{
			"from": [-7.5, 17.05951, 16.9199],
			"to": [-7.375, 17.55951, 17.0449],
			"rotation": {"angle": 0, "axis": "x", "origin": [-7.5, 18.05951, 17.0449]},
			"faces": {
				"north": {"uv": [2, 2, 1, 3], "texture": "#3"},
				"east": {"uv": [1, 3, 2, 2], "rotation": 90, "texture": "#3"},
				"south": {"uv": [2, 2, 1, 3], "rotation": 180, "texture": "#3"},
				"west": {"uv": [1, 3, 2, 2], "rotation": 270, "texture": "#3"}
			}
		},
		{
			"from": [-7.5, 16.56928, 14.65596],
			"to": [-7.375, 17.06928, 14.78096],
			"rotation": {"angle": 22.5, "axis": "x", "origin": [-7.5, 17.56928, 14.65596]},
			"faces": {
				"north": {"uv": [1, 2, 2, 3], "rotation": 180, "texture": "#3"},
				"east": {"uv": [1, 2, 2, 3], "rotation": 90, "texture": "#3"},
				"south": {"uv": [1, 2, 2, 3], "texture": "#3"},
				"west": {"uv": [1, 2, 2, 3], "rotation": 270, "texture": "#3"},
				"up": {"uv": [1, 2, 2, 3], "texture": "#3"}
			}
		},
		{
			"from": [-7.5, 16.56928, 16.71904],
			"to": [-7.375, 17.06928, 16.84404],
			"rotation": {"angle": -22.5, "axis": "x", "origin": [-7.5, 17.56928, 16.84404]},
			"faces": {
				"north": {"uv": [2, 2, 1, 3], "texture": "#3"},
				"east": {"uv": [1, 3, 2, 2], "rotation": 90, "texture": "#3"},
				"south": {"uv": [2, 2, 1, 3], "rotation": 180, "texture": "#3"},
				"west": {"uv": [1, 3, 2, 2], "rotation": 270, "texture": "#3"},
				"up": {"uv": [1, 3, 2, 2], "texture": "#3"}
			}
		},
		{
			"from": [-7.5, 16.03951, 14.65393],
			"to": [-7.375, 16.53951, 14.77893],
			"rotation": {"angle": 45, "axis": "x", "origin": [-7.5, 17.03951, 14.65393]},
			"faces": {
				"north": {"uv": [1, 2, 2, 3], "rotation": 180, "texture": "#3"},
				"east": {"uv": [1, 2, 2, 3], "rotation": 90, "texture": "#3"},
				"south": {"uv": [1, 2, 2, 3], "texture": "#3"},
				"west": {"uv": [1, 2, 2, 3], "rotation": 270, "texture": "#3"},
				"down": {"uv": [1, 2, 2, 3], "rotation": 180, "texture": "#3"}
			}
		},
		{
			"from": [-7.5, 16.03951, 16.72107],
			"to": [-7.375, 16.53951, 16.84607],
			"rotation": {"angle": -45, "axis": "x", "origin": [-7.5, 17.03951, 16.84607]},
			"faces": {
				"north": {"uv": [2, 2, 1, 3], "texture": "#3"},
				"east": {"uv": [1, 3, 2, 2], "rotation": 90, "texture": "#3"},
				"south": {"uv": [2, 2, 1, 3], "rotation": 180, "texture": "#3"},
				"west": {"uv": [1, 3, 2, 2], "rotation": 270, "texture": "#3"},
				"down": {"uv": [1, 3, 2, 2], "rotation": 180, "texture": "#3"}
			}
		},
		{
			"from": [-7.76777, 18.01777, 15],
			"to": [-6.26777, 19.76777, 16.5],
			"rotation": {"angle": 0, "axis": "z", "origin": [-8.03553, 21.53553, 15]},
			"faces": {
				"north": {"uv": [12, 8, 13, 9], "texture": "#3"},
				"south": {"uv": [12, 8, 13, 9], "texture": "#3"},
				"up": {"uv": [12, 8, 13, 9], "texture": "#3"},
				"down": {"uv": [12, 8, 13, 9], "texture": "#3"}
			}
		},
		{
			"from": [-7.76994, 18.26113, 15],
			"to": [-7.14494, 19.76113, 16.5],
			"rotation": {"angle": -22.5, "axis": "z", "origin": [-7.75217, 19.75899, 15.5]},
			"faces": {
				"north": {"uv": [12, 8, 13, 9], "texture": "#3"},
				"south": {"uv": [12, 8, 13, 9], "texture": "#3"},
				"west": {"uv": [12, 8, 13, 9], "texture": "#3"}
			}
		},
		{
			"from": [-9.26777, 18.01777, 15],
			"to": [-7.76777, 18.76777, 16.5],
			"rotation": {"angle": 0, "axis": "z", "origin": [-8.03553, 21.53553, 15]},
			"faces": {
				"north": {"uv": [12, 8, 13, 9], "texture": "#3"},
				"south": {"uv": [12, 8, 13, 9], "texture": "#3"},
				"west": {"uv": [12, 8, 13, 9], "texture": "#3"},
				"up": {"uv": [12, 8, 13, 9], "texture": "#3"},
				"down": {"uv": [12, 8, 13, 9], "texture": "#3"}
			}
		},
		{
			"from": [-9.01777, 17.76777, 15.25],
			"to": [-6.76777, 18.51777, 16.25],
			"rotation": {"angle": 0, "axis": "z", "origin": [-8.03553, 21.53553, 15]},
			"faces": {
				"north": {"uv": [12, 8, 13, 9], "texture": "#3"},
				"east": {"uv": [12, 8, 13, 9], "texture": "#3"},
				"south": {"uv": [12, 8, 13, 9], "texture": "#3"},
				"west": {"uv": [12, 8, 13, 9], "texture": "#3"},
				"down": {"uv": [12, 8, 13, 9], "texture": "#3"}
			}
		},
		{
			"from": [-9.26777, 18.51777, 15],
			"to": [-8.76777, 19.26777, 16.5],
			"rotation": {"angle": 0, "axis": "z", "origin": [-8.03553, 21.53553, 15]},
			"faces": {
				"north": {"uv": [12, 8, 13, 9], "texture": "#3"},
				"south": {"uv": [12, 8, 13, 9], "texture": "#3"},
				"west": {"uv": [12, 8, 13, 9], "texture": "#3"},
				"up": {"uv": [12, 8, 13, 9], "texture": "#3"}
			}
		},
		{
			"from": [-11.08579, 18.37133, 15],
			"to": [-10.58579, 19.12133, 16.5],
			"rotation": {"angle": 45, "axis": "z", "origin": [-9.85355, 21.38909, 15]},
			"faces": {
				"north": {"uv": [12, 8, 13, 9], "texture": "#3"},
				"east": {"uv": [12, 8, 13, 9], "texture": "#3"},
				"south": {"uv": [12, 8, 13, 9], "texture": "#3"}
			}
		},
		{
			"from": [-7, 16.25, 15],
			"to": [-4.5, 18, 16.5],
			"rotation": {"angle": -45, "axis": "z", "origin": [-4.5, 18, 15]},
			"faces": {
				"north": {"uv": [12, 8, 13, 9], "texture": "#3"},
				"south": {"uv": [12, 8, 13, 9], "texture": "#3"},
				"up": {"uv": [12, 8, 13, 9], "texture": "#3"},
				"down": {"uv": [12, 8, 13, 9], "texture": "#3"}
			}
		},
		{
			"from": [-6, 15, 15],
			"to": [-4.5, 18, 16.5],
			"rotation": {"angle": 0, "axis": "y", "origin": [1, 17, 22]},
			"faces": {
				"north": {"uv": [12, 8, 13, 9], "texture": "#3"},
				"south": {"uv": [12, 8, 13, 9], "texture": "#3"},
				"west": {"uv": [12, 8, 13, 9], "texture": "#3"}
			}
		},
		{
			"from": [-6, 12.25, 15],
			"to": [-4.5, 15, 16.5],
			"rotation": {"angle": -45, "axis": "z", "origin": [-4.5, 15, 15]},
			"faces": {
				"north": {"uv": [12, 8, 13, 9], "texture": "#3"},
				"east": {"uv": [12, 8, 13, 9], "texture": "#3"},
				"south": {"uv": [12, 8, 13, 9], "texture": "#3"},
				"west": {"uv": [12, 8, 13, 9], "texture": "#3"},
				"down": {"uv": [12, 8, 13, 9], "texture": "#3"}
			}
		},
		{
			"from": [-7.5, 12.125, 15],
			"to": [-6, 14.125, 16.5],
			"rotation": {"angle": 0, "axis": "z", "origin": [-6, 15.125, 15]},
			"faces": {
				"north": {"uv": [12, 8, 13, 9], "texture": "#3"},
				"east": {"uv": [12, 8, 13, 9], "texture": "#3"},
				"south": {"uv": [12, 8, 13, 9], "texture": "#3"},
				"west": {"uv": [12, 8, 13, 9], "texture": "#3"},
				"up": {"uv": [12, 8, 13, 9], "texture": "#3"}
			}
		},
		{
			"from": [-6.75, 10.125, 14.25],
			"to": [-5.5, 11.625, 15.25],
			"rotation": {"angle": -45, "axis": "z", "origin": [-5.5, 11.625, 15]},
			"faces": {
				"north": {"uv": [12, 8, 13, 9], "texture": "#3"},
				"east": {"uv": [12, 8, 13, 9], "texture": "#3"},
				"south": {"uv": [12, 8, 13, 9], "texture": "#3"},
				"west": {"uv": [12, 8, 13, 9], "texture": "#3"},
				"up": {"uv": [12, 8, 13, 9], "texture": "#3"},
				"down": {"uv": [12, 8, 13, 9], "texture": "#3"}
			}
		},
		{
			"from": [-6.75, 10.125, 16.25],
			"to": [-5.5, 11.625, 17.25],
			"rotation": {"angle": -45, "axis": "z", "origin": [-5.5, 11.625, 17]},
			"faces": {
				"north": {"uv": [12, 8, 13, 9], "texture": "#3"},
				"east": {"uv": [12, 8, 13, 9], "texture": "#3"},
				"south": {"uv": [12, 8, 13, 9], "texture": "#3"},
				"west": {"uv": [12, 8, 13, 9], "texture": "#3"},
				"up": {"uv": [12, 8, 13, 9], "texture": "#3"},
				"down": {"uv": [12, 8, 13, 9], "texture": "#3"}
			}
		},
		{
			"from": [-7.07322, 14.44822, 14.25],
			"to": [-5.57322, 15.69822, 15.25],
			"rotation": {"angle": 22.5, "axis": "z", "origin": [-5.75, 14.625, 15.25]},
			"faces": {
				"north": {"uv": [12, 8, 13, 9], "rotation": 270, "texture": "#3"},
				"east": {"uv": [12, 8, 13, 9], "rotation": 90, "texture": "#3"},
				"south": {"uv": [12, 8, 13, 9], "rotation": 90, "texture": "#3"},
				"west": {"uv": [12, 8, 13, 9], "rotation": 90, "texture": "#3"},
				"up": {"uv": [12, 8, 13, 9], "rotation": 90, "texture": "#3"},
				"down": {"uv": [12, 8, 13, 9], "rotation": 90, "texture": "#3"}
			}
		},
		{
			"from": [-8.625, 11.375, 14.375],
			"to": [-6.625, 12.125, 15.125],
			"rotation": {"angle": 22.5, "axis": "z", "origin": [-5.25, 11.125, 15]},
			"faces": {
				"north": {"uv": [9, 9, 10, 10], "rotation": 270, "texture": "#3"},
				"south": {"uv": [9, 9, 10, 10], "rotation": 90, "texture": "#3"},
				"west": {"uv": [9, 9, 10, 10], "rotation": 90, "texture": "#3"},
				"up": {"uv": [9, 9, 10, 10], "rotation": 90, "texture": "#3"},
				"down": {"uv": [9, 9, 10, 10], "rotation": 90, "texture": "#3"}
			}
		},
		{
			"from": [-8.625, 11.375, 16.375],
			"to": [-6.625, 12.125, 17.125],
			"rotation": {"angle": 22.5, "axis": "z", "origin": [-5.25, 11.125, 17]},
			"faces": {
				"north": {"uv": [9, 9, 10, 10], "rotation": 270, "texture": "#3"},
				"south": {"uv": [9, 9, 10, 10], "rotation": 90, "texture": "#3"},
				"west": {"uv": [9, 9, 10, 10], "rotation": 90, "texture": "#3"},
				"up": {"uv": [9, 9, 10, 10], "rotation": 90, "texture": "#3"},
				"down": {"uv": [9, 9, 10, 10], "rotation": 90, "texture": "#3"}
			}
		},
		{
			"from": [-8.8544, 14.22172, 14.375],
			"to": [-6.8544, 14.97172, 15.125],
			"rotation": {"angle": 0, "axis": "z", "origin": [-5.75, 14.625, 15.25]},
			"faces": {
				"north": {"uv": [9, 9, 10, 10], "rotation": 270, "texture": "#3"},
				"south": {"uv": [9, 9, 10, 10], "rotation": 90, "texture": "#3"},
				"west": {"uv": [9, 9, 10, 10], "rotation": 90, "texture": "#3"},
				"up": {"uv": [9, 9, 10, 10], "rotation": 90, "texture": "#3"},
				"down": {"uv": [9, 9, 10, 10], "rotation": 90, "texture": "#3"}
			}
		},
		{
			"from": [-9, 13.25, 14.375],
			"to": [-8.75, 14, 14.625],
			"rotation": {"angle": 45, "axis": "z", "origin": [-5.625, 12.375, 15]},
			"faces": {
				"north": {"uv": [9, 9, 10, 10], "rotation": 270, "texture": "#3"},
				"east": {"uv": [9, 9, 10, 10], "rotation": 90, "texture": "#3"},
				"south": {"uv": [9, 9, 10, 10], "rotation": 90, "texture": "#3"},
				"west": {"uv": [9, 9, 10, 10], "rotation": 90, "texture": "#3"},
				"up": {"uv": [9, 9, 10, 10], "rotation": 90, "texture": "#3"}
			}
		},
		{
			"from": [-9, 13.25, 16.375],
			"to": [-8.75, 14, 16.625],
			"rotation": {"angle": 45, "axis": "z", "origin": [-5.625, 12.375, 17]},
			"faces": {
				"north": {"uv": [9, 9, 10, 10], "rotation": 270, "texture": "#3"},
				"east": {"uv": [9, 9, 10, 10], "rotation": 90, "texture": "#3"},
				"south": {"uv": [9, 9, 10, 10], "rotation": 90, "texture": "#3"},
				"west": {"uv": [9, 9, 10, 10], "rotation": 90, "texture": "#3"},
				"up": {"uv": [9, 9, 10, 10], "rotation": 90, "texture": "#3"}
			}
		},
		{
			"from": [-8.50628, 15.94194, 14.375],
			"to": [-8.25628, 16.69194, 14.625],
			"rotation": {"angle": 22.5, "axis": "z", "origin": [-5.75, 14.625, 15.25]},
			"faces": {
				"north": {"uv": [9, 9, 10, 10], "rotation": 270, "texture": "#3"},
				"east": {"uv": [9, 9, 10, 10], "rotation": 90, "texture": "#3"},
				"south": {"uv": [9, 9, 10, 10], "rotation": 90, "texture": "#3"},
				"west": {"uv": [9, 9, 10, 10], "rotation": 90, "texture": "#3"},
				"up": {"uv": [9, 9, 10, 10], "rotation": 90, "texture": "#3"}
			}
		},
		{
			"from": [-9, 13.25, 14.875],
			"to": [-8.75, 14, 15.125],
			"rotation": {"angle": 45, "axis": "z", "origin": [-5.625, 12.375, 15.5]},
			"faces": {
				"north": {"uv": [9, 9, 10, 10], "rotation": 270, "texture": "#3"},
				"east": {"uv": [9, 9, 10, 10], "rotation": 90, "texture": "#3"},
				"south": {"uv": [9, 9, 10, 10], "rotation": 90, "texture": "#3"},
				"west": {"uv": [9, 9, 10, 10], "rotation": 90, "texture": "#3"},
				"up": {"uv": [9, 9, 10, 10], "rotation": 90, "texture": "#3"}
			}
		},
		{
			"from": [-9, 13.25, 16.875],
			"to": [-8.75, 14, 17.125],
			"rotation": {"angle": 45, "axis": "z", "origin": [-5.625, 12.375, 17.5]},
			"faces": {
				"north": {"uv": [9, 9, 10, 10], "rotation": 270, "texture": "#3"},
				"east": {"uv": [9, 9, 10, 10], "rotation": 90, "texture": "#3"},
				"south": {"uv": [9, 9, 10, 10], "rotation": 90, "texture": "#3"},
				"west": {"uv": [9, 9, 10, 10], "rotation": 90, "texture": "#3"},
				"up": {"uv": [9, 9, 10, 10], "rotation": 90, "texture": "#3"}
			}
		},
		{
			"from": [-8.50628, 15.94194, 14.875],
			"to": [-8.25628, 16.69194, 15.125],
			"rotation": {"angle": 22.5, "axis": "z", "origin": [-5.75, 14.625, 15.25]},
			"faces": {
				"north": {"uv": [9, 9, 10, 10], "rotation": 270, "texture": "#3"},
				"east": {"uv": [9, 9, 10, 10], "rotation": 90, "texture": "#3"},
				"south": {"uv": [9, 9, 10, 10], "rotation": 90, "texture": "#3"},
				"west": {"uv": [9, 9, 10, 10], "rotation": 90, "texture": "#3"},
				"up": {"uv": [9, 9, 10, 10], "rotation": 90, "texture": "#3"}
			}
		},
		{
			"from": [-8.5, 9.75, 14.625],
			"to": [-8.25, 10.5, 14.875],
			"rotation": {"angle": 0, "axis": "z", "origin": [-5.25, 9.625, 15.25]},
			"faces": {
				"north": {"uv": [9, 9, 10, 10], "rotation": 270, "texture": "#3"},
				"east": {"uv": [9, 9, 10, 10], "rotation": 90, "texture": "#3"},
				"south": {"uv": [9, 9, 10, 10], "rotation": 90, "texture": "#3"},
				"west": {"uv": [9, 9, 10, 10], "rotation": 90, "texture": "#3"},
				"down": {"uv": [9, 9, 10, 10], "rotation": 90, "texture": "#3"}
			}
		},
		{
			"from": [-8.5, 9.75, 16.625],
			"to": [-8.25, 10.5, 16.875],
			"rotation": {"angle": 0, "axis": "z", "origin": [-5.25, 9.625, 17.25]},
			"faces": {
				"north": {"uv": [9, 9, 10, 10], "rotation": 270, "texture": "#3"},
				"east": {"uv": [9, 9, 10, 10], "rotation": 90, "texture": "#3"},
				"south": {"uv": [9, 9, 10, 10], "rotation": 90, "texture": "#3"},
				"west": {"uv": [9, 9, 10, 10], "rotation": 90, "texture": "#3"},
				"down": {"uv": [9, 9, 10, 10], "rotation": 90, "texture": "#3"}
			}
		},
		{
			"from": [-8.5, 12.75, 14.625],
			"to": [-8.25, 13.5, 14.875],
			"rotation": {"angle": -22.5, "axis": "z", "origin": [-5.75, 14.625, 15.25]},
			"faces": {
				"north": {"uv": [9, 9, 10, 10], "rotation": 270, "texture": "#3"},
				"east": {"uv": [9, 9, 10, 10], "rotation": 90, "texture": "#3"},
				"south": {"uv": [9, 9, 10, 10], "rotation": 90, "texture": "#3"},
				"west": {"uv": [9, 9, 10, 10], "rotation": 90, "texture": "#3"},
				"down": {"uv": [9, 9, 10, 10], "rotation": 90, "texture": "#3"}
			}
		},
		{
			"from": [-7.5, 9.375, 15],
			"to": [-6, 12.125, 16.5],
			"rotation": {"angle": 45, "axis": "z", "origin": [-7.5, 12.125, 15]},
			"faces": {
				"north": {"uv": [12, 8, 13, 9], "texture": "#3"},
				"east": {"uv": [12, 8, 13, 9], "texture": "#3"},
				"south": {"uv": [12, 8, 13, 9], "texture": "#3"},
				"west": {"uv": [12, 8, 13, 9], "texture": "#3"}
			}
		},
		{
			"from": [-6, 9, 15],
			"to": [-4.5, 11.25, 16.5],
			"rotation": {"angle": 0, "axis": "y", "origin": [1, 10.5, 22]},
			"faces": {
				"north": {"uv": [12, 8, 13, 9], "texture": "#3"},
				"south": {"uv": [12, 8, 13, 9], "texture": "#3"},
				"west": {"uv": [12, 8, 13, 9], "texture": "#3"},
				"up": {"uv": [12, 8, 13, 9], "texture": "#3"}
			}
		},
		{
			"from": [-6, 6.75, 15],
			"to": [-4.5, 9, 16.5],
			"rotation": {"angle": -45, "axis": "z", "origin": [-4.5, 9, 15]},
			"faces": {
				"north": {"uv": [12, 8, 13, 9], "texture": "#3"},
				"east": {"uv": [12, 8, 13, 9], "texture": "#3"},
				"south": {"uv": [12, 8, 13, 9], "texture": "#3"},
				"west": {"uv": [12, 8, 13, 9], "texture": "#3"},
				"down": {"uv": [12, 8, 13, 9], "texture": "#3"}
			}
		},
		{
			"from": [-9.5, 6.25, 15.5],
			"to": [-7.5, 7.125, 16],
			"rotation": {"angle": -22.5, "axis": "z", "origin": [-5.5, 6.875, 15.25]},
			"faces": {
				"north": {"uv": [12, 8, 13, 9], "rotation": 270, "texture": "#3"},
				"south": {"uv": [12, 8, 13, 9], "rotation": 90, "texture": "#3"},
				"west": {"uv": [12, 8, 13, 9], "rotation": 90, "texture": "#3"},
				"up": {"uv": [12, 8, 13, 9], "rotation": 90, "texture": "#3"},
				"down": {"uv": [12, 8, 13, 9], "rotation": 90, "texture": "#3"}
			}
		},
		{
			"from": [-8.125, 8.375, 15.25],
			"to": [-6.5, 9.5, 16.25],
			"rotation": {"angle": 22.5, "axis": "z", "origin": [-4.5, 9, 15.25]},
			"faces": {
				"north": {"uv": [12, 8, 13, 9], "rotation": 270, "texture": "#3"},
				"south": {"uv": [12, 8, 13, 9], "rotation": 90, "texture": "#3"},
				"west": {"uv": [12, 8, 13, 9], "rotation": 90, "texture": "#3"},
				"up": {"uv": [12, 8, 13, 9], "rotation": 90, "texture": "#3"},
				"down": {"uv": [12, 8, 13, 9], "rotation": 90, "texture": "#3"}
			}
		},
		{
			"from": [23.5, 6.25, 15.5],
			"to": [25.5, 7.125, 16],
			"rotation": {"angle": 22.5, "axis": "z", "origin": [21.5, 6.875, 15.25]},
			"faces": {
				"north": {"uv": [12, 9, 13, 8], "rotation": 270, "texture": "#3"},
				"east": {"uv": [12, 9, 13, 8], "rotation": 90, "texture": "#3"},
				"south": {"uv": [12, 9, 13, 8], "rotation": 90, "texture": "#3"},
				"up": {"uv": [12, 9, 13, 8], "rotation": 90, "texture": "#3"},
				"down": {"uv": [12, 9, 13, 8], "rotation": 90, "texture": "#3"}
			}
		},
		{
			"from": [22.5, 8.375, 15.25],
			"to": [24.125, 9.5, 16.25],
			"rotation": {"angle": -22.5, "axis": "z", "origin": [20.5, 9, 15.25]},
			"faces": {
				"north": {"uv": [12, 9, 13, 8], "rotation": 270, "texture": "#3"},
				"east": {"uv": [12, 9, 13, 8], "rotation": 90, "texture": "#3"},
				"south": {"uv": [12, 9, 13, 8], "rotation": 90, "texture": "#3"},
				"up": {"uv": [12, 9, 13, 8], "rotation": 90, "texture": "#3"},
				"down": {"uv": [12, 9, 13, 8], "rotation": 90, "texture": "#3"}
			}
		},
		{
			"from": [23.01777, 18.89277, 14.875],
			"to": [23.51777, 19.39277, 16.625],
			"rotation": {"angle": 0, "axis": "z", "origin": [24.03553, 20.91053, 14.875]},
			"faces": {
				"north": {"uv": [2, 2, 1, 3], "texture": "#3"},
				"east": {"uv": [2, 2, 1, 3], "texture": "#3"},
				"south": {"uv": [2, 2, 1, 3], "texture": "#3"},
				"west": {"uv": [2, 2, 1, 3], "texture": "#3"},
				"up": {"uv": [2, 2, 1, 3], "texture": "#3"},
				"down": {"uv": [2, 2, 1, 3], "texture": "#3"}
			}
		},
		{
			"from": [23.375, 18.25, 14.5],
			"to": [23.5, 18.375, 15],
			"rotation": {"angle": -45, "axis": "x", "origin": [23.5, 18.375, 15]},
			"faces": {
				"east": {"uv": [2, 2, 1, 3], "texture": "#3"},
				"west": {"uv": [2, 2, 1, 3], "texture": "#3"},
				"up": {"uv": [2, 2, 1, 3], "texture": "#3"},
				"down": {"uv": [2, 2, 1, 3], "texture": "#3"}
			}
		},
		{
			"from": [23.375, 18.25, 16.5],
			"to": [23.5, 18.375, 17],
			"rotation": {"angle": 45, "axis": "x", "origin": [23.5, 18.375, 16.5]},
			"faces": {
				"east": {"uv": [1, 2, 2, 3], "texture": "#3"},
				"west": {"uv": [1, 2, 2, 3], "texture": "#3"},
				"up": {"uv": [2, 3, 1, 2], "texture": "#3"},
				"down": {"uv": [2, 3, 1, 2], "texture": "#3"}
			}
		},
		{
			"from": [23.375, 17.48339, 14.83779],
			"to": [23.5, 17.98339, 14.96279],
			"rotation": {"angle": 22.5, "axis": "x", "origin": [23.5, 18.48339, 14.83779]},
			"faces": {
				"north": {"uv": [2, 2, 1, 3], "rotation": 180, "texture": "#3"},
				"east": {"uv": [1, 3, 2, 2], "rotation": 270, "texture": "#3"},
				"south": {"uv": [2, 2, 1, 3], "texture": "#3"},
				"west": {"uv": [1, 3, 2, 2], "rotation": 90, "texture": "#3"}
			}
		},
		{
			"from": [23.375, 17.48339, 16.53721],
			"to": [23.5, 17.98339, 16.66221],
			"rotation": {"angle": -22.5, "axis": "x", "origin": [23.5, 18.48339, 16.66221]},
			"faces": {
				"north": {"uv": [1, 2, 2, 3], "texture": "#3"},
				"east": {"uv": [1, 2, 2, 3], "rotation": 270, "texture": "#3"},
				"south": {"uv": [1, 2, 2, 3], "rotation": 180, "texture": "#3"},
				"west": {"uv": [1, 2, 2, 3], "rotation": 90, "texture": "#3"}
			}
		},
		{
			"from": [23.375, 17.05951, 14.4551],
			"to": [23.5, 17.55951, 14.5801],
			"rotation": {"angle": 0, "axis": "x", "origin": [23.5, 18.05951, 14.4551]},
			"faces": {
				"north": {"uv": [2, 2, 1, 3], "rotation": 180, "texture": "#3"},
				"east": {"uv": [1, 3, 2, 2], "rotation": 270, "texture": "#3"},
				"south": {"uv": [2, 2, 1, 3], "texture": "#3"},
				"west": {"uv": [1, 3, 2, 2], "rotation": 90, "texture": "#3"}
			}
		},
		{
			"from": [23.375, 17.05951, 16.9199],
			"to": [23.5, 17.55951, 17.0449],
			"rotation": {"angle": 0, "axis": "x", "origin": [23.5, 18.05951, 17.0449]},
			"faces": {
				"north": {"uv": [1, 2, 2, 3], "texture": "#3"},
				"east": {"uv": [1, 2, 2, 3], "rotation": 270, "texture": "#3"},
				"south": {"uv": [1, 2, 2, 3], "rotation": 180, "texture": "#3"},
				"west": {"uv": [1, 2, 2, 3], "rotation": 90, "texture": "#3"}
			}
		},
		{
			"from": [23.375, 16.56928, 14.65596],
			"to": [23.5, 17.06928, 14.78096],
			"rotation": {"angle": 22.5, "axis": "x", "origin": [23.5, 17.56928, 14.65596]},
			"faces": {
				"north": {"uv": [2, 2, 1, 3], "rotation": 180, "texture": "#3"},
				"east": {"uv": [1, 3, 2, 2], "rotation": 270, "texture": "#3"},
				"south": {"uv": [2, 2, 1, 3], "texture": "#3"},
				"west": {"uv": [1, 3, 2, 2], "rotation": 90, "texture": "#3"},
				"up": {"uv": [2, 2, 1, 3], "texture": "#3"}
			}
		},
		{
			"from": [23.375, 16.56928, 16.71904],
			"to": [23.5, 17.06928, 16.84404],
			"rotation": {"angle": -22.5, "axis": "x", "origin": [23.5, 17.56928, 16.84404]},
			"faces": {
				"north": {"uv": [1, 2, 2, 3], "texture": "#3"},
				"east": {"uv": [1, 2, 2, 3], "rotation": 270, "texture": "#3"},
				"south": {"uv": [1, 2, 2, 3], "rotation": 180, "texture": "#3"},
				"west": {"uv": [1, 2, 2, 3], "rotation": 90, "texture": "#3"},
				"up": {"uv": [2, 3, 1, 2], "texture": "#3"}
			}
		},
		{
			"from": [23.375, 16.03951, 14.65393],
			"to": [23.5, 16.53951, 14.77893],
			"rotation": {"angle": 45, "axis": "x", "origin": [23.5, 17.03951, 14.65393]},
			"faces": {
				"north": {"uv": [2, 2, 1, 3], "rotation": 180, "texture": "#3"},
				"east": {"uv": [1, 3, 2, 2], "rotation": 270, "texture": "#3"},
				"south": {"uv": [2, 2, 1, 3], "texture": "#3"},
				"west": {"uv": [1, 3, 2, 2], "rotation": 90, "texture": "#3"},
				"down": {"uv": [2, 2, 1, 3], "rotation": 180, "texture": "#3"}
			}
		},
		{
			"from": [23.375, 16.03951, 16.72107],
			"to": [23.5, 16.53951, 16.84607],
			"rotation": {"angle": -45, "axis": "x", "origin": [23.5, 17.03951, 16.84607]},
			"faces": {
				"north": {"uv": [1, 2, 2, 3], "texture": "#3"},
				"east": {"uv": [1, 2, 2, 3], "rotation": 270, "texture": "#3"},
				"south": {"uv": [1, 2, 2, 3], "rotation": 180, "texture": "#3"},
				"west": {"uv": [1, 2, 2, 3], "rotation": 90, "texture": "#3"},
				"down": {"uv": [2, 3, 1, 2], "rotation": 180, "texture": "#3"}
			}
		},
		{
			"from": [22.26777, 18.01777, 15],
			"to": [23.76777, 19.76777, 16.5],
			"rotation": {"angle": 0, "axis": "z", "origin": [24.03553, 21.53553, 15]},
			"faces": {
				"north": {"uv": [13, 8, 12, 9], "texture": "#3"},
				"south": {"uv": [13, 8, 12, 9], "texture": "#3"},
				"up": {"uv": [13, 8, 12, 9], "texture": "#3"},
				"down": {"uv": [13, 8, 12, 9], "texture": "#3"}
			}
		},
		{
			"from": [23.14494, 18.26113, 15],
			"to": [23.76994, 19.76113, 16.5],
			"rotation": {"angle": 22.5, "axis": "z", "origin": [23.75217, 19.75899, 15.5]},
			"faces": {
				"north": {"uv": [13, 8, 12, 9], "texture": "#3"},
				"east": {"uv": [13, 8, 12, 9], "texture": "#3"},
				"south": {"uv": [13, 8, 12, 9], "texture": "#3"}
			}
		},
		{
			"from": [23.76777, 18.01777, 15],
			"to": [25.26777, 18.76777, 16.5],
			"rotation": {"angle": 0, "axis": "z", "origin": [24.03553, 21.53553, 15]},
			"faces": {
				"north": {"uv": [13, 8, 12, 9], "texture": "#3"},
				"east": {"uv": [13, 8, 12, 9], "texture": "#3"},
				"south": {"uv": [13, 8, 12, 9], "texture": "#3"},
				"up": {"uv": [13, 8, 12, 9], "texture": "#3"},
				"down": {"uv": [13, 8, 12, 9], "texture": "#3"}
			}
		},
		{
			"from": [22.76777, 17.76777, 15.25],
			"to": [25.01777, 18.51777, 16.25],
			"rotation": {"angle": 0, "axis": "z", "origin": [24.03553, 21.53553, 15]},
			"faces": {
				"north": {"uv": [13, 8, 12, 9], "texture": "#3"},
				"east": {"uv": [13, 8, 12, 9], "texture": "#3"},
				"south": {"uv": [13, 8, 12, 9], "texture": "#3"},
				"west": {"uv": [13, 8, 12, 9], "texture": "#3"},
				"down": {"uv": [13, 8, 12, 9], "texture": "#3"}
			}
		},
		{
			"from": [24.76777, 18.51777, 15],
			"to": [25.26777, 19.26777, 16.5],
			"rotation": {"angle": 0, "axis": "z", "origin": [24.03553, 21.53553, 15]},
			"faces": {
				"north": {"uv": [13, 8, 12, 9], "texture": "#3"},
				"east": {"uv": [13, 8, 12, 9], "texture": "#3"},
				"south": {"uv": [13, 8, 12, 9], "texture": "#3"},
				"up": {"uv": [13, 8, 12, 9], "texture": "#3"}
			}
		},
		{
			"from": [26.58579, 18.37133, 15],
			"to": [27.08579, 19.12133, 16.5],
			"rotation": {"angle": -45, "axis": "z", "origin": [25.85355, 21.38909, 15]},
			"faces": {
				"north": {"uv": [13, 8, 12, 9], "texture": "#3"},
				"south": {"uv": [13, 8, 12, 9], "texture": "#3"},
				"west": {"uv": [13, 8, 12, 9], "texture": "#3"}
			}
		},
		{
			"from": [20.5, 16.25, 15],
			"to": [23, 18, 16.5],
			"rotation": {"angle": 45, "axis": "z", "origin": [20.5, 18, 15]},
			"faces": {
				"north": {"uv": [13, 8, 12, 9], "texture": "#3"},
				"south": {"uv": [13, 8, 12, 9], "texture": "#3"},
				"up": {"uv": [13, 8, 12, 9], "texture": "#3"},
				"down": {"uv": [13, 8, 12, 9], "texture": "#3"}
			}
		},
		{
			"from": [20.5, 15, 15],
			"to": [22, 18, 16.5],
			"rotation": {"angle": 0, "axis": "y", "origin": [15, 17, 22]},
			"faces": {
				"north": {"uv": [13, 8, 12, 9], "texture": "#3"},
				"east": {"uv": [13, 8, 12, 9], "texture": "#3"},
				"south": {"uv": [13, 8, 12, 9], "texture": "#3"}
			}
		},
		{
			"from": [20.5, 12.25, 15],
			"to": [22, 15, 16.5],
			"rotation": {"angle": 45, "axis": "z", "origin": [20.5, 15, 15]},
			"faces": {
				"north": {"uv": [13, 8, 12, 9], "texture": "#3"},
				"east": {"uv": [13, 8, 12, 9], "texture": "#3"},
				"south": {"uv": [13, 8, 12, 9], "texture": "#3"},
				"west": {"uv": [13, 8, 12, 9], "texture": "#3"},
				"down": {"uv": [13, 8, 12, 9], "texture": "#3"}
			}
		},
		{
			"from": [22, 12.125, 15],
			"to": [23.5, 14.125, 16.5],
			"rotation": {"angle": 0, "axis": "z", "origin": [22, 15.125, 15]},
			"faces": {
				"north": {"uv": [13, 8, 12, 9], "texture": "#3"},
				"east": {"uv": [13, 8, 12, 9], "texture": "#3"},
				"south": {"uv": [13, 8, 12, 9], "texture": "#3"},
				"west": {"uv": [13, 8, 12, 9], "texture": "#3"},
				"up": {"uv": [13, 8, 12, 9], "texture": "#3"}
			}
		},
		{
			"from": [21.5, 10.125, 14.25],
			"to": [22.75, 11.625, 15.25],
			"rotation": {"angle": 45, "axis": "z", "origin": [21.5, 11.625, 15]},
			"faces": {
				"north": {"uv": [13, 8, 12, 9], "texture": "#3"},
				"east": {"uv": [13, 8, 12, 9], "texture": "#3"},
				"south": {"uv": [13, 8, 12, 9], "texture": "#3"},
				"west": {"uv": [13, 8, 12, 9], "texture": "#3"},
				"up": {"uv": [13, 8, 12, 9], "texture": "#3"},
				"down": {"uv": [13, 8, 12, 9], "texture": "#3"}
			}
		},
		{
			"from": [21.5, 10.125, 16.25],
			"to": [22.75, 11.625, 17.25],
			"rotation": {"angle": 45, "axis": "z", "origin": [21.5, 11.625, 17]},
			"faces": {
				"north": {"uv": [13, 8, 12, 9], "texture": "#3"},
				"east": {"uv": [13, 8, 12, 9], "texture": "#3"},
				"south": {"uv": [13, 8, 12, 9], "texture": "#3"},
				"west": {"uv": [13, 8, 12, 9], "texture": "#3"},
				"up": {"uv": [13, 8, 12, 9], "texture": "#3"},
				"down": {"uv": [13, 8, 12, 9], "texture": "#3"}
			}
		},
		{
			"from": [21.57322, 14.44822, 14.25],
			"to": [23.07322, 15.69822, 15.25],
			"rotation": {"angle": -22.5, "axis": "z", "origin": [21.75, 14.625, 15.25]},
			"faces": {
				"north": {"uv": [12, 9, 13, 8], "rotation": 270, "texture": "#3"},
				"east": {"uv": [12, 9, 13, 8], "rotation": 90, "texture": "#3"},
				"south": {"uv": [12, 9, 13, 8], "rotation": 90, "texture": "#3"},
				"west": {"uv": [12, 9, 13, 8], "rotation": 90, "texture": "#3"},
				"up": {"uv": [12, 9, 13, 8], "rotation": 90, "texture": "#3"},
				"down": {"uv": [12, 9, 13, 8], "rotation": 90, "texture": "#3"}
			}
		},
		{
			"from": [22.625, 11.375, 14.375],
			"to": [24.625, 12.125, 15.125],
			"rotation": {"angle": -22.5, "axis": "z", "origin": [21.25, 11.125, 15]},
			"faces": {
				"north": {"uv": [9, 10, 10, 9], "rotation": 270, "texture": "#3"},
				"east": {"uv": [9, 10, 10, 9], "rotation": 90, "texture": "#3"},
				"south": {"uv": [9, 10, 10, 9], "rotation": 90, "texture": "#3"},
				"up": {"uv": [9, 10, 10, 9], "rotation": 90, "texture": "#3"},
				"down": {"uv": [9, 10, 10, 9], "rotation": 90, "texture": "#3"}
			}
		},
		{
			"from": [22.625, 11.375, 16.375],
			"to": [24.625, 12.125, 17.125],
			"rotation": {"angle": -22.5, "axis": "z", "origin": [21.25, 11.125, 17]},
			"faces": {
				"north": {"uv": [9, 10, 10, 9], "rotation": 270, "texture": "#3"},
				"east": {"uv": [9, 10, 10, 9], "rotation": 90, "texture": "#3"},
				"south": {"uv": [9, 10, 10, 9], "rotation": 90, "texture": "#3"},
				"up": {"uv": [9, 10, 10, 9], "rotation": 90, "texture": "#3"},
				"down": {"uv": [9, 10, 10, 9], "rotation": 90, "texture": "#3"}
			}
		},
		{
			"from": [22.8544, 14.22172, 14.375],
			"to": [24.8544, 14.97172, 15.125],
			"rotation": {"angle": 0, "axis": "z", "origin": [21.75, 14.625, 15.25]},
			"faces": {
				"north": {"uv": [9, 10, 10, 9], "rotation": 270, "texture": "#3"},
				"east": {"uv": [9, 10, 10, 9], "rotation": 90, "texture": "#3"},
				"south": {"uv": [9, 10, 10, 9], "rotation": 90, "texture": "#3"},
				"up": {"uv": [9, 10, 10, 9], "rotation": 90, "texture": "#3"},
				"down": {"uv": [9, 10, 10, 9], "rotation": 90, "texture": "#3"}
			}
		},
		{
			"from": [24.75, 13.25, 14.375],
			"to": [25, 14, 14.625],
			"rotation": {"angle": -45, "axis": "z", "origin": [21.625, 12.375, 15]},
			"faces": {
				"north": {"uv": [9, 10, 10, 9], "rotation": 270, "texture": "#3"},
				"east": {"uv": [9, 10, 10, 9], "rotation": 90, "texture": "#3"},
				"south": {"uv": [9, 10, 10, 9], "rotation": 90, "texture": "#3"},
				"west": {"uv": [9, 10, 10, 9], "rotation": 90, "texture": "#3"},
				"up": {"uv": [9, 10, 10, 9], "rotation": 90, "texture": "#3"}
			}
		},
		{
			"from": [24.75, 13.25, 16.375],
			"to": [25, 14, 16.625],
			"rotation": {"angle": -45, "axis": "z", "origin": [21.625, 12.375, 17]},
			"faces": {
				"north": {"uv": [9, 10, 10, 9], "rotation": 270, "texture": "#3"},
				"east": {"uv": [9, 10, 10, 9], "rotation": 90, "texture": "#3"},
				"south": {"uv": [9, 10, 10, 9], "rotation": 90, "texture": "#3"},
				"west": {"uv": [9, 10, 10, 9], "rotation": 90, "texture": "#3"},
				"up": {"uv": [9, 10, 10, 9], "rotation": 90, "texture": "#3"}
			}
		},
		{
			"from": [24.25628, 15.94194, 14.375],
			"to": [24.50628, 16.69194, 14.625],
			"rotation": {"angle": -22.5, "axis": "z", "origin": [21.75, 14.625, 15.25]},
			"faces": {
				"north": {"uv": [9, 10, 10, 9], "rotation": 270, "texture": "#3"},
				"east": {"uv": [9, 10, 10, 9], "rotation": 90, "texture": "#3"},
				"south": {"uv": [9, 10, 10, 9], "rotation": 90, "texture": "#3"},
				"west": {"uv": [9, 10, 10, 9], "rotation": 90, "texture": "#3"},
				"up": {"uv": [9, 10, 10, 9], "rotation": 90, "texture": "#3"}
			}
		},
		{
			"from": [24.75, 13.25, 14.875],
			"to": [25, 14, 15.125],
			"rotation": {"angle": -45, "axis": "z", "origin": [21.625, 12.375, 15.5]},
			"faces": {
				"north": {"uv": [9, 10, 10, 9], "rotation": 270, "texture": "#3"},
				"east": {"uv": [9, 10, 10, 9], "rotation": 90, "texture": "#3"},
				"south": {"uv": [9, 10, 10, 9], "rotation": 90, "texture": "#3"},
				"west": {"uv": [9, 10, 10, 9], "rotation": 90, "texture": "#3"},
				"up": {"uv": [9, 10, 10, 9], "rotation": 90, "texture": "#3"}
			}
		},
		{
			"from": [24.75, 13.25, 16.875],
			"to": [25, 14, 17.125],
			"rotation": {"angle": -45, "axis": "z", "origin": [21.625, 12.375, 17.5]},
			"faces": {
				"north": {"uv": [9, 10, 10, 9], "rotation": 270, "texture": "#3"},
				"east": {"uv": [9, 10, 10, 9], "rotation": 90, "texture": "#3"},
				"south": {"uv": [9, 10, 10, 9], "rotation": 90, "texture": "#3"},
				"west": {"uv": [9, 10, 10, 9], "rotation": 90, "texture": "#3"},
				"up": {"uv": [9, 10, 10, 9], "rotation": 90, "texture": "#3"}
			}
		},
		{
			"from": [24.25628, 15.94194, 14.875],
			"to": [24.50628, 16.69194, 15.125],
			"rotation": {"angle": -22.5, "axis": "z", "origin": [21.75, 14.625, 15.25]},
			"faces": {
				"north": {"uv": [9, 10, 10, 9], "rotation": 270, "texture": "#3"},
				"east": {"uv": [9, 10, 10, 9], "rotation": 90, "texture": "#3"},
				"south": {"uv": [9, 10, 10, 9], "rotation": 90, "texture": "#3"},
				"west": {"uv": [9, 10, 10, 9], "rotation": 90, "texture": "#3"},
				"up": {"uv": [9, 10, 10, 9], "rotation": 90, "texture": "#3"}
			}
		},
		{
			"from": [24.25, 9.75, 14.625],
			"to": [24.5, 10.5, 14.875],
			"rotation": {"angle": 0, "axis": "z", "origin": [21.25, 9.625, 15.25]},
			"faces": {
				"north": {"uv": [9, 10, 10, 9], "rotation": 270, "texture": "#3"},
				"east": {"uv": [9, 10, 10, 9], "rotation": 90, "texture": "#3"},
				"south": {"uv": [9, 10, 10, 9], "rotation": 90, "texture": "#3"},
				"west": {"uv": [9, 10, 10, 9], "rotation": 90, "texture": "#3"},
				"down": {"uv": [9, 10, 10, 9], "rotation": 90, "texture": "#3"}
			}
		},
		{
			"from": [24.25, 9.75, 16.625],
			"to": [24.5, 10.5, 16.875],
			"rotation": {"angle": 0, "axis": "z", "origin": [21.25, 9.625, 17.25]},
			"faces": {
				"north": {"uv": [9, 10, 10, 9], "rotation": 270, "texture": "#3"},
				"east": {"uv": [9, 10, 10, 9], "rotation": 90, "texture": "#3"},
				"south": {"uv": [9, 10, 10, 9], "rotation": 90, "texture": "#3"},
				"west": {"uv": [9, 10, 10, 9], "rotation": 90, "texture": "#3"},
				"down": {"uv": [9, 10, 10, 9], "rotation": 90, "texture": "#3"}
			}
		},
		{
			"from": [24.25, 12.75, 14.625],
			"to": [24.5, 13.5, 14.875],
			"rotation": {"angle": 22.5, "axis": "z", "origin": [21.75, 14.625, 15.25]},
			"faces": {
				"north": {"uv": [9, 10, 10, 9], "rotation": 270, "texture": "#3"},
				"east": {"uv": [9, 10, 10, 9], "rotation": 90, "texture": "#3"},
				"south": {"uv": [9, 10, 10, 9], "rotation": 90, "texture": "#3"},
				"west": {"uv": [9, 10, 10, 9], "rotation": 90, "texture": "#3"},
				"down": {"uv": [9, 10, 10, 9], "rotation": 90, "texture": "#3"}
			}
		},
		{
			"from": [22, 9.375, 15],
			"to": [23.5, 12.125, 16.5],
			"rotation": {"angle": -45, "axis": "z", "origin": [23.5, 12.125, 15]},
			"faces": {
				"north": {"uv": [13, 8, 12, 9], "texture": "#3"},
				"east": {"uv": [13, 8, 12, 9], "texture": "#3"},
				"south": {"uv": [13, 8, 12, 9], "texture": "#3"},
				"west": {"uv": [13, 8, 12, 9], "texture": "#3"}
			}
		},
		{
			"from": [20.5, 9, 15],
			"to": [22, 11.25, 16.5],
			"rotation": {"angle": 0, "axis": "y", "origin": [15, 10.5, 22]},
			"faces": {
				"north": {"uv": [13, 8, 12, 9], "texture": "#3"},
				"east": {"uv": [13, 8, 12, 9], "texture": "#3"},
				"south": {"uv": [13, 8, 12, 9], "texture": "#3"},
				"up": {"uv": [13, 8, 12, 9], "texture": "#3"}
			}
		},
		{
			"from": [20.5, 6.75, 15],
			"to": [22, 9, 16.5],
			"rotation": {"angle": 45, "axis": "z", "origin": [20.5, 9, 15]},
			"faces": {
				"north": {"uv": [13, 8, 12, 9], "texture": "#3"},
				"east": {"uv": [13, 8, 12, 9], "texture": "#3"},
				"south": {"uv": [13, 8, 12, 9], "texture": "#3"},
				"west": {"uv": [13, 8, 12, 9], "texture": "#3"},
				"down": {"uv": [13, 8, 12, 9], "texture": "#3"}
			}
		},
		{
			"from": [12.81499, 21.84595, 15.75],
			"to": [14.31499, 23.84595, 17.25],
			"rotation": {"angle": 45, "axis": "z", "origin": [3.81066, 13.93566, 15.75]},
			"faces": {
				"north": {"uv": [13, 8, 12, 9], "texture": "#3"},
				"east": {"uv": [13, 8, 12, 9], "texture": "#3"},
				"south": {"uv": [13, 8, 12, 9], "texture": "#3"},
				"west": {"uv": [13, 8, 12, 9], "texture": "#3"}
			}
		},
		{
			"from": [-7.49756, 23.24261, 15.75],
			"to": [-4.97413, 24.74261, 17.25],
			"rotation": {"angle": -22.5, "axis": "z", "origin": [3.81066, 13.93566, 15.75]},
			"faces": {
				"north": {"uv": [12, 8, 13, 9], "rotation": 270, "texture": "#3"},
				"south": {"uv": [12, 8, 13, 9], "rotation": 90, "texture": "#3"},
				"west": {"uv": [12, 8, 13, 9], "rotation": 90, "texture": "#3"},
				"up": {"uv": [12, 8, 13, 9], "rotation": 90, "texture": "#3"},
				"down": {"uv": [12, 8, 13, 9], "rotation": 90, "texture": "#3"}
			}
		},
		{
			"from": [10.54722, 24.11372, 15.75],
			"to": [12.54722, 25.61372, 17.25],
			"rotation": {"angle": 45, "axis": "z", "origin": [3.81066, 13.93566, 15.75]},
			"faces": {
				"north": {"uv": [12, 8, 13, 9], "rotation": 270, "texture": "#3"},
				"south": {"uv": [12, 8, 13, 9], "rotation": 90, "texture": "#3"},
				"up": {"uv": [12, 8, 13, 9], "rotation": 90, "texture": "#3"},
				"down": {"uv": [12, 8, 13, 9], "rotation": 90, "texture": "#3"}
			}
		},
		{
			"from": [1.73071, 26.87098, 15.75],
			"to": [4.23071, 28.37098, 17.25],
			"rotation": {"angle": 0, "axis": "z", "origin": [3.81066, 13.93566, 15.75]},
			"faces": {
				"north": {"uv": [12, 8, 13, 9], "rotation": 270, "texture": "#3"},
				"south": {"uv": [12, 8, 13, 9], "rotation": 90, "texture": "#3"},
				"up": {"uv": [12, 8, 13, 9], "rotation": 90, "texture": "#3"},
				"down": {"uv": [12, 8, 13, 9], "rotation": 90, "texture": "#3"}
			}
		},
		{
			"from": [-0.74784, 25.89611, 15.75],
			"to": [1.37716, 27.52111, 17.25],
			"rotation": {"angle": 0, "axis": "z", "origin": [3.81066, 13.93566, 15.75]},
			"faces": {
				"north": {"uv": [12, 8, 13, 9], "rotation": 270, "texture": "#3"},
				"south": {"uv": [12, 8, 13, 9], "rotation": 90, "texture": "#3"},
				"up": {"uv": [12, 8, 13, 9], "rotation": 90, "texture": "#3"}
			}
		},
		{
			"from": [4.58809, 25.89611, 15.75],
			"to": [6.87716, 27.52111, 17.25],
			"rotation": {"angle": 0, "axis": "z", "origin": [3.81066, 13.93566, 15.75]},
			"faces": {
				"north": {"uv": [12, 8, 13, 9], "rotation": 270, "texture": "#3"},
				"east": {"uv": [12, 8, 13, 9], "rotation": 90, "texture": "#3"},
				"south": {"uv": [12, 8, 13, 9], "rotation": 90, "texture": "#3"},
				"up": {"uv": [12, 8, 13, 9], "rotation": 90, "texture": "#3"}
			}
		},
		{
			"from": [2.05159, 28.58503, 15.75],
			"to": [3.55159, 30.83503, 17.25],
			"rotation": {"angle": 22.5, "axis": "z", "origin": [3.82026, 14.83637, 15.75]},
			"faces": {
				"north": {"uv": [12, 8, 13, 9], "rotation": 180, "texture": "#3"},
				"east": {"uv": [12, 8, 13, 9], "rotation": 180, "texture": "#3"},
				"south": {"uv": [12, 8, 13, 9], "rotation": 180, "texture": "#3"},
				"west": {"uv": [12, 8, 13, 9], "rotation": 180, "texture": "#3"},
				"up": {"uv": [12, 8, 13, 9], "rotation": 180, "texture": "#3"}
			}
		},
		{
			"from": [-3.69248, 28.75, 16],
			"to": [-2.44248, 31, 17],
			"rotation": {"angle": 0, "axis": "z", "origin": [4.31066, 13.93566, 15.75]},
			"faces": {
				"north": {"uv": [12, 8, 13, 9], "rotation": 180, "texture": "#3"},
				"east": {"uv": [12, 8, 13, 9], "rotation": 180, "texture": "#3"},
				"south": {"uv": [12, 8, 13, 9], "rotation": 180, "texture": "#3"},
				"west": {"uv": [12, 8, 13, 9], "rotation": 180, "texture": "#3"},
				"up": {"uv": [12, 8, 13, 9], "rotation": 180, "texture": "#3"}
			}
		},
		{
			"from": [-9.4369, 26.80327, 16.25],
			"to": [-8.5619, 29.05327, 16.75],
			"rotation": {"angle": -22.5, "axis": "z", "origin": [4.31066, 13.93566, 15.75]},
			"faces": {
				"north": {"uv": [12, 8, 13, 9], "rotation": 180, "texture": "#3"},
				"east": {"uv": [12, 8, 13, 9], "rotation": 180, "texture": "#3"},
				"south": {"uv": [12, 8, 13, 9], "rotation": 180, "texture": "#3"},
				"west": {"uv": [12, 8, 13, 9], "rotation": 180, "texture": "#3"},
				"up": {"uv": [12, 8, 13, 9], "rotation": 180, "texture": "#3"},
				"down": {"uv": [12, 8, 13, 9], "rotation": 180, "texture": "#3"}
			}
		},
		{
			"from": [21.57322, 14.44822, 16.25],
			"to": [23.07322, 15.69822, 17.25],
			"rotation": {"angle": -22.5, "axis": "z", "origin": [21.75, 14.625, 17.25]},
			"color": 0,
			"faces": {
				"north": {"uv": [12, 9, 13, 8], "rotation": 270, "texture": "#missing"},
				"east": {"uv": [12, 9, 13, 8], "rotation": 90, "texture": "#missing"},
				"south": {"uv": [12, 9, 13, 8], "rotation": 90, "texture": "#missing"},
				"west": {"uv": [12, 9, 13, 8], "rotation": 90, "texture": "#missing"},
				"up": {"uv": [12, 9, 13, 8], "rotation": 90, "texture": "#missing"},
				"down": {"uv": [12, 9, 13, 8], "rotation": 90, "texture": "#missing"}
			}
		},
		{
			"from": [22.8544, 14.22172, 16.375],
			"to": [24.8544, 14.97172, 17.125],
			"rotation": {"angle": 0, "axis": "y", "origin": [21.75, 14.625, 17.25]},
			"color": 0,
			"faces": {
				"north": {"uv": [9, 10, 10, 9], "rotation": 270, "texture": "#missing"},
				"east": {"uv": [9, 10, 10, 9], "rotation": 90, "texture": "#missing"},
				"south": {"uv": [9, 10, 10, 9], "rotation": 90, "texture": "#missing"},
				"up": {"uv": [9, 10, 10, 9], "rotation": 90, "texture": "#missing"},
				"down": {"uv": [9, 10, 10, 9], "rotation": 90, "texture": "#missing"}
			}
		},
		{
			"from": [24.25628, 15.94194, 16.875],
			"to": [24.50628, 16.69194, 17.125],
			"rotation": {"angle": -22.5, "axis": "z", "origin": [21.75, 14.625, 17.25]},
			"color": 0,
			"faces": {
				"north": {"uv": [9, 10, 10, 9], "rotation": 270, "texture": "#missing"},
				"east": {"uv": [9, 10, 10, 9], "rotation": 90, "texture": "#missing"},
				"south": {"uv": [9, 10, 10, 9], "rotation": 90, "texture": "#missing"},
				"west": {"uv": [9, 10, 10, 9], "rotation": 90, "texture": "#missing"},
				"up": {"uv": [9, 10, 10, 9], "rotation": 90, "texture": "#missing"}
			}
		},
		{
			"from": [24.25, 12.75, 16.625],
			"to": [24.5, 13.5, 16.875],
			"rotation": {"angle": 22.5, "axis": "z", "origin": [21.75, 14.625, 17.25]},
			"color": 0,
			"faces": {
				"north": {"uv": [9, 10, 10, 9], "rotation": 270, "texture": "#missing"},
				"east": {"uv": [9, 10, 10, 9], "rotation": 90, "texture": "#missing"},
				"south": {"uv": [9, 10, 10, 9], "rotation": 90, "texture": "#missing"},
				"west": {"uv": [9, 10, 10, 9], "rotation": 90, "texture": "#missing"},
				"down": {"uv": [9, 10, 10, 9], "rotation": 90, "texture": "#missing"}
			}
		},
		{
			"from": [24.25628, 15.94194, 16.375],
			"to": [24.50628, 16.69194, 16.625],
			"rotation": {"angle": -22.5, "axis": "z", "origin": [21.75, 14.625, 17.25]},
			"color": 0,
			"faces": {
				"north": {"uv": [9, 10, 10, 9], "rotation": 270, "texture": "#missing"},
				"east": {"uv": [9, 10, 10, 9], "rotation": 90, "texture": "#missing"},
				"south": {"uv": [9, 10, 10, 9], "rotation": 90, "texture": "#missing"},
				"west": {"uv": [9, 10, 10, 9], "rotation": 90, "texture": "#missing"},
				"up": {"uv": [9, 10, 10, 9], "rotation": 90, "texture": "#missing"}
			}
		},
		{
			"from": [1.68501, 21.84595, 15.75],
			"to": [3.18501, 23.84595, 17.25],
			"rotation": {"angle": -45, "axis": "z", "origin": [12.18934, 13.93566, 15.75]},
			"faces": {
				"north": {"uv": [12, 8, 13, 9], "texture": "#3"},
				"east": {"uv": [12, 8, 13, 9], "texture": "#3"},
				"south": {"uv": [12, 8, 13, 9], "texture": "#3"},
				"west": {"uv": [12, 8, 13, 9], "texture": "#3"}
			}
		},
		{
			"from": [20.97413, 23.24261, 15.75],
			"to": [23.49756, 24.74261, 17.25],
			"rotation": {"angle": 22.5, "axis": "z", "origin": [12.18934, 13.93566, 15.75]},
			"faces": {
				"north": {"uv": [12, 9, 13, 8], "rotation": 270, "texture": "#3"},
				"east": {"uv": [12, 9, 13, 8], "rotation": 90, "texture": "#3"},
				"south": {"uv": [12, 9, 13, 8], "rotation": 90, "texture": "#3"},
				"up": {"uv": [12, 9, 13, 8], "rotation": 90, "texture": "#3"},
				"down": {"uv": [12, 9, 13, 8], "rotation": 90, "texture": "#3"}
			}
		},
		{
			"from": [3.45278, 24.11372, 15.75],
			"to": [5.45278, 25.61372, 17.25],
			"rotation": {"angle": -45, "axis": "z", "origin": [12.18934, 13.93566, 15.75]},
			"faces": {
				"north": {"uv": [12, 9, 13, 8], "rotation": 270, "texture": "#3"},
				"south": {"uv": [12, 9, 13, 8], "rotation": 90, "texture": "#3"},
				"up": {"uv": [12, 9, 13, 8], "rotation": 90, "texture": "#3"},
				"down": {"uv": [12, 9, 13, 8], "rotation": 90, "texture": "#3"}
			}
		},
		{
			"from": [11.76929, 26.87098, 15.75],
			"to": [14.26929, 28.37098, 17.25],
			"rotation": {"angle": 0, "axis": "z", "origin": [12.18934, 13.93566, 15.75]},
			"faces": {
				"north": {"uv": [12, 9, 13, 8], "rotation": 270, "texture": "#3"},
				"south": {"uv": [12, 9, 13, 8], "rotation": 90, "texture": "#3"},
				"up": {"uv": [12, 9, 13, 8], "rotation": 90, "texture": "#3"},
				"down": {"uv": [12, 9, 13, 8], "rotation": 90, "texture": "#3"}
			}
		},
		{
			"from": [14.62284, 25.89611, 15.75],
			"to": [16.74784, 27.52111, 17.25],
			"rotation": {"angle": 0, "axis": "z", "origin": [12.18934, 13.93566, 15.75]},
			"faces": {
				"north": {"uv": [12, 9, 13, 8], "rotation": 270, "texture": "#3"},
				"south": {"uv": [12, 9, 13, 8], "rotation": 90, "texture": "#3"},
				"up": {"uv": [12, 9, 13, 8], "rotation": 90, "texture": "#3"}
			}
		},
		{
			"from": [9.12284, 25.89611, 15.75],
			"to": [11.41191, 27.52111, 17.25],
			"rotation": {"angle": 0, "axis": "z", "origin": [12.18934, 13.93566, 15.75]},
			"faces": {
				"north": {"uv": [12, 9, 13, 8], "rotation": 270, "texture": "#3"},
				"south": {"uv": [12, 9, 13, 8], "rotation": 90, "texture": "#3"},
				"west": {"uv": [12, 9, 13, 8], "rotation": 90, "texture": "#3"},
				"up": {"uv": [12, 9, 13, 8], "rotation": 90, "texture": "#3"}
			}
		},
		{
			"from": [12.44841, 28.58503, 15.75],
			"to": [13.94841, 30.83503, 17.25],
			"rotation": {"angle": -22.5, "axis": "z", "origin": [12.17974, 14.83637, 15.75]},
			"faces": {
				"north": {"uv": [13, 8, 12, 9], "rotation": 180, "texture": "#3"},
				"east": {"uv": [13, 8, 12, 9], "rotation": 180, "texture": "#3"},
				"south": {"uv": [13, 8, 12, 9], "rotation": 180, "texture": "#3"},
				"west": {"uv": [13, 8, 12, 9], "rotation": 180, "texture": "#3"},
				"up": {"uv": [13, 8, 12, 9], "rotation": 180, "texture": "#3"}
			}
		},
		{
			"from": [18.44248, 28.75, 16],
			"to": [19.69248, 31, 17],
			"rotation": {"angle": 0, "axis": "z", "origin": [11.68934, 13.93566, 15.75]},
			"faces": {
				"north": {"uv": [13, 8, 12, 9], "rotation": 180, "texture": "#3"},
				"east": {"uv": [13, 8, 12, 9], "rotation": 180, "texture": "#3"},
				"south": {"uv": [13, 8, 12, 9], "rotation": 180, "texture": "#3"},
				"west": {"uv": [13, 8, 12, 9], "rotation": 180, "texture": "#3"},
				"up": {"uv": [13, 8, 12, 9], "rotation": 180, "texture": "#3"}
			}
		},
		{
			"from": [24.5619, 26.80327, 16.25],
			"to": [25.4369, 29.05327, 16.75],
			"rotation": {"angle": 22.5, "axis": "z", "origin": [11.68934, 13.93566, 15.75]},
			"faces": {
				"north": {"uv": [13, 8, 12, 9], "rotation": 180, "texture": "#3"},
				"east": {"uv": [13, 8, 12, 9], "rotation": 180, "texture": "#3"},
				"south": {"uv": [13, 8, 12, 9], "rotation": 180, "texture": "#3"},
				"west": {"uv": [13, 8, 12, 9], "rotation": 180, "texture": "#3"},
				"up": {"uv": [13, 8, 12, 9], "rotation": 180, "texture": "#3"},
				"down": {"uv": [13, 8, 12, 9], "rotation": 180, "texture": "#3"}
			}
		},
		{
			"from": [-7.07322, 14.44822, 16.25],
			"to": [-5.57322, 15.69822, 17.25],
			"rotation": {"angle": 22.5, "axis": "z", "origin": [-5.75, 14.625, 17.25]},
			"color": 0,
			"faces": {
				"north": {"uv": [12, 8, 13, 9], "rotation": 270, "texture": "#missing"},
				"east": {"uv": [12, 8, 13, 9], "rotation": 90, "texture": "#missing"},
				"south": {"uv": [12, 8, 13, 9], "rotation": 90, "texture": "#missing"},
				"west": {"uv": [12, 8, 13, 9], "rotation": 90, "texture": "#missing"},
				"up": {"uv": [12, 8, 13, 9], "rotation": 90, "texture": "#missing"},
				"down": {"uv": [12, 8, 13, 9], "rotation": 90, "texture": "#missing"}
			}
		},
		{
			"from": [-8.8544, 14.22172, 16.375],
			"to": [-6.8544, 14.97172, 17.125],
			"rotation": {"angle": 0, "axis": "y", "origin": [-5.75, 14.625, 17.25]},
			"color": 0,
			"faces": {
				"north": {"uv": [9, 9, 10, 10], "rotation": 270, "texture": "#missing"},
				"south": {"uv": [9, 9, 10, 10], "rotation": 90, "texture": "#missing"},
				"west": {"uv": [9, 9, 10, 10], "rotation": 90, "texture": "#missing"},
				"up": {"uv": [9, 9, 10, 10], "rotation": 90, "texture": "#missing"},
				"down": {"uv": [9, 9, 10, 10], "rotation": 90, "texture": "#missing"}
			}
		},
		{
			"from": [-8.50628, 15.94194, 16.875],
			"to": [-8.25628, 16.69194, 17.125],
			"rotation": {"angle": 22.5, "axis": "z", "origin": [-5.75, 14.625, 17.25]},
			"color": 0,
			"faces": {
				"north": {"uv": [9, 9, 10, 10], "rotation": 270, "texture": "#missing"},
				"east": {"uv": [9, 9, 10, 10], "rotation": 90, "texture": "#missing"},
				"south": {"uv": [9, 9, 10, 10], "rotation": 90, "texture": "#missing"},
				"west": {"uv": [9, 9, 10, 10], "rotation": 90, "texture": "#missing"},
				"up": {"uv": [9, 9, 10, 10], "rotation": 90, "texture": "#missing"}
			}
		},
		{
			"from": [-8.5, 12.75, 16.625],
			"to": [-8.25, 13.5, 16.875],
			"rotation": {"angle": -22.5, "axis": "z", "origin": [-5.75, 14.625, 17.25]},
			"color": 0,
			"faces": {
				"north": {"uv": [9, 9, 10, 10], "rotation": 270, "texture": "#missing"},
				"east": {"uv": [9, 9, 10, 10], "rotation": 90, "texture": "#missing"},
				"south": {"uv": [9, 9, 10, 10], "rotation": 90, "texture": "#missing"},
				"west": {"uv": [9, 9, 10, 10], "rotation": 90, "texture": "#missing"},
				"down": {"uv": [9, 9, 10, 10], "rotation": 90, "texture": "#missing"}
			}
		},
		{
			"from": [-8.50628, 15.94194, 16.375],
			"to": [-8.25628, 16.69194, 16.625],
			"rotation": {"angle": 22.5, "axis": "z", "origin": [-5.75, 14.625, 17.25]},
			"color": 0,
			"faces": {
				"north": {"uv": [9, 9, 10, 10], "rotation": 270, "texture": "#missing"},
				"east": {"uv": [9, 9, 10, 10], "rotation": 90, "texture": "#missing"},
				"south": {"uv": [9, 9, 10, 10], "rotation": 90, "texture": "#missing"},
				"west": {"uv": [9, 9, 10, 10], "rotation": 90, "texture": "#missing"},
				"up": {"uv": [9, 9, 10, 10], "rotation": 90, "texture": "#missing"}
			}
		}
	],
	"display": {
		"head": {
			"translation": [0, -15.5, 0],
			"scale": [1.5, 1.5, 1.5]
		}
	},
	"groups": [0, 1, 2, 3, 4, 5, 6, 7, 8, 9, 10, 11, 12, 13, 14, 15, 16, 17, 18, 19, 20, 21, 22, 23, 24, 25, 26, 27, 28, 29, 30, 31, 32, 33, 34, 35, 36, 37, 38, 39, 40, 41, 42, 43, 44, 45, 46, 47, 48, 49, 50, 51, 52, 53, 54, 55, 56, 57, 58, 59, 60, 61, 62, 63, 64, 65, 66, 67, 68, 69, 70, 71, 72, 73, 74, 75, 76, 77, 78, 79, 80, 81, 82, 83, 84, 85, 86, 87, 88, 89, 90, 91, 92, 93, 94, 95, 96, 97, 98, 99, 100, 101,
		{
			"name": "dragon",
			"origin": [-10.53553, 18.53553, 16],
			"children": [102, 103, 104, 105, 106, 107, 108, 109, 110, 111, 112, 113, 114, 115, 116, 117, 118, 119, 120, 121, 122, 123, 124, 125, 126, 127, 128, 129, 130, 131, 132, 133, 134, 135, 136, 137, 138, 139, 140, 141, 142]
		},
		{
			"name": "dragon",
			"origin": [-10.53553, 18.53553, 16],
			"children": [143, 144, 145, 146, 147, 148, 149, 150, 151, 152, 153, 154, 155, 156, 157, 158, 159, 160, 161, 162, 163, 164, 165, 166, 167, 168, 169, 170, 171, 172, 173, 174, 175, 176, 177, 178, 179, 180, 181, 182, 183]
		},
		{
			"name": "dragon_top",
			"origin": [-2.56434, 29.56066, 15.5],
			"children": [184, 185, 186, 187, 188, 189, 190, 191, 192, 193, 194, 195, 196, 197]
		},
		{
			"name": "dragon_top",
			"origin": [-2.56434, 29.56066, 15.5],
			"children": [198, 199, 200, 201, 202, 203, 204, 205, 206, 207, 208, 209, 210, 211]
		}
	]
}